year,title,authors_short,all_authors,journal,doi,openalex_id
2008,MALDI-FTICR Imaging Mass Spectrometry of Drugs and Metabolites in Tissue,"Dale S. Cornett, Sara L. Frappier, Richard M. Caprioli",Dale S. Cornett; Sara L. Frappier; Richard M. Caprioli,Analytical Chemistry,https://doi.org/10.1021/ac800617s,https://openalex.org/W2165553407
2008,"Fourier Transform Ion Cyclotron Resonance Mass Spectrometry. Development of instrumentation, data aquisition software and processing methods",Ioana Barbu,Ioana Barbu,Data Archiving and Networked Services (DANS),,https://openalex.org/W1541730186
2008,A high‐resolution scanning microprobe matrix‐assisted laser desorption/ionization ion source for imaging analysis on an ion trap/Fourier transform ion cyclotron resonance mass spectrometer,"Martin Koestler, Dieter Kirsch, Alfons Hester et al. (n=6)",Martin Koestler; Dieter Kirsch; Alfons Hester; Arne Leisner; Sabine Guenther; Bernhard Spengler,Rapid Communications in Mass Spectrometry,https://doi.org/10.1002/rcm.3733,https://openalex.org/W2048474321
2009,Создание новых типов молочного скота и эффективность их разведения в условиях Сибири,"В. А. Солошенко, И. И. Клименок",В. А. Солошенко; И. И. Клименок,Achievements of Science and Technology in Agro-Industrial Complex,https://doi.org/10.1021/acs.analchem.6b00460,https://openalex.org/W27065343
2009,Automated Ambient Desorption−Ionization Platform for Surface Imaging Integrated with a Commercial Fourier Transform Ion Cyclotron Resonance Mass Spectrometer,"Jaroslav Pól, Veronika Vidová, Gary Kruppa et al. (n=10)",Jaroslav Pól; Veronika Vidová; Gary Kruppa; Václav Kobliha; Petr Novák; Karel Lemr; Tapio Kotiaho; Risto Kostiainen; Vladimı́r Havlı́ček; Michael Volný,Analytical Chemistry,https://doi.org/10.1021/ac901368q,https://openalex.org/W1976713468
2009,A mass spectrometry based imaging method developed for the intracellular detection of HIV protease inhibitors,"Lennard J. M. Dekker, Jeroen J. A. van Kampen, Mariska L. Reedijk et al. (n=7)",Lennard J. M. Dekker; Jeroen J. A. van Kampen; Mariska L. Reedijk; Peter C. Burgers; Rob A. Gruters; Albert D. M. E. Osterhaus; Theo M. Luider,Rapid Communications in Mass Spectrometry,https://doi.org/10.1002/rcm.3981,https://openalex.org/W2069705202
2010,Electrospray and MALDI Mass Spectrometry,,,,https://doi.org/10.1002/9780470588901,https://openalex.org/W644928557
2010,The Vanderbilt Mass Spectrometry Shared Facilities,"Friedman Db, Reyzer Ml, Seeley Eh et al. (n=7)",Friedman Db; Reyzer Ml; Seeley Eh; Calcutt Mw; Hachey Dl; Caprioli Rm; McDonald Wh,Journal of Biomolecular Techniques JBT,,https://openalex.org/W1460771122
2010,Visualizing spatial lipid distribution in porcine lens by MALDI imaging high-resolution mass spectrometry,"Veronika Vidová, Jaroslav Pól, Michael Volný et al. (n=7)",Veronika Vidová; Jaroslav Pól; Michael Volný; Petr Novák; Vladimı́r Havlı́ček; Susanne Κ. Wiedmer; Juha M. Holopainen,Journal of Lipid Research,https://doi.org/10.1194/jlr.m005488,https://openalex.org/W2067095573
2010,High‐resolution tissue imaging on an orbitrap mass spectrometer by desorption electrospray ionization mass spectrometry,"Nicholas E. Manicke, Allison L. Dill, Demian R. Ifa et al. (n=4)",Nicholas E. Manicke; Allison L. Dill; Demian R. Ifa; R. Graham Cooks,Journal of Mass Spectrometry,https://doi.org/10.1002/jms.1707,https://openalex.org/W2094619602
2010,Essential tactics of tissue preparation and matrix nano-spotting for successful compound imaging mass spectrometry,"Ákos Végvári, Thomas E. Fehniger, Lena Gustavsson et al. (n=9)",Ákos Végvári; Thomas E. Fehniger; Lena Gustavsson; Anna Nilsson; Per E. Andrén; Kerstin Kenne; Johan Nilsson; Thomas Laurell; György Marko‐Varga,Journal of Proteomics,https://doi.org/10.1016/j.jprot.2010.02.021,https://openalex.org/W2140769588
2010,Imaging of Similar Mass Neuropeptides in Neuronal Tissue by Enhanced Resolution MALDI MS with an Ion Trap – OrbitrapTM Hybrid Instrument,"Peter Verhaert, Martijn W. H. Pinkse, Kerstin Strupat et al. (n=4)",Peter Verhaert; Martijn W. H. Pinkse; Kerstin Strupat; Maria C. Prieto Conaway,Methods in molecular biology,https://doi.org/10.1007/978-1-60761-746-4_25,https://openalex.org/W2461336019
2010,Desorption electrospray ionization tissue imaging using heated nebulizing gas and high‐resolution accurate mass spectra,"Daniel J. Waldon, Zhiyang Zhao, Yohannes Teffera",Daniel J. Waldon; Zhiyang Zhao; Yohannes Teffera,Rapid Communications in Mass Spectrometry,https://doi.org/10.1002/rcm.4652,https://openalex.org/W2112197812
2011,"Kokemäenjoen suiston kehitys, maaperämuodostumat ja niiden kemialliset piirteet","Catherine Cripps, Janita Peltonen, Matti Räsänen et al. (n=5)",Catherine Cripps; Janita Peltonen; Matti Räsänen; Pekka Huhta; Janne Niinikoski,,https://doi.org/10.19540/j.cnki.cjcmm.2023105.102,https://openalex.org/W38621900
2011,Molecular imaging by mass spectrometry: application to forensics,"Tiffany Porta, Emmanuel Varesio, Thomas Kræmer et al. (n=4)",Tiffany Porta; Emmanuel Varesio; Thomas Kræmer; Gérard Hopfgartner,,,https://openalex.org/W2559329678
2011,Qualitative and Quantitative MALDI Imaging of the Positron Emission Tomography Ligands Raclopride (a D2 Dopamine Antagonist) and SCH 23390 (a D1 Dopamine Antagonist) in Rat Brain Tissue Sections Using a Solvent-Free Dry Matrix Application Method,"Richard J. A. Goodwin, C. Logan Mackay, Anna Nilsson et al. (n=7)",Richard J. A. Goodwin; C. Logan Mackay; Anna Nilsson; David J. Harrison; Lars Farde; Per E. Andrén; Suzanne L. Iverson,Analytical Chemistry,https://doi.org/10.1021/ac202630t,https://openalex.org/W2054150191
2011,Direct Demonstration of Tissue Uptake of an Inhaled Drug: Proof-of-Principle Study Using Matrix-Assisted Laser Desorption Ionization Mass Spectrometry Imaging,"Thomas E. Fehniger, Ákos Végvári, Melinda Rezeli et al. (n=9)",Thomas E. Fehniger; Ákos Végvári; Melinda Rezeli; Kaiu Prikk; Peeter Ross; Magnus Dahlbäck; Goutham Edula; Ruth Sepper; György Marko‐Varga,Analytical Chemistry,https://doi.org/10.1021/ac2014349,https://openalex.org/W2047174684
2011,Imaging and Identification of Phospholipids in Mouse Liver Tissue by Matrix Assisted Laser Desorption Ionization-Fourier Transform Ion Cyclotron Resonance Mass Spectrometry Imaging,Chen Guo,Chen Guo,CHINESE JOURNAL OF ANALYTICAL CHEMISTRY (CHINESE VERSION),,https://openalex.org/W3147899525
2011,MALDI‐TOF and MALDI‐FTICR imaging mass spectrometry of methamphetamine incorporated into hair,"Akihiro Miki, Munehiro Katagi, Tooru Kamata et al. (n=9)",Akihiro Miki; Munehiro Katagi; Tooru Kamata; Kei Zaitsu; Michiaki Tatsuno; Toyofumi Nakanishi; Hitoshi Tsuchihashi; Takayuki Takubo; Koichi Suzuki,Journal of Mass Spectrometry,https://doi.org/10.1002/jms.1908,https://openalex.org/W2054259812
2011,An External Matrix-Assisted Laser Desorption Ionization Source for Flexible FT-ICR Mass Spectrometry Imaging with Internal Calibration on Adjacent Samples,"Donald F. Smith, Konstantin Aizikov, Marc C. Duursma et al. (n=8)",Donald F. Smith; Konstantin Aizikov; Marc C. Duursma; Frans Giskes; Dirk-Jan Spaanderman; Liam A. McDonnell; Peter B. O’Connor; Ron M. A. Heeren,Journal of the American Society for Mass Spectrometry,https://doi.org/10.1007/s13361-010-0003-x,https://openalex.org/W1978101100
2011,Enabling Technologies for Synthetic Biology: Gene Synthesis and Error-Correction from a Microarray-Microfluidic Integrated Device,Ishtiaq Saaem,Ishtiaq Saaem,Natural Product Communications,,https://openalex.org/W22799080
2011,Spatial Distribution of Glycerophospholipids in the Ocular Lens,"Jaroslav Pól, Veronika Vidová, Tuulia Hyötyläinen et al. (n=10)",Jaroslav Pól; Veronika Vidová; Tuulia Hyötyläinen; Michael Volný; Petr Novák; Martin Strohalm; Risto Kostiainen; Vladimı́r Havlı́ček; Susanne Κ. Wiedmer; Juha M. Holopainen,PLoS ONE,https://doi.org/10.1371/journal.pone.0019441,https://openalex.org/W1968216553
2011,Matrix‐free mass spectrometric imaging using laser desorption ionisation <scp>F</scp>ourier transform ion cyclotron resonance mass spectrometry,"Richard J. A. Goodwin, Andrew R. Pitt, David J. Harrison et al. (n=7)",Richard J. A. Goodwin; Andrew R. Pitt; David J. Harrison; Stefan K. Weidt; Pat R. R. Langridge‐Smith; Michael P. Barrett; C. Logan Mackay,Rapid Communications in Mass Spectrometry,https://doi.org/10.1002/rcm.4939,https://openalex.org/W2120343340
2011,Vacuum compatible sample positioning device for matrix assisted laser desorption/ionization Fourier transform ion cyclotron resonance mass spectrometry imaging,"Konstantin Aizikov, Donald F. Smith, David Chargin et al. (n=7)",Konstantin Aizikov; Donald F. Smith; David Chargin; S. G. Ivanov; Tzu‐Yung Lin; Ron M. A. Heeren; Peter B. O’Connor,Review of Scientific Instruments,https://doi.org/10.1063/1.3594099,https://openalex.org/W2055043602
2012,Analysis of colorectal adenocarcinoma tissue by desorption electrospray ionization mass spectrometric imaging,"Stefanie Gerbig, Ottmar Golf, Júlia Balog et al. (n=9)",Stefanie Gerbig; Ottmar Golf; Júlia Balog; Júlia Dénes; Zsolt Baranyai; Attila Zaránd; Erzsébet Rásó; József Tı́már; Zoltán Takáts,Analytical and Bioanalytical Chemistry,https://doi.org/10.1007/s00216-012-5841-x,https://openalex.org/W2090349348
2012,Dithranol as a MALDI Matrix for Tissue Imaging of Lipids by Fourier Transform Ion Cyclotron Resonance Mass Spectrometry,"Cuong H. Le, Jun Han, Christoph H. Borchers",Cuong H. Le; Jun Han; Christoph H. Borchers,Analytical Chemistry,https://doi.org/10.1021/ac301901s,https://openalex.org/W2323251540
2012,Molecular Analysis of Model Gut Microbiotas by Imaging Mass Spectrometry and Nanodesorption Electrospray Ionization Reveals Dietary Metabolite Transformations,"Christopher M. Rath, Theodore Alexandrov, Steven K. Higginbottom et al. (n=8)",Christopher M. Rath; Theodore Alexandrov; Steven K. Higginbottom; Jiao Song; Marcos E. Milla; Michael A. Fischbach; Justin L. Sonnenburg; Pieter C. Dorrestein,Analytical Chemistry,https://doi.org/10.1021/ac302039u,https://openalex.org/W2045301796
2012,Single Cell Matrix-Assisted Laser Desorption/Ionization Mass Spectrometry Imaging,"Yvonne Schober, Sabine Guenther, Bernhard Spengler et al. (n=4)",Yvonne Schober; Sabine Guenther; Bernhard Spengler; Andreas Römpp,Analytical Chemistry,https://doi.org/10.1021/ac301337h,https://openalex.org/W2054014227
2012,Evaluation of an Accurate Mass Approach for the Simultaneous Detection of Drug and Metabolite Distributions via Whole-Body Mass Spectrometric Imaging,"Sheerin Shahidi-Latham, Sucharita Dutta, Maria C. Prieto Conaway et al. (n=4)",Sheerin Shahidi-Latham; Sucharita Dutta; Maria C. Prieto Conaway; Patrick J. Rudewicz,Analytical Chemistry,https://doi.org/10.1021/ac3015142,https://openalex.org/W2050647558
2012,Imaging and Identification of Phospholipids in Mouse Liver Tissue by Matrix Assisted Laser Desorption Ionization-Fourier Transform Ion Cyclotron Resonance Mass Spectrometry Imaging,"Hui Liu, Guoqiang Chen, Yanying Wang et al. (n=4)",Hui Liu; Guoqiang Chen; Yanying Wang; Zhili Li,CHINESE JOURNAL OF ANALYTICAL CHEMISTRY (CHINESE VERSION),https://doi.org/10.3724/sp.j.1096.2011.00087,https://openalex.org/W2319632780
2012,MS imaging of small metabolites in fruits,"Yonghui Dong, Pietro Franceschi, Fulvio Mattivi et al. (n=5)",Yonghui Dong; Pietro Franceschi; Fulvio Mattivi; Urška Vrhovšek; Ron Wehrens,CINECA IRIS Institutional Research Information System (Fondazione Edmund Mach),,https://openalex.org/W2291376618
2012,Evidence in action; commentary,Christopher P. Price,Christopher P. Price,Clinical Biochemistry,https://doi.org/10.1016/j.clinbiochem.2012.07.102,https://openalex.org/W2027600448
2012,Reductive Carboxylation May Affect Redox State of Cancer Cells,"Aleš Dvořák, Katarína Smolková, Jaroslav Zelenka et al. (n=5)",Aleš Dvořák; Katarína Smolková; Jaroslav Zelenka; Libor Vı́tek; Petr Ježek,Free Radical Biology and Medicine,https://doi.org/10.1016/j.freeradbiomed.2012.10.108,https://openalex.org/W2046444273
2012,Advanced Mass Calibration and Visualization for FT-ICR Mass Spectrometry Imaging,"Donald F. Smith, Andriy Kharchenko, Marco Konijnenburg et al. (n=6)",Donald F. Smith; Andriy Kharchenko; Marco Konijnenburg; Ivo Klinkert; Ljiljana Paša‐Tolić; Ron M. A. Heeren,Journal of the American Society for Mass Spectrometry,https://doi.org/10.1007/s13361-012-0464-1,https://openalex.org/W1988052301
2012,Infrared Matrix-Assisted Laser Desorption Electrospray Ionization (IR-MALDESI) Imaging Source Coupled to a FT-ICR Mass Spectrometer,"Guillaume Robichaud, Jeremy A. Barry, Kenneth P. Garrard et al. (n=4)",Guillaume Robichaud; Jeremy A. Barry; Kenneth P. Garrard; David C. Muddiman,Journal of the American Society for Mass Spectrometry,https://doi.org/10.1007/s13361-012-0505-9,https://openalex.org/W1998484387
2012,Mapping of Neuropeptides in the Crustacean Stomatogastric Nervous System by Imaging Mass Spectrometry,"Hui Ye, Limei Hui, Katherine A. Kellersberger et al. (n=4)",Hui Ye; Limei Hui; Katherine A. Kellersberger; Lingjun Li,Journal of the American Society for Mass Spectrometry,https://doi.org/10.1007/s13361-012-0502-z,https://openalex.org/W2094309702
2012,On the Biosynthetic Pathway of Papaverine <i>via</i> ( <i>S</i> )-Reticuline – Theoretical vs. Experimental Study,"Bojidarka Ivanova, Michael Spiteller",Bojidarka Ivanova; Michael Spiteller,Natural Product Communications,https://doi.org/10.1177/1934578x1200700508,https://openalex.org/W2409661153
2012,Contribution of high mass resolution and accuracy of FTMS to molecular imaging,"Delphine Debois, David Calligaris, Jonathan Cimino et al. (n=4)",Delphine Debois; David Calligaris; Jonathan Cimino; Edwin De Pauw,Open Repository and Bibliography (University of Liège),,https://openalex.org/W2247842456
2012,Distribution and identification of molecular interactions between tomato roots and bacterial biofilms,"Delphine Debois, Emmanuel Jourdan, Nicolas Smargiasso et al. (n=5)",Delphine Debois; Emmanuel Jourdan; Nicolas Smargiasso; Marc Ongena; Edwin De Pauw,Open Repository and Bibliography (University of Liège),,https://openalex.org/W2248794489
2012,A Promising Perspective for Pathologies Diagnosis by MALDI In-Source Decay Imaging with a FTMS System.,"David Calligaris, Delphine Debois, Andrei Turtoï et al. (n=6)",David Calligaris; Delphine Debois; Andrei Turtoï; Vincenzo Castronovo; Agnès Noël; Edwin De Pauw,Open Repository and Bibliography (University of Liège),,https://openalex.org/W257554377
2012,New Advances for In Situ Protein Identification by MALDI In-Source Decay FTMS Imaging,"David Calligaris, Rémi Longuespée, Tyler A. Zimmerman et al. (n=5)",David Calligaris; Rémi Longuespée; Tyler A. Zimmerman; Delphine Debois; Edwin De Pauw,Open Repository and Bibliography (University of Liège),,https://openalex.org/W2225280801
2012,Interkingdom metabolic transformations captured by microbial imaging mass spectrometry,"Wilna J. Moree, Vanessa V. Phelan, Cheng-Hsuan Wu et al. (n=7)",Wilna J. Moree; Vanessa V. Phelan; Cheng-Hsuan Wu; Nuno Bandeira; Dale S. Cornett; Brendan M. Duggan; Pieter C. Dorrestein,Proceedings of the National Academy of Sciences,https://doi.org/10.1073/pnas.1206855109,https://openalex.org/W2021904169
2012,High‐resolution matrix‐assisted laser desorption/ionization imaging of tryptic peptides from tissue,"Yvonne Schober, Sabine Guenther, Bernhard Spengler et al. (n=4)",Yvonne Schober; Sabine Guenther; Bernhard Spengler; Andreas Römpp,Rapid Communications in Mass Spectrometry,https://doi.org/10.1002/rcm.6192,https://openalex.org/W2151935868
2013,Towards Lipidomics of Low-Abundant Species for Exploring Tumor Heterogeneity Guided by High-Resolution Mass,"Jonathan Cimino, David Calligaris, Johann Far et al. (n=8)",Jonathan Cimino; David Calligaris; Johann Far; Delphine Debois; Silvia Blacher; Nor Eddine Sounni; Agnès Noël; Edwin De Pauw,,,https://openalex.org/W2189059635
2013,MALDI MS,,,,https://doi.org/10.1002/9783527335961,https://openalex.org/W1520098629
2013,Tissue and Metabolomic Biomarkers of Recurrent Renal Cell Carcinoma,"Richard R. Drake, Alexander A. Parker",Richard R. Drake; Alexander A. Parker,,https://doi.org/10.21236/ada592797,https://openalex.org/W1526477560
2013,High mass accuracy and high mass resolving power FT-ICR secondary ion mass spectrometry for biological tissue imaging,"Donald F. Smith, Andras Kiss, Franklin E. Leach et al. (n=6)",Donald F. Smith; Andras Kiss; Franklin E. Leach; Errol W. Robinson; Ljiljana Paša-Tolić; Ron M. A. Heeren,Analytical and Bioanalytical Chemistry,https://doi.org/10.1007/s00216-013-7048-1,https://openalex.org/W1975126969
2013,Localisation and quantification of benzalkonium chloride in eye tissue by TOF-SIMS imaging and liquid chromatography mass spectrometry,"Nicolas Desbenoît, Isabelle Schmitz‐Afonso, Christophe Baudouin et al. (n=7)",Nicolas Desbenoît; Isabelle Schmitz‐Afonso; Christophe Baudouin; Olivier Laprévôte; David Touboul; Françoise Brignole‐Baudouin; Alain Brunelle,Analytical and Bioanalytical Chemistry,https://doi.org/10.1007/s00216-013-6811-7,https://openalex.org/W2009999952
2013,Absorption Mode FTICR Mass Spectrometry Imaging,"Donald F. Smith, David P. A. Kilgour, Marco Konijnenburg et al. (n=5)",Donald F. Smith; David P. A. Kilgour; Marco Konijnenburg; Peter B. O’Connor; Ron M. A. Heeren,Analytical Chemistry,https://doi.org/10.1021/ac403039t,https://openalex.org/W1965482857
2013,Selected Protein Monitoring in Histological Sections by Targeted MALDI-FTICR In-Source Decay Imaging,"David Calligaris, Rémi Longuespée, Delphine Debois et al. (n=10)",David Calligaris; Rémi Longuespée; Delphine Debois; Daiki Asakawa; Andrei Turtoï; V Castronovo; Agnès Noël; Virginie Bertrand; Marie‐Claire De Pauw‐Gillet; Edwin De Pauw,Analytical Chemistry,https://doi.org/10.1021/ac302746t,https://openalex.org/W2052432209
2013,Hydroxyflavones as a New Family of Matrices for MALDI Tissue Imaging,"Xiaodong Wang, Jun Han, Albert Chou et al. (n=6)",Xiaodong Wang; Jun Han; Albert Chou; Juncong Yang; Jingxi Pan; Christoph H. Borchers,Analytical Chemistry,https://doi.org/10.1021/ac401595a,https://openalex.org/W2067802302
2013,Mass Spectrometry Imaging for Dissecting Steroid Intracrinology within Target Tissues,"Diego Cobice, C. Logan Mackay, Richard J. A. Goodwin et al. (n=8)",Diego Cobice; C. Logan Mackay; Richard J. A. Goodwin; Andrew McBride; Patrick R. R. Langridge‐Smith; Scott P. Webster; Brian R. Walker; Ruth Andrew,Analytical Chemistry,https://doi.org/10.1021/ac402777k,https://openalex.org/W2084120704
2013,Top-Down Mass Spectrometry Imaging of Intact Proteins by LAESI FT-ICR MS,"András Kiss, Donald F. Smith, Brent R. Reschke et al. (n=5)",András Kiss; Donald F. Smith; Brent R. Reschke; Matthew J. Powell; Ron M. A. Heeren,arXiv (Cornell University),https://doi.org/10.48550/arxiv.1309.0988,https://openalex.org/W2244640969
2013,Abstract 1523: MALDI mass spectrometry imaging for on-tissue spatial profiling of tumor-specific N-linked glycans and lipids in renal carcinomas.,"Richard R. Drake, Thomas W. Powers, Ellen Jones et al. (n=6)",Richard R. Drake; Thomas W. Powers; Ellen Jones; Raymond S. Lance; Anand S. Mehta; Dean A. Troyer,Cancer Research,https://doi.org/10.1158/1538-7445.am2013-1523,https://openalex.org/W2005743771
2013,Impact of Drug Administration Route on Drug Delivery and Distribution into the Lung: An Imaging Mass Spectrometry Approach,"Riccardo Zecchi, Marcello Trevisani, Maria Gloria Pittelli et al. (n=10)",Riccardo Zecchi; Marcello Trevisani; Maria Gloria Pittelli; Pamela Pedretti; Maria Elena Manni; Giuseppe Pieraccini; Barbara Pioselli; Francesco Amadei; Gloriano Moneti; Silvia Catinella,European Journal of Mass Spectrometry,https://doi.org/10.1255/ejms.1254,https://openalex.org/W1985989164
2013,Towards Lipidomics of Low-Abundant Species for Exploring Tumor Heterogeneity Guided by High-Resolution Mass Spectrometry Imaging,"Jonathan Cimino, David Calligaris, Johann Far et al. (n=8)",Jonathan Cimino; David Calligaris; Johann Far; Delphine Debois; Silvia Blacher; Nor Eddine Sounni; Agnès Noël; Edwin De Pauw,International Journal of Molecular Sciences,https://doi.org/10.3390/ijms141224560,https://openalex.org/W2089256122
2013,Defining the molecular tumor margin regions of clear cell renal carcinoma tissues by MALDI-MS imaging of lipid and glycan species.,"Richard R. Drake, Thomas W. Powers, Ellen Jones et al. (n=6)",Richard R. Drake; Thomas W. Powers; Ellen Jones; Anand S. Mehta; Raymond S. Lance; Dean A. Troyer,Journal of Clinical Oncology,https://doi.org/10.1200/jco.2013.31.6_suppl.421,https://openalex.org/W2591105663
2013,Experimental Models to Study Drug Distributions in Tissue Using MALDI Mass Spectrometry Imaging,"Ákos Végvári, Thomas E. Fehniger, Melinda Rezeli et al. (n=8)",Ákos Végvári; Thomas E. Fehniger; Melinda Rezeli; Thomas Laurell; Balázs Döme; Bo Jansson; Charlotte Welinder; György Marko‐Varga,Journal of Proteome Research,https://doi.org/10.1021/pr400581b,https://openalex.org/W2070751018
2013,Mass Recalibration of FT-ICR Mass Spectrometry Imaging Data Using the Average Frequency Shift of Ambient Ions,"Jeremy A. Barry, Guillaume Robichaud, David C. Muddiman",Jeremy A. Barry; Guillaume Robichaud; David C. Muddiman,Journal of the American Society for Mass Spectrometry,https://doi.org/10.1007/s13361-013-0659-0,https://openalex.org/W1992309256
2013,MALDI-FTICR MS Imaging as a Powerful Tool to Identify <b><i>Paenibacillus</i></b> Antibiotics Involved in the Inhibition of Plant Pathogens,"Delphine Debois, Marc Ongena, Hélène Cawoy et al. (n=4)",Delphine Debois; Marc Ongena; Hélène Cawoy; Edwin De Pauw,Journal of the American Society for Mass Spectrometry,https://doi.org/10.1007/s13361-013-0620-2,https://openalex.org/W1974402993
2013,Multiplex Mass Spectrometric Imaging with Polarity Switching for Concurrent Acquisition of Positive and Negative Ion Images,"Andrew R. Korte, Young‐Jin Lee",Andrew R. Korte; Young‐Jin Lee,Journal of the American Society for Mass Spectrometry,https://doi.org/10.1007/s13361-013-0613-1,https://openalex.org/W2026426271
2013,High Energy Collisions on Tandem Time-of-Flight Mass Spectrometers,Robert J. Cotter,Robert J. Cotter,Journal of the American Society for Mass Spectrometry,https://doi.org/10.1007/s13361-012-0518-4,https://openalex.org/W2013546064
2013,Dithranol as a Matrix for Matrix Assisted Laser Desorption/Ionization Imaging on a Fourier Transform Ion Cyclotron Resonance Mass Spectrometer,"Cuong H. Le, Jun Han, Christoph H. Borchers",Cuong H. Le; Jun Han; Christoph H. Borchers,Journal of Visualized Experiments,https://doi.org/10.3791/50733,https://openalex.org/W1984601824
2013,Dithranol as a Matrix for Matrix Assisted Laser Desorption/Ionization Imaging on a Fourier Transform Ion Cyclotron Resonance Mass Spectrometer,"Cuong H. Le, Jun Han, Christoph H. Borchers",Cuong H. Le; Jun Han; Christoph H. Borchers,Journal of Visualized Experiments,https://doi.org/10.3791/50733-v,https://openalex.org/W4286853992
2013,Privileged Incorporation of Selenium as Selenocysteine in Lactobacillus reuteri Proteins Demonstrated by Selenium-specific Imaging and Proteomics,"Eugenio Galano, Erika Mangiapane, Juliusz Bianga et al. (n=8)",Eugenio Galano; Erika Mangiapane; Juliusz Bianga; Angelo Palmese; Enrica Pessione; Joanna Szpunar; Ryszard Łobiński; Angela Amoresano,Molecular & Cellular Proteomics,https://doi.org/10.1074/mcp.m113.027607,https://openalex.org/W2122175333
2013,Top‐down mass spectrometry imaging of intact proteins by laser ablation ESI FT‐ICR MS,"András Kiss, Donald F. Smith, Brent R. Reschke et al. (n=5)",András Kiss; Donald F. Smith; Brent R. Reschke; Matthew J. Powell; Ron M. A. Heeren,PROTEOMICS,https://doi.org/10.1002/pmic.201300306,https://openalex.org/W2034369163
2013,High-resolution matrix-assisted laser desorption ionization-imaging mass spectrometry of lipids in rodent optic nerve tissue.,"David M. Anderson, Daniel C. Mills, Jeffrey M. Spraggins et al. (n=6)",David M. Anderson; Daniel C. Mills; Jeffrey M. Spraggins; Wendi S. Lambert; David J. Calkins; Kevin L. Schey,PubMed,,https://openalex.org/W2101379454
2013,In situ label-free imaging for visualizing the biotransformation of a bioactive polyphenol,"Yoon Hee Kim, Yoshinori Fujimura, Takatoki Hagihara et al. (n=13)",Yoon Hee Kim; Yoshinori Fujimura; Takatoki Hagihara; Masako Sasaki; Daichi Yukihira; Tatsuhiko Nagao; Daisuke Miura; Shinichi Yamaguchi; Kazunori Saito; Hiroshi Tanaka; Hiroyuki Wariishi; Koji Yamada; Hirofumi Tachibana,Scientific Reports,https://doi.org/10.1038/srep02805,https://openalex.org/W1977958783
2013,High mass accuracy and high mass resolving power FT-ICR secondary ion mass spectrometry for biological tissue imaging,"Smith, D.F., Kiss, A., Leach, F.E. et al. (n=8)","Smith, D.F.; Kiss, A.; Leach, F.E.; Robinson, E.W.; Paša-Tolić, L.; Heeren, R.M.A.; Biomolecular Mass Spectrometry and Proteomics; Sub Biomol.Mass Spectrometry & Proteom.",Utrecht University Repository (Utrecht University),,https://openalex.org/W3098003797
2014,New Ionization and Detection Technologies for Mass Spectrometry Imaging. From Small Molecules to Intact Proteins,András Kiss,András Kiss,AMOLF Institutional Repository (AMOLF),,https://openalex.org/W2161530278
2014,Distribution and quantification of irinotecan and its active metabolite SN-38 in colon cancer murine model systems using MALDI MSI,"Achim Buck, Susanne Halbritter, Christoph Späth et al. (n=8)",Achim Buck; Susanne Halbritter; Christoph Späth; Annette Feuchtinger; Michaela Aichler; Horst Zitzelsberger; Klaus‐Peter Janssen; Axel Walch,Analytical and Bioanalytical Chemistry,https://doi.org/10.1007/s00216-014-8237-2,https://openalex.org/W2008576450
2014,A spiked tissue-based approach for quantification of phosphatidylcholines in brain section by MALDI mass spectrometry imaging,"Laure Jadoul, Rémi Longuespée, Agnès Noël et al. (n=4)",Laure Jadoul; Rémi Longuespée; Agnès Noël; Edwin De Pauw,Analytical and Bioanalytical Chemistry,https://doi.org/10.1007/s00216-014-8232-7,https://openalex.org/W2092288006
2014,Distributed computing strategies for processing of FT-ICR MS imaging datasets for continuous mode data visualization,"Donald F. Smith, Carl Schulz, Marco Konijnenburg et al. (n=5)",Donald F. Smith; Carl Schulz; Marco Konijnenburg; Mehmet Kilic; Ron M. A. Heeren,Analytical and Bioanalytical Chemistry,https://doi.org/10.1007/s00216-014-8210-0,https://openalex.org/W1975118495
2014,Mass imaging of ketamine in a single scalp hair by MALDI-FTMS,"Min Shen, Ping Xiang, Yan Shi et al. (n=6)",Min Shen; Ping Xiang; Yan Shi; Hai Pu; Hui Yan; Baohua Shen,Analytical and Bioanalytical Chemistry,https://doi.org/10.1007/s00216-014-7898-1,https://openalex.org/W1971398430
2014,Tissue imaging and serum lipidomic profiling for screening potential biomarkers of thyroid tumors by matrix-assisted laser desorption/ionization-Fourier transform ion cyclotron resonance mass spectrometry,"Shuai Guo, Ling Qiu, Yanming Wang et al. (n=9)",Shuai Guo; Ling Qiu; Yanming Wang; Xuzhen Qin; Hui Liu; Manwen He; Yaping Zhang; Zhili Li; Xiaohong Chen,Analytical and Bioanalytical Chemistry,https://doi.org/10.1007/s00216-014-7846-0,https://openalex.org/W1995755619
2014,Cellular-level mass spectrometry imaging using infrared matrix-assisted laser desorption electrospray ionization (IR-MALDESI) by oversampling,"Milad Nazari, David C. Muddiman",Milad Nazari; David C. Muddiman,Analytical and Bioanalytical Chemistry,https://doi.org/10.1007/s00216-014-8376-5,https://openalex.org/W2054028883
2014,Distribution study of atorvastatin and its metabolites in rat tissues using combined information from UHPLC/MS and MALDI-Orbitrap-MS imaging,"Robert Jirásko, Michal Holčapek, Martin Kuneš et al. (n=4)",Robert Jirásko; Michal Holčapek; Martin Kuneš; Aleš Svatoš,Analytical and Bioanalytical Chemistry,https://doi.org/10.1007/s00216-014-7880-y,https://openalex.org/W2092360586
2014,On-Tissue Localization of Ceramides and Other Sphingolipids by MALDI Mass Spectrometry Imaging,"E. Ellen Jones, Shaalee Dworski, Daniel Canals et al. (n=11)",E. Ellen Jones; Shaalee Dworski; Daniel Canals; Josefina Casas; Gemma Fabriàs; Drew Schoenling; Thierry Levade; Chadrick E. Denlinger; Yusuf A. Hannun; Jeffrey A. Medin; Richard R. Drake,Analytical Chemistry,https://doi.org/10.1021/ac501937d,https://openalex.org/W1967856294
2014,Abstract 2064: Mass Spectrometry Imaging of therapeutic antibodies: Distribution of unlabeled trastuzumab in CB.17 SCID mice implanted with the human breast BT474 xenograft,"David Bonnel, Chassidy Hall, Robert J. Mullin et al. (n=5)",David Bonnel; Chassidy Hall; Robert J. Mullin; Kathryn A. Simon; Jonathan Stauber,Cancer Research,https://doi.org/10.1158/1538-7445.am2014-2064,https://openalex.org/W1981008600
2014,Matrix coating assisted by an electric field (MCAEF) for enhanced tissue imaging by MALDI-MS,"Xiaodong Wang, Jun Han, Juncong Yang et al. (n=5)",Xiaodong Wang; Jun Han; Juncong Yang; Jingxi Pan; Christoph H. Borchers,Chemical Science,https://doi.org/10.1039/c4sc01850h,https://openalex.org/W2144717513
2014,Present and Future Applications of High Resolution Mass Spectrometry in the Clinic,"Christopher A. Crutchfield, William Clarke",Christopher A. Crutchfield; William Clarke,Discoveries,https://doi.org/10.15190/d.2014.9,https://openalex.org/W2157970971
2014,Direct Analysis of Thin-Layer Chromatography Separations of Petroleum Samples by Laser Desorption Ionization Fourier Transform Ion Cyclotron Resonance Mass Spectrometry Imaging,"Donald F. Smith, Amy M. McKenna, Yuri Corilo et al. (n=6)",Donald F. Smith; Amy M. McKenna; Yuri Corilo; Ryan P. Rodgers; Alan G. Marshall; Ron M. A. Heeren,Energy & Fuels,https://doi.org/10.1021/ef501439w,https://openalex.org/W2328781019
2014,Human temporal lobe epilepsy analyses by tissue proteomics,"Céline Mériaux, Julien Franck, Dan Bi Park et al. (n=10)",Céline Mériaux; Julien Franck; Dan Bi Park; Jusal Quanico; Young Hye Kim; Chun Kee Chung; Young Mok Park; Harry Steinbusch; Michel Salzet; Isabelle Fournier,Hippocampus,https://doi.org/10.1002/hipo.22246,https://openalex.org/W2143051617
2014,A rapid ex vivo tissue model for optimising drug detection and ionisation in MALDI imaging studies,"Katharina J. Huber, Michaela Aichler, Na Sun et al. (n=12)",Katharina J. Huber; Michaela Aichler; Na Sun; Achim Buck; Z. Li; Isis E. Fernandez; Stefanie M. Hauck; Horst Zitzelsberger; Oliver Eickelberg; Klaus‐Peter Janssen; Ulrich Keller; Axel Walch,Histochemistry and Cell Biology,https://doi.org/10.1007/s00418-014-1223-0,https://openalex.org/W1970468434
2014,Assessing drug and metabolite detection in liver tissue by UV-MALDI and IR-MALDESI mass spectrometry imaging coupled to FT-ICR MS,"Jeremy A. Barry, M. Reid Groseclose, Guillaume Robichaud et al. (n=5)",Jeremy A. Barry; M. Reid Groseclose; Guillaume Robichaud; Stephen Castellino; David C. Muddiman,International Journal of Mass Spectrometry,https://doi.org/10.1016/j.ijms.2014.05.012,https://openalex.org/W2069172957
2014,IR-MALDESI Mass Spectrometry Imaging of Biological Tissue Sections Using Ice as a Matrix,"Guillaume Robichaud, Jeremy A. Barry, David C. Muddiman",Guillaume Robichaud; Jeremy A. Barry; David C. Muddiman,Journal of the American Society for Mass Spectrometry,https://doi.org/10.1007/s13361-013-0787-6,https://openalex.org/W2046361893
2014,High Resolution MALDI Imaging Mass Spectrometry of Retinal Tissue Lipids,"David M. Anderson, Zsolt Ablonczy, Yiannis Koutalos et al. (n=7)",David M. Anderson; Zsolt Ablonczy; Yiannis Koutalos; Jeffrey M. Spraggins; Rosalie K. Crouch; Richard M. Caprioli; Kevin L. Schey,Journal of the American Society for Mass Spectrometry,https://doi.org/10.1007/s13361-014-0883-2,https://openalex.org/W2063994009
2014,Seeking for organ-specific signals in zebrafish whole body tissue sections using MALDI FT-ICR mass spectrometry imaging,"Mathieu Tiquet, Delphine Debois, Marie‐Claire De Pauw‐Gillet et al. (n=4)",Mathieu Tiquet; Delphine Debois; Marie‐Claire De Pauw‐Gillet; Edwin De Pauw,Open Repository and Bibliography (University of Liège),,https://openalex.org/W2760307158
2014,Detection and localization of novel hordatine-like compounds and glycosylated derivates of hordatines by imaging mass spectrometry of barley seeds,"Karin Gorzolka, Hanna Bednarz, Karsten Niehaus",Karin Gorzolka; Hanna Bednarz; Karsten Niehaus,Planta,https://doi.org/10.1007/s00425-014-2061-y,https://openalex.org/W1973780654
2014,Secondary Ion Mass Spectrometry Imaging of Dictyostelium discoideum Aggregation Streams,"John Daniel DeBord, Donald F. Smith, Christopher Anderton et al. (n=7)",John Daniel DeBord; Donald F. Smith; Christopher Anderton; Ron M. A. Heeren; Ljiljana Paša‐Tolić; Richard H. Gomer; Francisco Fernández-Lima,PLoS ONE,https://doi.org/10.1371/journal.pone.0099319,https://openalex.org/W1968858661
2014,MALDI imaging mass spectrometry profiling of proteins and lipids in clear cell renal cell carcinoma,"E. Ellen Jones, Thomas W. Powers, Benjamin A. Neely et al. (n=7)",E. Ellen Jones; Thomas W. Powers; Benjamin A. Neely; Lisa H. Cazares; Dean A. Troyer; Alexander S. Parker; Richard R. Drake,PROTEOMICS,https://doi.org/10.1002/pmic.201300434,https://openalex.org/W2127405193
2014,"Using a single, high mass resolution mass spectrometry platform to investigate ion suppression effects observed during tissue imaging","Laura Tomlinson, Jens Fuchser, Arne Fütterer et al. (n=7)",Laura Tomlinson; Jens Fuchser; Arne Fütterer; Mark Baumert; David G. Hassall; Andrew West; Peter S. Marshall,Rapid Communications in Mass Spectrometry,https://doi.org/10.1002/rcm.6869,https://openalex.org/W1863470918
2014,Silver dopants for targeted and untargeted direct analysis of unsaturated lipids via infrared matrix‐assisted laser desorption electrospray ionization (IR‐MALDESI),"Florian Meier, Kenneth P. Garrard, David C. Muddiman",Florian Meier; Kenneth P. Garrard; David C. Muddiman,Rapid Communications in Mass Spectrometry,https://doi.org/10.1002/rcm.7041,https://openalex.org/W1960084392
2015,Detection and Distribution of Sphingolipids in Tissue by FTICR MALDI-Imaging Mass Spectrometry,"E. Ellen Jones, Shaalee Dworski, Mustafa Kamani et al. (n=10)",E. Ellen Jones; Shaalee Dworski; Mustafa Kamani; Daniel Canals; M. Wada; Xiang Liu; Yusuf A. Hannun; James S. Norris; Jeffrey A. Medin; Richard R. Drake,,https://doi.org/10.1007/978-3-319-20750-6_15,https://openalex.org/W2232314834
2015,Interstitial pulmonary fibrosis model develpment and identification of early biomarkers by MALDI imaging,"Mary McElroy, D. Bonnel, Emeline Falaux et al. (n=9)",Mary McElroy; D. Bonnel; Emeline Falaux; Gaël Picard de Muller; Fabien Pamelard; Claudio Petterino; Stuart W. Naylor; Stephen F. Madden; Jonathan Stauber,,https://doi.org/10.1183/13993003.congress-2015.pa4858,https://openalex.org/W2564458184
2015,Mass spectrometry imaging of biological tissue: an approach for multicenter studies,"Andreas Römpp, Jean-Pierre Both, Alain Brunelle et al. (n=10)",Andreas Römpp; Jean-Pierre Both; Alain Brunelle; Ron M. A. Heeren; Olivier Laprévôte; Brendan Prideaux; Alexandre Seyer; Bernhard Spengler; Markus Stoeckli; Donald F. Smith,Analytical and Bioanalytical Chemistry,https://doi.org/10.1007/s00216-014-8410-7,https://openalex.org/W1999361613
2015,"Imaging mass spectrometry increased resolution using 2-mercaptobenzothiazole and 2,5-diaminonaphtalene matrices: application to lipid distribution in human colon","Jone Garate, Roberto Fernández, Sergio Lage et al. (n=12)",Jone Garate; Roberto Fernández; Sergio Lage; Joan Bestard-Escalas; Daniel H. López; Rebeca Reigada; Sam Khorrami; Daniel Ginard; José Reyes; Isabel Amengual; Gwendolyn Barceló‐Coblijn; José A. Fernández,Analytical and Bioanalytical Chemistry,https://doi.org/10.1007/s00216-015-8673-7,https://openalex.org/W2063132858
2015,Synchronized Desorption Electrospray Ionization Mass Spectrometry Imaging,"Troy J. Comi, Seung Woo Ryu, Richard H. Perry",Troy J. Comi; Seung Woo Ryu; Richard H. Perry,Analytical Chemistry,https://doi.org/10.1021/acs.analchem.5b03010,https://openalex.org/W2235425249
2015,Influence of C-Trap Ion Accumulation Time on the Detectability of Analytes in IR-MALDESI MSI,"Elias P. Rosen, Mark T. Bokhart, Milad Nazari et al. (n=4)",Elias P. Rosen; Mark T. Bokhart; Milad Nazari; David C. Muddiman,Analytical Chemistry,https://doi.org/10.1021/acs.analchem.5b02641,https://openalex.org/W2214484298
2015,Imaging of Proteins in Tissue Samples Using Nanospray Desorption Electrospray Ionization Mass Spectrometry,"Cheng‐Chih Hsu, Pi‐Tai Chou, Richard N. Zare",Cheng‐Chih Hsu; Pi‐Tai Chou; Richard N. Zare,Analytical Chemistry,https://doi.org/10.1021/acs.analchem.5b03389,https://openalex.org/W2299018850
2015,Development of mass spectrometry imaging methods for the analysis of intact proteins in mouse pancreas tissues by MALDI-TOF-MS and MALDI-FTICR-MS,"Isabella Piga, Clara Esteve, Simone Nicolardi et al. (n=8)",Isabella Piga; Clara Esteve; Simone Nicolardi; Bram Heijs; Laura Giusti; Piero Marchetti; Antonio Lucacchini; Liam A. McDonnell,BOA (University of Milano-Bicocca),,https://openalex.org/W3146927181
2015,Abstract 540: A MALDI imaging mass spectrometry approach using tissue microarrays to identify an N-glycan biomarker panel for pancreatic cancers,"Richard R. Drake, Thomas W. Powers, Benjamin A. Neely",Richard R. Drake; Thomas W. Powers; Benjamin A. Neely,Cancer Research,https://doi.org/10.1158/1538-7445.am2015-540,https://openalex.org/W1462080835
2015,Mass spectrometry imaging of steroids,Diego Cobice,Diego Cobice,ERA,,https://openalex.org/W2609699016
2015,Anti-theft device staining on banknotes detected by mass spectrometry imaging,"Deleon Nascimento Correa, Jorge J. Zacca, Wérickson Fortunato de Carvalho Rocha et al. (n=8)",Deleon Nascimento Correa; Jorge J. Zacca; Wérickson Fortunato de Carvalho Rocha; Rodrigo Borges; Wanderley de Souza; Rodinei Augusti; Marcos N. Eberlin; Pedro H. Vendramini,Forensic Science International,https://doi.org/10.1016/j.forsciint.2015.09.017,https://openalex.org/W2185334756
2015,Pharmacokinetic and pharmacometabolomic study of pirfenidone in normal mouse tissues using high mass resolution MALDI-FTICR-mass spectrometry imaging,"Na Sun, Isis E. Fernandez, Mian Wei et al. (n=7)",Na Sun; Isis E. Fernandez; Mian Wei; Yin Wu; Michaela Aichler; Oliver Eickelberg; Axel Walch,Histochemistry and Cell Biology,https://doi.org/10.1007/s00418-015-1382-7,https://openalex.org/W2289886692
2015,MALDI Imaging Mass Spectrometry Spatially Maps Age-Related Deamidation and Truncation of Human Lens Aquaporin-0,"Jamie L. Wenke, Kristie L. Rose, Jeffrey M. Spraggins et al. (n=4)",Jamie L. Wenke; Kristie L. Rose; Jeffrey M. Spraggins; Kevin L. Schey,Investigative Ophthalmology & Visual Science,https://doi.org/10.1167/iovs.15-18117,https://openalex.org/W2472270761
2015,Defining the Neuropeptidome of the Spiny Lobster <i>Panulirus interruptus</i> Brain Using a Multidimensional Mass Spectrometry-Based Platform,"Hui Ye, Jingxin Wang, Zichuan Zhang et al. (n=9)",Hui Ye; Jingxin Wang; Zichuan Zhang; Chenxi Jia; Claire M. Schmerberg; Adam D. Catherman; Paul M. Thomas; Neil L. Kelleher; Lingjun Li,Journal of Proteome Research,https://doi.org/10.1021/acs.jproteome.5b00627,https://openalex.org/W2403753581
2015,MALDI FTICR IMS of Intact Proteins: Using Mass Accuracy to Link Protein Images with Proteomics Data,"Jeffrey M. Spraggins, David G. Rizzo, Jessica L. Moore et al. (n=7)",Jeffrey M. Spraggins; David G. Rizzo; Jessica L. Moore; Kristie L. Rose; Neal D. Hammer; Eric P. Skaar; Richard M. Caprioli,Journal of the American Society for Mass Spectrometry,https://doi.org/10.1007/s13361-015-1147-5,https://openalex.org/W1988356088
2015,High Resolution Tissue Imaging Using the Single-probe Mass Spectrometry under Ambient Conditions,"Wei Rao, Ning Pan, Zhibo Yang",Wei Rao; Ning Pan; Zhibo Yang,Journal of the American Society for Mass Spectrometry,https://doi.org/10.1007/s13361-015-1091-4,https://openalex.org/W1999223151
2015,Mass Spectrometry Imaging of Microbial Interactions using Matrix-Enhanced Laser Desorption/Ionization Fourier-Transform Ion Cyclotron Resonance Mass Spectrometry,"Christopher Anderton, Rosalie Chu, Jared Shaw et al. (n=8)",Christopher Anderton; Rosalie Chu; Jared Shaw; Erika Zink; Carolyn Zeiner; Dennis Trede; Colleen M. Hansel; Ljiljana Paša‐Tolić,Microscopy and Microanalysis,https://doi.org/10.1017/s1431927615011940,https://openalex.org/W2559990835
2015,"Ambient ionization mass spectrometry imaging of rohitukine, a chromone anti-cancer alkaloid, during seed development in Dysoxylum binectariferum Hook.f (Meliaceae)","P. Mohana Kumara, Amitava Srimany, G. Ravikanth et al. (n=5)",P. Mohana Kumara; Amitava Srimany; G. Ravikanth; R. Uma Shaanker; Thalappil Pradeep,Phytochemistry,https://doi.org/10.1016/j.phytochem.2015.02.031,https://openalex.org/W2089742898
2015,Development and Application of a High-Resolution Imaging Mass Spectrometer for the Study of Plant Tissues,"Katsutoshi Takahashi, Toshiaki Kozuka, Aya Anegawa et al. (n=5)",Katsutoshi Takahashi; Toshiaki Kozuka; Aya Anegawa; Akira Nagatani; Tetsuro Mimura,Plant and Cell Physiology,https://doi.org/10.1093/pcp/pcv083,https://openalex.org/W2102045183
2015,Membrane funnel‐based spray ionization for protein/peptide analysis by Fourier transform ion cyclotron resonance mass spectrometry,"Hoi Sze Yeung, Li Wan, Ze Wang et al. (n=6)",Hoi Sze Yeung; Li Wan; Ze Wang; Yum‐Shing Wong; Xiangfeng Chen; T.‐W. Dominic Chan,Rapid Communications in Mass Spectrometry,https://doi.org/10.1002/rcm.7114,https://openalex.org/W2130374758
2015,Exemplifying the Screening Power of Mass Spectrometry Imaging over Label-Based Technologies for Simultaneous Monitoring of Drug and Metabolite Distributions in Tissue Sections,"Richard J. A. Goodwin, Anna Nilsson, C. Logan Mackay et al. (n=8)",Richard J. A. Goodwin; Anna Nilsson; C. Logan Mackay; John G. Swales; Maria K. Johansson; Martin Billger; Per E. Andrén; Suzanne L. Iverson,SLAS DISCOVERY,https://doi.org/10.1177/1087057115623740,https://openalex.org/W2339030565
2015,A High Fat Diet Supplemented with Soy Prevents Diet Induced Promotion of Liver Tumors in DEN‐Treated Male Mice,"Kelly E. Mercer, Leah Hennings, Keith Lai et al. (n=6)",Kelly E. Mercer; Leah Hennings; Keith Lai; Ellen Jones; Richard R. Drake; Martin J. J. Ronis,The FASEB Journal,https://doi.org/10.1096/fasebj.29.1_supplement.147.4,https://openalex.org/W1457084522
2015,Profiling of Lipids Expression Along the Rostral and Caudal Axis After Spinal Cord Injury: Matrix Assisted Laser Desorption/Ionization Approach,"Amna T. Adam, Michel Salzet, Stéphanie Devaux",Amna T. Adam; Michel Salzet; Stéphanie Devaux,The FASEB Journal,https://doi.org/10.1096/fasebj.29.1_supplement.715.21,https://openalex.org/W3173879913
2015,"High‐resolution MALDI‐FT‐ICR MS imaging for the analysis of metabolites from formalin‐fixed, paraffin‐embedded clinical tissue samples","Achim Buck, Alice Ly, Benjamin Balluff et al. (n=16)",Achim Buck; Alice Ly; Benjamin Balluff; Na Sun; Karin Gorzolka; Annette Feuchtinger; Klaus‐Peter Janssen; Peter J.K. Kuppen; Cornelis JH van de Velde; Gregor Weirich; Franziska Erlmeier; Rupert Langer; Michaela Aubele; Horst Zitzelsberger; Michaela Aichler; Axel Walch,The Journal of Pathology,https://doi.org/10.1002/path.4560,https://openalex.org/W1585390075
2016,How Suitable is Matrix-Assisted Laser Desorption/Ionization-Time-of-Flight for Metabolite Imaging from Clinical Formalin-Fixed and Paraffin-Embedded Tissue Samples in Comparison to Matrix-Assisted Laser Desorption/Ionization-Fourier Transform Ion Cyclotron Resonance Mass Spectrometry?,"Achim Buck, Benjamin Balluff, Andreas Voß et al. (n=7)",Achim Buck; Benjamin Balluff; Andreas Voß; Rupert Langer; Horst Zitzelsberger; Michaela Aichler; Axel Walch,Analytical Chemistry,https://doi.org/10.1021/acs.analchem.6b00460,https://openalex.org/W2346799138
2016,Spatial Localization and Quantitation of Androgens in Mouse Testis by Mass Spectrometry Imaging,"Diego Cobice, Dawn E. W. Livingstone, C. Logan Mackay et al. (n=7)",Diego Cobice; Dawn E. W. Livingstone; C. Logan Mackay; Richard J. A. Goodwin; Lee B. Smith; Brian R. Walker; Ruth Andrew,Analytical Chemistry,https://doi.org/10.1021/acs.analchem.6b02242,https://openalex.org/W2526309089
2016,Metabolomic profiling of prostate cancer by matrix assisted laser desorption/ionization-Fourier transform ion cyclotron resonance mass spectrometry imaging using Matrix Coating Assisted by an Electric Field (MCAEF),"Xiaodong Wang, Jun Han, Darryl B. Hardie et al. (n=6)",Xiaodong Wang; Jun Han; Darryl B. Hardie; Juncong Yang; Jingxi Pan; Christoph H. Borchers,Biochimica et Biophysica Acta (BBA) - Proteins and Proteomics,https://doi.org/10.1016/j.bbapap.2016.12.012,https://openalex.org/W2561891497
2016,Soy Protein Isolate Protects Against Ethanol-Mediated Tumor Progression in Diethylnitrosamine-Treated Male Mice,"Kelly E. Mercer, Casey Pulliam, Leah Hennings et al. (n=8)",Kelly E. Mercer; Casey Pulliam; Leah Hennings; Keith Lai; Mario A. Cleves; Ellen Jones; Richard R. Drake; Martin J. J. Ronis,Cancer Prevention Research,https://doi.org/10.1158/1940-6207.capr-15-0417,https://openalex.org/W2309009563
2016,Spatial distributions of glutathione and its endogenous conjugates in normal bovine lens and a model of lens aging,"Mitchell G. Nye‐Wood, Jeffrey M. Spraggins, Richard M. Caprioli et al. (n=6)",Mitchell G. Nye‐Wood; Jeffrey M. Spraggins; Richard M. Caprioli; Kevin L. Schey; Paul J. Donaldson; Angus C. Grey,Experimental Eye Research,https://doi.org/10.1016/j.exer.2016.11.008,https://openalex.org/W2552850686
2016,Prognostic Metabolite Biomarkers for Soft Tissue Sarcomas Discovered by Mass Spectrometry Imaging,"Sha Lou, Benjamin Balluff, Arjen H.G. Cleven et al. (n=5)",Sha Lou; Benjamin Balluff; Arjen H.G. Cleven; Judith V.M.G. Bovée; Liam A. McDonnell,Journal of the American Society for Mass Spectrometry,https://doi.org/10.1007/s13361-016-1544-4,https://openalex.org/W2551475505
2016,Direct Visualization of Neurotransmitters in Rat Brain Slices by Desorption Electrospray Ionization Mass Spectrometry Imaging (DESI - MS),"Anna Maria A. P. Fernandes, Pedro H. Vendramini, Renan Galaverna et al. (n=8)",Anna Maria A. P. Fernandes; Pedro H. Vendramini; Renan Galaverna; Nicolas V. Schwab; Luciane C. Alberici; Rodinei Augusti; Roger F. Castilho; Marcos N. Eberlin,Journal of the American Society for Mass Spectrometry,https://doi.org/10.1007/s13361-016-1475-0,https://openalex.org/W2527791302
2016,High-mass-resolution MALDI mass spectrometry imaging of metabolites from formalin-fixed paraffin-embedded tissue,"Alice Ly, Achim Buck, Benjamin Balluff et al. (n=17)",Alice Ly; Achim Buck; Benjamin Balluff; Na Sun; Karin Gorzolka; Annette Feuchtinger; Klaus‐Peter Janssen; Peter J.K. Kuppen; Cornelis J.�H. van de Velde; Gregor Weirich; Franziska Erlmeier; Rupert Langer; Michaela Aubele; Horst Zitzelsberger; Liam A. McDonnell; Michaela Aichler; Axel Walch,Nature Protocols,https://doi.org/10.1038/nprot.2016.081,https://openalex.org/W2463662776
2016,An Improved Molecular Histology Method for Ion Suppression Monitoring and Quantification of Phosphatidyl Cholines During MALDI MSI Lipidomics Analyses,"Laure Jadoul, Nicolas Smargiasso, Fabien Pamelard et al. (n=7)",Laure Jadoul; Nicolas Smargiasso; Fabien Pamelard; Deborah Alberts; Agnès Noël; Edwin De Pauw; Rémi Longuespée,OMICS A Journal of Integrative Biology,https://doi.org/10.1089/omi.2015.0165,https://openalex.org/W2256476311
2016,Next‐generation technologies for spatial proteomics: Integrating ultra‐high speed MALDI‐TOF and high mass resolution MALDI FTICR imaging mass spectrometry for protein analysis,"Jeffrey M. Spraggins, David G. Rizzo, Jessica L. Moore et al. (n=6)",Jeffrey M. Spraggins; David G. Rizzo; Jessica L. Moore; Michael J. Noto; Eric P. Skaar; Richard M. Caprioli,PROTEOMICS,https://doi.org/10.1002/pmic.201600003,https://openalex.org/W2318940845
2016,Advances in Mass Spectrometry Within Drug Discovery,"Jonathan Wingfield, Ian D. Wilson",Jonathan Wingfield; Ian D. Wilson,SLAS DISCOVERY,https://doi.org/10.1177/1087057115623454,https://openalex.org/W2377887541
2016,"A rapid and sensitive UHPLC-FT-ICR MS/MS method for identification of chemical constituents in Rhodiola crenulata extract, rat plasma and rat brain after oral administration","Fei Han, Yanting Li, Li Ma et al. (n=8)",Fei Han; Yanting Li; Li Ma; Tianfeng Liu; Yawen Wu; Rui Xu; Aihua Song; Ran Yin,Talanta,https://doi.org/10.1016/j.talanta.2016.07.014,https://openalex.org/W2468842901
2016,MALDI-LTQ-Orbitrap mass spectrometry imaging for lipidomic analysis in kidney under cisplatin chemotherapy,"Estefanía Moreno-Gordaliza, Diego Esteban‐Fernández, Alberto Lázaro et al. (n=8)",Estefanía Moreno-Gordaliza; Diego Esteban‐Fernández; Alberto Lázaro; Blanca Humanes; Sarah Aboulmagd; Alberto Tejedor; Michael Linscheid; M. Milagros Gómez-Gómez,Talanta,https://doi.org/10.1016/j.talanta.2016.11.026,https://openalex.org/W2552328637
2016,Proteomics tools and mass spectrometry imaging techniques for the molecular characterization of pancreas,Isabella Piga,Isabella Piga,Use Siena air (University of Siena),,https://openalex.org/W2738475938
2017,Raster-Mode Continuous-Flow Liquid Microjunction Mass Spectrometry Imaging of Proteins in Thin Tissue Sections,"Rian L. Griffiths, Elizabeth C. Randall, Alan Race et al. (n=5)",Rian L. Griffiths; Elizabeth C. Randall; Alan Race; Josephine Bunch; Helen J. Cooper,Analytical Chemistry,https://doi.org/10.1021/acs.analchem.7b00977,https://openalex.org/W2612804165
2017,Design and Performance of a Novel Interface for Combined Matrix-Assisted Laser Desorption Ionization at Elevated Pressure and Electrospray Ionization with Orbitrap Mass Spectrometry,"Mikhail E. Belov, Shane R. Ellis, Marialaura Dilillo et al. (n=10)",Mikhail E. Belov; Shane R. Ellis; Marialaura Dilillo; Martin R. L. Paine; William Danielson; Gordon Anderson; Erik L. de Graaf; Gert B. Eijkel; Ron M. A. Heeren; Liam A. McDonnell,Analytical Chemistry,https://doi.org/10.1021/acs.analchem.7b01168,https://openalex.org/W2624937519
2017,Connecting imaging mass spectrometry and magnetic resonance imaging-based anatomical atlases for automated anatomical interpretation and differential analysis,"Nico Verbeeck, Jeffrey M. Spraggins, Monika J. M. Murphy et al. (n=7)",Nico Verbeeck; Jeffrey M. Spraggins; Monika J. M. Murphy; Huidong Wang; Ariel Y. Deutch; Richard M. Caprioli; Raf Van de Plas,Biochimica et Biophysica Acta (BBA) - Proteins and Proteomics,https://doi.org/10.1016/j.bbapap.2017.02.016,https://openalex.org/W2593953412
2017,CCL5-CCR5 interactions modulate metabolic events during tumor onset to promote tumorigenesis,"Darrin Gao, Lisa H. Cazares, Eleanor N. Fish",Darrin Gao; Lisa H. Cazares; Eleanor N. Fish,BMC Cancer,https://doi.org/10.1186/s12885-017-3817-0,https://openalex.org/W2774521295
2017,Abstract 718: Biomarker monitoring by quantitative MALDI imaging; application to the tryptophan-kynurenine pathway in immuno-oncology,"Rima Ait Belkacem, Vanessa Bol, Grégory Hamm et al. (n=6)",Rima Ait Belkacem; Vanessa Bol; Grégory Hamm; Stefan Linehan; Bruno Gomes; Jonathan Stauber,Cancer Research,https://doi.org/10.1158/1538-7445.am2017-718,https://openalex.org/W2741685652
2017,Abstract 202: Comprehensive spatial mapping by MALDI imaging mass spectrometry of the N-glycan tissue glycome and database generation for eighteen tumor types,"Richard R. Drake, Kacey M. Talbot, Kim Norris‐Caneda et al. (n=5)",Richard R. Drake; Kacey M. Talbot; Kim Norris‐Caneda; Evelyn Bruner; Peggi M. Angel,Cancer Research,https://doi.org/10.1158/1538-7445.am2017-202,https://openalex.org/W2740244769
2017,A quantitative map of glutathione in the aging human lens,"Angus C. Grey, Nicholas J. Demarais, Brandi West et al. (n=4)",Angus C. Grey; Nicholas J. Demarais; Brandi West; Paul J. Donaldson,International Journal of Mass Spectrometry,https://doi.org/10.1016/j.ijms.2017.10.008,https://openalex.org/W2766031152
2017,Ultra-high resolution MALDI-FTICR-MSI analysis of intact proteins in mouse and human pancreas tissue,"Isabella Piga, Bram Heijs, Simone Nicolardi et al. (n=9)",Isabella Piga; Bram Heijs; Simone Nicolardi; Laura Giusti; Lorella Marselli; Piero Marchetti; Maria Rosa Mazzoni; Antonio Lucacchini; Liam A. McDonnell,International Journal of Mass Spectrometry,https://doi.org/10.1016/j.ijms.2017.11.001,https://openalex.org/W2767553029
2017,Matrix-assisted laser-desorption/ionization mass spectrometric imaging of olanzapine in a single hair using esculetin as a matrix,"Hang Wang, Ying Wang, Ge Wang et al. (n=4)",Hang Wang; Ying Wang; Ge Wang; Lizhi Hong,Journal of Pharmaceutical and Biomedical Analysis,https://doi.org/10.1016/j.jpba.2017.04.015,https://openalex.org/W2606775625
2017,Feasibility Assessment of a MALDI FTICR Imaging Approach for the 3D Reconstruction of a Mouse Lung,"E. Ellen Jones, Cristine Quiason, Stephanie Dale et al. (n=4)",E. Ellen Jones; Cristine Quiason; Stephanie Dale; Sheerin Shahidi-Latham,Journal of the American Society for Mass Spectrometry,https://doi.org/10.1007/s13361-017-1658-3,https://openalex.org/W2607200010
2017,MALDI Orbitrap Mass Spectrometry Profiling of Dysregulated Sulfoglycosphingolipids in Renal Cell Carcinoma Tissues,"Robert Jirásko, Michal Holčapek, Maria Khalikova et al. (n=7)",Robert Jirásko; Michal Holčapek; Maria Khalikova; David Vrána; Vladimír Študent; Zuzana Prouzová; Bohuslav Melichar,Journal of the American Society for Mass Spectrometry,https://doi.org/10.1007/s13361-017-1644-9,https://openalex.org/W2602056935
2017,Molecular similarities and differences from human pulmonary fibrosis and corresponding mouse model: MALDI imaging mass spectrometry in comparative medicine,"Michaela Aichler, Thomas Kunzke, Achim Buck et al. (n=8)",Michaela Aichler; Thomas Kunzke; Achim Buck; Na Sun; Maximilian Ackermann; Danny Jonigk; Andreas Gäumann; Axel Walch,Laboratory Investigation,https://doi.org/10.1038/labinvest.2017.110,https://openalex.org/W2766284539
2017,PATH-04. DISTINGUISHING PINEOBLASTOMA FROM MEDULLOBLASTOMAS USING TISSUE MASS SPECTROMETRY IMAGING,"David Calligaris, Amanda R. Clark, Laura Kallay et al. (n=9)",David Calligaris; Amanda R. Clark; Laura Kallay; Daniel Pomeranz Krummel; Jeffrey N. Agar; Matthew Schniederjan; Scott L. Pomeroy; Nathalie Y.R. Agar; Soma Sengupta,Neuro-Oncology,https://doi.org/10.1093/neuonc/nox168.695,https://openalex.org/W2767536787
2017,Exodermis and endodermis are the sites of xanthone biosynthesis in <i>Hypericum perforatum</i> roots,"Noemi Tocci, Mariam Gaid, Filip Kaftan et al. (n=10)",Noemi Tocci; Mariam Gaid; Filip Kaftan; Asma K. Belkheir; Ines Belhadj; Benye Liu; Aleš Svatoš; Robert Hänsch; Gabriella Pasqua; Ludger Beerhues,New Phytologist,https://doi.org/10.1111/nph.14929,https://openalex.org/W2772858161
2017,Native glycan fragments detected by MALDI-FT-ICR mass spectrometry imaging impact gastric cancer biology and patient outcome,"Thomas Kunzke, Benjamin Balluff, Annette Feuchtinger et al. (n=10)",Thomas Kunzke; Benjamin Balluff; Annette Feuchtinger; Achim Buck; Rupert Langer; Birgit Luber; Florian Lordick; Horst Zitzelsberger; Michaela Aichler; Axel Walch,Oncotarget,https://doi.org/10.18632/oncotarget.19137,https://openalex.org/W2735063771
2017,High Fat Diet-Induced Metabolic Dysfunction Leads to Aggravation of Osteoarthritis and Inflammation of the Knee Joint in Two Different Murine Models,"A.E. Kozijn, H. de Visser, N.M. Korthagen et al. (n=9)",A.E. Kozijn; H. de Visser; N.M. Korthagen; S.C. Mastbergen; A.‐M. Zuurmond; F.P. Lafeber; Ivana Bobeldijk‐Pastorova; Reinout Stoop; Harrie Weinans,Osteoarthritis and Cartilage,https://doi.org/10.1016/j.joca.2017.02.452,https://openalex.org/W2607406267
2017,Protein identification in imaging mass spectrometry through spatially targeted liquid micro‐extractions,"Daniel J. Ryan, David Nei, Boone M. Prentice et al. (n=6)",Daniel J. Ryan; David Nei; Boone M. Prentice; Kristie L. Rose; Richard M. Caprioli; Jeffrey M. Spraggins,Rapid Communications in Mass Spectrometry,https://doi.org/10.1002/rcm.8042,https://openalex.org/W2771474776
2017,"Correlative mass spectrometry imaging, applying time‐of‐flight secondary ion mass spectrometry and atmospheric pressure matrix‐assisted laser desorption/ionization to a single tissue section","Nicolas Desbenoît, Axel Walch, Bernhard Spengler et al. (n=5)",Nicolas Desbenoît; Axel Walch; Bernhard Spengler; Alain Brunelle; Andreas Römpp,Rapid Communications in Mass Spectrometry,https://doi.org/10.1002/rcm.8022,https://openalex.org/W2766334437
2017,Non-invasive and invasive diagnoses of aspergillosis in a rat model by mass spectrometry,"Dominika Luptáková, Tomáš Pluháček, Miloš Petřík et al. (n=10)",Dominika Luptáková; Tomáš Pluháček; Miloš Petřík; Jiří Novák; Andrea Palyzová; Lucie Sokolová; Anton Škríba; Blanka Šedivá; Karel Lemr; Vladimı́r Havlı́ček,Scientific Reports,https://doi.org/10.1038/s41598-017-16648-z,https://openalex.org/W2769670489
2017,Imaging mass spectrometry analysis of ubiquinol localization in the mouse brain following short-term administration,"Yukina Tatsuta, Kazuaki Kasai, Chitose Maruyama et al. (n=7)",Yukina Tatsuta; Kazuaki Kasai; Chitose Maruyama; Yoshimitsu Hamano; Kazuhiko Matsuo; Hajime Katano; Shu Taira,Scientific Reports,https://doi.org/10.1038/s41598-017-13257-8,https://openalex.org/W2763666585
2017,Tissue Localization of Glycosphingolipid Accumulation in a Gaucher Disease Mouse Brain by LC-ESI-MS/MS and High-Resolution MALDI Imaging Mass Spectrometry,"E. Ellen Jones, Wujuan Zhang, Xueheng Zhao et al. (n=10)",E. Ellen Jones; Wujuan Zhang; Xueheng Zhao; Cristine Quiason; Stephanie Dale; Sheerin Shahidi-Latham; Gregory A. Grabowski; Kenneth D.R. Setchell; Richard R. Drake; Ying Sun,SLAS DISCOVERY,https://doi.org/10.1177/2472555217719372,https://openalex.org/W2738624927
2017,Advances in MALDI Mass Spectrometry within Drug Discovery,"Dale S. Cornett, Michael D. Scholle",Dale S. Cornett; Michael D. Scholle,SLAS DISCOVERY,https://doi.org/10.1177/2472555217735067,https://openalex.org/W2769457208
2017,Mass Spectrometric Imaging of Brain Lipid Alterations Following Exposure to Cocaine,"Sumitra Pati, Min Sun, Peggi M. Angel et al. (n=6)",Sumitra Pati; Min Sun; Peggi M. Angel; Richard R. Drake; John Wagner; Brian S. Cummings,The FASEB Journal,https://doi.org/10.1096/fasebj.31.1_supplement.987.5,https://openalex.org/W2940962484
2017,CCL5-CCR5 Interactions in Breast Cancer Regulate Cell Metabolism,Fei Gao,Fei Gao,TSpace (University of Toronto),,https://openalex.org/W2787094322
2017,A neuroprpteomic approach on worker africanized honeybee Apis mellifera submitted to proboscis extension reflex assay,Anally Riberio da Silva Menegasso,Anally Riberio da Silva Menegasso,UNESP Institutional Repository (São Paulo State University),,https://openalex.org/W7120436905
2017,Analysis of Glycerophospholipids and Sphingolipids in Murine Brain Using Liquid Chromatography – Electrospray Ionization - Tandem Mass Spectrometry and Matrix-Assisted Laser Desorption Ionization – Imaging Mass Spectrometry,Thao Nguyen-Tran,Thao Nguyen-Tran,uO Research (University of Ottawa),https://doi.org/10.20381/ruor-20816,https://openalex.org/W2745876489
2017,Mapping of the human cancer tissue glycome of 20 tumor types using MALDI-FTICR and rapid MALDI-TOF mass spectrometry imaging,"Richard R. Drake, Anand S. Mehta, Evelyn Bruner et al. (n=5)",Richard R. Drake; Anand S. Mehta; Evelyn Bruner; Dale S. Cornett; Peggy M. Angel,質量分析総合討論会講演要旨集,,https://openalex.org/W2749513323
2018,Pharmacometabolic effect of pirfenidone treatment in IPF detected by high resolution MALDI-FTICR imaging,"Isis E. Fernandez, Na Sun, Mian Wei et al. (n=9)",Isis E. Fernandez; Na Sun; Mian Wei; Michael Witting; Michaela Aichler; Stijn E. Verleden; Philippe Schmitt‐Kopplin; Axel Walch; Oliver Eickelberg,,https://doi.org/10.1183/13993003.congress-2018.oa2151,https://openalex.org/W2906668130
2018,"Diet Supplementation with Soy Protein Isolate, but Not the Isoflavone Genistein, Protects Against Alcohol-Induced Tumor Progression in DEN-Treated Male Mice","Kelly E. Mercer, Casey Pulliam, Leah Hennings et al. (n=7)",Kelly E. Mercer; Casey Pulliam; Leah Hennings; Mario A. Cleves; E. Ellen Jones; Richard R. Drake; Martin J. J. Ronis,Advances in experimental medicine and biology,https://doi.org/10.1007/978-3-319-98788-0_9,https://openalex.org/W2898556826
2018,Enhanced Ion Transmission Efficiency up to <i>m</i>/<i>z</i> 24 000 for MALDI Protein Imaging Mass Spectrometry,"Boone M. Prentice, Daniel J. Ryan, Raf Van de Plas et al. (n=5)",Boone M. Prentice; Daniel J. Ryan; Raf Van de Plas; Richard M. Caprioli; Jeffrey M. Spraggins,Analytical Chemistry,https://doi.org/10.1021/acs.analchem.7b05105,https://openalex.org/W2785883179
2018,Toward Higher Sensitivity in Quantitative MALDI Imaging Mass Spectrometry of CNS Drugs Using a Nonpolar Matrix,"Ignacy Rzagalinski, Borislav Kovačević, Nadine Hainz et al. (n=6)",Ignacy Rzagalinski; Borislav Kovačević; Nadine Hainz; Carola Meier; Thomas Tschernig; Dietrich A. Volmer,Analytical Chemistry,https://doi.org/10.1021/acs.analchem.8b02740,https://openalex.org/W2894490068
2018,Multimodal Chemical Analysis of the Brain by High Mass Resolution Mass Spectrometry and Infrared Spectroscopic Imaging,"Elizabeth K. Neumann, Troy J. Comi, Nicolás Spegazzini et al. (n=8)",Elizabeth K. Neumann; Troy J. Comi; Nicolás Spegazzini; Jennifer W. Mitchell; Stanislav S. Rubakhin; Martha U. Gillette; Rohit Bhargava; Jonathan V. Sweedler,Analytical Chemistry,https://doi.org/10.1021/acs.analchem.8b02913,https://openalex.org/W2890141567
2018,"Imaging of Lipids in Native Human Bone Sections Using TOF–Secondary Ion Mass Spectrometry, Atmospheric Pressure Scanning Microprobe Matrix-Assisted Laser Desorption/Ionization Orbitrap Mass Spectrometry, and Orbitrap–Secondary Ion Mass Spectrometry","Kaija Schaepe, Dhaka Ram Bhandari, Janina Werner et al. (n=11)",Kaija Schaepe; Dhaka Ram Bhandari; Janina Werner; Anja Henß; Alexander Pirkl; Matthias Kleine‐Boymann; Marcus Rohnke; Sabine Wenisch; Elena Neumann; Jürgen Janek; Bernhard Spengler,Analytical Chemistry,https://doi.org/10.1021/acs.analchem.8b00892,https://openalex.org/W2810650971
2018,Lipid Changes Associated with Traumatic Brain Injury Revealed by 3D MALDI-MSI,"Khalil Mallah, Jusal Quanico, Dennis Trede et al. (n=7)",Khalil Mallah; Jusal Quanico; Dennis Trede; Firas Kobeissy; Kazem Zibara; Michel Salzet; Isabelle Fournier,Analytical Chemistry,https://doi.org/10.1021/acs.analchem.8b02682,https://openalex.org/W2886511294
2018,Abstract A068: Metabolic signature in lethal vs. nonlethal prostate cancer,"Eugenio Zoni, Achim Buck, Annette Feuchtinger et al. (n=6)",Eugenio Zoni; Achim Buck; Annette Feuchtinger; Martin Spahn; Axel Walch; Marianna Kruithof-de Julio,Cancer Research,https://doi.org/10.1158/1538-7445.prca2017-a068,https://openalex.org/W2891342206
2018,Abstract 3512: Impact of IDO inhibitor on tryptophan and kynurenine pathway reflected in the tumor microenvironment and highlighted using quantitative mass spectrometry imaging,"Lauranne Poncelet, Rima Ait-Belkacem, Bruno Gomes et al. (n=6)",Lauranne Poncelet; Rima Ait-Belkacem; Bruno Gomes; Stefan Linehan; Grégory Hamm; Jonathan Stauber,Cancer Research,https://doi.org/10.1158/1538-7445.am2018-3512,https://openalex.org/W2885467916
2018,Abstract 5485: A promising pathway in immuno-oncology: CD73-adenosine axis highlighted by quantitative mass spectrometry imaging,"Lauranne Poncelet, Rima Ait-Belkacem, Bruno Gomes et al. (n=5)",Lauranne Poncelet; Rima Ait-Belkacem; Bruno Gomes; Stefan Linehan; Jonathan Stauber,Cancer Research,https://doi.org/10.1158/1538-7445.am2018-5485,https://openalex.org/W2886230924
2018,Abstract 3203: Modulation of cellular phospholipids correlates with tumor regression grade and radio resistance in rectal cancer,"Liam Poynter, Reza Mirnezami, Renata F. Soares et al. (n=10)",Liam Poynter; Reza Mirnezami; Renata F. Soares; James S. McKenzie; Pranav Patel; Nadia Peppa; Alexander Mirnezami; James Kinross; Ara Darzi; Zoltán Takáts,Cancer Research,https://doi.org/10.1158/1538-7445.am2018-3203,https://openalex.org/W2810482235
2018,Study on Tissue Distribution of A Variety of Endogenous Metabolites By Air Flow Assisted Ionization-Ultra High Resolution Mass Spectrometry Imaging,"Zhonghua Wang, Bingshu He, SUN Cheng-Long et al. (n=7)",Zhonghua Wang; Bingshu He; SUN Cheng-Long; Xiaowei Song; Jiuming He; Zhang Rui-ping; Zeper Abliz,Chinese Journal of Analytical Chemistry,https://doi.org/10.1016/s1872-2040(17)61074-0,https://openalex.org/W2794068276
2018,"In Situ Imaging of Tryptic Peptides by MALDI Imaging Mass Spectrometry Using Fresh‐Frozen or Formalin‐Fixed, Paraffin‐Embedded Tissue","Peggi M. Angel, Kim Norris‐Caneda, Richard R. Drake",Peggi M. Angel; Kim Norris‐Caneda; Richard R. Drake,Current Protocols in Protein Science,https://doi.org/10.1002/cpps.65,https://openalex.org/W2885927772
2018,Development of a complete advanced computational workflow for high-resolution ldi-ms metabolomics imaging data processing and visualization,Pere Ràfols Soler,Pere Ràfols Soler,Dialnet (Universidad de la Rioja),,https://openalex.org/W2957030789
2018,High-Resolution Tissue Mass Spectrometry Imaging Reveals a Refined Functional Anatomy of the Human Adult Adrenal Gland,"Na Sun, Yin Wu, Kazutaka Nanba et al. (n=13)",Na Sun; Yin Wu; Kazutaka Nanba; Silviu Sbiera; Stefan Kircher; Thomas Kunzke; Michaela Aichler; Sabina Berezowska; J. Reibetanz; William E. Rainey; Martin Faßnacht; Axel Walch; Matthias Kroiß,Endocrinology,https://doi.org/10.1210/en.2018-00064,https://openalex.org/W2786822483
2018,A decade of understanding secondary metabolism in Pseudomonas spp. for sustainable agriculture and pharmaceutical applications,"Izzah Shahid, K. A. Malik, Samina Mehnaz",Izzah Shahid; K. A. Malik; Samina Mehnaz,Environmental Sustainability,https://doi.org/10.1007/s42398-018-0006-2,https://openalex.org/W2803829431
2018,Aldosterone and 18-Oxocortisol Coaccumulation in Aldosterone-Producing Lesions,"Yuki Sugiura, Emi Takeo, Shuichi Shimma et al. (n=13)",Yuki Sugiura; Emi Takeo; Shuichi Shimma; Mai Yokota; Tatsuya Higashi; Tsugio Seki; Yosuke Mizuno; Mototsugu Oya; Takeo Kosaka; Masao Omura; Tetsuo Nishikawa; Makoto Suematsu; Koshiro Nishimoto,Hypertension,https://doi.org/10.1161/hypertensionaha.118.11243,https://openalex.org/W2896945294
2018,先端質量分析イメージングによるアルドステロン産生細胞の探索,悠毅 杉浦,悠毅 杉浦,Institutional Repositories DataBase (IRDB),,https://openalex.org/W7146815465
2018,Rapid discrimination of pediatric brain tumors by mass spectrometry imaging,"Amanda R. Clark, David Calligaris, Michael S. Regan et al. (n=12)",Amanda R. Clark; David Calligaris; Michael S. Regan; Daniel Pomeranz Krummel; Jeffrey N. Agar; Laura Kallay; Tobey J. MacDonald; Matthew Schniederjan; Sandro Santagata; Scott L. Pomeroy; Nathalie Y.R. Agar; Soma Sengupta,Journal of Neuro-Oncology,https://doi.org/10.1007/s11060-018-2978-2,https://openalex.org/W2888482961
2018,Ultraviolet Photodissociation of ESI- and MALDI-Generated Protein Ions on a Q-Exactive Mass Spectrometer,"Marialaura Dilillo, Erik L. de Graaf, Avinash Yadav et al. (n=5)",Marialaura Dilillo; Erik L. de Graaf; Avinash Yadav; Mikhail E. Belov; Liam A. McDonnell,Journal of Proteome Research,https://doi.org/10.1021/acs.jproteome.8b00896,https://openalex.org/W2902323604
2018,Single-Cell Mass Spectrometry Reveals Changes in Lipid and Metabolite Expression in RAW 264.7 Cells upon Lipopolysaccharide Stimulation,"Bo Yang, Nathan Heath Patterson, Tina Tsui et al. (n=5)",Bo Yang; Nathan Heath Patterson; Tina Tsui; Richard M. Caprioli; Jeremy L. Norris,Journal of the American Society for Mass Spectrometry,https://doi.org/10.1007/s13361-018-1899-9,https://openalex.org/W2791206187
2018,先端質量分析イメージングによるアルドステロン産生細胞の探索,"ユウキ スギウラ, Yuki Sugiura, 悠毅 杉浦",ユウキ スギウラ; Yuki Sugiura; 悠毅 杉浦,KeiO Associated Repository of Academic Resources (Keio University),,https://openalex.org/W7139842638
2018,Chronic d-serine supplementation impairs insulin secretion,"Lisa Suwandhi, Simone Hausmann, Alexander Braun et al. (n=22)",Lisa Suwandhi; Simone Hausmann; Alexander Braun; Tim Gruber; Silke S. Heinzmann; Eric J. C. Gálvez; Achim Buck; Beata Legutko; Andreas Israel; Annette Feuchtinger; Elizabeth Haythorne; Harald Staiger; Martin Heni; Hans‐Ulrich Häring; Philippe Schmitt‐Kopplin; Axel Walch; Cristina García Cáceres; Matthias H. Tschöp; Guy A. Rutter; Till Strowig; Martin Elsner; Siegfried Ussar,Molecular Metabolism,https://doi.org/10.1016/j.molmet.2018.07.002,https://openalex.org/W2883974740
2018,Micrometer scale imaging of sedimentary climate archives – Sample preparation for combined elemental and lipid biomarker analysis,"Susanne Alfken, Lars Wörmer, Julius S. Lipp et al. (n=7)",Susanne Alfken; Lars Wörmer; Julius S. Lipp; Jenny Wendt; Heidi Taubner; Arndt Schimmelmann; Kai‐Uwe Hinrichs,Organic Geochemistry,https://doi.org/10.1016/j.orggeochem.2018.11.002,https://openalex.org/W2900285277
2018,Mitochondrial changes of articular chondrocytes revealed by omics analyses,"B. Bakker, Gert B. Eijkel, Ronny Mohren et al. (n=7)",B. Bakker; Gert B. Eijkel; Ronny Mohren; Ron M. A. Heeren; Marcel Karperien; Janine N. Post; Berta Cillero‐Pastor,Osteoarthritis and Cartilage,https://doi.org/10.1016/j.joca.2018.02.370,https://openalex.org/W2801875690
2018,Specific metabolic association between osteoarthritis and type 2 diabetes revealed by mass spectrometry imaging,"Maxime Eveque, Pieter J. Emans, Tim J. M. Welting et al. (n=6)",Maxime Eveque; Pieter J. Emans; Tim J. M. Welting; Annelies Boonen; Ron M. A. Heeren; B. Cillero Pastor,Osteoarthritis and Cartilage,https://doi.org/10.1016/j.joca.2018.02.362,https://openalex.org/W2800983276
2018,Unique Intradural Inflammatory Mass Containing Precipitated Morphine: Confirmatory Analysis by LESA‐MS and MALDI‐MS,"Alexander J. Kim, Sankha S. Basu, Carolyn Glass et al. (n=7)",Alexander J. Kim; Sankha S. Basu; Carolyn Glass; Edgar L. Ross; Nathalie Y.R. Agar; Qing He; David Calligaris,Pain Practice,https://doi.org/10.1111/papr.12688,https://openalex.org/W2792186809
2018,Matrix‐Assisted Laser Desorption Ionization Mass Spectrometry Imaging of Key Proteins in Corneal Samples from Lattice Dystrophy Patients with <i>TGFBI</i>‐H626R and <i>TGFBI</i>‐R124C Mutations,"Anandalakshmi Venkatraman, G Hochart, David Bonnel et al. (n=8)",Anandalakshmi Venkatraman; G Hochart; David Bonnel; Jonathan Stauber; Shigeto Shimmura; Lakshminaryanan Rajamani; Konstantin Pervushin; Jodhbir S. Mehta,PROTEOMICS - CLINICAL APPLICATIONS,https://doi.org/10.1002/prca.201800053,https://openalex.org/W2899050802
2018,Novel approaches for molecular tissue imaging of drugs and metabolites using high-resolution mass spectrometry,Ignacy Rzagalinski,Ignacy Rzagalinski,Publications of the UdS (Saarland University),https://doi.org/10.22028/d291-27895,https://openalex.org/W3139295592
2018,Pharmacometabolic response to pirfenidone treatment in pulmonary fibrosis detected by high resolution MALDI FTICR-mass spectrometry imaging.,"IE Fernandez, N. Sun, M. Wei et al. (n=9)",IE Fernandez; N. Sun; M. Wei; M. Witting; M. Aichler; S. Verleden; P. Schmitt-Kopplin; O. Eickelberg; AK Walch,PuSH - Publication Server of Helmholtz Zentrum München,,https://openalex.org/W7131955882
2018,Investigation of amodiaquine localization in liver lobules using matrix‐assisted laser desorption/ionization imaging mass spectrometry,"Kerri J. Grove, Shaila Hoque, Patrick J. Rudewicz",Kerri J. Grove; Shaila Hoque; Patrick J. Rudewicz,Rapid Communications in Mass Spectrometry,https://doi.org/10.1002/rcm.8339,https://openalex.org/W2900280332
2018,Characterizing and alleviating ion suppression effects in atmospheric pressure matrix‐assisted laser desorption/ionization,"Gongyu Li, Qinjingwen Cao, Yang Liu et al. (n=7)",Gongyu Li; Qinjingwen Cao; Yang Liu; Kellen DeLaney; Zichuan Tian; Eugene Moskovets; Lingjun Li,Rapid Communications in Mass Spectrometry,https://doi.org/10.1002/rcm.8358,https://openalex.org/W2901165612
2018,Lipidomic Characterisation of the Human Huntington's Disease Brain,Mandana Hunter,Mandana Hunter,ResearchSpace (University of Auckland),,https://openalex.org/W2900550729
2018,Charakterisierung von Kopf-Hals-Tumoren mittels MALDI-MS Imaging,Franziska Hoffmann,Franziska Hoffmann,Thüringer Universitäts- und Landesbibliothek,https://doi.org/10.22032/dbt.38295,https://openalex.org/W3023871012
2019,Development and refinement of an &lt;em&gt;in situ&lt;/em&gt; ‘molecular microscope’ utilizing ultrahigh resolution mass spectrometry,"Gary Stacey, Ákos Vértes, Ljiljana Paša‐Tolić et al. (n=5)",Gary Stacey; Ákos Vértes; Ljiljana Paša‐Tolić; Christopher Anderton; David Koppenaal,,https://doi.org/10.2172/1532356,https://openalex.org/W2977857134
2019,Structural characterization of lipids using 193 nm ultraviolet photodissociation mass spectrometry,Dustin R. Klein,Dustin R. Klein,,https://doi.org/10.26153/tsw/2277,https://openalex.org/W2967708510
2019,Visualization and Identification of Neurotransmitters in Crustacean Brain via Multifaceted Mass Spectrometric Approaches,"Qinjingwen Cao, Yijia Wang, Bingming Chen et al. (n=8)",Qinjingwen Cao; Yijia Wang; Bingming Chen; Fengfei Ma; Ling Hao; Gongyu Li; Chuanzi OuYang; Lingjun Li,ACS Chemical Neuroscience,https://doi.org/10.1021/acschemneuro.8b00730,https://openalex.org/W2912581010
2019,A new optimization strategy for MALDI FTICR MS tissue analysis for untargeted metabolomics using experimental design and data modeling,"Justine Ferey, Florent Marguet, Annie Laquerrière et al. (n=8)",Justine Ferey; Florent Marguet; Annie Laquerrière; Stéphane Marret; Isabelle Schmitz‐Afonso; Soumeya Bekri; Carlos Afonso; Abdellah Tebani,Analytical and Bioanalytical Chemistry,https://doi.org/10.1007/s00216-019-01863-6,https://openalex.org/W2946236951
2019,Untargeted Metabolite Mapping in 3D Cell Culture Models Using High Spectral Resolution FT-ICR Mass Spectrometry Imaging,"Lulu H. Tucker, Grégory Hamm, Rebecca Sargeant et al. (n=7)",Lulu H. Tucker; Grégory Hamm; Rebecca Sargeant; Richard J. A. Goodwin; C. Logan Mackay; Colin J. Campbell; David J. Clarke,Analytical Chemistry,https://doi.org/10.1021/acs.analchem.9b00661,https://openalex.org/W2936235379
2019,A Novel Mass Spectrometry Platform for Multiplexed N-Glycoprotein Biomarker Discovery from Patient Biofluids by Antibody Panel Based N-Glycan Imaging,"Alyson Black, Hongyan Liang, Connor A. West et al. (n=9)",Alyson Black; Hongyan Liang; Connor A. West; Mengjun Wang; Harmin Herrera; Brian B. Haab; Peggi M. Angel; Richard R. Drake; Anand S. Mehta,Analytical Chemistry,https://doi.org/10.1021/acs.analchem.9b01445,https://openalex.org/W2949181093
2019,3-Aminophthalhydrazide (Luminol) As a Matrix for Dual-Polarity MALDI MS Imaging,"Bin Li, Ruiyang Sun, Andrew S. Gordon et al. (n=7)",Bin Li; Ruiyang Sun; Andrew S. Gordon; Junyue Ge; Ying Zhang; Ping Li; Hua Yang,Analytical Chemistry,https://doi.org/10.1021/acs.analchem.9b00803,https://openalex.org/W2947513456
2019,Mass Spectrometry Imaging of N-Glycans from Formalin-Fixed Paraffin-Embedded Tissue Sections Using a Novel Subatmospheric Pressure Ionization Source,"Yatao Shi, Zihui Li, Mildred Felder et al. (n=11)",Yatao Shi; Zihui Li; Mildred Felder; Qinying Yu; Xudong Shi; Yajing Peng; Qinjingwen Cao; Bin Wang; Luigi Puglielli; Manish S. Patankar; Lingjun Li,Analytical Chemistry,https://doi.org/10.1021/acs.analchem.9b02995,https://openalex.org/W2972477261
2019,Advantages and limitations of quantitative mass spectrometry imaging in pharmaco-toxicology area,"Lauranne Poncelet, Rima Ait-Belkacem, David Bonnel et al. (n=4)",Lauranne Poncelet; Rima Ait-Belkacem; David Bonnel; Jonathan Stauber,Annales de Toxicologie Analytique,https://doi.org/10.1016/j.toxac.2019.03.073,https://openalex.org/W2940891361
2019,Quantitative Mass Spectrometry Imaging Reveals Mutation Status-independent Lack of Imatinib Penetration into Liver Metastases of Gastrointestinal Stromal Tumors,"Denis Abu Sammour, Christian Marsching, Alexander Geisel et al. (n=11)",Denis Abu Sammour; Christian Marsching; Alexander Geisel; Katrin Erich; Sandra Schulz; Carina Ramallo Guevara; Jan-Hinrich Rabe; Alexander Marx; Peter Findeisen; Peter Hohenberger; Carsten Hopf,bioRxiv (Cold Spring Harbor Laboratory),https://doi.org/10.1101/562553,https://openalex.org/W2916127266
2019,Fourier transform ion cyclotron resonance mass spectrometry and laser: A versatile tool,"Frédéric Aubriet, Vincent Carré",Frédéric Aubriet; Vincent Carré,Elsevier eBooks,https://doi.org/10.1016/b978-0-12-814013-0.00010-7,https://openalex.org/W2966963705
2019,Age-related spatial differences of human lens UV filters revealed by negative ion mode MALDI imaging mass spectrometry,"Nicholas J. Demarais, Paul J. Donaldson, Angus C. Grey",Nicholas J. Demarais; Paul J. Donaldson; Angus C. Grey,Experimental Eye Research,https://doi.org/10.1016/j.exer.2019.04.016,https://openalex.org/W2936020905
2019,In situ metabolomics of aldosterone-producing adenomas,"Masanori Murakami, Yara Rhayem, Thomas Kunzke et al. (n=14)",Masanori Murakami; Yara Rhayem; Thomas Kunzke; Na Sun; Annette Feuchtinger; Philippe Ludwig; Tim M. Strom; Celso E. Gómez-Sánchez; Thomas Knösel; Thomas Kirchner; Tracy Ann Williams; Martín Reincke; Axel Walch; Felix Beuschlein,JCI Insight,https://doi.org/10.1172/jci.insight.130356,https://openalex.org/W2971653491
2019,Imaging Mass Spectrometry–Based Lipidomic Approach to Classification of Architectural Features in Nevi,"Jone Garate, Sergio Lage, Roberto Fernández et al. (n=14)",Jone Garate; Sergio Lage; Roberto Fernández; Verónica Velasco; Beatriz Abad‐García; Aintzane Asumendi; Jesús Gardeazábal; Yoana Arroyo-Berdugo; María Ángeles Rodríguez; Juan Luis Artola; Ignacio Zabalza; Begoña Ochoa; José A. Fernández; María Dolores Boyano,Journal of Investigative Dermatology,https://doi.org/10.1016/j.jid.2019.01.031,https://openalex.org/W2921989773
2019,Uncovering matrix effects on lipid analyses in MALDI imaging mass spectrometry experiments,"William Perry, Nathan Heath Patterson, Boone M. Prentice et al. (n=6)",William Perry; Nathan Heath Patterson; Boone M. Prentice; Elizabeth K. Neumann; Richard M. Caprioli; Jeffrey M. Spraggins,Journal of Mass Spectrometry,https://doi.org/10.1002/jms.4491,https://openalex.org/W2996214998
2019,Sample Preparation and Analysis of Single Cells Using High Performance MALDI FTICR Mass Spectrometry,"Bo Yang, Tina Tsui, Richard M. Caprioli et al. (n=4)",Bo Yang; Tina Tsui; Richard M. Caprioli; Jeremy L. Norris,Methods in molecular biology,https://doi.org/10.1007/978-1-4939-9831-9_10,https://openalex.org/W2975784006
2019,"Designer drugs analysis by LDI(+), MALDI(+) and MALDI(+) imaging coupled to FT-ICR MS","Camila Medeiros de Almeida, Fernanda E. Pinto, Nayara A. dos Santos et al. (n=7)",Camila Medeiros de Almeida; Fernanda E. Pinto; Nayara A. dos Santos; Lindamara M. Souza; Bianca B. Merlo; Christopher J. Thompson; Wanderson Romão,Microchemical Journal,https://doi.org/10.1016/j.microc.2019.104002,https://openalex.org/W2950721111
2019,Abstract A114: Quantitative mass spectrometry imaging: A game changer in the pharmaceutical industry,"Rima Ait-Belkacem, G Hochart, Joseph Marini et al. (n=9)",Rima Ait-Belkacem; G Hochart; Joseph Marini; Aurore Tomezyk; Phil Mantefeul; Bonnie Jung; David Bonnel; Don Mc Kenzie; Jonathan Stauber,Molecular Cancer Therapeutics,https://doi.org/10.1158/1535-7163.targ-19-a114,https://openalex.org/W3008510198
2019,Abstract B048: A Promising Pathway in Immuno-oncology: CD73-Adenosine axis highlighted by quantitative mass spectrometry imaging,"Lauranne Poncelet, Rima Ait-Belkacem, Bruno Gomes et al. (n=4)",Lauranne Poncelet; Rima Ait-Belkacem; Bruno Gomes; Jonathan Stauber,Molecular Cancer Therapeutics,https://doi.org/10.1158/1535-7163.targ-19-b048,https://openalex.org/W2991696042
2019,Transmission-mode MALDI-2 mass spectrometry imaging of cells and tissues at subcellular resolution,"Marcel Niehaus, Jens Soltwisch, Mikhail E. Belov et al. (n=4)",Marcel Niehaus; Jens Soltwisch; Mikhail E. Belov; Klaus Dreisewerd,Nature Methods,https://doi.org/10.1038/s41592-019-0536-2,https://openalex.org/W2970286047
2019,Advancements in Infrared Matrix Assisted Laser Desorption Electrospray Ionization Mass Spectrometry Instrumentation and Methodology.,Maans Olof Ekeloef,Maans Olof Ekeloef,NCSU Libraries Repository (North Carolina State University Libraries),,https://openalex.org/W2994080545
2019,Automatic data exploration of mass spectrometry imaging using high resolving power,"Raphaël La Rocca, Mathieu Tiquet, Cédric Malherbe et al. (n=6)",Raphaël La Rocca; Mathieu Tiquet; Cédric Malherbe; Edwin De Pauw; Gauthier Eppe; Loïc Quinton,Open Repository and Bibliography (University of Liège),,https://openalex.org/W3032104108
2019,Effet de la stabilité du courrant total d'ion en imagerie FT-ICR à harmonisation dynamique,"Tiquet, Mathieu, La Rocca, Raphaël, Far, Johann et al. (n=5)","Tiquet, Mathieu; La Rocca, Raphaël; Far, Johann; Quinton, Loïc; De Pauw, Edwin",Open Repository and Bibliography (University of Liège),,https://openalex.org/W7112281836
2019,Rapid identification of chemically-related compounds produced by bacteria by Kendrick mass defect filtering applied to high resolution imaging mass spectrometry,"Andréa Mc Cann, Christopher Kune, Raphaël La Rocca et al. (n=10)",Andréa Mc Cann; Christopher Kune; Raphaël La Rocca; Anthony Argüelles Arias; Mathieu Tiquet; Marc Ongena; Gauthier Eppe; Loïc Quinton; Johann Far; Edwin De Pauw,Open Repository and Bibliography (University of Liège),,https://openalex.org/W2982010024
2019,From noise to signal: Kendrick mass filtering for high-resolution mass spectrometry imaging analysis,"Andréa Mc Cann, Christopher Kune, Anthony Argüelles Arias et al. (n=10)",Andréa Mc Cann; Christopher Kune; Anthony Argüelles Arias; Mathieu Tiquet; Raphaël La Rocca; Johann Far; Marc Ongena; Gauthier Eppe; Loïc Quinton; Edwin De Pauw,Open Repository and Bibliography (University of Liège),,https://openalex.org/W2946779134
2019,Automatic exploration of images using ultra high resolution MS,"Raphaël La Rocca, Mathieu Tiquet, Sophie Rappe et al. (n=9)",Raphaël La Rocca; Mathieu Tiquet; Sophie Rappe; Christopher Kune; Andréa Mc Cann; Justine Hustin; Johann Far; Loïc Quinton; Edwin De Pauw,Open Repository and Bibliography (University of Liège),,https://openalex.org/W2982214749
2019,Investigation of data independent acquisition for small molecules structure elucidation in image by FT-ICR MS,"Raphaël La Rocca, Andréa Mc Cann, Johann Far et al. (n=6)",Raphaël La Rocca; Andréa Mc Cann; Johann Far; Gauthier Eppe; Edwin De Pauw; Loïc Quinton,Open Repository and Bibliography (University of Liège),,https://openalex.org/W2984686798
2019,Development of a relative quantification method for infrared matrix‐assisted laser desorption electrospray ionization mass spectrometry imaging of <i>Arabidopsis</i> seedlings,"M. Caleb Bagley, Anna N. Stepanova, Måns Ekelöf et al. (n=5)",M. Caleb Bagley; Anna N. Stepanova; Måns Ekelöf; José M. Alonso; David C. Muddiman,Rapid Communications in Mass Spectrometry,https://doi.org/10.1002/rcm.8616,https://openalex.org/W2982543034
2019,Interpretable Machine Learning for Biomarker Discovery in Imaging Mass Spectrometry Data,Léonore Tideman,Léonore Tideman,Research Repository (Delft University of Technology),,https://openalex.org/W2995685856
2019,Increased throughput and ultra-high mass resolution in DESI FT-ICR MS imaging through new-generation external data acquisition system and advanced data processing approaches,"Pieter C. Kooijman, Konstantin O. Nagornov, Anton N. Kozhinov et al. (n=7)",Pieter C. Kooijman; Konstantin O. Nagornov; Anton N. Kozhinov; David P. A. Kilgour; Yury O. Tsybin; Ron M. A. Heeren; Shane R. Ellis,Scientific Reports,https://doi.org/10.1038/s41598-018-36957-1,https://openalex.org/W2905157120
2019,Unsupervised machine learning using an imaging mass spectrometry dataset automatically reassembles grey and white matter,"Makoto Nampei, Makoto Horikawa, Keisuke Ishizu et al. (n=7)",Makoto Nampei; Makoto Horikawa; Keisuke Ishizu; Fumiyoshi Yamazaki; Hidemoto Yamada; Tomoaki Kahyo; Mitsutoshi Setou,Scientific Reports,https://doi.org/10.1038/s41598-019-49819-1,https://openalex.org/W2972974935
2019,Quantitative Mass Spectrometry Imaging Reveals Mutation Status-independent Lack of Imatinib in Liver Metastases of Gastrointestinal Stromal Tumors,"Denis Abu Sammour, Christian Marsching, Alexander Geisel et al. (n=11)",Denis Abu Sammour; Christian Marsching; Alexander Geisel; Katrin Erich; Sandra Schulz; Carina Ramallo Guevara; Jan-Hinrich Rabe; Alexander Marx; Peter Findeisen; Peter Hohenberger; Carsten Hopf,Scientific Reports,https://doi.org/10.1038/s41598-019-47089-5,https://openalex.org/W2964307052
2020,"Review for ""DIUTHAME offers higher reproducibility than DHB, a widely used matrix in FT‐ICR mass spectrometry imaging analysis""",,,,https://doi.org/10.1002/rcm.9076/v1/review1,https://openalex.org/W4248379236
2020,"Review for ""DIUTHAME offers higher reproducibility than DHB, a widely used matrix in FT‐ICR mass spectrometry imaging analysis""",,,,https://doi.org/10.1002/rcm.9076/v1/review2,https://openalex.org/W4229915291
2020,"Decision letter for ""DIUTHAME offers higher reproducibility than DHB, a widely used matrix in FT‐ICR mass spectrometry imaging analysis""",,,,https://doi.org/10.1002/rcm.9076/v1/decision1,https://openalex.org/W4255131483
2020,Tissue Preparation for Spatial Metabolomics v1,"Guanshi Zhang, Dušan Veličković, Annapurna Pamreddy et al. (n=7)",Guanshi Zhang; Dušan Veličković; Annapurna Pamreddy; Jessica Lukowski; Theodore Alexandrov; Chris Anderton; Kumar Sharma,,https://doi.org/10.17504/protocols.io.bcraiv2e,https://openalex.org/W3015453951
2020,Matrix-Assisted Laser Desorption/Ionization-Mass Spectrometric Imaging (MALDI-MSI) v1,"Guanshi Zhang, Dušan Veličković, Annapurna Pamreddy et al. (n=7)",Guanshi Zhang; Dušan Veličković; Annapurna Pamreddy; Jessica Lukowski; Theodore Alexandrov; Chris Anderton; Kumar Sharma,,https://doi.org/10.17504/protocols.io.bctfiwjn,https://openalex.org/W3015194557
2020,Tissue Preparation for Spatial Metabolomics v2,"Guanshi Zhang, Brittney Gorman, Leila Hejazi et al. (n=7)",Guanshi Zhang; Brittney Gorman; Leila Hejazi; Dušan Veličković; Theodore Alexandrov; Christopher Anderton; Kumar Sharma,,https://doi.org/10.17504/protocols.io.d7gf9jtn,https://openalex.org/W4409208574
2020,Matrix-Assisted Laser Desorption/Ionization-Mass Spectrometric Imaging (MALDI-MSI)_V2.0 v2,"Ian M. Tamayo, Guanshi Zhang, Dušan Veličković et al. (n=8)",Ian M. Tamayo; Guanshi Zhang; Dušan Veličković; Soumya Maity; Theodore Alexandrov; Christopher Anderton; Kumar Sharma; Brittney Gorman,,https://doi.org/10.17504/protocols.io.14egn84dyg5d/v2,https://openalex.org/W4400893713
2020,Dual-polarity SALDI FT-ICR MS imaging and Kendrick mass defect data filtering for lipid analysis,"Wendy H. Müller, Alexandre Verdin, Christopher Kune et al. (n=7)",Wendy H. Müller; Alexandre Verdin; Christopher Kune; Johann Far; Edwin De Pauw; Cédric Malherbe; Gauthier Eppe,Analytical and Bioanalytical Chemistry,https://doi.org/10.1007/s00216-020-03020-w,https://openalex.org/W3096630345
2020,"Ultra-High Mass Resolving Power, Mass Accuracy, and Dynamic Range MALDI Mass Spectrometry Imaging by 21-T FT-ICR MS","Andrew P. Bowman, Greg T. Blakney, Christopher L. Hendrickson et al. (n=6)",Andrew P. Bowman; Greg T. Blakney; Christopher L. Hendrickson; Shane R. Ellis; Ron M. A. Heeren; Donald F. Smith,Analytical Chemistry,https://doi.org/10.1021/acs.analchem.9b04768,https://openalex.org/W2998799555
2020,Cross-validated Matrix-Assisted Laser Desorption/Ionization Mass Spectrometry Imaging Quantitation Protocol for a Pharmaceutical Drug and Its Drug-Target Effects in the Brain Using Time-of-Flight and Fourier Transform Ion Cyclotron Resonance Analyzers,"Patrik Källback, Theodosia Vallianatou, Anna Nilsson et al. (n=10)",Patrik Källback; Theodosia Vallianatou; Anna Nilsson; Mohammadreza Shariatgorji; Nicoletta Schintu; Marcela Pereira; Florian P.Y. Barré; Henrik Wadensten; Per Svenningsson; Per E. Andrén,Analytical Chemistry,https://doi.org/10.1021/acs.analchem.0c03203,https://openalex.org/W3093690405
2020,OP0240 A MULTIMODAL MASS SPECTROMETRY APPROACH REVEALS SPECIFIC CARTILAGE MOLECULAR PROFILES ASSOCIATED TO TYPE 2 DIABETIC PATIENTS,"Maxime Eveque, Pieter J. Emans, Britt S. R. Claes et al. (n=6)",Maxime Eveque; Pieter J. Emans; Britt S. R. Claes; Freek G. Bouwman; Ron M. A. Heeren; Berta Cillero‐Pastor,Annals of the Rheumatic Diseases,https://doi.org/10.1136/annrheumdis-2020-eular.5399,https://openalex.org/W3032966586
2020,msiPL: Non-linear Manifold and Peak Learning of Mass Spectrometry Imaging Data Using Artificial Neural Networks,"Walid M. Abdelmoula, Begoña Giménez, Elizabeth C. Randall et al. (n=9)",Walid M. Abdelmoula; Begoña Giménez; Elizabeth C. Randall; Tina Kapur; Jann N. Sarkaria; Forest M. White; Jeffrey N. Agar; William M. Wells; Nathalie Y.R. Agar,bioRxiv (Cold Spring Harbor Laboratory),https://doi.org/10.1101/2020.08.13.250142,https://openalex.org/W3049465921
2020,Abstract C032: Distinguishing lethal from indolent prostate cancer using N-glycan imaging mass spectrometry in a racial tissue microarray cohort,"Richard R. Drake, F. David, Cameron K. Miller et al. (n=10)",Richard R. Drake; F. David; Cameron K. Miller; Melanie Jefferson; Laura Spruill; Michael A. Liss; Brandi Weaver; Peggi M. Angel; Robin J. Leach; Chanita Hughes Halbert,Cancer Epidemiology Biomarkers & Prevention,https://doi.org/10.1158/1538-7755.disp18-c032,https://openalex.org/W3048457792
2020,Abstract 2709: Mass spectrometry imaging for the assessment of intratumor molecular heterogeneity in canine metastatic mammary carcinomas: A comparative approach for biomarker discovery,"Yonara de Gouveia Cordeiro, Bram Heijs, Leandra M. Mulder et al. (n=8)",Yonara de Gouveia Cordeiro; Bram Heijs; Leandra M. Mulder; René J. van Zeijl; Peter A. van Veelen; Arnoud de Ru; Ricardo de Francisco Strefezzi; Heidge Fukumasu,Cancer Research,https://doi.org/10.1158/1538-7445.am2020-2709,https://openalex.org/W3083721759
2020,Mass Spectrometry Imaging Using Dynamically Harmonized FT-ICR at Million Resolving Power: Rationalizing and Optimizing Sample Preparation and Instrumental Parameters,"Mathieu Tiquet, Raphaël La Rocca, Daan van Kruining et al. (n=8)",Mathieu Tiquet; Raphaël La Rocca; Daan van Kruining; Pilar Martínez‐Martínez; Gauthier Eppe; Edwin De Pauw; Loïc Quinton; Johann Far,ChemRxiv,https://doi.org/10.26434/chemrxiv.13013900.v1,https://openalex.org/W4256423857
2020,Mass Spectrometry Imaging Using Dynamically Harmonized FT-ICR at Million Resolving Power: Rationalizing and Optimizing Sample Preparation and Instrumental Parameters,"Mathieu Tiquet, Raphaël La Rocca, Daan van Kruining et al. (n=8)",Mathieu Tiquet; Raphaël La Rocca; Daan van Kruining; Pilar Martínez‐Martínez; Gauthier Eppe; Edwin De Pauw; Loïc Quinton; Johann Far,ChemRxiv,https://doi.org/10.26434/chemrxiv.13013900,https://openalex.org/W4250971846
2020,Nanospray Desorption Electrospray Ionization (nano-DESI) Mass Spectrometry Imaging of Drift Time-Separated Ions,"Daisy Unsihuay, Ruichuan Yin, Daniela Mesa Sanchez et al. (n=7)",Daisy Unsihuay; Ruichuan Yin; Daniela Mesa Sanchez; Yingju Li; Xiaofei Sun; Sudhansu K. Dey; Julia Laskin,ChemRxiv,https://doi.org/10.26434/chemrxiv.12609536.v1,https://openalex.org/W3203427655
2020,Nanospray Desorption Electrospray Ionization (nano-DESI) Mass Spectrometry Imaging of Drift Time-Separated Ions,"Daisy Unsihuay, Ruichuan Yin, Daniela Mesa Sanchez et al. (n=7)",Daisy Unsihuay; Ruichuan Yin; Daniela Mesa Sanchez; Yingju Li; Xiaofei Sun; Sudhansu K. Dey; Julia Laskin,ChemRxiv,https://doi.org/10.26434/chemrxiv.12609536,https://openalex.org/W4232813267
2020,Preliminary analysis of latent fingerprints recovered from underneath bloodstains using matrix-assisted laser desorption/ionization fourier-transform ion cyclotron resonance mass spectrometry imaging (MALDI FT-ICR MSI),"Kristen Yeh, Wesley S. Burr, Naomi L. Stock et al. (n=4)",Kristen Yeh; Wesley S. Burr; Naomi L. Stock; Theresa Stotesbury,Forensic Chemistry,https://doi.org/10.1016/j.forc.2020.100274,https://openalex.org/W3082961870
2020,Mass spectrometry method development and application of investigation of food safety and human health,Guodong Cao,Guodong Cao,HKBU Institutional Repository (Hong Kong Baptist University),,https://openalex.org/W3106562536
2020,"Integration of multicomponent characterization, untargeted metabolomics and mass spectrometry imaging to unveil the holistic chemical transformations and key markers associated with wine steaming of Ligustri Lucidi Fructus","Mengrong Li, Xiaoyan Wang, Lifeng Han et al. (n=10)",Mengrong Li; Xiaoyan Wang; Lifeng Han; Li Jia; Erwei Liu; Zheng Li; Heshui Yu; Yucheng Wang; Xiumei Gao; Wenzhi Yang,Journal of Chromatography A,https://doi.org/10.1016/j.chroma.2020.461228,https://openalex.org/W3030279188
2020,Epilipidomics of Senescent Dermal Fibroblasts Identify Lysophosphatidylcholines as Pleiotropic Senescence-Associated Secretory Phenotype (SASP) Factors,"Marie‐Sophie Narzt, Vera Pils, Christopher Kremslehner et al. (n=23)",Marie‐Sophie Narzt; Vera Pils; Christopher Kremslehner; Ionela‐Mariana Nagelreiter; Markus Schosserer; Emilia Bessonova; Alina Bayer; Raffaela Reifschneider; Lucia Terlecki‐Ζaniewicz; Petra Waidhofer‐Söllner; Michael Mildner; Erwin Tschachler; Maria Cavinato; Sophia Wedel; Pidder Jansen‐Dürr; Lucia Nanić; Ivica Rubelj; Abdoelwaheb El Ghalbzouri; Samuele Zoratto; Martina Marchetti‐Deschmann; Johannes Grillari; Флориан Грубер; Ingo Lämmermann,Journal of Investigative Dermatology,https://doi.org/10.1016/j.jid.2020.11.020,https://openalex.org/W3111852138
2020,Mapping glucose metabolites in the normal bovine lens: Evaluation and optimisation of a matrix‐assisted laser desorption/ionisation imaging mass spectrometry method,"Ali Zahraei, Guangyu Guo, Rebecca D. Perwick et al. (n=6)",Ali Zahraei; Guangyu Guo; Rebecca D. Perwick; Paul J. Donaldson; Nicholas J. Demarais; Angus C. Grey,Journal of Mass Spectrometry,https://doi.org/10.1002/jms.4666,https://openalex.org/W3092901107
2020,Accelerating Fourier Transform-Ion Cyclotron Resonance Mass Spectrometry Imaging Using a Subspace Approach,"Yuxuan Richard Xie, Daniel C. Castro, Fan Lam et al. (n=4)",Yuxuan Richard Xie; Daniel C. Castro; Fan Lam; Jonathan V. Sweedler,Journal of the American Society for Mass Spectrometry,https://doi.org/10.1021/jasms.0c00276,https://openalex.org/W3092787341
2020,Response Surface Methodology As a New Approach for Finding Optimal MALDI Matrix Spraying Parameters for Mass Spectrometry Imaging,"Dušan Veličković, Guanshi Zhang, Dejan Bezbradica et al. (n=9)",Dušan Veličković; Guanshi Zhang; Dejan Bezbradica; Arunima Bhattacharjee; Ljiljana Paša‐Tolić; Kumar Sharma; Theodore Alexandrov; Christopher Anderton; KPMP Consortium,Journal of the American Society for Mass Spectrometry,https://doi.org/10.1021/jasms.9b00074,https://openalex.org/W3004812484
2020,Improving Spatial Resolution of a LTQ Orbitrap MALDI Source,"Raúl Montero, Beatriz Abad‐García, Jone Garate et al. (n=6)",Raúl Montero; Beatriz Abad‐García; Jone Garate; Lucía Martín‐Saíz; Gwendolyn Barceló‐Coblijn; José A. Fernández,Journal of the American Society for Mass Spectrometry,https://doi.org/10.1021/jasms.0c00133,https://openalex.org/W3043699845
2020,Native Mass Spectrometry Imaging and <i>In Situ</i> Top-Down Identification of Intact Proteins Directly from Tissue,"Oliver J. Hale, Helen J. Cooper",Oliver J. Hale; Helen J. Cooper,Journal of the American Society for Mass Spectrometry,https://doi.org/10.1021/jasms.0c00226,https://openalex.org/W3046239096
2020,MALDI-2 at Atmospheric Pressure—Parameter Optimization and First Imaging Experiments,"Marcel Niehaus, Kenneth N. Robinson, Teresa Murta et al. (n=8)",Marcel Niehaus; Kenneth N. Robinson; Teresa Murta; Efstathios A. Elia; Alan Race; Bin Yan; Rory T. Steven; Josephine Bunch,Journal of the American Society for Mass Spectrometry,https://doi.org/10.1021/jasms.0c00237,https://openalex.org/W3087268959
2020,Detecting Proteomic Indicators to Distinguish Diabetic Nephropathy from Hypertensive Nephrosclerosis by Integrating Matrix-Assisted Laser Desorption/Ionization Mass Spectrometry Imaging with High-Mass Accuracy Mass Spectrometry,"Andrew Smith, Vadim Iablokov, Mariafrancesca Mazza et al. (n=14)",Andrew Smith; Vadim Iablokov; Mariafrancesca Mazza; Sonia Guarnerio; Vanna Denti; Mariia Ivanova; Martina Stella; Isabella Piga; Clizia Chinello; Bram Heijs; Peter A. van Veelen; Hallgrímur Benediktsson; Daniel A. Muruve; Fulvio Magni,Kidney & Blood Pressure Research,https://doi.org/10.1159/000505187,https://openalex.org/W3006493155
2020,De novo discovery of metabolic heterogeneity with immunophenotype-guided imaging mass spectrometry,"Verena M. Prade, Thomas Kunzke, Annette Feuchtinger et al. (n=8)",Verena M. Prade; Thomas Kunzke; Annette Feuchtinger; Maria Rohm; Birgit Luber; Florian Lordick; Achim Buck; Axel Walch,Molecular Metabolism,https://doi.org/10.1016/j.molmet.2020.01.017,https://openalex.org/W3005928616
2020,"Advancing Metabolomics to Resolve Biochemical Processes at the Atomic, Molecular, and Tissue Level",Kevin Yonghoon Cho,Kevin Yonghoon Cho,Open Scholarship Institutional Repository (Washington University in St. Louis),https://doi.org/10.7936/f38h-sd29,https://openalex.org/W3003552683
2020,[Application of MALDI-mass spectrometry imaging in spatial distribution of secondary metabolites in medicinal plants -- a case study of Lepdium meyenii root].,"Yaolei Mi, Wei Sun, Mingli Li et al. (n=6)",Yaolei Mi; Wei Sun; Mingli Li; Haiyu Zhao; Baolin Bian; Yanyan Zhou,PubMed,https://doi.org/10.19540/j.cnki.cjcmm.20191209.201,https://openalex.org/W3026573746
2020,Comparative lipidomic analysis of mammalian retinal ganglion cells and Müller glia in situ and in vitro using High-Resolution Imaging Mass Spectrometry,"Xandra Pereiro, Roberto Fernández, Gabriel Barreda‐Gómez et al. (n=8)",Xandra Pereiro; Roberto Fernández; Gabriel Barreda‐Gómez; Noelia Ruzafa; Arantxa Acera; Javier Araiz; Egoitz Astigarraga; Elena Vecino,Scientific Reports,https://doi.org/10.1038/s41598-020-77087-x,https://openalex.org/W3104999129
2021,"Review for ""DIUTHAME offers higher reproducibility than DHB, a widely used matrix in FT‐ICR mass spectrometry imaging analysis""",,,,https://doi.org/10.1002/rcm.9076/v2/review1,https://openalex.org/W4205196397
2021,"Review for ""DIUTHAME offers higher reproducibility than DHB, a widely used matrix in FT‐ICR mass spectrometry imaging analysis""",,,,https://doi.org/10.1002/rcm.9076/v2/review2,https://openalex.org/W4206016507
2021,"Decision letter for ""DIUTHAME offers higher reproducibility than DHB, a widely used matrix in FT‐ICR mass spectrometry imaging analysis""",,,,https://doi.org/10.1002/rcm.9076/v2/decision1,https://openalex.org/W4205899440
2021,"Author response for ""DIUTHAME offers higher reproducibility than DHB, a widely used matrix in FT‐ICR mass spectrometry imaging analysis""","Md. Mahmudul Hasan, Fumihiro Eto, Md. Al Mamun et al. (n=13)",Md. Mahmudul Hasan; Fumihiro Eto; Md. Al Mamun; Shumpei Sato; Ariful Islam; A. S. M. Waliullah; Đỗ Hữu Chí; Yutaka Takahashi; Tomoaki Kahyo; Yasuhide Naito; Masahiro Kotani; Takayuki Ohmura; Mitsutoshi Setou,,https://doi.org/10.1002/rcm.9076/v2/response1,https://openalex.org/W3134488618
2021,"Decision letter for ""DIUTHAME offers higher reproducibility than DHB, a widely used matrix in FT‐ICR mass spectrometry imaging analysis""",,,,https://doi.org/10.1002/rcm.9076/v3/decision1,https://openalex.org/W4233117647
2021,"Author response for ""DIUTHAME offers higher reproducibility than DHB, a widely used matrix in FT‐ICR mass spectrometry imaging analysis""","Md. Mahmudul Hasan, Fumihiro Eto, Md. Al Mamun et al. (n=13)",Md. Mahmudul Hasan; Fumihiro Eto; Md. Al Mamun; Shumpei Sato; Ariful Islam; A. S. M. Waliullah; Đỗ Hữu Chí; Yutaka Takahashi; Tomoaki Kahyo; Yasuhide Naito; Masahiro Kotani; Takayuki Ohmura; Mitsutoshi Setou,,https://doi.org/10.1002/rcm.9076/v3/response1,https://openalex.org/W4235199608
2021,Enhancing the Throughput of FT Mass Spectrometry Imaging Using Compressed Sensing and Subspace Modeling,"Yuxuan Richard Xie, Daniel C. Castro, Stanislav S. Rubakhin et al. (n=5)",Yuxuan Richard Xie; Daniel C. Castro; Stanislav S. Rubakhin; Jonathan V. Sweedler; Fan Lam,,https://doi.org/10.33774/chemrxiv-2021-ks1vf,https://openalex.org/W3210712925
2021,"Use of imaging and mass spectrometry-based capabilities to describe microbiome interactions (Q4 Performance Metric Report, 2021)","Peter Weber, Jennifer Pett‐Ridge",Peter Weber; Jennifer Pett‐Ridge,,https://doi.org/10.2172/1823697,https://openalex.org/W3206782822
2021,Integration of Mass Spectrometry Imaging and Machine Learning Visualizes Region-Specific Age-Induced and Drug-Target Metabolic Perturbations in the Brain,"Theodosia Vallianatou, Mohammadreza Shariatgorji, Anna Nilsson et al. (n=8)",Theodosia Vallianatou; Mohammadreza Shariatgorji; Anna Nilsson; Maria Karlgren; Heather Hulme; Elva Fridjonsdottir; Per Svenningsson; Per E. Andrén,ACS Chemical Neuroscience,https://doi.org/10.1021/acschemneuro.1c00103,https://openalex.org/W3159110533
2021,rMSIannotation: A peak annotation tool for mass spectrometry imaging based on the analysis of isotopic intensity ratios,"Lluc Sementé, Gerard Baquer, María García‐Altares et al. (n=5)",Lluc Sementé; Gerard Baquer; María García‐Altares; Xavier Correig; Pere Ràfols,Analytica Chimica Acta,https://doi.org/10.1016/j.aca.2021.338669,https://openalex.org/W3164473061
2021,Mass shift in mass spectrometry imaging: comprehensive analysis and practical corrective workflow,"Andréa Mc Cann, Sophie Rappe, Raphaël La Rocca et al. (n=9)",Andréa Mc Cann; Sophie Rappe; Raphaël La Rocca; Mathieu Tiquet; Loïc Quinton; Gauthier Eppe; Johann Far; Edwin De Pauw; Christopher Kune,Analytical and Bioanalytical Chemistry,https://doi.org/10.1007/s00216-021-03174-1,https://openalex.org/W3126183155
2021,Transmission-Mode MALDI Mass Spectrometry Imaging of Single Cells: Optimizing Sample Preparation Protocols,"Tanja Bien, Sebastian Bessler, Klaus Dreisewerd et al. (n=4)",Tanja Bien; Sebastian Bessler; Klaus Dreisewerd; Jens Soltwisch,Analytical Chemistry,https://doi.org/10.1021/acs.analchem.0c04905,https://openalex.org/W3133950829
2021,Chemical Images on Fingerprints Revealed with Mass Spectrometry,"Andrea Carrà, L. Falciola, G. Cappelletti et al. (n=5)",Andrea Carrà; L. Falciola; G. Cappelletti; Lavinia Morosi; Enrico Davoli,Applied Sciences,https://doi.org/10.3390/app11125624,https://openalex.org/W3175946282
2021,Spatial metabolomics using imaging mass spectrometry to identify the localization of asparaptine in <i>Asparagus officinalis</i>,"Ryo Nakabayashi, Kei Hashimoto, Tetsuya Mori et al. (n=6)",Ryo Nakabayashi; Kei Hashimoto; Tetsuya Mori; Kiminori Toyooka; Hiroshi Sudo; Kazuki Saito,bioRxiv (Cold Spring Harbor Laboratory),https://doi.org/10.1101/2021.01.15.426840,https://openalex.org/W3123572431
2021,Evaluation of 6 MALDI-Matrices for 10 µm lipid imaging and on-tissue MSn with AP-MALDI-Orbitrap,"Tina B. Angerer, Jérôme Bour, Jean‐Luc Biagi et al. (n=5)",Tina B. Angerer; Jérôme Bour; Jean‐Luc Biagi; Eugene Moskovets; Gilles Frache,bioRxiv (Cold Spring Harbor Laboratory),https://doi.org/10.1101/2021.10.27.466111,https://openalex.org/W3208586746
2021,Mass recalibration for desorption electrospray ionization mass spectrometry imaging using endogenous reference ions,"Paolo Inglese, Helen Xuexia Huang, Vincen Wu et al. (n=5)",Paolo Inglese; Helen Xuexia Huang; Vincen Wu; Matthew R. Lewis; Zoltán Takáts,bioRxiv (Cold Spring Harbor Laboratory),https://doi.org/10.1101/2021.03.29.437482,https://openalex.org/W3146504303
2021,Mass spectrometry imaging of L-[ring-13C6]-labeled phenylalanine and tyrosine kinetics in non-small cell lung carcinoma,"Jianhua Cao, Benjamin Balluff, Martijn Arts et al. (n=12)",Jianhua Cao; Benjamin Balluff; Martijn Arts; Ludwig J. Dubois; Luc J. C. van Loon; Tilman M. Hackeng; Hans M.H. van Eijk; Gert B. Eijkel; Lara R. Heij; Zita Soons; Steven W.M. Olde Damink; Ron M. A. Heeren,Cancer & Metabolism,https://doi.org/10.1186/s40170-021-00262-9,https://openalex.org/W3169805989
2021,Patterns of Carbon-Bound Exogenous Compounds in Patients with Lung Cancer and Association with Disease Pathophysiology,"Thomas Kunzke, Verena M. Prade, Achim Buck et al. (n=15)",Thomas Kunzke; Verena M. Prade; Achim Buck; Na Sun; Annette Feuchtinger; Marco Matzka; Isis E. Fernandez; Wim Wuyts; Maximilian Ackermann; Danny Jonigk; Michaela Aichler; Ralph A. Schmid; Oliver Eickelberg; Sabina Berezowska; Axel Walch,Cancer Research,https://doi.org/10.1158/0008-5472.can-21-1175,https://openalex.org/W3206976652
2021,Enhancing the Throughput of FT Mass Spectrometry Imaging Using Compressed Sensing and Subspace Modeling,"Yuxuan Richard Xie, Daniel C. Castro, Stanislav S. Rubakhin et al. (n=5)",Yuxuan Richard Xie; Daniel C. Castro; Stanislav S. Rubakhin; Jonathan V. Sweedler; Fan Lam,ChemRxiv,https://doi.org/10.26434/chemrxiv-2021-ks1vf,https://openalex.org/W4255802814
2021,Metabolomic therapy response prediction in pretherapeutic tissue biopsies for trastuzumab in patients with HER2‐positive advanced gastric cancer,"Thomas Kunzke, Fabian T. Hölzl, Verena M. Prade et al. (n=14)",Thomas Kunzke; Fabian T. Hölzl; Verena M. Prade; Achim Buck; Katharina J. Huber; Annette Feuchtinger; Karolin Ebert; Gwen Zwingenberger; Robert Geffers; Stefanie M. Hauck; Ivonne Haffner; Birgit Luber; Florian Lordick; Axel Walch,Clinical and Translational Medicine,https://doi.org/10.1002/ctm2.547,https://openalex.org/W3201811886
2021,Mass spectrometry imaging of blast overpressure induced modulation of GABA/glutamate levels in the central auditory neuraxis of Chinchilla,"Kevin Zemaitis, Kathiravan Kaliyappan, Valerie Frerichs et al. (n=5)",Kevin Zemaitis; Kathiravan Kaliyappan; Valerie Frerichs; Alan E. Friedman; Vijaya Prakash Krishnan Muthaiah,Experimental and Molecular Pathology,https://doi.org/10.1016/j.yexmp.2021.104605,https://openalex.org/W3118392640
2021,Combined Quantitative\n(Phospho)proteomics and Mass\nSpectrometry Imaging Reveal Temporal and Spatial Protein Changes in\nHuman Intestinal Ischemia–Reperfusion,"Anna M. Kip (11804493), Juan Manuel Valverde (11820376), Maarten Altelaar (6112361) et al. (n=9)",Anna M. Kip (11804493); Juan Manuel Valverde (11820376); Maarten Altelaar (6112361); Ron M. A. Heeren (7181636); Inca H. R. Hundscheid (10994083); Cornelis H. C. Dejong (10994104); Steven W. M. Olde Damink (10962140); Benjamin Balluff (253820); Kaatje Lenaerts (212832),Figshare,https://doi.org/10.1021/acs.jproteome.1c00447.s001,https://openalex.org/W4200445028
2021,Combined Quantitative\n(Phospho)proteomics and Mass\nSpectrometry Imaging Reveal Temporal and Spatial Protein Changes in\nHuman Intestinal Ischemia–Reperfusion,"Anna M. Kip (11804493), Juan Manuel Valverde (11820376), Maarten Altelaar (6112361) et al. (n=9)",Anna M. Kip (11804493); Juan Manuel Valverde (11820376); Maarten Altelaar (6112361); Ron M. A. Heeren (7181636); Inca H. R. Hundscheid (10994083); Cornelis H. C. Dejong (10994104); Steven W. M. Olde Damink (10962140); Benjamin Balluff (253820); Kaatje Lenaerts (212832),Figshare,https://doi.org/10.1021/acs.jproteome.1c00447.s002,https://openalex.org/W4200414475
2021,"Desorption ionization using through-hole alumina membrane offers higher reproducibility than 2,5-dihydroxybenzoic acid, a widely used matrix in Fourier transform ion cyclotron resonance mass spectrometry imaging analysis",Hasan Md. Mahmudul,Hasan Md. Mahmudul,Institutional Repositories DataBase (IRDB),,https://openalex.org/W7145943579
2021,The metabolic landscape in chronic rotator cuff tear reveals tissue‐region‐specific signatures,"Cyriel Sebastiaan Olie, René van Zeijl, Salma el Abdellaoui et al. (n=8)",Cyriel Sebastiaan Olie; René van Zeijl; Salma el Abdellaoui; Arjen Kolk; Celeste L. Overbeek; Rob G. H. H. Nelissen; Bram Heijs; Vered Raz,Journal of Cachexia Sarcopenia and Muscle,https://doi.org/10.1002/jcsm.12873,https://openalex.org/W4200445602
2021,An imaging mass spectrometry atlas of lipids in the human neurologically normal and Huntington’s disease caudate nucleus,"Mandana Hunter, Nicholas J. Demarais, Richard L. M. Faull et al. (n=5)",Mandana Hunter; Nicholas J. Demarais; Richard L. M. Faull; Angus C. Grey; Maurice A. Curtis,Journal of Neurochemistry,https://doi.org/10.1111/jnc.15325,https://openalex.org/W3133014232
2021,Combined Quantitative (Phospho)proteomics and Mass Spectrometry Imaging Reveal Temporal and Spatial Protein Changes in Human Intestinal Ischemia–Reperfusion,"Anna M. Kip, Juan Manuel Valverde, Maarten Altelaar et al. (n=9)",Anna M. Kip; Juan Manuel Valverde; Maarten Altelaar; Ron M. A. Heeren; Inca H. Hundscheid; Cornelis H.C. Dejong; Steven W.M. Olde Damink; Benjamin Balluff; Kaatje Lenaerts,Journal of Proteome Research,https://doi.org/10.1021/acs.jproteome.1c00447,https://openalex.org/W4200421720
2021,Analysis of <i>Erythroxylum coca</i> Leaves by Imaging Mass Spectrometry (MALDI–FT–ICR IMS),"Nayara A. dos Santos, Camila Medeiros de Almeida, Fernanda Fachim Gonçalves et al. (n=7)",Nayara A. dos Santos; Camila Medeiros de Almeida; Fernanda Fachim Gonçalves; Rafael Scorsatto Ortiz; Ricardo Machado Kuster; Diemerson Saquetto; Wanderson Romão,Journal of the American Society for Mass Spectrometry,https://doi.org/10.1021/jasms.0c00449,https://openalex.org/W3139237684
2021,Mapping of Corticosteroids in Murine Kidneys Using Mass Spectrometry Imaging,"Ioannis Stasinopoulos, Shazia Khan, Logan C MacKay et al. (n=6)",Ioannis Stasinopoulos; Shazia Khan; Logan C MacKay; Roger Brown; Matthew J Bailey; Ruth Andrew,Journal of the Endocrine Society,https://doi.org/10.1210/jendso/bvab048.1676,https://openalex.org/W3159965210
2021,A new technological approach in diagnostic pathology: mass spectrometry imaging-based metabolomics for biomarker detection in urachal cancer,"Judith Martha Neumann, Karsten Niehaus, Nils Neumann et al. (n=11)",Judith Martha Neumann; Karsten Niehaus; Nils Neumann; Hans Christoph Knobloch; Felix Bremmer; Ulrich Krafft; Udo Kellner; Péter Nyírády; Tibor Szarvas; Hanna Bednarz; Henning Reis,Laboratory Investigation,https://doi.org/10.1038/s41374-021-00612-7,https://openalex.org/W3163472744
2021,The development and application of matrix assisted laser desorption electrospray ionization: The teenage years,"M. Caleb Bagley, Kenneth P. Garrard, David C. Muddiman",M. Caleb Bagley; Kenneth P. Garrard; David C. Muddiman,Mass Spectrometry Reviews,https://doi.org/10.1002/mas.21696,https://openalex.org/W3165630819
2021,Streamlined Multimodal DESI and MALDI Mass Spectrometry Imaging on a Singular Dual-Source FT-ICR Mass Spectrometer,"Kevin Zemaitis, Alexandra M. Izydorczak, Alexis C. Thompson et al. (n=4)",Kevin Zemaitis; Alexandra M. Izydorczak; Alexis C. Thompson; Troy D. Wood,Metabolites,https://doi.org/10.3390/metabo11040253,https://openalex.org/W3156657873
2021,Chapter 19. Correlative Multimodal Mass Spectometry Imaging – Imaging Across the Scales,Martina Marchetti‐Deschmann,Martina Marchetti‐Deschmann,New developments in mass spectrometry,https://doi.org/10.1039/9781839165191-00457,https://openalex.org/W3214957713
2021,"Desorption ionization using through‐hole alumina membrane offers higher reproducibility than 2,5‐dihydroxybenzoic acid, a widely used matrix in Fourier transform ion cyclotron resonance mass spectrometry imaging analysis","Md. Mahmudul Hasan, Fumihiro Eto, Md. Al Mamun et al. (n=13)",Md. Mahmudul Hasan; Fumihiro Eto; Md. Al Mamun; Shumpei Sato; Ariful Islam; A. S. M. Waliullah; Đỗ Hữu Chí; Yutaka Takahashi; Tomoaki Kahyo; Yasuhide Naito; Masahiro Kotani; Takayuki Ohmura; Mitsutoshi Setou,Rapid Communications in Mass Spectrometry,https://doi.org/10.1002/rcm.9076,https://openalex.org/W3133819582
2021,Investigations of β‐carotene radical cation formation in infrared matrix‐assisted laser desorption electrospray ionization (IR‐MALDESI),"M. Caleb Bagley, David C. Muddiman",M. Caleb Bagley; David C. Muddiman,Rapid Communications in Mass Spectrometry,https://doi.org/10.1002/rcm.9133,https://openalex.org/W3165700867
2021,Muscle metabolic remodelling patterns in Duchenne muscular dystrophy revealed by ultra-high-resolution mass spectrometry imaging,"Ivana Dabaj, Justine Ferey, Florent Marguet et al. (n=15)",Ivana Dabaj; Justine Ferey; Florent Marguet; Vianney Gilard; Carole Basset; Youssef Bahri; Anne‐Claire Bréhin; Catherine Vanhulle; France Leturcq; Stéphane Marret; Annie Laquerrière; Isabelle Schmitz‐Afonso; Carlos Afonso; Soumeya Bekri; Abdellah Tebani,Scientific Reports,https://doi.org/10.1038/s41598-021-81090-1,https://openalex.org/W3125739014
2021,Imaging Matrix-Assisted Laser Desorption/Ionization Fourier Transform Ion Cyclotron Resonance Mass Spectrometry of oxaliplatin derivatives in human tissue sections,"Justine Ferey, Marion Larroque, Isabelle Schmitz‐Afonso et al. (n=11)",Justine Ferey; Marion Larroque; Isabelle Schmitz‐Afonso; Johann Le Maître; Olivia Sgarbură; Sébastien Carrère; François Quénet; Brice Bouyssière; Christine Enjalbal; Sandra Mounicou; Carlos Afonso,Talanta,https://doi.org/10.1016/j.talanta.2021.122915,https://openalex.org/W3202574065
2021,Mass spectrometry imaging-based multi-modal technique: Next-generation of biochemical analysis strategy,"Chao Zhao, Lei Guo, Jiyang Dong et al. (n=4)",Chao Zhao; Lei Guo; Jiyang Dong; Zongwei Cai,The Innovation,https://doi.org/10.1016/j.xinn.2021.100151,https://openalex.org/W3194081078
2022,TissuePreparation for Intact Proteoform MALDI-MSI on Human Tissue v1,Kevin Zemaitis,Kevin Zemaitis,,https://doi.org/10.17504/protocols.io.6qpvr61x2vmk/v1,https://openalex.org/W4292018436
2022,Overall protocol for 2D intact proteoform mapping by MALDI imaging v1,Kevin Zemaitis,Kevin Zemaitis,,https://doi.org/10.17504/protocols.io.q26g74qn8gwz/v1,https://openalex.org/W4294307467
2022,High Resolution Intact Proteoform Mass Spectrometry Imaging using UHMR HF Orbitrap v1,Kevin Zemaitis,Kevin Zemaitis,,https://doi.org/10.17504/protocols.io.4r3l2onz4v1y/v1,https://openalex.org/W4291781598
2022,Magnetron-Sputtered Niobium Nanoparticles for Molecular Imaging of Brain Tissues through Surface-Assisted Laser Desorption/Ionization Mass Spectrometry,"Pavel Pleskunov, Vadym Prysiazhnyi, Daniil Nikitin et al. (n=16)",Pavel Pleskunov; Vadym Prysiazhnyi; Daniil Nikitin; Tereza Košutová; Miroslav Cieslar; Ivan Gordeev; Zdeněk Krtouš; Suren Ali‐Ogly; Ján Šomvársky; Mariia Protsak; Kateryna Biliak; Ksenia Kishenina; Antonín Bednařík; Milan Dopita; Jan Preisler; Andrei Choukourov,ACS Applied Nano Materials,https://doi.org/10.1021/acsanm.2c02734,https://openalex.org/W4295249825
2022,Spatial localization of β-unsaturated aldehyde markers in murine diabetic kidney tissue by mass spectrometry imaging,"Carla Harkin, Karl W. Smith, C. Logan Mackay et al. (n=7)",Carla Harkin; Karl W. Smith; C. Logan Mackay; Tara Moore; Simon Brockbank; Mark W. Ruddock; Diego Cobice,Analytical and Bioanalytical Chemistry,https://doi.org/10.1007/s00216-022-04229-7,https://openalex.org/W4288037956
2022,FT-ICR Mass Spectrometry Imaging at Extreme Mass Resolving Power Using a Dynamically Harmonized ICR Cell with 1ω or 2ω Detection,"Mathieu Tiquet, Raphaël La Rocca, Stefan Kirnbauer et al. (n=11)",Mathieu Tiquet; Raphaël La Rocca; Stefan Kirnbauer; Samuele Zoratto; Daan van Kruining; Loïc Quinton; Gauthier Eppe; Pilar Martínez‐Martínez; Martina Marchetti‐Deschmann; Edwin De Pauw; Johann Far,Analytical Chemistry,https://doi.org/10.1021/acs.analchem.2c00754,https://openalex.org/W4281397271
2022,Enhancing the Throughput of FT Mass Spectrometry Imaging Using Joint Compressed Sensing and Subspace Modeling,"Yuxuan Richard Xie, Daniel C. Castro, Stanislav S. Rubakhin et al. (n=5)",Yuxuan Richard Xie; Daniel C. Castro; Stanislav S. Rubakhin; Jonathan V. Sweedler; Fan Lam,Analytical Chemistry,https://doi.org/10.1021/acs.analchem.1c05279,https://openalex.org/W4220772488
2022,Mass recalibration for desorption electrospray ionization mass spectrometry imaging using endogenous reference ions,"Paolo Inglese, Helen Xuexia Huang, Vincen Wu et al. (n=5)",Paolo Inglese; Helen Xuexia Huang; Vincen Wu; Matthew R. Lewis; Zoltán Takáts,BMC Bioinformatics,https://doi.org/10.1186/s12859-022-04671-5,https://openalex.org/W4225647507
2022,MALDI Mass Spectrometry Imaging—Prognostic Pathways and Metabolites for Renal Cell Carcinomas,"Franziska Erlmeier, Na Sun, Jian Shen et al. (n=13)",Franziska Erlmeier; Na Sun; Jian Shen; Annette Feuchtinger; Achim Buck; Verena M. Prade; Thomas Kunzke; Peter Schraml; Holger Moch; Michael Autenrieth; Wilko Weichert; Arndt Hartmann; Axel Walch,Cancers,https://doi.org/10.3390/cancers14071763,https://openalex.org/W4221085866
2022,Recent Advances in Single-Cell Metabolomics Based on Mass Spectrometry,"Qinlei Liu, Sandra Martínez‐Jarquín, Renato Zenobi",Qinlei Liu; Sandra Martínez‐Jarquín; Renato Zenobi,CCS Chemistry,https://doi.org/10.31635/ccschem.022.202202333,https://openalex.org/W4307133151
2022,Visualizing Staphylococcus aureus pathogenic membrane modification within the host infection environment by multimodal imaging mass spectrometry,"William Perry, Caroline M. Grunenwald, Raf Van de Plas et al. (n=11)",William Perry; Caroline M. Grunenwald; Raf Van de Plas; James Witten; Daniel R. Martin; Suneel Apte; James E. Cassat; Gösta Pettersson; Richard M. Caprioli; Eric P. Skaar; Jeffrey M. Spraggins,Cell chemical biology,https://doi.org/10.1016/j.chembiol.2022.05.004,https://openalex.org/W4281753600
2022,FTICR Mass spectrometry imaging at extreme mass resolving power using 1 a dynamically harmonized ICR cell with 1ω or 2ω detection,"Mathieu Tiquet, Raphaël La Rocca, Stefan Kirnbauer et al. (n=11)",Mathieu Tiquet; Raphaël La Rocca; Stefan Kirnbauer; Samuele Zoratto; Daan van Kruining; Loïc Quinton; Gauthier Eppe; Pilar Martínez‐Martínez; Martina Marchetti‐Deschmann; Edwin De Pauw; Johann Far,ChemRxiv,https://doi.org/10.26434/chemrxiv-2022-5w90f-v2,https://openalex.org/W4212895051
2022,FTICR Mass spectrometry imaging at extreme mass resolving power using a dynamically harmonized ICR cell with 1ω or 2ω detection,"Mathieu Tiquet, Raphaël La Rocca, Stefan Kirnbauer et al. (n=11)",Mathieu Tiquet; Raphaël La Rocca; Stefan Kirnbauer; Samuele Zoratto; Daan van Kruining; Loïc Quinton; Gauthier Eppe; Pilar Martínez‐Martínez; Martina Marchetti‐Deschmann; Edwin De Pauw; Johann Far,ChemRxiv,https://doi.org/10.26434/chemrxiv-2022-5w90f-v3,https://openalex.org/W4212937570
2022,193 nm ultraviolet photodissociation for the characterization of singly charged proteoforms generated by MALDI,"Kevin Zemaitis, Mowei Zhou, William Kew et al. (n=4)",Kevin Zemaitis; Mowei Zhou; William Kew; Ljiljana Paša‐Tolić,ChemRxiv,https://doi.org/10.26434/chemrxiv-2022-rctz4,https://openalex.org/W4311378021
2022,A simple preparation step to remove excess liquid lipids in white adipose tissue enabling improved detection of metabolites via MALDI-FTICR imaging MS,"Qian Wang, Na Sun, Thomas Kunzke et al. (n=10)",Qian Wang; Na Sun; Thomas Kunzke; Achim Buck; Jian Shen; Verena M. Prade; Barbara Stöckl; Jun Wang; Annette Feuchtinger; Axel Walch,Histochemistry and Cell Biology,https://doi.org/10.1007/s00418-022-02088-y,https://openalex.org/W4226026003
2022,Spatial metabolomics reveals upregulation of several pyrophosphate-producing pathways in cortical bone of Hyp mice,"Achim Buck, Verena M. Prade, Thomas Kunzke et al. (n=5)",Achim Buck; Verena M. Prade; Thomas Kunzke; Reinhold G. Erben; Axel Walch,JCI Insight,https://doi.org/10.1172/jci.insight.162138,https://openalex.org/W4307106012
2022,"Spatially Resolved Neuropeptide Characterization from Neuropathological Formalin-Fixed, Paraffin-Embedded Tissue Sections by a Combination of Imaging MALDI FT-ICR Mass Spectrometry Histochemistry and Liquid Extraction Surface Analysis-Trapped Ion Mobility Spectrometry-Tandem Mass Spectrometry","Yarixa L. Cintron-Diaz, Mario Gomez-Hernandez, Marthe M. H. A. Verhaert et al. (n=5)",Yarixa L. Cintron-Diaz; Mario Gomez-Hernandez; Marthe M. H. A. Verhaert; Peter Verhaert; Francisco Fernández-Lima,Journal of the American Society for Mass Spectrometry,https://doi.org/10.1021/jasms.1c00376,https://openalex.org/W4221105849
2022,Evaluation of 6 MALDI-Matrices for 10 μm Lipid Imaging and On-Tissue MSn with AP-MALDI-Orbitrap,"Tina B. Angerer, Jérôme Bour, Jean‐Luc Biagi et al. (n=5)",Tina B. Angerer; Jérôme Bour; Jean‐Luc Biagi; Eugene Moskovets; Gilles Frache,Journal of the American Society for Mass Spectrometry,https://doi.org/10.1021/jasms.1c00327,https://openalex.org/W4220700857
2022,MALDI Mass Spectrometry Imaging Highlights Specific Metabolome and Lipidome Profiles in Salivary Gland Tumor Tissues,"Eduardo Sommella, Emanuela Salviati, Vicky Caponigro et al. (n=12)",Eduardo Sommella; Emanuela Salviati; Vicky Caponigro; Manuela Grimaldi; Simona Musella; Alessia Bertamino; Luigi Cacace; Remo Palladino; Giuseppe Di Mauro; Federico Marini; Anna Maria D’Ursi; Pietro Campiglia,Metabolites,https://doi.org/10.3390/metabo12060530,https://openalex.org/W4282582542
2022,Mass Spectrometry for the Advancement of Lipid Analysis in Alzheimer’s Research,"Jonatan Martínez‐Gardeazabal, Marta Moreno‐Rodríguez, Estíbaliz González de San Román et al. (n=6)",Jonatan Martínez‐Gardeazabal; Marta Moreno‐Rodríguez; Estíbaliz González de San Román; Beatriz Abad‐García; Iván Manuel; Rafael Rodríguez‐Puertas,Methods in molecular biology,https://doi.org/10.1007/978-1-0716-2655-9_13,https://openalex.org/W4309487226
2022,Matrix-Assisted Laser Desorption/Ionization Mass Spectrometry Imaging: Diagnostic Pathways and Metabolites for Renal Tumor Entities,"Franziska Erlmeier, Na Sun, Jian Shen et al. (n=13)",Franziska Erlmeier; Na Sun; Jian Shen; Annette Feuchtinger; Achim Buck; Verena M. Prade; Thomas Kunzke; Peter Schraml; Holger Moch; Michael Autenrieth; Wilko Weichert; Arndt Hartmann; Axel Walch,Oncology,https://doi.org/10.1159/000526436,https://openalex.org/W4302023751
2022,Evaluation of Quantitative Platforms for Single Target Mass Spectrometry Imaging,"Andrew P. Bowman, James Sawicki, Nari Talaty et al. (n=6)",Andrew P. Bowman; James Sawicki; Nari Talaty; Wayne R. Buck; Junhai Yang; David S. Wagner,Pharmaceuticals,https://doi.org/10.3390/ph15101180,https://openalex.org/W4297224773
2022,Latent Fingermarks Preservation Analysis by Imaging Mass Spectrometry (Maldi – Ft – Icr),"Marina González, Nayara A. dos Santos, Camila Medeiros de Almeida et al. (n=8)",Marina González; Nayara A. dos Santos; Camila Medeiros de Almeida; Rafael Scorsatto Ortiz; Andreas Sebastian Loureiro Mendez; Kristiane de Cássia Mariotti; Wanderson Romão; Renata Pereira Limberger,SSRN Electronic Journal,https://doi.org/10.2139/ssrn.4233899,https://openalex.org/W4313070513
2022,Imaging of Corticosteroids in Mouse Kidney Using Mass Spectrometry,"Ioannis Stasinopoulos, Shazia Khan, C. Logan Mackay et al. (n=6)",Ioannis Stasinopoulos; Shazia Khan; C. Logan Mackay; Roger Brown; Ruth Andrew; Matthew A. Bailey,The FASEB Journal,https://doi.org/10.1096/fasebj.2022.36.s1.r5834,https://openalex.org/W4225422797
2023,Data from Patterns of Carbon-Bound Exogenous Compounds in Patients with Lung Cancer and Association with Disease Pathophysiology,"Thomas Kunzke, Verena M. Prade, Achim Buck et al. (n=15)",Thomas Kunzke; Verena M. Prade; Achim Buck; Na Sun; Annette Feuchtinger; Marco Matzka; Isis E. Fernandez; Wim Wuyts; Maximilian Ackermann; Danny Jonigk; Michaela Aichler; Ralph A. Schmid; Oliver Eickelberg; Sabina Berezowska; Axel Walch,,https://doi.org/10.1158/0008-5472.c.6513588,https://openalex.org/W4392723455
2023,Data from Patterns of Carbon-Bound Exogenous Compounds in Patients with Lung Cancer and Association with Disease Pathophysiology,"Thomas Kunzke, Verena M. Prade, Achim Buck et al. (n=15)",Thomas Kunzke; Verena M. Prade; Achim Buck; Na Sun; Annette Feuchtinger; Marco Matzka; Isis E. Fernandez; Wim Wuyts; Maximilian Ackermann; Danny Jonigk; Michaela Aichler; Ralph A. Schmid; Oliver Eickelberg; Sabina Berezowska; Axel Walch,,https://doi.org/10.1158/0008-5472.c.6513588.v1,https://openalex.org/W4361823201
2023,Data from Soy Protein Isolate Protects Against Ethanol-Mediated Tumor Progression in Diethylnitrosamine-Treated Male Mice,"Kelly E. Mercer, Casey Pulliam, Leah Hennings et al. (n=8)",Kelly E. Mercer; Casey Pulliam; Leah Hennings; Keith Lai; Mario A. Cleves; Ellen Jones; Richard Drake; Martin J. J. Ronis,,https://doi.org/10.1158/1940-6207.c.6547145.v1,https://openalex.org/W4392703423
2023,Data from Soy Protein Isolate Protects Against Ethanol-Mediated Tumor Progression in Diethylnitrosamine-Treated Male Mice,"Kelly E. Mercer, Casey Pulliam, Leah Hennings et al. (n=8)",Kelly E. Mercer; Casey Pulliam; Leah Hennings; Keith Lai; Mario A. Cleves; Ellen Jones; Richard Drake; Martin J. J. Ronis,,https://doi.org/10.1158/1940-6207.c.6547145,https://openalex.org/W4392722349
2023,Maximizing chemical information obtained during surface analysis with laser desorption/ionization mass spectrometry,Andrew E. Paulson,Andrew E. Paulson,,https://doi.org/10.31274/td-20240329-493,https://openalex.org/W4393303879
2023,Patterns of Carbon-Bound Exogenous Compounds Impact Disease Pathophysiology in Lung Cancer Subtypes in Different Ways,"Jian Shen, Na Sun, Jun Wang et al. (n=12)",Jian Shen; Na Sun; Jun Wang; Philipp Zens; Thomas Kunzke; Achim Buck; Verena M. Prade; Qian Wang; Annette Feuchtinger; Ronggui Hu; Sabina Berezowska; Axel Walch,ACS Nano,https://doi.org/10.1021/acsnano.2c11161,https://openalex.org/W4386213019
2023,Spatialized Metabolomic Annotation Combining MALDI Imaging and Molecular Networks,"Marceau Levasseur, Édith Nicol, Nicolas Elie et al. (n=6)",Marceau Levasseur; Édith Nicol; Nicolas Elie; Emeline Houël; Véronique Éparvier; David Touboul,Analytical Chemistry,https://doi.org/10.1021/acs.analchem.3c03482,https://openalex.org/W4390096115
2023,Ultrahigh-Mass Resolution Mass Spectrometry Imaging with an Orbitrap Externally Coupled to a High-Performance Data Acquisition System,"Andrej Grgic, Konstantin O. Nagornov, Anton N. Kozhinov et al. (n=8)",Andrej Grgic; Konstantin O. Nagornov; Anton N. Kozhinov; Jesse A. Michael; Ian G. M. Anthony; Yury O. Tsybin; Ron M. A. Heeren; Shane R. Ellis,Analytical Chemistry,https://doi.org/10.1021/acs.analchem.3c04146,https://openalex.org/W4390047948
2023,Relative Quantification of Lipid Isomers in Imaging Mass Spectrometry Using Gas-Phase Charge Inversion Ion/Ion Reactions and Infrared Multiphoton Dissociation,"Julia R. Bonney, Woo-Young Kang, Jonathan T. Specker et al. (n=6)",Julia R. Bonney; Woo-Young Kang; Jonathan T. Specker; Zhongling Liang; Troy R. Scoggins; Boone M. Prentice,Analytical Chemistry,https://doi.org/10.1021/acs.analchem.3c03804,https://openalex.org/W4388896444
2023,Experimental Assessment of Mammalian Lipidome Complexity Using Multimodal 21 T FTICR Mass Spectrometry Imaging,"Gregory W. Vandergrift, Kevin Zemaitis, Dušan Veličković et al. (n=7)",Gregory W. Vandergrift; Kevin Zemaitis; Dušan Veličković; Jessica Lukowski; Ljiljana Paša‐Tolić; Christopher Anderton; William Kew,Analytical Chemistry,https://doi.org/10.1021/acs.analchem.3c00518,https://openalex.org/W4383711423
2023,Omics Scale Quantitative Mass Spectrometry Imaging of Lipids in Brain Tissue using a Multi-Class Internal Standard Mixture,"Michiel Vandenbosch, Shadrack M. Mutuku, Maria José Q. Mantas et al. (n=11)",Michiel Vandenbosch; Shadrack M. Mutuku; Maria José Q. Mantas; Nathan Heath Patterson; Tucker Hallmark; Marc Claesen; Ron M. A. Heeren; Nathan G. Hatcher; Nico Verbeeck; Kim Ekroos; Shane R. Ellis,bioRxiv (Cold Spring Harbor Laboratory),https://doi.org/10.1101/2023.06.21.546027,https://openalex.org/W4381890131
2023,193 nm ultraviolet photodissociation for the characterization of singly charged proteoforms generated by MALDI,"Kevin Zemaitis, Mowei Zhou, William Kew et al. (n=4)",Kevin Zemaitis; Mowei Zhou; William Kew; Ljiljana Paša‐Tolić,ChemRxiv,https://doi.org/10.26434/chemrxiv-2022-rctz4-v2,https://openalex.org/W4313648067
2023,Chemical imaging of sphingolipids and phospholipids at the single amyloid-β plaque level in post-mortem human Alzheimer’s disease brain,"Wojciech Michno, Andrew P. Bowman, Durga Jha et al. (n=11)",Wojciech Michno; Andrew P. Bowman; Durga Jha; Karolina Minta; Junyue Ge; Srinivas Koutarapu; Henrik Zetterberg; Kaj Blennow; Tammaryn Lashley; Ron M. A. Heeren; Jörg Hanrieder,ChemRxiv,https://doi.org/10.26434/chemrxiv-2023-zt864,https://openalex.org/W4387501000
2023,400-P: Spatial Metabolomics Analysis by MSI-DeepPath Identifies Key Pathways in ZDF Diabetic Kidney Disease Model,"LEILA HEJAZI, SHOBA SHARMA, A. López Ruiz et al. (n=6)",LEILA HEJAZI; SHOBA SHARMA; A. López Ruiz; Guanshi Zhang; Fábio C. Tucci; KUMAR SHARMA,Diabetes,https://doi.org/10.2337/db23-400-p,https://openalex.org/W4381376548
2023,Spatially Resolved Co-Imaging of Polyhalogenated Xenobiotics and Endogenous Metabolites Reveals Xenobiotic-Induced Metabolic Alterations,"Yixuan Huang, Hailin Shang, Chao Wang et al. (n=9)",Yixuan Huang; Hailin Shang; Chao Wang; Hongyang Cui; Song Tang; Hong Chang; Hui Yang; Xudong Jia; Yi Wan,Environmental Science & Technology,https://doi.org/10.1021/acs.est.3c05817,https://openalex.org/W4388823247
2023,Metabolic heterogeneity in adrenocortical carcinoma impacts patient outcomes,"Qian Wang, Na Sun, Raphael Meixner et al. (n=15)",Qian Wang; Na Sun; Raphael Meixner; Ronan Le Gleut; Thomas Kunzke; Annette Feuchtinger; Jun Wang; Jian Shen; Stefan Kircher; Ulrich Dischinger; Isabel Weigand; Felix Beuschlein; Martin Faßnacht; Matthias Kroiß; Axel Walch,JCI Insight,https://doi.org/10.1172/jci.insight.167007,https://openalex.org/W4386022327
2023,193 nm Ultraviolet Photodissociation for the Characterization of Singly Charged Proteoforms Generated by MALDI,"Kevin Zemaitis, Mowei Zhou, William Kew et al. (n=4)",Kevin Zemaitis; Mowei Zhou; William Kew; Ljiljana Paša‐Tolić,Journal of the American Society for Mass Spectrometry,https://doi.org/10.1021/jasms.2c00302,https://openalex.org/W4313829886
2023,Achieving Sub-Parts-per-Million Mass Measurement Accuracy on an Orbitrap Mass Spectrometry Imaging Platform without Automatic Gain Control,"Russell R. Kibbe, David C. Muddiman",Russell R. Kibbe; David C. Muddiman,Journal of the American Society for Mass Spectrometry,https://doi.org/10.1021/jasms.3c00004,https://openalex.org/W4366985469
2023,MS1-Based Data Analysis Approaches for FFPE Tissue Imaging of Endogenous Peptide Ions by Mass Spectrometry Histochemistry (MSHC),"Nivedita Bhattacharya, Konstantin O. Nagornov, Kenneth Verheggen et al. (n=6)",Nivedita Bhattacharya; Konstantin O. Nagornov; Kenneth Verheggen; Marthe Verhaert; Raf Sciot; Peter Verhaert,Methods in molecular biology,https://doi.org/10.1007/978-1-0716-3319-9_16,https://openalex.org/W4383302749
2023,Single‐filament imaging mass spectrometry lipidomics in <i>Arthrospira platensis</i>,"Kaitlin C. Lesco, Steven M. Rowland, S. Kim Ratanathanawongs Williams et al. (n=4)",Kaitlin C. Lesco; Steven M. Rowland; S. Kim Ratanathanawongs Williams; Lieve M. L. Laurens,Rapid Communications in Mass Spectrometry,https://doi.org/10.1002/rcm.9525,https://openalex.org/W4366083196
2023,Guinea Pig Skin &amp; Tick Bite Site - MSI Raw Data Files,Alison Scott,Alison Scott,Zenodo (CERN European Organization for Nuclear Research),https://doi.org/10.5281/zenodo.7909128,https://openalex.org/W4393402346
2023,Guinea Pig Skin &amp; Tick Bite Site - MSI Raw Data Files,Alison Scott,Alison Scott,Zenodo (CERN European Organization for Nuclear Research),https://doi.org/10.5281/zenodo.7909129,https://openalex.org/W4393731785
2023,Physical Evaluation of a Mass Ionization Assist Agent via Mist Deposition Method and Its Investigation of the Visualization of Naturally Occurring Poisons in Plants,"裕司 仲林, 悟 山田, 平祐 酒井 et al. (n=4)",裕司 仲林; 悟 山田; 平祐 酒井; 亮一 鈴木,産業応用工学会論文誌,https://doi.org/10.12792/jjiiae.11.1.31,https://openalex.org/W4361756548
2024,Applying Spatial Metabolomics To Investigate Age- and Drug-Induced Neurochemical Changes,"Theodosia Vallianatou, Tina B. Angerer, Ibrahim Kaya et al. (n=7)",Theodosia Vallianatou; Tina B. Angerer; Ibrahim Kaya; Anna Nilsson; Mohammadreza Shariatgorji; Per Svenningsson; Per E. Andrén,ACS Chemical Neuroscience,https://doi.org/10.1021/acschemneuro.4c00199,https://openalex.org/W4401092146
2024,Spatial Neurolipidomics at the Single Amyloid-β Plaque Level in Postmortem Human Alzheimer’s Disease Brain,"Wojciech Michno, Andrew P. Bowman, Durga Jha et al. (n=11)",Wojciech Michno; Andrew P. Bowman; Durga Jha; Karolina Minta; Junyue Ge; Srinivas Koutarapu; Henrik Zetterberg; Kaj Blennow; Tammaryn Lashley; Ron M. A. Heeren; Jörg Hanrieder,ACS Chemical Neuroscience,https://doi.org/10.1021/acschemneuro.4c00006,https://openalex.org/W4391448463
2024,Two-Dimensional Fourier Transform Ion Cyclotron Resonance Mass Spectrometry by Matrix-Assisted Laser Desorption Ionization,"Richard J. Bell, David S. Hage, Eric D. Dodds",Richard J. Bell; David S. Hage; Eric D. Dodds,Analytical Chemistry,https://doi.org/10.1021/acs.analchem.3c05601,https://openalex.org/W4394806202
2024,Thermal Denaturation of Fresh Frozen Tissue Enhances Mass Spectrometry Detection of Peptides,"Angela Kruse, Audra M. Judd, Danielle Gutierrez et al. (n=10)",Angela Kruse; Audra M. Judd; Danielle Gutierrez; Jamie Allen; Martin Dufresne; Melissa A. Farrow; Alvin C. Powers; Jeremy L. Norris; Richard M. Caprioli; Jeffrey M. Spraggins,Analytical Chemistry,https://doi.org/10.1021/acs.analchem.4c03625,https://openalex.org/W4403336294
2024,High Resolution Mass Spectrometry of Cystine-Containing Neuropeptides in Histological Sections of Human FFPE Tissue Banks,"Peter Verhaert, Gilles Frache, Dhaka Ram Bhandari et al. (n=11)",Peter Verhaert; Gilles Frache; Dhaka Ram Bhandari; Luuk Van Oosten; Remco P. Crefcoeur; Bernhard Spengler; Marthe Verhaert; Aletta M. E. Millen; Sooraj Baijnath; Ann‐Christin Niehoff; Raf Sciot,Biochemistry,https://doi.org/10.5772/intechopen.1004948,https://openalex.org/W4398204819
2024,Single-Cell Resolution DESI Mass Spectrometry Imaging through 10-Fold Sample Expansion,"Chengyi Xie, Jianing Wang, Xin Diao et al. (n=5)",Chengyi Xie; Jianing Wang; Xin Diao; Xiaoxiao Wang; Zongwei Cai,bioRxiv (Cold Spring Harbor Laboratory),https://doi.org/10.1101/2024.10.21.619369,https://openalex.org/W4403711468
2024,Spatial Lipidomics Maps Brain Alterations Associated with Mild Traumatic Brain Injury,"Dmitry Leontyev, Alexis N. Pulliam, Xin Ma et al. (n=6)",Dmitry Leontyev; Alexis N. Pulliam; Xin Ma; David A. Gaul; Michelle C. LaPlaca; Facundo M. Fernández,bioRxiv (Cold Spring Harbor Laboratory),https://doi.org/10.1101/2024.01.25.577203,https://openalex.org/W4391239561
2024,UHPLC-UHRMS and 109AgNPs-assisted laser desorption/ionization mass spectrometry imaging of pesticide residues in Solanum lycopersicum L.,"S. Krupa, Joanna Nizioł",S. Krupa; Joanna Nizioł,Chemical Technology & Biotechnology,https://doi.org/10.7862/rc.2024.4,https://openalex.org/W4405280978
2024,Thermal denaturation of fresh frozen tissue enhances mass spectrometry detection of peptides,"Angela Kruse, Audra M. Judd, Danielle Gutierrez et al. (n=10)",Angela Kruse; Audra M. Judd; Danielle Gutierrez; Jamie Allen; Martin Dufresne; Melissa A. Farrow; Alvin C. Powers; Jeremy L. Norris; Richard M. Caprioli; Jeffrey M. Spraggins,ChemRxiv,https://doi.org/10.26434/chemrxiv-2024-gtnxf,https://openalex.org/W4400460558
2024,Latent Fingermarks Analysis by Imaging Mass Spectrometry,"Marina González, Nayara A. dos Santos, Camila Medeiros de Almeida et al. (n=8)",Marina González; Nayara A. dos Santos; Camila Medeiros de Almeida; Rafael Scorsatto Ortiz; Renata Pereira Limberger; Wanderson Romão; Kristiane de Cássia Mariotti; Andreas Sebastian Loureiro Mendez,Current Analytical Chemistry,https://doi.org/10.2174/0115734110316419240827042024,https://openalex.org/W4402230894
2024,Differential distribution of characteristic constituents in peel and pulp of Aurantii Fructus Immaturus (Citrus aurantium L.) using MALDI mass spectrometry imaging,"Wenjun Cai, Shuo Zhang, Yaonan Wang et al. (n=5)",Wenjun Cai; Shuo Zhang; Yaonan Wang; Changli Liu; Rong Luo,Fitoterapia,https://doi.org/10.1016/j.fitote.2024.106067,https://openalex.org/W4399455522
2024,Penetration Profile of Terbinafine Compared to Amorolfine in Mycotic Human Toenails Quantified by Matrix-Assisted Laser Desorption Ionization–Fourier Transform Ion Cyclotron Resonance Imaging,"Nicolas Joly‐Tonetti, Raphaël Legouffe, Aurore Tomezyk et al. (n=7)",Nicolas Joly‐Tonetti; Raphaël Legouffe; Aurore Tomezyk; Clémence Gumez; Mathieu Gaudin; David Bonnel; Martin Schaller,Infectious Diseases and Therapy,https://doi.org/10.1007/s40121-024-00979-2,https://openalex.org/W4396706955
2024,A trapped ion mobility enabled Fourier transform ion cyclotron resonance mass spectrometer for infrared ion spectroscopy at FELIX,"Kas J. Houthuijs, Lara van Tetering, Jelle L. Schuurman et al. (n=9)",Kas J. Houthuijs; Lara van Tetering; Jelle L. Schuurman; Christopher A. Wootton; Christoph Gebhardt; Mark E. Ridgeway; Giel Berden; Jonathan Martens; Jos Oomens,International Journal of Mass Spectrometry,https://doi.org/10.1016/j.ijms.2024.117323,https://openalex.org/W4401659408
2024,Identification and visualization of component changes during the processing of ginseng to red ginseng using UPLC-Q-Orbitrap HRMS and MALDI-MSI techniques,"Jin Wang, Qiao Ren, Houqin Zhou et al. (n=5)",Jin Wang; Qiao Ren; Houqin Zhou; Chenghao He; Qinwan Huang,Journal of Food Measurement & Characterization,https://doi.org/10.1007/s11694-024-03039-y,https://openalex.org/W4405880303
2024,Design and Implementation of a Desorption Electro-flow Focusing Sprayer on an Orbitrap Mass Spectrometer for DESI Mass Spectrometry Imaging at High Spatial Resolution and at High Speed,"Carl Frederik Marc Hansen, Lukas Dobrovolskis, Christian Janfelt",Carl Frederik Marc Hansen; Lukas Dobrovolskis; Christian Janfelt,Journal of the American Society for Mass Spectrometry,https://doi.org/10.1021/jasms.4c00341,https://openalex.org/W4403061988
2024,External Data Systems Enable Enhanced (and Sustainable) Fourier Transform Mass Spectrometry Imaging for Legacy Hybrid Linear Ion Trap–Orbitrap Platforms,"Franklin E. Leach, Konstantin O. Nagornov, Anton N. Kozhinov et al. (n=4)",Franklin E. Leach; Konstantin O. Nagornov; Anton N. Kozhinov; Yury O. Tsybin,Journal of the American Society for Mass Spectrometry,https://doi.org/10.1021/jasms.4c00145,https://openalex.org/W4400851774
2024,"7662 Mass Spectrometry Imaging Reveals Region-, Age-, And Sex-Specific Effects Of Lipopolysaccharide Administration On Glucocorticoids In Mouse Lymphoid Organs","Melody Salehzadeh, Shazia Khan, Ruth Andrew et al. (n=4)",Melody Salehzadeh; Shazia Khan; Ruth Andrew; Kiran K. Soma,Journal of the Endocrine Society,https://doi.org/10.1210/jendso/bvae163.232,https://openalex.org/W4403150432
2024,Abstract No. 21 Determining Drug Distribution in the Tumor Microenvironment During Chemoembolization Using Matrix-Assisted Laser Desorption/Ionization (MALDI),"Luke R. Wilkins, Vishnu Chandra, R. She et al. (n=7)",Luke R. Wilkins; Vishnu Chandra; R. She; F. Kashem; C. Carter; Annapurna Pamreddy; David L. Brautigan,Journal of Vascular and Interventional Radiology,https://doi.org/10.1016/j.jvir.2023.12.042,https://openalex.org/W4392009985
2024,TMET-23. MASS SPECTROMETRY-BASED METABOLIC PROFILING AND IMAGING OF ASTROCYTE AND GLIOBLASTOMA INVASIVE MARGIN CELLS,"Une Kontrimaite, Phoebe McCrorie, Sandra Martínez‐Jarquín et al. (n=8)",Une Kontrimaite; Phoebe McCrorie; Sandra Martínez‐Jarquín; Harry Porter; Kei F Carver Wong; Stuart Smith; Donghyun Kim; Ruman Rahman,Neuro-Oncology,https://doi.org/10.1093/neuonc/noae165.1161,https://openalex.org/W4404256943
2024,Spatial metabolomics method to reveal the differences in chemical composition of raw and honey‐fried <i>Stemona tuberosa</i> Lour. by using UPLC‐Orbitrap Fusion MS and desorption electrospray ionization mass spectrometry imaging,"Haixuan Xiong, Shuding Sun, Weiwei Zhang et al. (n=7)",Haixuan Xiong; Shuding Sun; Weiwei Zhang; Di Zhao; Xuefang Liu; Yange Tian; Suxiang Feng,Phytochemical Analysis,https://doi.org/10.1002/pca.3428,https://openalex.org/W4401062517
2024,Spatial Distribution and Comparative Analysis of Differential Metabolites in <scp><i>Curcuma longa</i></scp> L. Roots and Rhizomes Using UHPLC‐Q‐Orbitrap HRMS Combined With DESI‐MSI,"Jin Wang, Ying Zhu, Chuyue Wu et al. (n=4)",Jin Wang; Ying Zhu; Chuyue Wu; Qinwan Huang,Phytochemical Analysis,https://doi.org/10.1002/pca.3493,https://openalex.org/W4405814515
2024,Matrix‐free laser desorption/ionization mass spectrometry imaging for rapid evaluation of wood biomass conversion,"Hiroshi Nishimura, Takashi Watanabe",Hiroshi Nishimura; Takashi Watanabe,Rapid Communications in Mass Spectrometry,https://doi.org/10.1002/rcm.9716,https://openalex.org/W4396861668
2024,Lipid A double bond position determination using ozone and laser‐induced dissociation,"Abanoub Mikhael, Helena Pětrošová, Derek Smith et al. (n=5)",Abanoub Mikhael; Helena Pětrošová; Derek Smith; Robert K. Ernst; David R. Goodlett,Rapid Communications in Mass Spectrometry,https://doi.org/10.1002/rcm.9854,https://openalex.org/W4399785867
2024,Improved detection in untargeted lipidomics through silver‐doped infrared matrix‐assisted laser desorption electrospray ionization,"Seth M. Eisenberg, David C. Muddiman",Seth M. Eisenberg; David C. Muddiman,Rapid Communications in Mass Spectrometry,https://doi.org/10.1002/rcm.9832,https://openalex.org/W4399184924
2024,Differential Distribution of Characteristic Constituents in Peel and Pulp of Aurantii Fructus Immaturus Using Maldi Mass Spectrometry Imaging,"Wenjun Cai, Shuo Zhang, Yaonan Wang et al. (n=5)",Wenjun Cai; Shuo Zhang; Yaonan Wang; Changli Liu; Rong Luo,SSRN Electronic Journal,https://doi.org/10.2139/ssrn.4698864,https://openalex.org/W4390987390
2024,Recent strategies for improving MALDI mass spectrometry imaging performance towards low molecular weight compounds,"Zhi Sun, Fangfang Wang, Yuwei Liu et al. (n=8)",Zhi Sun; Fangfang Wang; Yuwei Liu; Bowen Deng; Ruobing Ren; Yifei Wang; Di Chen; Lihua Zuo,TrAC Trends in Analytical Chemistry,https://doi.org/10.1016/j.trac.2024.117727,https://openalex.org/W4396223839
2025,MALDI-MSI Lipidomics of Lung Tissue v1,"Christopher Anderton, Brittney Gorman",Christopher Anderton; Brittney Gorman,,https://doi.org/10.17504/protocols.io.n2bvjdojpvk5/v1,https://openalex.org/W4415049600
2025,MALDI-MSI Lipidomics of Lung Tissue v2,"Christopher Anderton, Brittney Gorman",Christopher Anderton; Brittney Gorman,,https://doi.org/10.17504/protocols.io.n2bvjdojpvk5/v2,https://openalex.org/W4417130255
2025,Uncovering Metabolic Responses to Flavescence Dorée Phytoplasma Infection in Grapevine Leaves Using an Untargeted Imaging Approach,"Amelia LOCATELLI, Davide Magrin, Simone Stefano et al. (n=7)",Amelia LOCATELLI; Davide Magrin; Simone Stefano; Luciana Galetto; Cristina Marzachì; Renzo Bagnati; Alice Passoni,,https://doi.org/10.14293/p2199-8442.1.sop-.peorly.v1,https://openalex.org/W7124146490
2025,Predicting High‐Resolution Spatial and Spectral Features in Mass Spectrometry Imaging with Machine Learning and Multimodal Data Fusion,"Md Inzamam Ul Haque, Ramakrishnan Kannan, Jacob Hinkle et al. (n=8)",Md Inzamam Ul Haque; Ramakrishnan Kannan; Jacob Hinkle; Sylwia A. Stopka; Anton V. Ievlev; Nathalie Y.R. Agar; Olga S. Ovchinnikova; Debangshu Mukherjee,Advanced Intelligent Discovery,https://doi.org/10.1002/aidi.202500021,https://openalex.org/W4411430238
2025,Spatial Profiling of Elements through Matrix-Assisted Laser Desorption Ionization Mass Spectrometry Imaging,"Sylwia A. Stopka, Clément Bodineau, Gerard Baquer et al. (n=18)",Sylwia A. Stopka; Clément Bodineau; Gerard Baquer; Jia‐Ren Lin; Md Amin Hossain; Carmen Martínez; Michael S. Regan; Daniela Ruiz; Stecia‐Marie Fletcher; Olivier Pourquié; Svetlana Lutsenko; Connor N. Payne; Jeffrey N. Agar; Ralph Mazitschek; Nathan McDannold; Peter K. Sorger; Sandro Santagata; Nathalie Y.R. Agar,Analytical Chemistry,https://doi.org/10.1021/acs.analchem.5c05632,https://openalex.org/W4415992542
2025,Unravelling lipid heterogeneity: Advances in single-cell lipidomics in cellular metabolism and disease,"Sutanu Sarkar, Rajgourab Ghosh",Sutanu Sarkar; Rajgourab Ghosh,BBA Advances,https://doi.org/10.1016/j.bbadva.2025.100169,https://openalex.org/W4411729260
2025,Predicting High-Resolution Spatial and Spectral Features in Mass Spectrometry Imaging with Machine Learning and Multimodal Data Fusion,"Md Inzamam Ul Haque, Ramakrishnan Kannan, Jacob Hinkle et al. (n=7)",Md Inzamam Ul Haque; Ramakrishnan Kannan; Jacob Hinkle; Sylwia A. Stopka; Nathalie Y.R. Agar; Olga S. Ovchinnikova; Debangshu Mukherjee,bioRxiv (Cold Spring Harbor Laboratory),https://doi.org/10.1101/2025.02.19.639070,https://openalex.org/W4407893603
2025,Characterisation of the megakaryocyte proteome in patients with Philadelphia negative myeloproliferative neoplasms,"Indu Raman, Cavan Bennett, Anne Pettikiriarachchi et al. (n=13)",Indu Raman; Cavan Bennett; Anne Pettikiriarachchi; Ricardo Ataíde; Yu Zhu; Ellen Tsui; Surender Juneja; Samantha J. Emery‐Corbin; Sukhdeep K. Spall; Jumana M. Yousef; Laura F. Dagley; Costas K. Yannakou; Sant‐Rayn Pasricha,Blood,https://doi.org/10.1182/blood-2025-5539,https://openalex.org/W4417016590
2025,High-Performance Data Acquisition for Fourier Transform Mass Spectrometry,"Anton N. Kozhinov, Konstantin O. Nagornov, Yury O. Tsybin",Anton N. Kozhinov; Konstantin O. Nagornov; Yury O. Tsybin,CHIMIA International Journal for Chemistry,https://doi.org/10.2533/chimia.2025.77,https://openalex.org/W4407981589
2025,Profiling the chemical differences of diterpenoid alkaloids in different processed products of Aconiti Lateralis Radix Praeparata by UHPLC-LTQ-Orbitrap mass spectrometry combined with untargeted metabolomics and mass spectrometry imaging,"Yang Yu, Changliang Yao, Jianqing Zhang et al. (n=8)",Yang Yu; Changliang Yao; Jianqing Zhang; Yong Huang; Shuai Yao; Hua Qu; Tong Zhang; De‐an Guo,Chinese Journal of Natural Medicines,https://doi.org/10.1016/s1875-5364(25)60936-8,https://openalex.org/W4412827714
2025,Abstract 4361412: Comparative metabolic signatures of arterial calcification in human cadaver coronary arteries and a porcine model via MALDI mass spectrometry,"Aleksandra Gruslova, Shiqi Zhang, Ian M. Tamayo et al. (n=5)",Aleksandra Gruslova; Shiqi Zhang; Ian M. Tamayo; Marc Feldman; Kumar Sharma,Circulation,https://doi.org/10.1161/circ.152.suppl_3.4361412,https://openalex.org/W4415794739
2025,Image 6_Organ-resolved lipid mapping in Steatoda nobilis spider model using high-resolution mass spectrometry imaging and Kendrick mass defect analysis.tif,"Damien Redureau (22175653), J. P. Dunbar (22175656), Raphaël La Rocca (22175659) et al. (n=12)",Damien Redureau (22175653); J. P. Dunbar (22175656); Raphaël La Rocca (22175659); Axel De Monts De Savasse (22175662); Quentin Bastiaens (22175665); Virginie Bertrand (673138); Christopher Kune (1718791); Mathieu Tiquet (7424402); Johann Far (1718797); Edwin De Pauw (7163165); Michel M. Dugon (22175668); Loïc Quinton (4860988),Figshare,https://doi.org/10.3389/fchem.2025.1658546.s006,https://openalex.org/W7110793840
2025,Image 4_Organ-resolved lipid mapping in Steatoda nobilis spider model using high-resolution mass spectrometry imaging and Kendrick mass defect analysis.tif,"Damien Redureau (22175653), J. P. Dunbar (22175656), Raphaël La Rocca (22175659) et al. (n=12)",Damien Redureau (22175653); J. P. Dunbar (22175656); Raphaël La Rocca (22175659); Axel De Monts De Savasse (22175662); Quentin Bastiaens (22175665); Virginie Bertrand (673138); Christopher Kune (1718791); Mathieu Tiquet (7424402); Johann Far (1718797); Edwin De Pauw (7163165); Michel M. Dugon (22175668); Loïc Quinton (4860988),Figshare,https://doi.org/10.3389/fchem.2025.1658546.s004,https://openalex.org/W7110932243
2025,Image 1_Organ-resolved lipid mapping in Steatoda nobilis spider model using high-resolution mass spectrometry imaging and Kendrick mass defect analysis.tif,"Damien Redureau (22175653), J. P. Dunbar (22175656), Raphaël La Rocca (22175659) et al. (n=12)",Damien Redureau (22175653); J. P. Dunbar (22175656); Raphaël La Rocca (22175659); Axel De Monts De Savasse (22175662); Quentin Bastiaens (22175665); Virginie Bertrand (673138); Christopher Kune (1718791); Mathieu Tiquet (7424402); Johann Far (1718797); Edwin De Pauw (7163165); Michel M. Dugon (22175668); Loïc Quinton (4860988),Figshare,https://doi.org/10.3389/fchem.2025.1658546.s001,https://openalex.org/W7111421478
2025,Image 3_Organ-resolved lipid mapping in Steatoda nobilis spider model using high-resolution mass spectrometry imaging and Kendrick mass defect analysis.tif,"Damien Redureau (22175653), J. P. Dunbar (22175656), Raphaël La Rocca (22175659) et al. (n=12)",Damien Redureau (22175653); J. P. Dunbar (22175656); Raphaël La Rocca (22175659); Axel De Monts De Savasse (22175662); Quentin Bastiaens (22175665); Virginie Bertrand (673138); Christopher Kune (1718791); Mathieu Tiquet (7424402); Johann Far (1718797); Edwin De Pauw (7163165); Michel M. Dugon (22175668); Loïc Quinton (4860988),Figshare,https://doi.org/10.3389/fchem.2025.1658546.s003,https://openalex.org/W7110788791
2025,Image 5_Organ-resolved lipid mapping in Steatoda nobilis spider model using high-resolution mass spectrometry imaging and Kendrick mass defect analysis.tif,"Damien Redureau (22175653), J. P. Dunbar (22175656), Raphaël La Rocca (22175659) et al. (n=12)",Damien Redureau (22175653); J. P. Dunbar (22175656); Raphaël La Rocca (22175659); Axel De Monts De Savasse (22175662); Quentin Bastiaens (22175665); Virginie Bertrand (673138); Christopher Kune (1718791); Mathieu Tiquet (7424402); Johann Far (1718797); Edwin De Pauw (7163165); Michel M. Dugon (22175668); Loïc Quinton (4860988),Figshare,https://doi.org/10.3389/fchem.2025.1658546.s005,https://openalex.org/W7111072667
2025,Image 2_Organ-resolved lipid mapping in Steatoda nobilis spider model using high-resolution mass spectrometry imaging and Kendrick mass defect analysis.tif,"Damien Redureau (22175653), J. P. Dunbar (22175656), Raphaël La Rocca (22175659) et al. (n=12)",Damien Redureau (22175653); J. P. Dunbar (22175656); Raphaël La Rocca (22175659); Axel De Monts De Savasse (22175662); Quentin Bastiaens (22175665); Virginie Bertrand (673138); Christopher Kune (1718791); Mathieu Tiquet (7424402); Johann Far (1718797); Edwin De Pauw (7163165); Michel M. Dugon (22175668); Loïc Quinton (4860988),Figshare,https://doi.org/10.3389/fchem.2025.1658546.s002,https://openalex.org/W7111125703
2025,Spatial Profilingof Elements through Matrix-AssistedLaser Desorption Ionization Mass Spectrometry Imaging,"Sylwia
A. Stopka (6447959), Clément Bodineau (16620319), Gerard Baquer (12028512) et al. (n=18)","Sylwia
A. Stopka (6447959); Clément Bodineau (16620319); Gerard Baquer (12028512); Jia-Ren Lin (6107936); Md Amin Hossain (10170815); Camilla J. Martinez (22580166); Michael S. Regan (5047199); Daniela Ruiz (7186679); Stecia-Marie Fletcher (22580169); Olivier Pourquié (16620325); Svetlana Lutsenko (156211); Connor N. Payne (22580172); Jeffrey N. Agar (1862086); Ralph Mazitschek (1266342); Nathan J. McDannold (17106349); Peter K. Sorger (169276); Sandro Santagata (59496); Nathalie Y. R. Agar (9768133)",Figshare,https://doi.org/10.1021/acs.analchem.5c05632.s001,https://openalex.org/W7110958473
2025,Structure Elucidationfor MALDI Mass SpectrometryImaging Using Infrared Ion Spectroscopy,"Jelle
L. Schuurman (21551023), Lara van Tetering (18170264), Kas J. Houthuijs (11326976) et al. (n=20)","Jelle
L. Schuurman (21551023); Lara van Tetering (18170264); Kas J. Houthuijs (11326976); Pieter Kooijman (21551026); Valerie Gailus-Durner (2620975); Stefanie Leuchtenberger (9922974); Helmut Fuchs (39863); Martin Hrabe de Angelis (18249484); Udo F. H. Engelke (9099551); Dirk J. Lefeber (190780); Clara D. M. van Karnebeek (6035903); Ron A. Wevers (145122); Andrej Grgic (14425438); Benjamin Balluf (21551029); Michiel Vandenbosch (14425444); Rob Vreeken (1294341); Ron M. A. Heeren (7181636); Giel Berden (1288227); Jos Oomens (1269273); Jonathan Martens (3823024)",Figshare,https://doi.org/10.1021/acs.analchem.5c00948.s001,https://openalex.org/W7111290495
2025,"OzMALDI: AGas-Phase, In-Source Ozonolysis Reactionfor Efficient Double-Bond Assignment in Mass Spectrometry Imagingwith Matrix-Assisted Laser Desorption/Ionization","Josiah
J. Rensner (13253752), Hyojin Kim (282799), Kiyoul Park (14237271) et al. (n=5)","Josiah
J. Rensner (13253752); Hyojin Kim (282799); Kiyoul Park (14237271); Edgar B. Cahoon (7494371); Young Jin Lee (332580)",Figshare,https://doi.org/10.1021/acs.analchem.5c00284.s001,https://openalex.org/W7110861733
2025,3D Mass SpectrometryImaging as a Novel ScreeningMethod for Evaluating Biocontrol Agents,"Justyna Szulc (19995846), Tomasz Grzyb (1712710), Beata Gutarowska (639282) et al. (n=6)",Justyna Szulc (19995846); Tomasz Grzyb (1712710); Beata Gutarowska (639282); Joanna Nizioł (1869256); Sumi Krupa (20963373); Tomasz Ruman (1869259),Figshare,https://doi.org/10.1021/acs.jafc.5c00349.s001,https://openalex.org/W7111183587
2025,The distribution of Danqi tongmai tablet in rats at different timeframe by UHPLC-LTQ-orbitrap mass spectrometry and nanospray desorption electrospray ionization mass spectrometry imaging,"Chun-guang Dai, Zhenwei Li, Wenlong Wei et al. (n=7)",Chun-guang Dai; Zhenwei Li; Wenlong Wei; Jianqing Zhang; Qirui Bi; Rui Zeng; De-an Guo,Fitoterapia,https://doi.org/10.1016/j.fitote.2025.106942,https://openalex.org/W4415727682
2025,"OzMALDI: A Gas-Phase, In-Source Ozonolysis Reaction for Efficient Double-Bond Assignment in Mass Spectrometry Imaging with Matrix-Assisted Laser Desorption/Ionizatio","Josiah J. Rensner, H. Y. Kim, Kiyoul Park et al. (n=5)",Josiah J. Rensner; H. Y. Kim; Kiyoul Park; Edgar B. Cahoon; Young Jin Lee,Iowa State University Digital Repository (Iowa State University),,https://openalex.org/W7135353205
2025,Spatial and direct profiling by MALDI mass spectrometry: applications to tissue imaging and food authentication,Alessia Di Noi,Alessia Di Noi,IRIS Research product catalog (Sapienza University of Rome),,https://openalex.org/W7117938899
2025,High-resolution AP-MALDI-orbitrap mass spectrometry imaging: spatial metabolite profiling in murine glioblastoma brain tissue,"Alessia Di Noi, Chiara Salvitti, Erika Di Pietro et al. (n=9)",Alessia Di Noi; Chiara Salvitti; Erika Di Pietro; Francesco Marrocco; Maria Amalia Di Castro; Giuseppina D’Alessandro; Cristina Limatola; Anna Troiani; Federico Pepi,IRIS Research product catalog (Sapienza University of Rome),,https://openalex.org/W7112525300
2025,Enabling spatial analysis of lipids in pbs-pfa perfused/oct-embedded mouse brain glioblastoma: a high-resolution mass spectrometry imaging approach with an ap-maldi-orbitrap,"Alessia Di Noi, Chiara Salvitti, Erika Di Pietro et al. (n=9)",Alessia Di Noi; Chiara Salvitti; Erika Di Pietro; Francesco Marrocco; Maria Amalia Di Castro; Giuseppina D’Alessandro; Cristina Limatola; Anna Troiani; Federico Pepi,IRIS Research product catalog (Sapienza University of Rome),,https://openalex.org/W7113507093
2025,Metabolic Impact of Pesticides on Radish: 2D and 3D Mass Spectrometry Imaging of Metabolites in <i>Raphanus sativus</i>,"S. Krupa, Tomasz Ruman, Joanna Nizioł",S. Krupa; Tomasz Ruman; Joanna Nizioł,Journal of Agricultural and Food Chemistry,https://doi.org/10.1021/acs.jafc.5c12445,https://openalex.org/W4415671777
2025,Integration of UHPLC-MS and mass spectrometry imaging techniques revealed the protective mechanism of Gushudan in postmenopausal osteoporosis rats via branched-chain amino acid metabolism based on the ‘kidney-bone’ axis,"Mengxin Ren, Yajing Wang, Yue Yuan et al. (n=7)",Mengxin Ren; Yajing Wang; Yue Yuan; Hongying Du; Qinghua Liang; Feng Qin; Zhili Xiong,Journal of Chromatography B,https://doi.org/10.1016/j.jchromb.2025.124540,https://openalex.org/W4407957616
2025,"Spatial analysis of uptake and accumulation of metalaxyl, spirotetramat, and spirotetramat-enol in maize at the micrometer scale using HPLC-HRMS and MALDI-MSI","Daniel Skoczowsky, Till Bebenroth, Michael Kubicki et al. (n=4)",Daniel Skoczowsky; Till Bebenroth; Michael Kubicki; Sebastian Zühlke,Journal of Hazardous Materials,https://doi.org/10.1016/j.jhazmat.2025.137610,https://openalex.org/W4407397735
2025,A Strategy to Achieve Sub‐Parts‐per‐Million Mass Measurement Accuracy of <i>N</i>‐Linked Glycans Using Infrared Matrix‐Assisted Laser Desorption Electrospray Ionization,"Adeleke A. Adepoju, Tana V. Palomino, Alexandria L. Sohn et al. (n=4)",Adeleke A. Adepoju; Tana V. Palomino; Alexandria L. Sohn; David C. Muddiman,Journal of Mass Spectrometry,https://doi.org/10.1002/jms.5184,https://openalex.org/W4414677191
2025,Spatial distribution of alkaloids in Fritillaria Bulbus using UPLC-Q-Exactive Orbitrap MS/MS and desorption electrospray MS imaging,"Xichuang Guo, Keyun Cheng, Chenxin Wang et al. (n=12)",Xichuang Guo; Keyun Cheng; Chenxin Wang; Jing Zheng; Yeshun Wu; Siwei Wang; Xixi Zeng; Zhu-Jun Mao; Jinyan Gong; Gongshuai Song; Xi Chen; Qing Shen,LWT,https://doi.org/10.1016/j.lwt.2025.117544,https://openalex.org/W4407587694
2025,Direct 3D Mass Spectrometry Imaging Analysis of Environmental Microorganisms,"Justyna Szulc, Tomasz Grzyb, Joanna Nizioł et al. (n=6)",Justyna Szulc; Tomasz Grzyb; Joanna Nizioł; S. Krupa; Wiktoria Szuberla; Tomasz Ruman,Molecules,https://doi.org/10.3390/molecules30061317,https://openalex.org/W4408443894
2025,#1835 Glomerulonephritis-induced changes in epithelial lipid composition reveal a signature of prominent proximal tubules metabolic switch,"Lucia Martin Saiz, C. Zabala Sierra, Léa Resmini et al. (n=10)",Lucia Martin Saiz; C. Zabala Sierra; Léa Resmini; Ibai Calvo; Marion Rabant; Alexandre Karras; Olivia Lenoir; Olatz Fresnedo; José A. Fernández; Pierre‐Louis Tharaux,Nephrology Dialysis Transplantation,https://doi.org/10.1093/ndt/gfaf116.023,https://openalex.org/W4415426279
2025,A Novel Peak‐Shape Aware Approach for Mass Alignment in Mass Spectrometry,"Thomas Vanhemel, Melanie Nijs, Angeliki Birmpili et al. (n=6)",Thomas Vanhemel; Melanie Nijs; Angeliki Birmpili; Tim Hendriks; Eva Cuypers; Bart De Moor,Rapid Communications in Mass Spectrometry,https://doi.org/10.1002/rcm.10172,https://openalex.org/W4416840175
2025,Label-free characterization of alpha-synuclein spreading in brain using mass-spectrometry imaging,"Jansky, Raphaela","Jansky, Raphaela",reposiTUm (TU Wien),https://doi.org/10.34726/hss.2025.57042,https://openalex.org/W7107989742
2025,Analysis of the spatial distribution of metabolites in Aloe vera leaves by mass spectrometry imaging and UHPLC-UHRMS,"S. Krupa, Tomasz Ruman, Wiktoria Szuberla et al. (n=4)",S. Krupa; Tomasz Ruman; Wiktoria Szuberla; Joanna Nizioł,Scientific Reports,https://doi.org/10.1038/s41598-025-88144-8,https://openalex.org/W4406918176
2025,Spatial distribution of differential metabolites in different parts of <i>Curcuma phaeocaulis</i> Val. using ultra-high-performance liquid chromatography-quadrupole Orbitrap high-resolution mass spectrometry and desorption electrospray ionization mass spectrometry imaging,"Ying Zhu, Chuyue Wu, Qinwan Huang et al. (n=4)",Ying Zhu; Chuyue Wu; Qinwan Huang; Jin Wang,The Analyst,https://doi.org/10.1039/d5an01077b,https://openalex.org/W4415847873
