year,title,authors_short,all_authors,journal,doi,openalex_id
2000,Treatment news bulletin,,,Current Treatment Options in Neurology,https://doi.org/10.1007/s11940-000-0018-x,https://openalex.org/W2412862459
2000,Proteome analysis using selective incorporation of isotopically labeled amino acids,"Timothy D. Veenstra, Suzana Martinović, Gordon Anderson et al. (n=5)",Timothy D. Veenstra; Suzana Martinović; Gordon Anderson; Ljiljana Paša‐Tolić; Richard Smith,Journal of the American Society for Mass Spectrometry,https://doi.org/10.1016/s1044-0305(99)00120-8,https://openalex.org/W2003964437
2000,Fourier transform ion cyclotron resonance mass spectrometry as a high throughput affinity screen to identify RNA binding ligands,"Kristin A. Sannes‐Lowery, Jared J. Drader, Richard H. Griffey et al. (n=4)",Kristin A. Sannes‐Lowery; Jared J. Drader; Richard H. Griffey; Steven A. Hofstadler,TrAC Trends in Analytical Chemistry,https://doi.org/10.1016/s0165-9936(00)00029-7,https://openalex.org/W2047334814
2001,Tandem Mass Spectrometry of Intact Proteins for Characterization of Biomarkers from <i>Bacillus </i><i>c</i><i>ereus </i><i>T </i>Spores,"Plamen A. Demirev, Javier A. Ramírez, Catherine Fenselau",Plamen A. Demirev; Javier A. Ramírez; Catherine Fenselau,Analytical Chemistry,https://doi.org/10.1021/ac010672n,https://openalex.org/W1991285306
2001,Rapid quantitative measurements of proteomes by Fourier transform ion cyclotron resonance mass spectrometry,"Richard Smith, Ljiljana Paša‐Tolić, Mary Lipton et al. (n=12)",Richard Smith; Ljiljana Paša‐Tolić; Mary Lipton; Pamela K. Jensen; Gordon Anderson; Yufeng Shen; Thomas P. Conrads; Harold R. Udseth; Richard Harkewicz; Mikhail E. Belov; Christophe Masselon; Timothy D. Veenstra,Electrophoresis,https://doi.org/10.1002/1522-2683(200105)22:9<1652::aid-elps1652>3.0.co;2-e,https://openalex.org/W2054380340
2001,Selective incorporation of isotopically labeled amino acids for identification of intact proteins on a proteome‐wide level,"Suzana Martinović, Timothy D. Veenstra, Gordon Anderson et al. (n=5)",Suzana Martinović; Timothy D. Veenstra; Gordon Anderson; Ljiljana Paša‐Tolić; Richard Smith,Journal of Mass Spectrometry,https://doi.org/10.1002/jms.263,https://openalex.org/W2160735962
2001,Aberrant mobility phenomena of the DNA repair protein XPA,"Lilia M. Iakoucheva, Amy Kimzey, Christophe Masselon et al. (n=6)",Lilia M. Iakoucheva; Amy Kimzey; Christophe Masselon; Richard Smith; A. Keith Dunker; Eric J. Ackerman,Protein Science,https://doi.org/10.1110/ps.ps.40101,https://openalex.org/W2114524564
2002,Capillary Electrophoresis and Electron Capture Dissociation Fourier Transform Ion Cyclotron Resonance Mass Spectrometry for Peptide Mixture and Protein Digest Analysis,"Yury O. Tsybin, P. Håkansson, Magnus Wetterhall et al. (n=5)",Yury O. Tsybin; P. Håkansson; Magnus Wetterhall; Karin E. Markides; Jonas Bergquist,European Journal of Mass Spectrometry,https://doi.org/10.1255/ejms.514,https://openalex.org/W2110414881
2002,‘Top down’ protein characterization via tandem mass spectrometry,"Gavin E. Reid, Scott A. McLuckey",Gavin E. Reid; Scott A. McLuckey,Journal of Mass Spectrometry,https://doi.org/10.1002/jms.346,https://openalex.org/W2153180430
2002,Peptide mapping of proteins in human body fluids using electrospray ionization Fourier transform ion cyclotron resonance mass spectrometry,"Jonas Bergquist, Magnus Palmblad, Magnus Wetterhall et al. (n=5)",Jonas Bergquist; Magnus Palmblad; Magnus Wetterhall; P. Håkansson; Karin E. Markides,Mass Spectrometry Reviews,https://doi.org/10.1002/mas.10016,https://openalex.org/W1986124354
2002,Strategies for top-down proteomics of Methanococcus jannaschii and Saccharomyces cerevisiae using a quadrupole FT-ICR-MS,"Steven M. Patrie, Jay P. Charlebois, Derek Vander Molen et al. (n=9)",Steven M. Patrie; Jay P. Charlebois; Derek Vander Molen; Fanyu Meng; Andrew J. Forbes; John Quinn; Christopher L. Hendrickson; Alan G. Marshall; Neil L. Kelleher,Proceedings - 50th ASMS Conference on Mass Spectrometry and Allied Topics,,https://openalex.org/W2570153706
2002,Direct mass spectrometric analysis of intact proteins of the yeast large ribosomal subunit using capillary LC/FTICR,"Sang‐Won Lee, Scott J. Berger, Suzana Martinović et al. (n=8)",Sang‐Won Lee; Scott J. Berger; Suzana Martinović; Ljiljana Paša‐Tolić; Gordon Anderson; Yufeng Shen; Rui Zhao; Richard Smith,Proceedings of the National Academy of Sciences,https://doi.org/10.1073/pnas.082119899,https://openalex.org/W2042832215
2003,Electron-capture dissociation tandem mass spectrometry,Roman A. Zubarev,Roman A. Zubarev,Current Opinion in Biotechnology,https://doi.org/10.1016/j.copbio.2003.12.002,https://openalex.org/W2102415529
2003,"Determination of post-translational modifications of proteins by high-sensitivity, high-resolution Fourier transform ion cyclotron resonance mass spectrometry",Mark R. Emmett,Mark R. Emmett,Journal of Chromatography A,https://doi.org/10.1016/s0021-9673(03)01127-0,https://openalex.org/W2034757055
2003,Identification and Characterization of Peptides and Proteins Using Fourier Transform Ion Cyclotron Resonance Mass Spectrometry,"Magnus Palmblad, Jonas Bergquist",Magnus Palmblad; Jonas Bergquist,Journal of chromatography library,https://doi.org/10.1016/s0301-4770(03)80012-x,https://openalex.org/W1567914336
2003,Characterization of histone post-translational modification using reversed-phase high performance liquid chromatography and fourier transform ion cyclotron resonance mass spectrometry,Liwen Zhang,Liwen Zhang,OhioLink ETD Center (Ohio Library and Information Network),,https://openalex.org/W2603695252
2003,Applications in Analysis of Proteins by Fourier Transform/Ion Cyclotron Resonance Mass Spectrometry,Yin‐Long Guo,Yin‐Long Guo,Zhipu xuebao,,https://openalex.org/W2377349736
2004,Design of the First Analytical Platform for Automated Top Down Proteomics With quadrupole/Fourier Transform Ion Cyclotron Resonance Mass Spectrometry,Steven M. Patrie,Steven M. Patrie,,,https://openalex.org/W2588055116
2004,Identification of N -glycosylation sites of the murine neural cell adhesion molecule NCAM by MALDI-TOF and MALDI-FTICR mass spectrometry,"Claus Albach, Eugen Damoc, Thomas Denzinger et al. (n=6)",Claus Albach; Eugen Damoc; Thomas Denzinger; Melitta Schachner; Michael Przybylski; Brigitte Schmitz,Analytical and Bioanalytical Chemistry,https://doi.org/10.1007/s00216-003-2383-2,https://openalex.org/W1971527136
2004,A graph-theoretic approach for the separation of b and y ions in tandem mass spectra,"Bo Yan, Chongle Pan, Victor Olman et al. (n=5)",Bo Yan; Chongle Pan; Victor Olman; Robert L. Hettich; Ying Xu,Bioinformatics,https://doi.org/10.1093/bioinformatics/bti044,https://openalex.org/W2102412629
2004,Detection of Genetic Variants of Transthyretin by Liquid Chromatography–Dual Electrospray Ionization Fourier-Transform Ion-Cyclotron-Resonance Mass Spectrometry,"Angelito I. Nepomuceno, Christopher J. Mason, David C. Muddiman et al. (n=5)",Angelito I. Nepomuceno; Christopher J. Mason; David C. Muddiman; H. Robert Bergen; Steven R. Zeldenrust,Clinical Chemistry,https://doi.org/10.1373/clinchem.2004.033274,https://openalex.org/W2122328962
2004,Toward Broader Inclusion of Liquid Chromatography-Mass Spectrometry in the Clinical Laboratory,Michael Kinter,Michael Kinter,Clinical Chemistry,https://doi.org/10.1373/clinchem.2004.037523,https://openalex.org/W2003961413
2004,Strategies for automating top-down protein analysis with Q-FTICR MS,"Steven M. Patrie, Dana Robinson, Fanyu Meng et al. (n=5)",Steven M. Patrie; Dana Robinson; Fanyu Meng; Yi Du; Neil L. Kelleher,International Journal of Mass Spectrometry,https://doi.org/10.1016/j.ijms.2004.02.020,https://openalex.org/W1965536848
2004,Peptide and protein characterization by high‐rate electron capture dissociation Fourier transform ion cyclotron resonance mass spectrometry,"Yury O. Tsybin, Margareta Ramström, Matthias Witt et al. (n=5)",Yury O. Tsybin; Margareta Ramström; Matthias Witt; Gökhan Baykut; P. Håkansson,Journal of Mass Spectrometry,https://doi.org/10.1002/jms.658,https://openalex.org/W2123148242
2004,Improved Molecular Weight-Based Processing of Intact Proteins for Interrogation by Quadrupole-Enhanced FT MS/MS,"Yi Du, Fanyu Meng, Steven M. Patrie et al. (n=5)",Yi Du; Fanyu Meng; Steven M. Patrie; Leah M. Miller; Neil L. Kelleher,Journal of Proteome Research,https://doi.org/10.1021/pr0499489,https://openalex.org/W1966947749
2004,Novel Linear Quadrupole Ion Trap/FT Mass Spectrometer:  Performance Characterization and Use in the Comparative Analysis of Histone H3 Post-translational Modifications,"John E. P. Syka, Jarrod A. Marto, Dina L. Bai et al. (n=12)",John E. P. Syka; Jarrod A. Marto; Dina L. Bai; Stevan Horning; Michael W. Senko; Jae C. Schwartz; Beatrix Ueberheide; Benjamin A. García; Scott A. Busby; Tara L. Muratore; Jeffrey Shabanowitz; Donald F. Hunt,Journal of Proteome Research,https://doi.org/10.1021/pr0499794,https://openalex.org/W1976645829
2004,Construction of a hybrid quadrupole/fourier transform ion cyclotron resonance mass spectrometer for versatile MS/MS above 10 kDa,"Steven M. Patrie, Jay P. Charlebois, David A. Whipple et al. (n=8)",Steven M. Patrie; Jay P. Charlebois; David A. Whipple; Neil L. Kelleher; Christopher L. Hendrickson; John Quinn; Alan G. Marshall; Biswarup Mukhopadhyay,Journal of the American Society for Mass Spectrometry,https://doi.org/10.1016/j.jasms.2004.04.031,https://openalex.org/W2028332469
2004,High Rate Electron Capture Dissociation Fourier Transform Ion Cyclotron Resonance Mass Spectrometry,Yury O. Tsybin,Yury O. Tsybin,KTH Publication Database DiVA (KTH Royal Institute of Technology),,https://openalex.org/W1764427009
2004,The role of electron capture dissociation in biomolecular analysis,"Helen J. Cooper, Kristina Håkansson, Alan G. Marshall",Helen J. Cooper; Kristina Håkansson; Alan G. Marshall,Mass Spectrometry Reviews,https://doi.org/10.1002/mas.20014,https://openalex.org/W2086482125
2004,Proteomics by FTICR mass spectrometry: Top down and bottom up,"Bogdan Bogdanov, Richard Smith",Bogdan Bogdanov; Richard Smith,Mass Spectrometry Reviews,https://doi.org/10.1002/mas.20015,https://openalex.org/W1984596349
2004,A new and sensitive on‐line liquid chromatography/mass spectrometric approach for top‐down protein analysis: the comprehensive analysis of human growth hormone in an <i>E. coli</i> lysate using a hybrid linear ion trap/Fourier transform ion cyclotron resonance mass spectrometer,"Shiaw‐Lin Wu, Ian Jardine, William S. Hancock et al. (n=4)",Shiaw‐Lin Wu; Ian Jardine; William S. Hancock; Barry L. Karger,Rapid Communications in Mass Spectrometry,https://doi.org/10.1002/rcm.1609,https://openalex.org/W2084378278
2005,Protein fragmentation via liquid chromatography–quadrupole time-of-flight mass spectrometry: The use of limited sequence information in structural characterization,"Robert W. Johnson, Tanveer F. Ahmed, Laura J. Miesbauer et al. (n=9)",Robert W. Johnson; Tanveer F. Ahmed; Laura J. Miesbauer; Rohinton Edalji; Richard Smith; John E. Harlan; Sarah A. Dorwin; Karl A. Walter; Tom Holzman,Analytical Biochemistry,https://doi.org/10.1016/j.ab.2005.03.009,https://openalex.org/W2084533981
2005,Effective novel dissociation methods for intact protein: Heat-assisted nozzle-skimmer collisionally induced dissociation and infrared multiphoton dissociation using a Fourier transform ion cyclotron resonance mass spectrometer equipped with a micrometal electrospray ionization emitter,"Naoyuki Yamada, Eiichiro Suzuki, Kazuo Hirayama",Naoyuki Yamada; Eiichiro Suzuki; Kazuo Hirayama,Analytical Biochemistry,https://doi.org/10.1016/j.ab.2005.10.026,https://openalex.org/W2061661441
2005,Multipole-Storage-Assisted Dissociation for the Characterization of Large Proteins and Simple Protein Mixtures by ESI-FTICR-MS,"Chongle Pan, Robert L. Hettich",Chongle Pan; Robert L. Hettich,Analytical Chemistry,https://doi.org/10.1021/ac048297x,https://openalex.org/W2075108889
2005,Top-Down Approaches for Measuring Expression Ratios of Intact Yeast Proteins Using Fourier Transform Mass Spectrometry,"Yi Du, Bryan A. Parks, Seyoung Sohn et al. (n=5)",Yi Du; Bryan A. Parks; Seyoung Sohn; Kurt E. Kwast; Neil L. Kelleher,Analytical Chemistry,https://doi.org/10.1021/ac050993p,https://openalex.org/W2043295041
2005,Chapter 5 Phosphorylation-specific analysis strategies for mass spectrometry: enhanced detection of phosphorylated proteins and peptides,"Allan Stensballe, Richard J. Simpson",Allan Stensballe; Richard J. Simpson,Comprehensive analytical chemistry,https://doi.org/10.1016/s0166-526x(05)46005-5,https://openalex.org/W207033032
2005,Electron Capture Dissociation of <i>O</i> -Glycosylated Peptides: Radical Site-Induced Fragmentation of Glycosidic Bonds,"Michael Mormann, Hans Paulsen, Jasna Peter‐Katalinić",Michael Mormann; Hans Paulsen; Jasna Peter‐Katalinić,European Journal of Mass Spectrometry,https://doi.org/10.1255/ejms.738,https://openalex.org/W2039921757
2005,"Human Plasma <i>N</i>-Glycoproteome Analysis by Immunoaffinity Subtraction, Hydrazide Chemistry, and Mass Spectrometry","Tao Liu, Weijun Qian, Marina A. Gritsenko et al. (n=7)",Tao Liu; Weijun Qian; Marina A. Gritsenko; David Camp; Matthew Monroe; Ronald Moore; Richard Smith,Journal of Proteome Research,https://doi.org/10.1021/pr0502065,https://openalex.org/W1971280282
2005,Extended Range Proteomic Analysis (ERPA):  A New and Sensitive LC−MS Platform for High Sequence Coverage of Complex Proteins with Extensive Post-translational ModificationsComprehensive Analysis of Beta-Casein and Epidermal Growth Factor Receptor (EGFR),"Shiaw‐Lin Wu, Jeongkwon Kim, William S. Hancock et al. (n=4)",Shiaw‐Lin Wu; Jeongkwon Kim; William S. Hancock; Barry L. Karger,Journal of Proteome Research,https://doi.org/10.1021/pr050113n,https://openalex.org/W2042345580
2005,Improved mass accuracy for tandem mass spectrometry,"Nathan K. Kaiser, Gordon Anderson, James E. Bruce",Nathan K. Kaiser; Gordon Anderson; James E. Bruce,Journal of the American Society for Mass Spectrometry,https://doi.org/10.1016/j.jasms.2004.12.005,https://openalex.org/W2095358024
2005,Characterization of a new qQq-FTICR mass spectrometer for post-translational modification analysis and top-down tandem mass spectrometry of whole proteins,"Judith A. Jebanathirajah, Jason L. Pittman, Bruce A. Thomson et al. (n=9)",Judith A. Jebanathirajah; Jason L. Pittman; Bruce A. Thomson; Bogdan Budnik; Parminder Kaur; Michael Rapé; Marc W. Kirschner; Catherine E. Costello; Peter B. O’Connor,Journal of the American Society for Mass Spectrometry,https://doi.org/10.1016/j.jasms.2005.08.008,https://openalex.org/W2108121781
2005,New and automated MS<sup>n</sup> approaches for top-down identification of modified proteins,"Vlad Zabrouskov, Michael W. Senko, Yi Du et al. (n=5)",Vlad Zabrouskov; Michael W. Senko; Yi Du; Richard D. LeDuc; Neil L. Kelleher,Journal of the American Society for Mass Spectrometry,https://doi.org/10.1016/j.jasms.2005.08.004,https://openalex.org/W2151188405
2005,A new hybrid electrospray Fourier transform mass spectrometer: design and performance characteristics,"Peter B. O’Connor, Jason L. Pittman, Bruce A. Thomson et al. (n=9)",Peter B. O’Connor; Jason L. Pittman; Bruce A. Thomson; Bogdan Budnik; Jason Cournoyer; Judith A. Jebanathirajah; Cheng Lin; Susanne C. Moyer; Cheng Zhao,Rapid Communications in Mass Spectrometry,https://doi.org/10.1002/rcm.2307,https://openalex.org/W2009706825
2005,La propensión a la promoción del consumidor: una nueva perspectiva basada en beneficios,María Dolores Palazón Vidal,María Dolores Palazón Vidal,Revista española de investigación de marketing,https://doi.org/10.1021/ac202980z,https://openalex.org/W22283685
2006,Analyse des explorations haptiques de formes pour la conception d'un dispositif de suppléance perceptive dédié aux personnes aveugles,Amal Ali Ammar,Amal Ali Ammar,,https://doi.org/10.3390/foods10092028,https://openalex.org/W34574138
2006,Mass spectrometry in demonstrating the site-specific nitration of hen egg white lysozyme by an improved electrochemical method,"D. Matters, Helen J. Cooper, Liam A. McDonnell et al. (n=8)",D. Matters; Helen J. Cooper; Liam A. McDonnell; Jesús Iniesta; John Heptinstall; Peter J. Derrick; David J. Walton; I. R. Peterson,Analytical Biochemistry,https://doi.org/10.1016/j.ab.2006.06.033,https://openalex.org/W2031035693
2006,Using size exclusion chromatography‐RPLC and RPLC‐CIEF as two‐dimensional separation strategies for protein profiling,"David C. Simpson, Seonghee Ahn, Ljiljana Paša‐Tolić et al. (n=9)",David C. Simpson; Seonghee Ahn; Ljiljana Paša‐Tolić; Bogdan Bogdanov; Heather M. Mottaz; Andrey N. Vilkov; Gordon Anderson; Mary Lipton; Richard Smith,Electrophoresis,https://doi.org/10.1002/elps.200600037,https://openalex.org/W2072458917
2006,Mass spectrometry for comparative proteomics of degenerative and regenerative processes in the brain,Carina Sihlbom,Carina Sihlbom,Gothenburg University Publications Electronic Archive (Gothenburg University),https://doi.org/10.1016/j.ijms.2004.02.016,https://openalex.org/W1560578975
2006,Etude de complexes protéiques non covalents par spectrométrie de masse FT-ICR.,Thorsten Daubenfeld,Thorsten Daubenfeld,HAL (Le Centre pour la Communication Scientifique Directe),,https://openalex.org/W2266588487
2006,Proteomic Profiling of Intact Proteins Using WAX-RPLC 2-D Separations and FTICR Mass Spectrometry,"S. Sharma, David C. Simpson, Nikola Tolić et al. (n=7)",S. Sharma; David C. Simpson; Nikola Tolić; Navdeep Jaitly; Anoop Mayampurath; Richard Smith; Ljiljana Paša‐Tolić,Journal of Proteome Research,https://doi.org/10.1021/pr060354a,https://openalex.org/W2087886302
2006,Quantitative Analysis of Acrylamide Labeled Serum Proteins by LC−MS/MS,"Vítor M. Faça, Marc Coram, Doug Phanstiel et al. (n=8)",Vítor M. Faça; Marc Coram; Doug Phanstiel; Veronika Glukhova; Qing Zhang; Matthew Fitzgibbon; Martin McIntosh; Samir Hanash,Journal of Proteome Research,https://doi.org/10.1021/pr060102+,https://openalex.org/W1972055109
2006,Enhanced Analysis of Metastatic Prostate Cancer Using Stable Isotopes and High Mass Accuracy Instrumentation,"Patrick A. Everley, Corey E. Bakalarski, Joshua E. Elias et al. (n=9)",Patrick A. Everley; Corey E. Bakalarski; Joshua E. Elias; Carol Waghorne; Sean A. Beausoleil; Scott A. Gerber; Brendan K. Faherty; Bruce R. Zetter; Steven P. Gygi,Journal of Proteome Research,https://doi.org/10.1021/pr0504891,https://openalex.org/W2006001147
2006,Currents: Human embryo proteomics | An interactome map for humans | Metabonomics for epidemiology | Which proteins are involved in differentiation? | PBDEs and the developing brain | Ultramicroarrays for limited sample quantities | Top-down proteomics on an Orbitrap mass spectrometer | ICPMS for proteomics | TOOLbox: Making a SPLASH | PRISM | Integrating heterogeneous data sets | Combined database of network interactions | ProteomeCommons.org JAF | MasSPIKE,,,Journal of Proteome Research,https://doi.org/10.1021/pr062717c,https://openalex.org/W4231895881
2006,Currents: Putting the Orbitrap through its paces | Global phosphorylation map | Far-westerns for identifying prion-binding proteins | Fast and efficient trypsin digestion | Cisplatin resistance in ovarian cancer cells | Ambient MS for proteins | Breast cancer phosphorylation,,,Journal of Proteome Research,https://doi.org/10.1021/pr062687d,https://openalex.org/W4214871726
2006,Sub parts-per-million mass measurement accuracy of intact proteins and product ions achieved using a dual electrospray ionization quadrupole fourier transform ion cyclotron resonance mass spectrometer,"D. Keith Williams, Adam M. Hawkridge, David C. Muddiman",D. Keith Williams; Adam M. Hawkridge; David C. Muddiman,Journal of the American Society for Mass Spectrometry,https://doi.org/10.1016/j.jasms.2006.08.014,https://openalex.org/W2133923164
2006,Determination of peptide and protein ion charge states by fourier transformation of isotope-resolved mass spectra,"David L. Tabb, Manesh Shah, Michael Brad Strader et al. (n=6)",David L. Tabb; Manesh Shah; Michael Brad Strader; Heather Connelly; Robert L. Hettich; Gregory B. Hurst,Journal of the American Society for Mass Spectrometry,https://doi.org/10.1016/j.jasms.2006.02.003,https://openalex.org/W2023356470
2006,Top-down Protein Sequencing and MS3 on a Hybrid Linear Quadrupole Ion Trap-Orbitrap Mass Spectrometer,"Boris Maček, Leonie F. Waanders, Jesper V. Olsen et al. (n=4)",Boris Maček; Leonie F. Waanders; Jesper V. Olsen; Matthias Mann,Molecular & Cellular Proteomics,https://doi.org/10.1074/mcp.t500042-mcp200,https://openalex.org/W2138832989
2006,Probing Genuine Strong Interactions and Post-translational Modifications in the Heterogeneous Yeast Exosome Protein Complex,"Silvia A. Synowsky, Robert H. H. van den Heuvel, Shabaz Mohammed et al. (n=5)",Silvia A. Synowsky; Robert H. H. van den Heuvel; Shabaz Mohammed; W.W.M. Pim Pijnappel; Albert J. R. Heck,Molecular & Cellular Proteomics,https://doi.org/10.1074/mcp.m600043-mcp200,https://openalex.org/W2125393772
2006,Combined top-down and bottom-up proteomics identifies a phosphorylation site in stem–loop-binding proteins that contributes to high-affinity RNA binding,"Christoph H. Borchers, Roopa Thapar, Evgeniy V. Petrotchenko et al. (n=8)",Christoph H. Borchers; Roopa Thapar; Evgeniy V. Petrotchenko; Matthew P. Torres; J. Paul Speir; Michael L. Easterling; Zbigniew Domiński; William F. Marzluff,Proceedings of the National Academy of Sciences,https://doi.org/10.1073/pnas.0511289103,https://openalex.org/W1972392744
2006,Orbitrap Mass Analyzer – Overview and Applications in Proteomics,"Michaela Ščigelová, Alexander Makarov",Michaela Ščigelová; Alexander Makarov,PROTEOMICS,https://doi.org/10.1002/pmic.200600528,https://openalex.org/W2163827634
2006,Structural Characterization and Identification of Post‐Translational Modifications of Human Eukaryotic Initiation Factor 3 (eIF3) by FTICR Mass Spectrometry,"Eugen Damoc, Christopher S. Fraser, Jennifer A. Doudna et al. (n=4)",Eugen Damoc; Christopher S. Fraser; Jennifer A. Doudna; Julie A. Leary,The FASEB Journal,https://doi.org/10.1096/fasebj.20.4.a528-c,https://openalex.org/W3173309011
2006,Quality vs Quantity in Mass Spectrometric Analysis of Complex Mixtures,"Robert J. Chalkley, David Maltby, Katalin F. Medzihradszky et al. (n=6)",Robert J. Chalkley; David Maltby; Katalin F. Medzihradszky; Shenheng Guan; Peter R. Baker; Alma L. Burlingame,The FASEB Journal,https://doi.org/10.1096/fasebj.20.5.a926-a,https://openalex.org/W399531223
2007,Relative Information Content and Top-Down Proteomics by Mass Spectrometry:  Utility of Ion/Ion Proton-Transfer Reactions in Electrospray-Based Approaches,"Jian Liu, Paul A. Chrisman, David E. Erickson et al. (n=4)",Jian Liu; Paul A. Chrisman; David E. Erickson; Scott A. McLuckey,Analytical Chemistry,https://doi.org/10.1021/ac061798t,https://openalex.org/W2022288426
2007,Implementation of Electron-Transfer Dissociation on a Hybrid Linear Ion Trap−Orbitrap Mass Spectrometer,"Graeme C. McAlister, Doug Phanstiel, David M. Good et al. (n=5)",Graeme C. McAlister; Doug Phanstiel; David M. Good; W. Travis Berggren; Joshua J. Coon,Analytical Chemistry,https://doi.org/10.1021/ac070020k,https://openalex.org/W1988396270
2007,Proteomic and phosphor-proteomic signatures of clinical hepatitis B virus-associated hepatocellular carcinoma,"Chen Li, Jie Dai, Hong Ruan et al. (n=9)",Chen Li; Jie Dai; Hong Ruan; Kang Tu; Ye Tan; Hong Wang; Yi Li; Jia Wu; Rong Zeng,Cancer Research,,https://openalex.org/W2900925767
2007,Protein-sequence polymorphisms and post-translational modifications in proteins from human saliva using top-down Fourier-transform ion cyclotron resonance mass spectrometry,"Julian P. Whitelegge, Vlad Zabrouskov, Frédéric Halgand et al. (n=10)",Julian P. Whitelegge; Vlad Zabrouskov; Frédéric Halgand; Puneet Souda; Sara Bassilian; Weihong Yan; Larry Wolinsky; Joseph A. Loo; David T. Wong; Kym F. Faull,International Journal of Mass Spectrometry,https://doi.org/10.1016/j.ijms.2007.08.008,https://openalex.org/W2016826955
2007,Nanoelectrospray peptide mapping revisited: Composite survey spectra allow high dynamic range protein characterization without LCMS on an orbitrap mass spectrometer,"Aiping Lu, Leonie F. Waanders, Reinaldo Almeida et al. (n=9)",Aiping Lu; Leonie F. Waanders; Reinaldo Almeida; Guoqing Li; Mark Allen; Jürgen Cox; Jesper V. Olsen; Tiziana Bonaldi; Matthias Mann,International Journal of Mass Spectrometry,https://doi.org/10.1016/j.ijms.2007.05.006,https://openalex.org/W1986012746
2007,"Identification of N,Nɛ-dimethyl-lysine in the murine dioxin receptor using MALDI-TOF/TOF- and ESI-LTQ-Orbitrap-FT-MS","Keyur A. Dave, Brett R. Hamilton, Tristan P. Wallis et al. (n=6)",Keyur A. Dave; Brett R. Hamilton; Tristan P. Wallis; Sebastian G. B. Furness; Murray L. Whitelaw; Jeffrey J. Gorman,International Journal of Mass Spectrometry,https://doi.org/10.1016/j.ijms.2007.06.001,https://openalex.org/W1973610153
2007,Serum glycan analysis in metastatic breast cancer,"Helen K. Chew, Suzanne Miyamoto, Hyun Joo An et al. (n=5)",Helen K. Chew; Suzanne Miyamoto; Hyun Joo An; David M. Rocke; Carlito B. Lebrilla,Journal of Clinical Oncology,https://doi.org/10.1200/jco.2007.25.18_suppl.11504,https://openalex.org/W2280785741
2007,Observation of heterogeneous gene products by FT-ICR MS,"Duncan H. L. Robertson, Stephen C. C. Wong, Robert J. Beynon et al. (n=5)",Duncan H. L. Robertson; Stephen C. C. Wong; Robert J. Beynon; Jane L. Hurst; Simon J. Gaskell,Journal of the American Society for Mass Spectrometry,https://doi.org/10.1016/j.jasms.2007.10.011,https://openalex.org/W2121270536
2007,Top-down quantitation and characterization of SILAC-labeled proteins,"Leonie F. Waanders, S. Hanke, Matthias Mann",Leonie F. Waanders; S. Hanke; Matthias Mann,Journal of the American Society for Mass Spectrometry,https://doi.org/10.1016/j.jasms.2007.09.001,https://openalex.org/W2087382378
2007,P73-S High-Resolution Mass Spectrometry Study of the Effects of Chemical and Environmental Stimuli on the Post-Translational State of Histone H4.,"C. Logan Mackay, Stefan Weidt, Ted R. Hupp et al. (n=5)",C. Logan Mackay; Stefan Weidt; Ted R. Hupp; Patrick R. R. Langridge‐Smith; Larry Hayward,PubMed Central,,https://openalex.org/W314631987
2007,Identification of protein phosphorylation sites within Ser/Thr‐rich cluster domains using site‐directed mutagenesis and hybrid linear quadrupole ion trap Fourier transform ion cyclotron resonance mass spectrometry,"J.B. King, Julia Christina Gross, Christine M. Lovly et al. (n=5)",J.B. King; Julia Christina Gross; Christine M. Lovly; Helen Piwnica‐Worms; R. Reid Townsend,Rapid Communications in Mass Spectrometry,https://doi.org/10.1002/rcm.3223,https://openalex.org/W2105768372
2007,Intact protein analysis using a quadrupole-Fourier transform mass spectrometer.,佐藤 成宙,佐藤 成宙,SEIBUTSU BUTSURI KAGAKU,https://doi.org/10.2198/sbk.51.65,https://openalex.org/W641652978
2007,New generation of proteomics analysis based on mass spectrometry.,"Toshiji Kudo, Daisuke Higo",Toshiji Kudo; Daisuke Higo,SEIBUTSU BUTSURI KAGAKU,https://doi.org/10.2198/sbk.51.59,https://openalex.org/W1966886536
2008,Proteomics Sample Preparation,,,,https://doi.org/10.1002/9783527622832,https://openalex.org/W114739423
2008,P3‐071: Mass spectrometric characterization of tau in cerebrospinal fluid,"Johan Gobom, Erik Portelius, Sara Hansson et al. (n=12)",Johan Gobom; Erik Portelius; Sara Hansson; Ai Tran; Henrik Zetterberg; Pierre Grognet; Eugeen Vanmechelen; Kina Hoeglund; Gunnar Brinkmalm; Ann Brinkmalm; Eckhard Nordhoff; Kaj Blennow,Alzheimer s & Dementia,https://doi.org/10.1016/j.jalz.2008.05.1635,https://openalex.org/W1964453673
2008,Top-Down Identification and Quantification of Stable Isotope Labeled Proteins from <i>Aspergillus flavus</i> Using Online Nano-Flow Reversed-Phase Liquid Chromatography Coupled to a LTQ-FTICR Mass Spectrometer,"Timothy S. Collier, Adam M. Hawkridge, D. Ryan Georgianna et al. (n=5)",Timothy S. Collier; Adam M. Hawkridge; D. Ryan Georgianna; Gary A. Payne; David C. Muddiman,Analytical Chemistry,https://doi.org/10.1021/ac800254z,https://openalex.org/W2042939873
2008,"Sensitive, Specific, and Quantitative FTICR Mass Spectrometry of Combinatorial Post-Translational Modifications in Intact Histone H4","C. Logan Mackay, Bernard Ramsahoye, Karl Burgess et al. (n=10)",C. Logan Mackay; Bernard Ramsahoye; Karl Burgess; Ken Cook; Stefan Weidt; J. Creanor; David J. Harrison; Pat R. R. Langridge‐Smith; Ted R. Hupp; Larry Hayward,Analytical Chemistry,https://doi.org/10.1021/ac702452d,https://openalex.org/W1967817887
2008,High-Resolution Mass Spectrometers,"Alan G. Marshall, Christopher L. Hendrickson",Alan G. Marshall; Christopher L. Hendrickson,Annual Review of Analytical Chemistry,https://doi.org/10.1146/annurev.anchem.1.031207.112945,https://openalex.org/W2085010866
2008,Rational Modification of Ligand‐Binding Preference of Avidin by Circular Permutation and Mutagenesis,"Juha A. E. Määttä, Tomi T. Airenne, Henri R. Nordlund et al. (n=9)",Juha A. E. Määttä; Tomi T. Airenne; Henri R. Nordlund; Janne Jänis; Tiina A. Paldanius; Pirjo Vainiotalo; Mark S. Johnson; Markku S. Kulomaa; Vesa P. Hytönen,ChemBioChem,https://doi.org/10.1002/cbic.200890027,https://openalex.org/W4246994087
2008,Mass spectrometry for proteomics,"Xuemei Han, Aaron Aslanian, John R. Yates",Xuemei Han; Aaron Aslanian; John R. Yates,Current Opinion in Chemical Biology,https://doi.org/10.1016/j.cbpa.2008.07.024,https://openalex.org/W2003261719
2008,Mass spectrometry in proteomics,Ákos Vértes,Ákos Vértes,Elsevier eBooks,https://doi.org/10.1016/b978-044451980-1.50010-0,https://openalex.org/W101070140
2008,Multidimensional liquid chromatographic separations for proteomics,Karl Burgess,Karl Burgess,Europe PMC (PubMed Central),,https://openalex.org/W1548709895
2008,FT-ICR MS optimization for the analysis of intact proteins,"Aleksey V. Tolmachev, Errol Robinson, Si Wu et al. (n=5)",Aleksey V. Tolmachev; Errol Robinson; Si Wu; Ljiljana Paša‐Tolić; Richard Smith,International Journal of Mass Spectrometry,https://doi.org/10.1016/j.ijms.2008.10.010,https://openalex.org/W1980545547
2008,Single amino acid sequence polymorphisms in rat cardiac troponin revealed by top–down tandem mass spectrometry,"Raquel Sancho Solis, Ying Ge, Jeffery W. Walker",Raquel Sancho Solis; Ying Ge; Jeffery W. Walker,Journal of Muscle Research and Cell Motility,https://doi.org/10.1007/s10974-009-9168-y,https://openalex.org/W1974469291
2008,"Discovery, Identification, and Characterization of Candidate Pharmacodynamic Markers of Methionine Aminopeptidase-2 Inhibition","Scott E. Warder, Lora A. Tucker, Shaun M. McLoughlin et al. (n=13)",Scott E. Warder; Lora A. Tucker; Shaun M. McLoughlin; Tamara J. Strelitzer; Joseph L. Meuth; Qian Zhang; George S. Sheppard; Paul L. Richardson; Rick Lesniewski; Steven K. Davidsen; Randy L. Bell; John C. Rogers; Jieyi Wang,Journal of Proteome Research,https://doi.org/10.1021/pr800388p,https://openalex.org/W2045294978
2008,A Proteomics Grade Electron Transfer Dissociation-Enabled Hybrid Linear Ion Trap-Orbitrap Mass Spectrometer,"Graeme C. McAlister, W. Travis Berggren, Jens Griep‐Raming et al. (n=11)",Graeme C. McAlister; W. Travis Berggren; Jens Griep‐Raming; Stevan Horning; Alexander Makarov; Doug Phanstiel; George Stafford; Danielle L. Swaney; John E. P. Syka; Vlad Zabrouskov; Joshua J. Coon,Journal of Proteome Research,https://doi.org/10.1021/pr800264t,https://openalex.org/W1988791332
2008,Method development of characterization of N-linked glycoproteins in mass spectrometry,Ying Zhang,Ying Zhang,KU ScholarWorks (The University of Kansas),,https://openalex.org/W1873303807
2008,Even Electron Mass Spectrometry with Biomolecule Applications,Bryan Ham,Bryan Ham,Medical Entomology and Zoology,,https://openalex.org/W655048115
2008,Differential N-glycosylation of Kallikrein 6 Derived from Ovarian Cancer Cells or the Central Nervous System,"Uroš Kuzmanov, Nianxin Jiang, Christopher R. Smith et al. (n=5)",Uroš Kuzmanov; Nianxin Jiang; Christopher R. Smith; Antoninus Soosaipillai; Eleftherios P. Diamandis,Molecular & Cellular Proteomics,https://doi.org/10.1074/mcp.m800516-mcp200,https://openalex.org/W2096789359
2008,Post-translational Modifications of Chicken Myelin Basic Protein Charge Components,"Jeongkwon Kim, Rui Zhang, Eric F. Strittmatter et al. (n=5)",Jeongkwon Kim; Rui Zhang; Eric F. Strittmatter; Richard Smith; Robert Zand,Neurochemical Research,https://doi.org/10.1007/s11064-008-9788-4,https://openalex.org/W2014828815
2008,Free‐flow electrophoresis for top‐down proteomics by Fourier transform ion cyclotron resonance mass spectrometry,"Séverine A. Ouvry‐Patat, Matthew P. Torres, Hung‐Hiang Quek et al. (n=13)",Séverine A. Ouvry‐Patat; Matthew P. Torres; Hung‐Hiang Quek; Craig A. Gelfand; Patrick O’Mullan; Mikkel Nissum; Gottfried K. Schroeder; Jun Han; Monica H. Elliott; Deanna Dryhurst; Juan Ausió; Richard Wolfenden; Christoph H. Borchers,PROTEOMICS,https://doi.org/10.1002/pmic.200800079,https://openalex.org/W1992549539
2008,Interaction between alpha-lactalbumin and lipids: conformational features and effects on protein aggregation,Serena Tolin,Serena Tolin,Research Padua  Archive (University of Padua),,https://openalex.org/W2284703071
2009,Teacher education students' use of concept maps as cognitive tools within assessment,"Victoria Neville, Sue Bennett, Lori Lockyer",Victoria Neville; Sue Bennett; Lori Lockyer,,https://doi.org/10.1002/jms.263,https://openalex.org/W11813317
2009,P3‐025: Characterization of transthyretin isoforms in CSF from patients with Alzheimer's disease and controls by high resolution mass spectrometry,"Keld Poulsen, Justyna M.C. Bahl, Anja Hviid Simonsen et al. (n=6)",Keld Poulsen; Justyna M.C. Bahl; Anja Hviid Simonsen; Gunhild Waldemar; Martin R. Larsen; Niels H. H. Heegaard,Alzheimer s & Dementia,https://doi.org/10.1016/j.jalz.2009.04.1202,https://openalex.org/W2060352967
2009,Integrated Workflow for Characterizing Intact Phosphoproteins from Complex Mixtures,"Si Wu, Feng Yang, Rui Zhao et al. (n=8)",Si Wu; Feng Yang; Rui Zhao; Nikola Tolić; Errol Robinson; David Camp; Richard Smith; Ljiljana Paša‐Tolić,Analytical Chemistry,https://doi.org/10.1021/ac802487q,https://openalex.org/W2016529333
2009,Top-Down Identification of Protein Biomarkers in Bacteria with Unsequenced Genomes,"Colin Wynne, Catherine Fenselau, Plamen A. Demirev et al. (n=4)",Colin Wynne; Catherine Fenselau; Plamen A. Demirev; Nathan Edwards,Analytical Chemistry,https://doi.org/10.1021/ac9016677,https://openalex.org/W1997445037
2009,Combining Alkaline Phosphatase Treatment and Hybrid Linear Ion Trap/Orbitrap High Mass Accuracy Liquid Chromatography−Mass Spectrometry Data for the Efficient and Confident Identification of Protein Phosphorylation,"Hsin‐Yi Wu, Vincent S. Tseng, Lien-Chin Chen et al. (n=9)",Hsin‐Yi Wu; Vincent S. Tseng; Lien-Chin Chen; Yu‐Chen Chang; Peipei Ping; Chen‐Chung Liao; Yeou‐Guang Tsay; Jau‐Song Yu; Pao‐Chi Liao,Analytical Chemistry,https://doi.org/10.1021/ac9013435,https://openalex.org/W2048259004
2009,"Edaravone Inhibits Protein Carbonylation by a Direct Carbonyl-Scavenging Mechanism: Focus on Reactivity, Selectivity, and Reaction Mechanisms","Giancarlo Aldini, Giulio Vistoli, Luca Regazzoni et al. (n=6)",Giancarlo Aldini; Giulio Vistoli; Luca Regazzoni; M.C. Benfatto; Ilaria Bettinelli; M. Carini,Antioxidants and Redox Signaling,https://doi.org/10.1089/ars.2009.2814,https://openalex.org/W2057846817
2009,High Resolution Top-Down MS/MS Reveals Single Amino Acid Sequence Polymorphisms in Rat Cardiac Troponin,"Raquel Sanchos Solis, Ying Ge, Jeffery W. Walker",Raquel Sanchos Solis; Ying Ge; Jeffery W. Walker,Biophysical Journal,https://doi.org/10.1016/j.bpj.2008.12.2592,https://openalex.org/W1991389992
2009,Top-down protein sequencing by CID and ECD using desorption electrospray ionisation (DESI) and high-field FTICR mass spectrometry,"Adam A. Stokes, David J. Clarke, Stefan Weidt et al. (n=5)",Adam A. Stokes; David J. Clarke; Stefan Weidt; Pat R. R. Langridge‐Smith; C. Logan Mackay,International Journal of Mass Spectrometry,https://doi.org/10.1016/j.ijms.2009.09.004,https://openalex.org/W2116968815
2009,An Integrated Top-Down and Bottom-Up Strategy for Broadly Characterizing Protein Isoforms and Modifications,"Si Wu, Natacha Lourette, Nikola Tolić et al. (n=8)",Si Wu; Natacha Lourette; Nikola Tolić; Rui Zhao; Errol Robinson; Aleksey V. Tolmachev; Richard Smith; Ljiljana Paša‐Tolić,Journal of Proteome Research,https://doi.org/10.1021/pr800720d,https://openalex.org/W2050488655
2009,Accurate molecular weight analysis of histones using FFE and RP‐HPLC on monolithic capillary columns,"Evert‐Jan Sneekes, Jun Han, Monica Elliot et al. (n=7)",Evert‐Jan Sneekes; Jun Han; Monica Elliot; Juan Ausió; Remco Swart; Albert J. R. Heck; Christoph H. Borchers,Journal of Separation Science,https://doi.org/10.1002/jssc.200800627,https://openalex.org/W2016523706
2009,A robust two-dimensional separation for top-down tandem mass spectrometry of the low-mass proteome,"Ji Eun Lee, John F. Kellie, John C. Tran et al. (n=12)",Ji Eun Lee; John F. Kellie; John C. Tran; Jeremiah D. Tipton; Adam D. Catherman; Haylee M. Thomas; Dorothy R. Ahlf; Kenneth R. Durbin; Adaikkalam Vellaichamy; Ioanna Ntai; Alan G. Marshall; Neil L. Kelleher,Journal of the American Society for Mass Spectrometry,https://doi.org/10.1016/j.jasms.2009.08.001,https://openalex.org/W2078929751
2009,Dynamics of ions of intact proteins in the Orbitrap mass analyzer,"Alexander Makarov, Eduard Denisov",Alexander Makarov; Eduard Denisov,Journal of the American Society for Mass Spectrometry,https://doi.org/10.1016/j.jasms.2009.03.024,https://openalex.org/W2044008548
2009,Mass measurement and top-down HPLC/MS analysis of intact monoclonal antibodies on a hybrid linear quadrupole ion trap-orbitrap mass spectrometer,"Pavel V. Bondarenko, Tonya Second, Vlad Zabrouskov et al. (n=5)",Pavel V. Bondarenko; Tonya Second; Vlad Zabrouskov; Alexander Makarov; Zhongqi Zhang,Journal of the American Society for Mass Spectrometry,https://doi.org/10.1016/j.jasms.2009.03.020,https://openalex.org/W1971055293
2009,Optimized orbitrap HCD for quantitative analysis of phosphopeptides,"Yi Zhang, Scott B. Ficarro, Shaojuan Li et al. (n=4)",Yi Zhang; Scott B. Ficarro; Shaojuan Li; Jarrod A. Marto,Journal of the American Society for Mass Spectrometry,https://doi.org/10.1016/j.jasms.2009.03.019,https://openalex.org/W2084428514
2009,Top-Down Proteomics on a High-field Fourier Transform Ion Cyclotron Resonance Mass Spectrometer,"Séverine A. Ouvry‐Patat, Matthew P. Torres, Craig A. Gelfand et al. (n=7)",Séverine A. Ouvry‐Patat; Matthew P. Torres; Craig A. Gelfand; H.H. Quek; Michael L. Easterling; J. Paul Speir; Christoph H. Borchers,Methods in molecular biology,https://doi.org/10.1007/978-1-59745-493-3_12,https://openalex.org/W79268409
2009,Program,"Ilena Cristea, Ralph Bradshaw, Steven Carr et al. (n=100)",Ilena Cristea; Ralph Bradshaw; Steven Carr; Connie Jimenez; Florence Roux-Dalvai; David Maltby; Shannon Eliuk; Gerrits; C Panse; B Bodenmiller; R Schlapbach; R Ahrends; U Bergmann; S Pieper; B Neumann; C Scheler; M Linscheid; P Rodrigues; T Silva; F Jessen; J Dias; B Eeltink; R Dolman; G Swart; Tremintin; K Medzihradszky; S Salas-Castillo; A Burlingame; Medzihradszky; E Klement; Z Lipinszky; Z Kupihar; A Udvardy; M Wingren; P Mattsson; F James; C Nilsson; Borrebaeck; B Macher; M Trnka; A Quandt; L Malstroem; H Lam; D Shteynberg; R Aebersold; Microwave-Assisted Phosphoproteomics; P Liu; W Sandoval; J Langridge; J Brown; S Mohammed; N Taouatas; I Campuzano; A Heck; F Chu; B Panning; M Edery; M Male cot; K Mezhoud; A Marie; D Praseuth; S Puiseux-Dao; R Pitti; Y Li; D Lawrence; A Ashkenazi; J Lill; X Du; J Rorie; S Chowdhury; J Adkins; G Anderson; R Smith; G Knudsen; B Davis; S Deb; Y Loethen; R Gudihal; P Perera; D Benamotz; V Davisson; C Wilkinson; D Fernig; S Hart; R Blankley; S Guan; C Dorschel; R Sprenger; J Aerts; J Vissers; S Geromanos; S Levery; S Kracun; O Blixt; E Clo; K Jensen; H Clausen; Peak; Chen; J Trinidad,Molecular & Cellular Proteomics,https://doi.org/10.1074/mcp.s800108-mcp200,https://openalex.org/W4238766780
2009,Session 1,,,Molecular & Cellular Proteomics,https://doi.org/10.1074/mcp.s800408-mcp200,https://openalex.org/W4247668945
2009,Analysis of Human C1q by Combined Bottom-up and Top-down Mass Spectrometry,"Delphine Pflieger, Cédric Przybylski, Florence Gonnet et al. (n=7)",Delphine Pflieger; Cédric Przybylski; Florence Gonnet; Jean‐Pierre Le Caër; T. Lunardi; Gérard J. Arlaud; Régis Daniel,Molecular & Cellular Proteomics,https://doi.org/10.1074/mcp.m900350-mcp200,https://openalex.org/W2110876203
2009,Poster Session B,,,Molecular & Cellular Proteomics,https://doi.org/10.1074/mcp.s800908-mcp200,https://openalex.org/W4256026811
2009,Mass spectrometry-based proteomics methods for analysis of food allergens,"Linda Monaci, Angelo Visconti",Linda Monaci; Angelo Visconti,TrAC Trends in Analytical Chemistry,https://doi.org/10.1016/j.trac.2009.02.013,https://openalex.org/W2027324655
2010,Intact Protein Analysis Combining Micro-High Performance Liquid Chromatography and LTQ Orbitrap Mass Spectrometry,"Remco Swart, Jens Henning Mohr, Günter Böhm et al. (n=4)",Remco Swart; Jens Henning Mohr; Günter Böhm; Christian G. Huber,,,https://openalex.org/W3083117883
2010,Combination of Micro-High Performance Liquid Chromatography and High-Resolution Orbitrap Mass Spectrometry: A Powerful Tool for Intact Protein Analysis,"Jens Henning Mohr, Remco Swart, Günter Böhm et al. (n=4)",Jens Henning Mohr; Remco Swart; Günter Böhm; Christian G. Huber,,,https://openalex.org/W3085708423
2010,Top-Down Mass Analysis of Protein Tyrosine Nitration: Comparison of Electron Capture Dissociation with “Slow-Heating” Tandem Mass Spectrometry Methods,"Victor A. Mikhailov, Jesús Iniesta, Helen J. Cooper",Victor A. Mikhailov; Jesús Iniesta; Helen J. Cooper,Analytical Chemistry,https://doi.org/10.1021/ac101177r,https://openalex.org/W2053358154
2010,New Reagents for Enhanced Liquid Chromatographic Separation and Charging of Intact Protein Ions for Electrospray Ionization Mass Spectrometry,"Santosh G. Valeja, Jeremiah D. Tipton, Mark R. Emmett et al. (n=4)",Santosh G. Valeja; Jeremiah D. Tipton; Mark R. Emmett; Alan G. Marshall,Analytical Chemistry,https://doi.org/10.1021/ac1016858,https://openalex.org/W2048056721
2010,Size-Sorting Combined with Improved Nanocapillary Liquid Chromatography−Mass Spectrometry for Identification of Intact Proteins up to 80 kDa,"Adaikkalam Vellaichamy, John C. Tran, Adam D. Catherman et al. (n=12)",Adaikkalam Vellaichamy; John C. Tran; Adam D. Catherman; Ji Eun Lee; John F. Kellie; Steve M. M. Sweet; Leonid Zamdborg; Paul M. Thomas; Dorothy R. Ahlf; Kenneth R. Durbin; Gary A. Valaskovic; Neil L. Kelleher,Analytical Chemistry,https://doi.org/10.1021/ac9021083,https://openalex.org/W148173047
2010,Identification of trimethylation at C-terminal lysine of pilin in the cyanobacterium Synechocystis PCC 6803,"Young Hye Kim, Kyu‐Hwan Park, Se Young Kim et al. (n=9)",Young Hye Kim; Kyu‐Hwan Park; Se Young Kim; Eun Sun Ji; Jin Young Kim; Sang Kwang Lee; Jong Shin Yoo; Hyun Sik Kim; Young Mok Park,Biochemical and Biophysical Research Communications,https://doi.org/10.1016/j.bbrc.2010.11.133,https://openalex.org/W2055067635
2010,A high-throughput de novo sequencing approach for shotgun proteomics using high-resolution tandem mass spectrometry,"Chongle Pan, Byung H. Park, W. Hayes McDonald et al. (n=8)",Chongle Pan; Byung H. Park; W. Hayes McDonald; Patricia A. Carey; Jillian F. Banfield; Nathan C. VerBerkmoes; Robert L. Hettich; Nagiza F. Samatova,BMC Bioinformatics,https://doi.org/10.1186/1471-2105-11-118,https://openalex.org/W2105635160
2010,Abstract 3309: Identifying glycoproteins in ER+ and ER- human breast cancer tissue samples,"Suzan M. Semaan, Xu Eddy Wang, Ruth A Emmett et al. (n=5)",Suzan M. Semaan; Xu Eddy Wang; Ruth A Emmett; Alan G. Marshall; Qing‐Xiang Amy Sang,Cancer Research,https://doi.org/10.1158/1538-7445.am10-3309,https://openalex.org/W2323061665
2010,Application of FT-ICR Mass Spectrometry in Study of Protein Modifications and Carbohydrates,,,DigiNole (Florida State University),,https://openalex.org/W7113224407
2010,Top-Down Analysis of Bacterial Proteins by High-Resolution Mass Spectrometry,Colin Wynne,Colin Wynne,Digital Repository at the University of Maryland (University of Maryland College Park),,https://openalex.org/W2148352639
2010,Characterizing glycans on stem cells for discovery of biomarkers and biological significance,Phung Gip,Phung Gip,eScholarship (California Digital Library),,https://openalex.org/W315072388
2010,The complexity of bioinformatics: techniques for addressing the combinatorial explosion in proteomics and genomics,Leonid Zamdborg,Leonid Zamdborg,Illinois Digital Environment for Access to Learning and Scholarship (University of Illinois at Urbana-Champaign),,https://openalex.org/W282885759
2010,Top-down mass spectrometry of supercharged native protein–ligand complexes,"Sheng Yin, Joseph A. Loo",Sheng Yin; Joseph A. Loo,International Journal of Mass Spectrometry,https://doi.org/10.1016/j.ijms.2010.06.032,https://openalex.org/W1988332348
2010,Revisiting Iodination Sites in Thyroglobulin with an Organ-oriented Shotgun Strategy,"Alain Dedieu, Jean‐Charles Gaillard, Thierry Pourcher et al. (n=5)",Alain Dedieu; Jean‐Charles Gaillard; Thierry Pourcher; Élisabeth Darrouzet; Jean Armengaud,Journal of Biological Chemistry,https://doi.org/10.1074/jbc.m110.159483,https://openalex.org/W2011171468
2010,The Vanderbilt Mass Spectrometry Shared Facilities,"Friedman Db, Reyzer Ml, Seeley Eh et al. (n=7)",Friedman Db; Reyzer Ml; Seeley Eh; Calcutt Mw; Hachey Dl; Caprioli Rm; McDonald Wh,Journal of Biomolecular Techniques JBT,,https://openalex.org/W1460771122
2010,"Extensive <i>De Novo</i> Sequencing of New Parvalbumin Isoforms Using a Novel Combination of Bottom-Up Proteomics, Accurate Molecular Mass Measurement by FTICR−MS, and Selected MS/MS Ion Monitoring","Mónica Carrera, Benito Cañas, Jesús Vázquez et al. (n=4)",Mónica Carrera; Benito Cañas; Jesús Vázquez; José M. Gallardo,Journal of Proteome Research,https://doi.org/10.1021/pr100163e,https://openalex.org/W2033213768
2010,Human Serum Processing and Analysis Methods for Rapid and Reproducible N-Glycan Mass Profiling,"Scott Kronewitter, Maria Lorna A. De Leoz, Kyle S. Peacock et al. (n=8)",Scott Kronewitter; Maria Lorna A. De Leoz; Kyle S. Peacock; Kelly Rhodes McBride; Hyun Joo An; Suzanne Miyamoto; Gary S. Leiserowitz; Carlito B. Lebrilla,Journal of Proteome Research,https://doi.org/10.1021/pr100202a,https://openalex.org/W2071994095
2010,Mass Spectrometry Analysis of the Post-Translational Modifications of α-Enolase from Pancreatic Ductal Adenocarcinoma Cells,"Weidong Zhou, Michela Capello, Claudia Fredolini et al. (n=7)",Weidong Zhou; Michela Capello; Claudia Fredolini; Lorenzo Piemonti; Lance A. Liotta; Francesco Novelli; Emanuel F. Petricoin,Journal of Proteome Research,https://doi.org/10.1021/pr901109w,https://openalex.org/W2036692539
2010,Proteomic Analysis Provides Insights on Venom Processing in <i>Conus textile</i>,"Lemmuel L. Tayo, Bingwen Lu, Lourdes J. Cruz et al. (n=4)",Lemmuel L. Tayo; Bingwen Lu; Lourdes J. Cruz; John R. Yates,Journal of Proteome Research,https://doi.org/10.1021/pr901032r,https://openalex.org/W2010758923
2010,Ultra-High Performance Liquid Chromatography−Mass Spectrometry for the Fast Profiling of Histone Post-Translational Modifications,"Kévin Contrepois, Éric Ezan, Carl Mann et al. (n=4)",Kévin Contrepois; Éric Ezan; Carl Mann; François Fenaille,Journal of Proteome Research,https://doi.org/10.1021/pr100497a,https://openalex.org/W2076392531
2010,Random Glycopeptide Bead Libraries for Seromic Biomarker Discovery,"Stjepan Krešimir Kračun, Emiliano Cló, Henrik Clausen et al. (n=6)",Stjepan Krešimir Kračun; Emiliano Cló; Henrik Clausen; Steven B. Levery; Knud J. Jensen; Ola Blixt,Journal of Proteome Research,https://doi.org/10.1021/pr1008477,https://openalex.org/W2002750500
2010,Quantitative Analysis of Protein Complex Constituents and Their Phosphorylation States on a LTQ-Orbitrap Instrument,"Cédric Przybylski, Martin A. Jünger, J Aubertin et al. (n=6)",Cédric Przybylski; Martin A. Jünger; J Aubertin; François Radvanyi; Ruedi Aebersold; Delphine Pflieger,Journal of Proteome Research,https://doi.org/10.1021/pr1003888,https://openalex.org/W1977211859
2010,Quantitative top-down proteomics of SILAC labeled human embryonic stem cells,"Timothy S. Collier, Prasenjit Sarkar, Balaji M. Rao et al. (n=4)",Timothy S. Collier; Prasenjit Sarkar; Balaji M. Rao; David C. Muddiman,Journal of the American Society for Mass Spectrometry,https://doi.org/10.1016/j.jasms.2010.01.031,https://openalex.org/W2052231736
2010,Elucidating the site of protein-ATP binding by top-down mass spectrometry,"Sheng Yin, Joseph A. Loo",Sheng Yin; Joseph A. Loo,Journal of the American Society for Mass Spectrometry,https://doi.org/10.1016/j.jasms.2010.01.002,https://openalex.org/W2066575756
2010,Native electrospray and electron-capture dissociation in FTICR mass spectrometry provide top-down sequencing of a protein component in an intact protein assembly,"Hao Zhang, Weidong Cui, Jianzhong Wen et al. (n=5)",Hao Zhang; Weidong Cui; Jianzhong Wen; Robert E. Blankenship; Michael L. Gross,Journal of the American Society for Mass Spectrometry,https://doi.org/10.1016/j.jasms.2010.08.006,https://openalex.org/W2012801290
2010,A top-down LC-FTICR MS-based strategy for characterizing oxidized calmodulin in activated macrophages,"Natacha Lourette, Heather S. Smallwood, Si Wu et al. (n=7)",Natacha Lourette; Heather S. Smallwood; Si Wu; Errol Robinson; Thomas C. Squier; Richard Smith; Ljiljana Paša‐Tolić,Journal of the American Society for Mass Spectrometry,https://doi.org/10.1016/j.jasms.2010.02.027,https://openalex.org/W2148445792
2010,A novel mass spectrometry cluster for high-throughput quantitative proteomics,"Magnus Palmblad, Yuri E. M. van der Burgt, Ekaterina Mostovenko et al. (n=5)",Magnus Palmblad; Yuri E. M. van der Burgt; Ekaterina Mostovenko; Hans Dalebout; André M. Deelder,Journal of the American Society for Mass Spectrometry,https://doi.org/10.1016/j.jasms.2010.02.001,https://openalex.org/W1964649760
2010,Confident assignment of intact mass tags to human salivary cystatins using top-down Fourier-transform ion cyclotron resonance mass spectrometry,"Christopher M. Ryan, Puneet Souda, Frédéric Halgand et al. (n=7)",Christopher M. Ryan; Puneet Souda; Frédéric Halgand; David T. Wong; Joseph A. Loo; Kym F. Faull; Julian P. Whitelegge,Journal of the American Society for Mass Spectrometry,https://doi.org/10.1016/j.jasms.2010.01.025,https://openalex.org/W2084705753
2010,An Integrated Top-Down and Bottom-Up Strategy for Characterization of Protein Isoforms and Modifications,"Si Wu, Nikola Tolić, Zhixin Tian et al. (n=5)",Si Wu; Nikola Tolić; Zhixin Tian; Errol Robinson; Ljiljana Paša‐Tolić,Methods in molecular biology,https://doi.org/10.1007/978-1-60761-977-2_18,https://openalex.org/W1606868849
2010,High Resolution Electron Transfer Dissociation Studies of Unfractionated Intact Histones from Murine Embryonic Stem Cells Using On-line Capillary LC Separation,"Shannon Eliuk, David Maltby, Barbara Panning et al. (n=4)",Shannon Eliuk; David Maltby; Barbara Panning; Alma L. Burlingame,Molecular & Cellular Proteomics,https://doi.org/10.1074/mcp.m900569-mcp200,https://openalex.org/W2161180778
2010,"Quantitative Mass Spectrometry of Histones H3.2 and H3.3 in Suz12-deficient Mouse Embryonic Stem Cells Reveals Distinct, Dynamic Post-translational Modifications at Lys-27 and Lys-36","Hye Ryung Jung, Diego Pasini, Kristian Helin et al. (n=4)",Hye Ryung Jung; Diego Pasini; Kristian Helin; Ole N. Jensen,Molecular & Cellular Proteomics,https://doi.org/10.1074/mcp.m900489-mcp200,https://openalex.org/W1970888745
2010,J. Proteome Res.,"Ostasiewicz, P., Zielinska, D., Mann, M. et al. (n=4)","Ostasiewicz, P.; Zielinska, D.; Mann, M.; Wisniewski, J.",MPG.PuRe (Max Planck Society),,https://openalex.org/W7140249580
2010,Mass spectrometry in plant proteomic analysis,"Isabelle Colas, Olga Koroleva, Peter Shaw",Isabelle Colas; Olga Koroleva; Peter Shaw,Plant Biosystems - An International Journal Dealing with all Aspects of Plant Biology,https://doi.org/10.1080/11263501003764392,https://openalex.org/W1964310754
2010,Comprehensive Identification and Modified-Site Mapping of S-Nitrosylated Targets in Prostate Epithelial Cells,"Ying Wai Lam, Yong Yuan, J.E. Isaac et al. (n=6)",Ying Wai Lam; Yong Yuan; J.E. Isaac; C. V. Suresh Babu; Jarek Meller; Shuk‐Mei Ho,PLoS ONE,https://doi.org/10.1371/journal.pone.0009075,https://openalex.org/W2080616631
2010,High‐efficiency nano‐ and micro‐HPLC – High‐resolution Orbitrap‐MS platform for top‐down proteomics,"Jens Henning Mohr, Remco Swart, Martin Samonig et al. (n=5)",Jens Henning Mohr; Remco Swart; Martin Samonig; Günter Böhm; Christian G. Huber,PROTEOMICS,https://doi.org/10.1002/pmic.201000341,https://openalex.org/W2043859177
2010,Cover Picture: Proteomics 20'10,,,PROTEOMICS,https://doi.org/10.1002/pmic.201090089,https://openalex.org/W4242024490
2010,In this issue,,,PROTEOMICS,https://doi.org/10.1002/pmic.201090091,https://openalex.org/W4242476769
2010,The Effects of Mass Accuracy on the Validation of MS/MS Data,"Ron Orlando, Johan Lim, G. Zohrabyan et al. (n=6)",Ron Orlando; Johan Lim; G. Zohrabyan; James Atwood; D. Brent Weatherly; Arthur Nuccio,PubMed Central,,https://openalex.org/W230311896
2010,The Mass Spectrometry Core Laboratory of the Biomolecular Research Facility at the University of Virginia Health System.,"Chase Castro, Jay W. Fox, R. Reuther et al. (n=6)",Chase Castro; Jay W. Fox; R. Reuther; John D. Shannon; Nicholas E. Sherman; James G Farmar,PubMed Central,,https://openalex.org/W337720854
2010,Danforth Center: Proteomics & Mass Spectrometry Core Facility,"B. Zhang, ZhiQiang LIU, H. Wang et al. (n=6)",B. Zhang; ZhiQiang LIU; H. Wang; J. Mandzukic; Leslie M. Hicks; Sophie Alvarez,PubMed Central,,https://openalex.org/W2296546171
2010,UCLA Molecular Instrumentation Center- Proteomics and Mass Spectrometry Facilities,Melissa Sondej,Melissa Sondej,PubMed Central,,https://openalex.org/W1541795125
2010,Sites and extent of selenomethionine incorporation into recombinant Cas6 protein by top‐down and bottom‐up proteomics with 14.5 T Fourier transform ion cyclotron resonance mass spectrometry,"Xu Wang, Jeremiah D. Tipton, Mark R. Emmett et al. (n=4)",Xu Wang; Jeremiah D. Tipton; Mark R. Emmett; Alan G. Marshall,Rapid Communications in Mass Spectrometry,https://doi.org/10.1002/rcm.4655,https://openalex.org/W2108873260
2010,How hybrid mass spectrometers with multiple analyzers and dissociation methods will transform protein sequence analysis,Joshua J. Coon,Joshua J. Coon,The FASEB Journal,https://doi.org/10.1096/fasebj.24.1_supplement.306.3,https://openalex.org/W2290738045
2010,Comparative analysis of phytohormone-responsive phosphoproteins in Arabidopsis thaliana using TiO2-phosphopeptide enrichment and mass accuracy precursor alignment,"Yanmei Chen, Wolfgang Hoehenwarter, Wolfram Weckwerth",Yanmei Chen; Wolfgang Hoehenwarter; Wolfram Weckwerth,The Plant Journal,https://doi.org/10.1111/j.1365-313x.2010.04218.x,https://openalex.org/W1917156407
2011,"A Multiplexed Approach for the Determination of Intact Protein Mass, Dimension and Oligomerization Using Nanoelectrospray Ion Mobility Spectrometry (GEMMA), LTQ-Orbitrap MS, MALLS and QELS","E. A. Kapelios, Spyridoula Karamanou, M. F. Sardis et al. (n=7)",E. A. Kapelios; Spyridoula Karamanou; M. F. Sardis; Malvina Papanastasiou; M. Aivaliotis; Spiros A. Pergantis; Anastassios Economou,,,https://openalex.org/W2909336500
2011,Mass Spectrometric Analyses of Post-Translationally Modified Proteins,He‐Hsuan Hsiao,He‐Hsuan Hsiao,,https://doi.org/10.53846/goediss-415,https://openalex.org/W1561739532
2011,Native Electrospray and Electron-Capture Dissociation FTICR Mass Spectrometry for Top-Down Studies of Protein Assemblies,"Hao Zhang, Weidong Cui, Jianzhong Wen et al. (n=5)",Hao Zhang; Weidong Cui; Jianzhong Wen; Robert E. Blankenship; Michael L. Gross,Analytical Chemistry,https://doi.org/10.1021/ac200695d,https://openalex.org/W2004531406
2011,Unit Mass Baseline Resolution for an Intact 148 kDa Therapeutic Monoclonal Antibody by Fourier Transform Ion Cyclotron Resonance Mass Spectrometry,"Santosh G. Valeja, Nathan K. Kaiser, Feng Xian et al. (n=6)",Santosh G. Valeja; Nathan K. Kaiser; Feng Xian; Christopher L. Hendrickson; Jason C. Rouse; Alan G. Marshall,Analytical Chemistry,https://doi.org/10.1021/ac202429c,https://openalex.org/W66210199
2011,Tandem Mass Tag Protein Labeling for Top-Down Identification and Quantification,"Chien‐Wen Hung, Andreas Tholey",Chien‐Wen Hung; Andreas Tholey,Analytical Chemistry,https://doi.org/10.1021/ac202243r,https://openalex.org/W2334381244
2011,Strategy and Its Implications of Protein Bioanalysis Utilizing High-Resolution Mass Spectrometric Detection of Intact Protein,"Qian Ruan, Qin Ji, Mark E. Arnold et al. (n=5)",Qian Ruan; Qin Ji; Mark E. Arnold; W. Griffith Humphreys; Mingshe Zhu,Analytical Chemistry,https://doi.org/10.1021/ac201540t,https://openalex.org/W2319376287
2011,Sensitive and Reproducible Intact Mass Analysis of Complex Protein Mixtures with Superficially Porous Capillary Reversed-Phase Liquid Chromatography Mass Spectrometry,"Michael J. Roth, Daniel A. Plymire, Audrey N. Chang et al. (n=7)",Michael J. Roth; Daniel A. Plymire; Audrey N. Chang; Jaekuk Kim; Erica M. Maresh; Shane E. Larson; Steven M. Patrie,Analytical Chemistry,https://doi.org/10.1021/ac202339x,https://openalex.org/W2314981029
2011,"Differential phosphopeptide expression in a benign breast tissue, and triple-negative primary and metastatic breast cancer tissues from the same African-American woman by LC-LTQ/FT-ICR mass spectrometry","Suzan M. Semaan, Xu Wang, Paul A. Stewart et al. (n=5)",Suzan M. Semaan; Xu Wang; Paul A. Stewart; Alan G. Marshall; Qing‐Xiang Amy Sang,Biochemical and Biophysical Research Communications,https://doi.org/10.1016/j.bbrc.2011.07.057,https://openalex.org/W1987509946
2011,Proteomics in the microbial sciences,"Ciaren Graham, Geoff McMullan, R. L. Graham",Ciaren Graham; Geoff McMullan; R. L. Graham,Bioengineered Bugs,https://doi.org/10.4161/bbug.2.1.14413,https://openalex.org/W2040065540
2011,Oxidation and Palmitoylation of SNAP-25B In Vitro,"Nozomi Ogawa, Alex DaBell, Dixon J. Woodbury",Nozomi Ogawa; Alex DaBell; Dixon J. Woodbury,Biophysical Journal,https://doi.org/10.1016/j.bpj.2010.12.2420,https://openalex.org/W2056244991
2011,"Abstract A57: Distinctive phosphoprotein profiles in a benign breast tissue, and triple-negative primary and metastatic breast cancer tissues from the same African American woman by LC-LTQ/FT-ICR mass spectrometry","Suzan M. Semaan, Xu Wang, Paul A. Stewart et al. (n=5)",Suzan M. Semaan; Xu Wang; Paul A. Stewart; Alan G. Marshall; Qing‐Xiang Amy Sang,Cancer Epidemiology Biomarkers & Prevention,https://doi.org/10.1158/1055-9965.disp-11-a57,https://openalex.org/W2327284593
2011,Comprehensive Profiling for Histone H4 of Human Liver Cells Using High Resolution LTQ‐Orbitrap Mass Spectrometry,"Aiying Nie, Haojie Lu, Pengyuan Yang et al. (n=4)",Aiying Nie; Haojie Lu; Pengyuan Yang; Fuchu He,Chinese Journal of Chemistry,https://doi.org/10.1002/cjoc.201190047,https://openalex.org/W2086570233
2011,Quantitative Proteomics Using Isobaric Chemical Tagging and HCD,Emily S. Boja,Emily S. Boja,Current Proteomics,https://doi.org/10.2174/157016411794697381,https://openalex.org/W2320612562
2011,Proteomics of Putative Protein Biomarkers in Human Breast Cancer Tissues,,,DigiNole (Florida State University),,https://openalex.org/W7111915753
2011,Study of the molecular details of p53 redox-regulation using Fourier transform ion cyclotron resonance mass spectrometry,Jenna Scotcher,Jenna Scotcher,ERA,,https://openalex.org/W1604182459
2011,Analysis of histone modifications from tryptic peptides of deuteroacetylated isoforms,"Elisabeth Hersman, Dwella M. Nelson, Wendell P. Griffith et al. (n=5)",Elisabeth Hersman; Dwella M. Nelson; Wendell P. Griffith; Christine Jelinek; Robert J. Cotter,International Journal of Mass Spectrometry,https://doi.org/10.1016/j.ijms.2011.04.006,https://openalex.org/W2038775665
2011,Intact protein separation by chromatographic and/or electrophoretic techniques for top-down proteomics,"Anna Laura Capriotti, Chiara Cavaliere, Patrizia Foglia et al. (n=5)",Anna Laura Capriotti; Chiara Cavaliere; Patrizia Foglia; Roberto Samperi; Aldo Laganà,Journal of Chromatography A,https://doi.org/10.1016/j.chroma.2011.05.094,https://openalex.org/W1978935165
2011,Epitope Structure of the Carbohydrate Recognition Domain of Asialoglycoprotein Receptor to a Monoclonal Antibody Revealed by High-Resolution Proteolytic Excision Mass Spectrometry,"Raluca Ştefănescu, Rita Born, Adrián Moise et al. (n=5)",Raluca Ştefănescu; Rita Born; Adrián Moise; Beat Ernst; Michael Przybylski,Journal of the American Society for Mass Spectrometry,https://doi.org/10.1007/s13361-010-0010-y,https://openalex.org/W1995318435
2011,Emerging Mass Spectrometry-Based Technologies for Analyses of Chromatin Changes: Analysis of Histones and Histone Modifications,"Brinda Shah, Rachel L. Kozlowski, Jun Han et al. (n=4)",Brinda Shah; Rachel L. Kozlowski; Jun Han; Christoph H. Borchers,Methods in molecular biology,https://doi.org/10.1007/978-1-61779-231-1_16,https://openalex.org/W2410277158
2011,Proteogenomic Analysis of Mycobacterium tuberculosis By High Resolution Mass Spectrometry,"Dhanashree Kelkar, Dhirendra Kumar, Praveen Kumar et al. (n=22)",Dhanashree Kelkar; Dhirendra Kumar; Praveen Kumar; Lavanya Balakrishnan; Babylakshmi Muthusamy; Amit Kumar Yadav; Priyanka Shrivastava; Arivusudar Marimuthu; Sridhar Anand; Hema Sundaram; Reena Kingsbury; H.C. Harsha; Bipin G. Nair; Thottethodi Subrahmanya Keshava Prasad; Devendra Singh Chauhan; Kiran Katoch; Vishwa Mohan Katoch; Prahlad Kumar; Raghothama Chaerkady; Srinivasan Ramachandran; Debasis Dash; Akhilesh Pandey,Molecular & Cellular Proteomics,https://doi.org/10.1074/mcp.m111.011627,https://openalex.org/W4365787616
2011,J. Proteome Res.,"J. Cox, Nadin Neuhauser, A. Michalski et al. (n=6)",J. Cox; Nadin Neuhauser; A. Michalski; Richard A. Scheltema; J. Olsen; M. Mann,MPG.PuRe (Max Planck Society),,https://openalex.org/W7139170823
2011,Gas-phase Ion-electron and Ion-photon Reactions for Structural Characterization of Protein Glycosylation.,Wen Zhou,Wen Zhou,Pediatric Pulmonology,,https://openalex.org/W12296326
2011,Is proteomics starting to deliver on biomarkers discovery,Arie Admon,Arie Admon,Pigment Cell & Melanoma Research,https://doi.org/10.1111/j.1755-148x.2011.00930.x,https://openalex.org/W1943298808
2011,Profiling the Trypanosoma cruzi Phosphoproteome,"Fabrício Klerynton Marchini, Lyris Martins Franco de Godoy, ‪Rita de Cássia Pontello Rampazzo et al. (n=8)",Fabrício Klerynton Marchini; Lyris Martins Franco de Godoy; ‪Rita de Cássia Pontello Rampazzo; Daniela Parada Pavoni; Christian Probst; Florian Gnad; Matthias Mann; Marco Aurélio Krieger,PLoS ONE,https://doi.org/10.1371/journal.pone.0025381,https://openalex.org/W2081960629
2011,Evaluation of combined matrix‐assisted laser desorption/ionization time‐of‐flight and matrix‐assisted laser desorption/ionization Fourier transform ion cyclotron resonance mass spectrometry experiments for peptide mass fingerprinting analysis,"David Da Silva, Thierry Wasselin, Vincent Carré et al. (n=7)",David Da Silva; Thierry Wasselin; Vincent Carré; Patrick Chaimbault; Lina Bezdetnaya; Benoı̂t Maunit; Jean‐François Müller,Rapid Communications in Mass Spectrometry,https://doi.org/10.1002/rcm.5057,https://openalex.org/W1955767835
2011,Improving confidence in detection and characterization of protein N‐glycosylation sites and microheterogeneity,"Anoop Mayampurath, Yin Wu, Zaneer M. Segu et al. (n=5)",Anoop Mayampurath; Yin Wu; Zaneer M. Segu; Yehia Mechref; Haixu Tang,Rapid Communications in Mass Spectrometry,https://doi.org/10.1002/rcm.5059,https://openalex.org/W2152325665
2011,Site‐specific proteomic approach for study protein S‐nitrosylation,"Shi‐Jian Ding, Miao Liu",Shi‐Jian Ding; Miao Liu,The FASEB Journal,https://doi.org/10.1096/fasebj.25.1_supplement.959.2,https://openalex.org/W3175380227
2011,Proteomics and biotechnologies: new methods for glycoproteome analysis,Chiara Giangrande,Chiara Giangrande,Università degli Studi di Napoli Federico II,https://doi.org/10.6092/unina/fedoa/8586,https://openalex.org/W1482368940
2012,Protein identification in biomarker discovery studies based on profiling of intact proteins: Why the challenge? Lesson gained from breast cancer tissues,"Pavel Bouchal, Monika Dvořáková, Spiros D. Garbis et al. (n=6)",Pavel Bouchal; Monika Dvořáková; Spiros D. Garbis; Alexander Scherl; Rudolf Nenutil; Bořivoj Vojtěšek,,,https://openalex.org/W2613798500
2012,Nano-LC FTICR Tandem Mass Spectrometry for Top-Down Proteomics: Routine Baseline Unit Mass Resolution of Whole Cell Lysate Proteins up to 72 kDa,"Jeremiah D. Tipton, John C. Tran, Adam D. Catherman et al. (n=10)",Jeremiah D. Tipton; John C. Tran; Adam D. Catherman; Dorothy R. Ahlf; Kenneth R. Durbin; Ji Eun Lee; John F. Kellie; Neil L. Kelleher; Christopher L. Hendrickson; Alan G. Marshall,Analytical Chemistry,https://doi.org/10.1021/ac202651v,https://openalex.org/W2028089076
2012,Defining Intact Protein Primary Structures from Saliva: A Step toward the Human Proteome Project,"Frédéric Halgand, Vlad Zabrouskov, Sara Bassilian et al. (n=8)",Frédéric Halgand; Vlad Zabrouskov; Sara Bassilian; Puneet Souda; Joseph A. Loo; Kym F. Faull; David T. Wong; Julian P. Whitelegge,Analytical Chemistry,https://doi.org/10.1021/ac203337s,https://openalex.org/W2032175277
2012,Top-Down FTICR MS for the Identification of Fluorescent Labeling Efficiency and Specificity of the Cu-Protein Azurin,"Simone Nicolardi, Alessio Andreoni, Leandro C. Tabares et al. (n=7)",Simone Nicolardi; Alessio Andreoni; Leandro C. Tabares; Yuri E. M. van der Burgt; Gerard W. Canters; André M. Deelder; Paul J. Hensbergen,Analytical Chemistry,https://doi.org/10.1021/ac203370f,https://openalex.org/W1990655084
2012,Deamidation of Collagen,"Pilar Perez Hurtado, Peter B. O’Connor",Pilar Perez Hurtado; Peter B. O’Connor,Analytical Chemistry,https://doi.org/10.1021/ac202980z,https://openalex.org/W1993549465
2012,Purification and High-Resolution Top-Down Mass Spectrometric Characterization of Human Salivary α-Amylase,"Ying Peng, Xin Chen, Takuya Sato et al. (n=6)",Ying Peng; Xin Chen; Takuya Sato; Scott A. Rankin; Ryohei Tsuji; Ying Ge,Analytical Chemistry,https://doi.org/10.1021/ac300083y,https://openalex.org/W2090730632
2012,"A High-Throughput, Multiplexed Kinase Assay Using a Benchtop Orbitrap Mass Spectrometer To Investigate the Effect of Kinase Inhibitors on Kinase Signaling Pathways","Ryan C. Kunz, Fiona E. McAllister, A. John Rush et al. (n=4)",Ryan C. Kunz; Fiona E. McAllister; A. John Rush; Steven P. Gygi,Analytical Chemistry,https://doi.org/10.1021/ac301116z,https://openalex.org/W2054296456
2012,Characterization of Modified RNA by Top‐Down Mass Spectrometry,"Monika Taucher, Kathrin Breuker",Monika Taucher; Kathrin Breuker,Angewandte Chemie,https://doi.org/10.1002/ange.201206232,https://openalex.org/W4243587630
2012,Exploring an Orbitrap Analyzer for the Characterization of Intact Antibodies by Native Mass Spectrometry,"Sara Rosati, Rebecca Rose, Natalie Thompson et al. (n=8)",Sara Rosati; Rebecca Rose; Natalie Thompson; Esther van Duijn; Eugen Damoc; Eduard Denisov; Alexander Makarov; Albert J. R. Heck,Angewandte Chemie International Edition,https://doi.org/10.1002/anie.201206745,https://openalex.org/W2096488752
2012,"UV Radiation Induces Genome‐Mediated, Site‐Specific Cleavage in Viral Proteins","Krista R. Wigginton, Laure Menin, Thérèse Sigstam et al. (n=9)",Krista R. Wigginton; Laure Menin; Thérèse Sigstam; Greg Gannon; Michele Cascella; Hisham Ben Hamidane; Yury O. Tsybin; Patrice Waridel; Tamar Kohn,ChemBioChem,https://doi.org/10.1002/cbic.201100601,https://openalex.org/W2135988091
2012,Applications in analysis of post-translational modification of proteins by fourier transform-ion cyclotron resonance mass spectrometry,Fang Xiang,Fang Xiang,Chemical Reagents,,https://openalex.org/W2366940514
2012,Metal-oxide enrichment and gas-phase characterization of sulfopeptides using Fourier transform ion cyclotron resonance mass spectrometry,Katherine E. Hersberger,Katherine E. Hersberger,Deep Blue (University of Michigan),,https://openalex.org/W102867900
2012,Effects of Protein Modification on Bottom-up Quantitative Proteomic Analyses.,"Josh Aldrich, David L. Stenoien, Ljiljana Paa-Toli et al. (n=4)",Josh Aldrich; David L. Stenoien; Ljiljana Paa-Toli; Shawna Hengel,Europe PMC (PubMed Central),,https://openalex.org/W2335865822
2012,"Orbitrap mass spectrometry with resolving powers above 1,000,000","Eduard Denisov, Eugen Damoc, Oliver Lange et al. (n=4)",Eduard Denisov; Eugen Damoc; Oliver Lange; Alexander Makarov,International Journal of Mass Spectrometry,https://doi.org/10.1016/j.ijms.2012.06.009,https://openalex.org/W2066007559
2012,Top–down mass spectrometry reveals new sequence variants of the major bovine seminal plasma protein PDC‐109,"Mikko Laitaoja, Rajeshwer S. Sankhala, Musti J. Swamy et al. (n=4)",Mikko Laitaoja; Rajeshwer S. Sankhala; Musti J. Swamy; Janne Jänis,Journal of Mass Spectrometry,https://doi.org/10.1002/jms.3032,https://openalex.org/W1903833115
2012,Evaluation of the Compact High-Field Orbitrap for Top-Down Proteomics of Human Cells,"Dorothy R. Ahlf, Philip D. Compton, John C. Tran et al. (n=6)",Dorothy R. Ahlf; Philip D. Compton; John C. Tran; Bryan P. Early; Paul M. Thomas; Neil L. Kelleher,Journal of Proteome Research,https://doi.org/10.1021/pr3004216,https://openalex.org/W1964946814
2012,Delicate Analysis of Post-Translational Modifications on Dishevelled 3,"Chaochao Wu, Wei Wei, Chen Li et al. (n=6)",Chaochao Wu; Wei Wei; Chen Li; Qingrun Li; Quanhu Sheng; Rong Zeng,Journal of Proteome Research,https://doi.org/10.1021/pr300314d,https://openalex.org/W2324609151
2012,Characterization and stability of transthyretin isoforms in cerebrospinal fluid examined by immunoprecipitation and high-resolution mass spectrometry of intact protein,"Keld Poulsen, Justyna M.C. Bahl, Julia T. Tanassi et al. (n=5)",Keld Poulsen; Justyna M.C. Bahl; Julia T. Tanassi; Anja Hviid Simonsen; Niels H. H. Heegaard,Methods,https://doi.org/10.1016/j.ymeth.2011.12.009,https://openalex.org/W2087585555
2012,Advancing Cell Biology Through Proteomics in Space and Time (PROSPECTS),"Angus I. Lamond, Mathias Uhlén, Stevan Horning et al. (n=14)",Angus I. Lamond; Mathias Uhlén; Stevan Horning; Alexander Makarov; Carol V. Robinson; Luís Serrano; F. Ulrich Hartl; Wolfgang Baumeister; Anne Katrin Werenskiold; Jens Andersen; Ole Vorm; Michal Linial; Ruedi Aebersold; Matthias Mann,Molecular & Cellular Proteomics,https://doi.org/10.1074/mcp.o112.017731,https://openalex.org/W2116160897
2012,High-sensitivity Orbitrap mass analysis of intact macromolecular assemblies,"Rebecca Rose, Eugen Damoc, Eduard Denisov et al. (n=5)",Rebecca Rose; Eugen Damoc; Eduard Denisov; Alexander Makarov; Albert J. R. Heck,Nature Methods,https://doi.org/10.1038/nmeth.2208,https://openalex.org/W2156577106
2012,Spinning up mass spectrometry for whole protein complexes,"Philip D. Compton, Neil L. Kelleher",Philip D. Compton; Neil L. Kelleher,Nature Methods,https://doi.org/10.1038/nmeth.2216,https://openalex.org/W2086365915
2012,Mass spectrometry approaches for the discovery and full primary structure analysis of peptides secreted by the amphibian skin,Geisa Paulino Caprini Evaristo,Geisa Paulino Caprini Evaristo,Research Repository (Delft University of Technology),https://doi.org/10.4233/uuid:472be563-e6df-42b3-af4f-2dfecde615fc,https://openalex.org/W2137295967
2012,High-resolution mass-spectrometry analysis of peptides and proteins,"Е. Н. Николаев, Igor Popov, А. С. Кононихин et al. (n=5)",Е. Н. Николаев; Igor Popov; А. С. Кононихин; Maria I. Indeykina; Evgenii Kukaev,Russian Chemical Reviews,https://doi.org/10.1070/rc2012v081n11abeh004321,https://openalex.org/W2064173100
2012,Oxidation of SNAP25‐Syntaxin complex reduce its stability and prevents refolding,"Nozomi Ogawa, Tomonori Baba, Ryan M. Taylor et al. (n=5)",Nozomi Ogawa; Tomonori Baba; Ryan M. Taylor; John T. Prince; Dixon J. Woodbury,The FASEB Journal,https://doi.org/10.1096/fasebj.26.1_supplement.692.6,https://openalex.org/W3174322727
2012,Quantitative proteomic analysis of proteins and post‐translational modifications during the metaphase to anaphase transition after altered O‐GlcNAcylation,"Stephen A. Whelan, Ee Phie Tan, Catherine E. Costello et al. (n=5)",Stephen A. Whelan; Ee Phie Tan; Catherine E. Costello; Mark E. McComb; Chad Slawson,The FASEB Journal,https://doi.org/10.1096/fasebj.26.1_supplement.978.5,https://openalex.org/W3174648455
2012,Diet-induced perturbation of the rat liver mitochondrial acetylome studied by quantitative (iTRAQ) LC-MS/MS,"Ileana R. León, Veit Schwämmle, James C. Williamson et al. (n=8)",Ileana R. León; Veit Schwämmle; James C. Williamson; Giuseppe Palmisano; Steffen Bak; Richard R. Sprenger; Adelina Rogowska-Wrzesińska; Ole N. Jensen,University of Southern Denmark Research Portal (University of Southern Denmark),,https://openalex.org/W2613092421
2012,Studies of protein post-translational modifications using high resolution tandem mass spectrometry,Huilin Li,Huilin Li,Warwick Research Archive Portal (University of Warwick),,https://openalex.org/W1522079685
2013,Development of Top-Down Mass Spectrometry Approaches for the Analysis of Type IV Pili,Joseph Gault,Joseph Gault,,,https://openalex.org/W850008100
2013,MALDI MS,,,,https://doi.org/10.1002/9783527335961,https://openalex.org/W1520098629
2013,Determination of phosphoserine/threonine by nano ultra-performance liquid chromatography–tandem mass spectrometry coupled with microscale labeling,"Rongchun Chen, Lea‐Yea Chuang, Wei‐Lung Tseng et al. (n=5)",Rongchun Chen; Lea‐Yea Chuang; Wei‐Lung Tseng; Yu‐Chang Tyan; Chi‐Yu Lu,Analytical Biochemistry,https://doi.org/10.1016/j.ab.2013.08.022,https://openalex.org/W2095192073
2013,Analyzing Protein Micro-Heterogeneity in Chicken Ovalbumin by High-Resolution Native Mass Spectrometry Exposes Qualitatively and Semi-Quantitatively 59 Proteoforms,"Yang Yang, Arjan Barendregt, Johannis P. Kamerling et al. (n=4)",Yang Yang; Arjan Barendregt; Johannis P. Kamerling; Albert J. R. Heck,Analytical Chemistry,https://doi.org/10.1021/ac403057y,https://openalex.org/W2008406923
2013,Isobaric Protein-Level Labeling Strategy for Serum Glycoprotein Quantification Analysis by Liquid Chromatography–Tandem Mass Spectrometry,"Song Nie, Andy Lo, Jianhui Zhu et al. (n=6)",Song Nie; Andy Lo; Jianhui Zhu; Jing Wu; Mack T. Ruffin; David M. Lubman,Analytical Chemistry,https://doi.org/10.1021/ac400838s,https://openalex.org/W2065169042
2013,PROTEIN TYROSINE NITRATION UNDER PHYSIOLOGICAL CONDITIONS IN CELLULAR AND ANIMAL MODELS,Elisa Maffioli,Elisa Maffioli,Archivio Istituzionale della Ricerca (Universita Degli Studi Di Milano),https://doi.org/10.13130/maffioli-elisa-margherita_phd2013-02-19,https://openalex.org/W2215435909
2013,PROTEOMIC APPROACHES IN DRUGS AND BIOMARKERS DISCOVERY,A. Pancotti,A. Pancotti,Archivio Istituzionale della Ricerca (Universita Degli Studi Di Milano),https://doi.org/10.13130/pancotti-andrea_phd2013-02-22,https://openalex.org/W2346264571
2013,Top-Down Mass Spectrometry Imaging of Intact Proteins by LAESI FT-ICR MS,"András Kiss, Donald F. Smith, Brent R. Reschke et al. (n=5)",András Kiss; Donald F. Smith; Brent R. Reschke; Matthew J. Powell; Ron M. A. Heeren,arXiv (Cornell University),https://doi.org/10.48550/arxiv.1309.0988,https://openalex.org/W2244640969
2013,Quantitative Research of Histone H3 Acetylation Levels of Human Hepatocellular Carcinoma Cells,"Wenyan Wang, Lingjia Xu, Jilie Kong et al. (n=5)",Wenyan Wang; Lingjia Xu; Jilie Kong; Huizhi Fan; Pengyuan Yang,Bioanalysis,https://doi.org/10.4155/bio.12.324,https://openalex.org/W2101717059
2013,Redox regulation of tumour suppressor protein p53: identification of the sites of hydrogen peroxide oxidation and glutathionylation,"Jenna Scotcher, David J. Clarke, C. Logan Mackay et al. (n=6)",Jenna Scotcher; David J. Clarke; C. Logan Mackay; Ted R. Hupp; Peter J. Sadler; Pat R. R. Langridge‐Smith,Chemical Science,https://doi.org/10.1039/c2sc21702c,https://openalex.org/W2044296975
2013,Development and Application of Novel Electron Transfer Dissociation-based Technologies for Proteomics,Christian K. Frese,Christian K. Frese,Data Archiving and Networked Services (DANS),,https://openalex.org/W1511737916
2013,"Hydrogen/Deuterium Exchange, Supercharging and Top-down FT-ICR Mass Spectrometry of Biomolecules Method Development, Optimization and Applications",,,DigiNole (Florida State University),,https://openalex.org/W7112731007
2013,Analysis of Intact Proteins in Complex Mixtures,Avantika Dhabaria,Avantika Dhabaria,Digital Repository at the University of Maryland (University of Maryland College Park),,https://openalex.org/W96051848
2013,Proteomics and phosphoproteomics applied to cell signaling and cancer,Rochelle C. J. D’Souza,Rochelle C. J. D’Souza,Electronic Theses of LMU Munich (Ludwig-Maximilians-Universität München),https://doi.org/10.5282/edoc.16358,https://openalex.org/W1712320763
2013,Comparison of Proteome Discoverer and PEAKS Studio for Phosphoproteome Analysis,"Melinda Wojtkiewicz, Jayme Wiederin, Paweł Ciborowski et al. (n=4)",Melinda Wojtkiewicz; Jayme Wiederin; Paweł Ciborowski; Paweł Olszowy,Europe PMC (PubMed Central),,https://openalex.org/W200402047
2013,Intact protein mass spectrometry and top-down proteomics,Julian P. Whitelegge,Julian P. Whitelegge,Expert Review of Proteomics,https://doi.org/10.1586/epr.13.10,https://openalex.org/W1989999351
2013,Large volume injection of aqueous peptide samples on a monolithic silica based zwitterionic-hydrophilic interaction liquid chromatography system for characterization of posttranslational modifications,"Helle Malerød, Magnus Røgeberg, Nobuo Tanaka et al. (n=5)",Helle Malerød; Magnus Røgeberg; Nobuo Tanaka; Tyge Greibrokk; Elsa Lundanes,Journal of Chromatography A,https://doi.org/10.1016/j.chroma.2013.07.083,https://openalex.org/W1983012109
2013,Accurate Identification of Deamidated Peptides in Global Proteomics Using a Quadrupole Orbitrap Mass Spectrometer,"Angelito I. Nepomuceno, Radiance J. Gibson, Shan M. Randall et al. (n=4)",Angelito I. Nepomuceno; Radiance J. Gibson; Shan M. Randall; David C. Muddiman,Journal of Proteome Research,https://doi.org/10.1021/pr400848n,https://openalex.org/W2315156401
2013,Optimized Fragmentation Conditions for iTRAQ-labeled Phosphopeptides,"Dennis Linke, Chien‐Wen Hung, Liam Cassidy et al. (n=4)",Dennis Linke; Chien‐Wen Hung; Liam Cassidy; Andreas Tholey,Journal of Proteome Research,https://doi.org/10.1021/pr400113n,https://openalex.org/W2318224244
2013,An enzyme assisted RP-RPLC approach for in-depth analysis of human liver phosphoproteome,"Yangyang Bian, Chunxia Song, Kai Cheng et al. (n=10)",Yangyang Bian; Chunxia Song; Kai Cheng; Mingming Dong; Fangjun Wang; Junfeng Huang; Deguang Sun; Liming Wang; Mingliang Ye; Hanfa Zou,Journal of Proteomics,https://doi.org/10.1016/j.jprot.2013.11.014,https://openalex.org/W2103214923
2013,The proteomic profile of Stichodactyla duerdeni secretion reveals the presence of a novel O-linked glycopeptide,"Juliana S. Cassoli, Thiago Verano‐Braga, Joacir Stolarz Oliveira et al. (n=11)",Juliana S. Cassoli; Thiago Verano‐Braga; Joacir Stolarz Oliveira; Gabriela Montandon; Camila Takeno Cologna; Steve Peigneur; Adriano M.C. Pimenta; Frank Kjeldsen; Peter Roepstorff; Jan Tytgat; Maria Elena de Lima,Journal of Proteomics,https://doi.org/10.1016/j.jprot.2013.05.022,https://openalex.org/W1989597945
2013,Complete Protein Characterization Using Top-Down Mass Spectrometry and Ultraviolet Photodissociation,"Jared Shaw, Wenzong Li, Dustin D. Holden et al. (n=10)",Jared Shaw; Wenzong Li; Dustin D. Holden; Yan Zhang; Jens Griep‐Raming; Ryan T. Fellers; Bryan P. Early; Paul M. Thomas; Neil L. Kelleher; Jennifer S. Brodbelt,Journal of the American Chemical Society,https://doi.org/10.1021/ja4029654,https://openalex.org/W1969050666
2013,Multipurpose Dissociation Cell for Enhanced ETD of Intact Protein Species,"Christopher M. Rose, Jason D. Russell, Aaron R. Ledvina et al. (n=9)",Christopher M. Rose; Jason D. Russell; Aaron R. Ledvina; Graeme C. McAlister; Michael S. Westphall; Jens Griep‐Raming; Jae C. Schwartz; Joshua J. Coon; John E. P. Syka,Journal of the American Society for Mass Spectrometry,https://doi.org/10.1007/s13361-013-0622-0,https://openalex.org/W2051627828
2013,In-depth qualitative and quantitative analysis of composite glycosylation profiles and other micro-heterogeneity on intact monoclonal antibodies by high-resolution native mass spectrometry using a modified Orbitrap,"Sara Rosati, Ewald TJ van den Bremer, Janine Schuurman et al. (n=6)",Sara Rosati; Ewald TJ van den Bremer; Janine Schuurman; Paul W.H.I. Parren; Johannis P. Kamerling; Albert J. R. Heck,mAbs,https://doi.org/10.4161/mabs.26282,https://openalex.org/W2148927245
2013,Quantitative Phosphoproteomics Reveals the Role of Protein Arginine Phosphorylation in the Bacterial Stress Response,"Andreas Schmidt, Débora Broch Trentini, Silvia Spiess et al. (n=7)",Andreas Schmidt; Débora Broch Trentini; Silvia Spiess; Jakob Fuhrmann; Gustav Ammerer; Karl Mechtler; Tim Clausen,Molecular & Cellular Proteomics,https://doi.org/10.1074/mcp.m113.032292,https://openalex.org/W1998889146
2013,Protein Sets Define Disease States and Predict In Vivo Effects of Drug Treatment,"David Meierhofer, Christopher Weidner, Ludger Hartmann et al. (n=7)",David Meierhofer; Christopher Weidner; Ludger Hartmann; Johannes A. Mayr; Tina Han; Frank C. Schroeder; Sascha Sauer,Molecular & Cellular Proteomics,https://doi.org/10.1074/mcp.m112.025031,https://openalex.org/W2114577521
2013,Identification and Validation of Specific Markers of Bacillus anthracis Spores by Proteomics and Genomics Approaches,"Jérôme Chenau, François Fenaille, Valérie Caro et al. (n=10)",Jérôme Chenau; François Fenaille; Valérie Caro; Michel Haustant; Laure Diancourt; Silke R. Klee; Christophe Junot; Éric Ezan; Pierre L. Goossens; François Bécher,Molecular & Cellular Proteomics,https://doi.org/10.1074/mcp.m113.032946,https://openalex.org/W2121123840
2013,Top‐down mass spectrometry imaging of intact proteins by laser ablation ESI FT‐ICR MS,"András Kiss, Donald F. Smith, Brent R. Reschke et al. (n=5)",András Kiss; Donald F. Smith; Brent R. Reschke; Matthew J. Powell; Ron M. A. Heeren,PROTEOMICS,https://doi.org/10.1002/pmic.201300306,https://openalex.org/W2034369163
2013,Analysis of Post‐translational Modifications,"René P. Zahedi, Albert Sickmann",René P. Zahedi; Albert Sickmann,PROTEOMICS,https://doi.org/10.1002/pmic.201370054,https://openalex.org/W2089779453
2013,"PTM MarkerFinder, a software tool to detect and validate spectra from peptides carrying post‐translational modifications","Paolo Nanni, Christian Panse, Peter Gehrig et al. (n=6)",Paolo Nanni; Christian Panse; Peter Gehrig; Susanne Mueller; Jonas Grossmann; Ralph Schlapbach,PROTEOMICS,https://doi.org/10.1002/pmic.201300036,https://openalex.org/W2102398165
2013,Tandem mass spectrometry for the study of glyoxal‐derived advanced glycation end‐products (AGEs) in peptides,"Andrea F. Lopez‐Clavijo, Carlos Duque-Daza, Peter B. O’Connor",Andrea F. Lopez‐Clavijo; Carlos Duque-Daza; Peter B. O’Connor,Rapid Communications in Mass Spectrometry,https://doi.org/10.1002/rcm.6753,https://openalex.org/W1909376657
2013,Comprehensive Characterization of Posttranslational Modifications of Histones Using a Novel High‐Throughput Middle‐Down Proteomics Approach,"Sonja Hess, Anastasia Kalli, Annie Moradian et al. (n=4)",Sonja Hess; Anastasia Kalli; Annie Moradian; Michael J. Sweredoski,The FASEB Journal,https://doi.org/10.1096/fasebj.27.1_supplement.772.5,https://openalex.org/W117024612
2013,Protein carbamylation is a physiological post‐translational modification in the renal inner medulla,"J’Neka S. Claxton, G. Liu, Pablo C. Sandoval et al. (n=5)",J’Neka S. Claxton; G. Liu; Pablo C. Sandoval; C‐L Chou; Mark A. Knepper,The FASEB Journal,https://doi.org/10.1096/fasebj.27.1_supplement.1111.3,https://openalex.org/W3170427911
2013,Decreased nitration of mitochondrial complex I by ROS/RNS scavenging during cardiac ischemia reperfusion injury,"Qunli Cheng, Meiying Yang, James S. Heisner et al. (n=7)",Qunli Cheng; Meiying Yang; James S. Heisner; Martin Bienengraeber; Wai‐Meng Kwok; Amadou K.S. Camara; David F. Stowe,The FASEB Journal,https://doi.org/10.1096/fasebj.27.1_supplement.1209.13,https://openalex.org/W3175275690
2014,Structural Analysis of Complex Molecular Systems by High‐Resolution and Tandem Mass Spectrometry,Yury O. Tsybin,Yury O. Tsybin,,https://doi.org/10.1002/9783527673223.ch3,https://openalex.org/W1575879411
2014,Further development of the standard protocol for the enrichment of phosphorylated peptides from complex biological samples,Nick de Louw,Nick de Louw,,,https://openalex.org/W2737636273
2014,P1‐155: TARGETING SYNAPTIC PATHOLOGY WITH A NOVEL AFFINITY MASS SPECTROMETRY APPROACH,"Ann Brinkmalm, Gunnar Brinkmalm, William G. Honer et al. (n=6)",Ann Brinkmalm; Gunnar Brinkmalm; William G. Honer; Henrik Zetterberg; Kaj Blennow; Annika Öhrfelt,Alzheimer s & Dementia,https://doi.org/10.1016/j.jalz.2014.05.393,https://openalex.org/W2169061686
2014,P2‐097: CEREBROSPINAL FLUID PROTEOMIC BIOMARKERS ASSOCIATED WITH NORMAL AGING AND ALZHEIMER'S DISEASE,"Steven Lynham, Vikram Mitra, Malcolm Ward et al. (n=6)",Steven Lynham; Vikram Mitra; Malcolm Ward; Abhay Moghekar; Richard O’Brien; Madhav Thambisetty,Alzheimer s & Dementia,https://doi.org/10.1016/j.jalz.2014.05.771,https://openalex.org/W2150779955
2014,P2‐101: EVALUATION OF THE PRESYNAPTIC PROTEIN SNAP‐25 AS A NOVEL CEREBROSPINAL FLUID MARKER FOR SYNAPTIC PATHOLOGY IN ALZHEIMER'S DISEASE,"Annika Öhrfelt, Gunnar Brinkmalm, William G. Honer et al. (n=11)",Annika Öhrfelt; Gunnar Brinkmalm; William G. Honer; Lutz Frölich; Lucrezia Hausner; Lennart Minthon; Oskar Hansson; Anders Wallin; Henrik Zetterberg; Kaj Blennow; Ann Brinkmalm,Alzheimer s & Dementia,https://doi.org/10.1016/j.jalz.2014.05.776,https://openalex.org/W2016631525
2014,New Ionization and Detection Technologies for Mass Spectrometry Imaging. From Small Molecules to Intact Proteins,András Kiss,András Kiss,AMOLF Institutional Repository (AMOLF),,https://openalex.org/W2161530278
2014,High-Resolution Fourier Transform Ion Cyclotron Resonance Mass Spectrometry with Increased Throughput for Biomolecular Analysis,"Konstantin O. Nagornov, Mikhail V. Gorshkov, Anton N. Kozhinov et al. (n=4)",Konstantin O. Nagornov; Mikhail V. Gorshkov; Anton N. Kozhinov; Yury O. Tsybin,Analytical Chemistry,https://doi.org/10.1021/ac501579h,https://openalex.org/W1993066071
2014,Structural Analysis of an Intact Monoclonal Antibody by Online Electrochemical Reduction of Disulfide Bonds and Fourier Transform Ion Cyclotron Resonance Mass Spectrometry,"Simone Nicolardi, André M. Deelder, Magnus Palmblad et al. (n=4)",Simone Nicolardi; André M. Deelder; Magnus Palmblad; Yuri E. M. van der Burgt,Analytical Chemistry,https://doi.org/10.1021/ac500383c,https://openalex.org/W2330379985
2014,Sheathless Capillary Electrophoresis-Tandem Mass Spectrometry for Top-Down Characterization of <i>Pyrococcus furiosus</i> Proteins on a Proteome Scale,"Xuemei Han, Yueju Wang, Aaron Aslanian et al. (n=6)",Xuemei Han; Yueju Wang; Aaron Aslanian; Marshall Bern; Mathieu Lavallée‐Adam; John R. Yates,Analytical Chemistry,https://doi.org/10.1021/ac503439n,https://openalex.org/W2323269825
2014,Hybridizing Ultraviolet Photodissociation with Electron Transfer Dissociation for Intact Protein Characterization,"Joe R. Cannon, Dustin D. Holden, Jennifer S. Brodbelt",Joe R. Cannon; Dustin D. Holden; Jennifer S. Brodbelt,Analytical Chemistry,https://doi.org/10.1021/ac5036082,https://openalex.org/W2313956144
2014,HIGH RESOLUTION MASS SPECTROMETRIC STRATEGIES IN DRUG DISCOVERY FOR THE INVESTIGATION OF COVALENT AND NON-COVALENT INTERACTIONS,Danilo De Maddis,Danilo De Maddis,Archivio Istituzionale della Ricerca (Universita Degli Studi Di Milano),https://doi.org/10.13130/de-maddis-danilo_phd2014-02-25,https://openalex.org/W999568285
2014,Abstract 355: Post-translational Modification of Histone Variants in Cardiac Hypertrophy,"MickeyMiller, AmanMakaju, LiWang et al. (n=4)",MickeyMiller; AmanMakaju; LiWang; SarahFranklin,Circulation Research,,https://openalex.org/W2885688046
2014,Abstract 355: Post-translational Modification of Histone Variants in Cardiac Hypertrophy,"Mickey Miller, Aman Makaju, Li Wang et al. (n=4)",Mickey Miller; Aman Makaju; Li Wang; Sarah Franklin,Circulation Research,https://doi.org/10.1161/res.115.suppl_1.355,https://openalex.org/W2404169938
2014,MS-based quantitative proteomics for molecular cancer diagnostics,Sally J. Deeb,Sally J. Deeb,Electronic Theses of LMU Munich (Ludwig-Maximilians-Universität München),https://doi.org/10.5282/edoc.20546,https://openalex.org/W2589747681
2014,Study of the post-translational modifications of histone H4 by Fourier transform ion cyclotron resonance mass spectrometry.,Muhammed Karim,Muhammed Karim,ERA,,https://openalex.org/W830667580
2014,ESPP Functional Genomics and Imaging Core: Cell wide analysis of Metal-Reducing Bacteria,Aindrila Mukhopadhyay,Aindrila Mukhopadhyay,eScholarship (California Digital Library),,https://openalex.org/W84991264
2014,An integrated proteo-bioinformatics approach to gain insights in the pathophysiology of varicocele associated male infertility,"Ashok Agarwal, Rakesh Sharma, Damayanthi Durairajanayagam et al. (n=9)",Ashok Agarwal; Rakesh Sharma; Damayanthi Durairajanayagam; Zhihong Cui; Ahmet Ayaz; Sajal Gupta; Belinda Willard; Banu Gopalan; Edmund Sabanegh,Fertility and Sterility,https://doi.org/10.1016/j.fertnstert.2014.07.667,https://openalex.org/W2038451179
2014,Functional proteomic analysis of sperm proteins in infertile men with unilateral varicocele,"Ashok Agarwal, Rakesh Sharma, Damayanthi Durairajanayagam et al. (n=9)",Ashok Agarwal; Rakesh Sharma; Damayanthi Durairajanayagam; Zhihong Cui; Ahmet Ayaz; Sajal Gupta; Belinda Willard; Banu Gopalan; Edmund Sabanegh,Fertility and Sterility,https://doi.org/10.1016/j.fertnstert.2014.07.632,https://openalex.org/W2104188814
2014,Increasing fragmentation of disulfide-bonded proteins for top–down mass spectrometry by supercharging,"Jiang Zhang, Rachel R. Ogorzalek Loo, Joseph A. Loo",Jiang Zhang; Rachel R. Ogorzalek Loo; Joseph A. Loo,International Journal of Mass Spectrometry,https://doi.org/10.1016/j.ijms.2014.07.047,https://openalex.org/W1965748028
2014,Enhanced Fourier transform for Orbitrap mass spectrometry,"Oliver Lange, Eugen Damoc, Andreas Wieghaus et al. (n=4)",Oliver Lange; Eugen Damoc; Andreas Wieghaus; Alexander Makarov,International Journal of Mass Spectrometry,https://doi.org/10.1016/j.ijms.2014.05.019,https://openalex.org/W2090910993
2014,Protein derivatization and sequential ion/ion reactions to enhance sequence coverage produced by electron transfer dissociation mass spectrometry,"Lissa C. Anderson, A. Michelle English, Weihan Wang et al. (n=6)",Lissa C. Anderson; A. Michelle English; Weihan Wang; Dina L. Bai; Jeffrey Shabanowitz; Donald F. Hunt,International Journal of Mass Spectrometry,https://doi.org/10.1016/j.ijms.2014.06.023,https://openalex.org/W2048083804
2014,Reprint of “Enhanced Fourier transform for Orbitrap mass spectrometry”,"Oliver Lange, Eugen Damoc, Andreas Wieghaus et al. (n=4)",Oliver Lange; Eugen Damoc; Andreas Wieghaus; Alexander Makarov,International Journal of Mass Spectrometry,https://doi.org/10.1016/j.ijms.2014.07.040,https://openalex.org/W2068641894
2014,Direct determination of the binding sites of cisplatin on insulin-like growth factor-1 by top-down mass spectrometry,"Ningbo Zhang, Huan Liu, Meng Cui et al. (n=6)",Ningbo Zhang; Huan Liu; Meng Cui; Yonggang Du; Zhiqiang Liu; Shuying Liu,JBIC Journal of Biological Inorganic Chemistry,https://doi.org/10.1007/s00775-014-1202-x,https://openalex.org/W2014294917
2014,Quantification of intact covalently metal labeled proteins using ESI‐MS/MS,"David Benda, Gunnar Schwarz, Sebastian Beck et al. (n=4)",David Benda; Gunnar Schwarz; Sebastian Beck; Michael Linscheid,Journal of Mass Spectrometry,https://doi.org/10.1002/jms.3302,https://openalex.org/W1592663926
2014,In-Line Separation by Capillary Electrophoresis Prior to Analysis by Top-Down Mass Spectrometry Enables Sensitive Characterization of Protein Complexes,"Xuemei Han, Yueju Wang, Aaron Aslanian et al. (n=7)",Xuemei Han; Yueju Wang; Aaron Aslanian; Bryan R. Fonslow; Beth Graczyk; Trisha N. Davis; John R. Yates,Journal of Proteome Research,https://doi.org/10.1021/pr500971h,https://openalex.org/W2323293250
2014,Rapid and Deep Proteomes by Faster Sequencing on a Benchtop Quadrupole Ultra-High-Field Orbitrap Mass Spectrometer,"Christian D. Kelstrup, Rosa Jersie-Christensen, Tanveer S. Batth et al. (n=7)",Christian D. Kelstrup; Rosa Jersie-Christensen; Tanveer S. Batth; Tabiwang N. Arrey; Andreas Kuehn; Markus Kellmann; Jesper V. Olsen,Journal of Proteome Research,https://doi.org/10.1021/pr500985w,https://openalex.org/W2090836206
2014,High Resolution Is Not a Strict Requirement for Characterization and Quantification of Histone Post-Translational Modifications,"Kelly R. Karch, Barry M. Zee, Benjamin A. García",Kelly R. Karch; Barry M. Zee; Benjamin A. García,Journal of Proteome Research,https://doi.org/10.1021/pr500902f,https://openalex.org/W2316960810
2014,Comparative Proteomic Analysis of Histone Post-translational Modifications upon Ischemia/Reperfusion-Induced Retinal Injury,"Xiaolu Zhao, Simone Sidoli, Leilei Wang et al. (n=7)",Xiaolu Zhao; Simone Sidoli; Leilei Wang; Wenjun Wang; Lin Guo; Ole N. Jensen; Ling Zheng,Journal of Proteome Research,https://doi.org/10.1021/pr500040a,https://openalex.org/W2330639239
2014,Proteomic Study of Pilocytic Astrocytoma Pediatric Brain Tumor Intracystic Fluid,"Ilaria Inserra, Federica Iavarone, Claudia Martelli et al. (n=13)",Ilaria Inserra; Federica Iavarone; Claudia Martelli; Luca D’Angelo; Daniela Delfino; Diana Valeria Rossetti; Gianpiero Tamburrini; Luca Massimi; Massimo Caldarelli; Concezio Di Rocco; Irene Messana; Massimo Castagnola; Claudia Desiderio,Journal of Proteome Research,https://doi.org/10.1021/pr500806k,https://openalex.org/W2038927284
2014,Ser/Thr/Tyr phosphoproteome characterization of Acinetobacter baumannii: Comparison between a reference strain and a highly invasive multidrug-resistant clinical isolate,"Nelson C. Soares, Philipp Spät, Jose A. Méndez et al. (n=6)",Nelson C. Soares; Philipp Spät; Jose A. Méndez; Kehilwe C. Nakedi; Jesús Aranda; Germán Bou,Journal of Proteomics,https://doi.org/10.1016/j.jprot.2014.03.009,https://openalex.org/W2089199408
2014,Top-Down Analysis of Highly Post-Translationally Modified Peptides by Fourier Transform Ion Cyclotron Resonance Mass Spectrometry,"Andrés Guerrero, Larry Lerno, Daniela Barile et al. (n=4)",Andrés Guerrero; Larry Lerno; Daniela Barile; Carlito B. Lebrilla,Journal of the American Society for Mass Spectrometry,https://doi.org/10.1007/s13361-014-1034-5,https://openalex.org/W2052396056
2014,Study of an Unusual Advanced Glycation End-Product (AGE) Derived from Glyoxal Using Mass Spectrometry,"Andrea F. Lopez‐Clavijo, Carlos Duque-Daza, Isolda Romero‐Canelón et al. (n=8)",Andrea F. Lopez‐Clavijo; Carlos Duque-Daza; Isolda Romero‐Canelón; Mark P. Barrow; David P. A. Kilgour; Naila Rabbani; Paul J. Thornalley; Peter B. O’Connor,Journal of the American Society for Mass Spectrometry,https://doi.org/10.1007/s13361-013-0799-2,https://openalex.org/W2021818151
2014,Characteristic Tandem Mass Spectral Features Under Various Collision Chemistries for Site-Specific Identification of Protein S-Glutathionylation,"Chi‐Chi Chou, Bing‐Yu Chiang, Jason Lin et al. (n=6)",Chi‐Chi Chou; Bing‐Yu Chiang; Jason Lin; Kuan‐Ting Pan; Chun‐Hung Lin; Kay‐Hooi Khoo,Journal of the American Society for Mass Spectrometry,https://doi.org/10.1007/s13361-014-1014-9,https://openalex.org/W2033202598
2014,Top-Down Proteomics by Means of Orbitrap Mass Spectrometry,Kai Scheffler,Kai Scheffler,Methods in molecular biology,https://doi.org/10.1007/978-1-4939-0685-7_31,https://openalex.org/W2283555345
2014,SILAC-Based Temporal Phosphoproteomics,"Chiara Francavilla, Omid Hekmat, Blagoy Blagoev et al. (n=4)",Chiara Francavilla; Omid Hekmat; Blagoy Blagoev; Jesper V. Olsen,Methods in molecular biology,https://doi.org/10.1007/978-1-4939-1142-4_10,https://openalex.org/W2257927092
2014,Glycoproteomic Analysis of Seven Major Allergenic Proteins Reveals Novel Post-translational Modifications,"Adnan Halim, Michael C. Carlsson, Caroline B. Madsen et al. (n=12)",Adnan Halim; Michael C. Carlsson; Caroline B. Madsen; Stéphanie Brand; Svenning Rune Møller; Carl Erik Olsen; Sergey Y. Vakhrushev; Jens Brimnes; Peter Adler Würtzen; Henrik Ipsen; Bent Larsen Petersen; Hans H. Wandall,Molecular & Cellular Proteomics,https://doi.org/10.1074/mcp.m114.042614,https://openalex.org/W2124808047
2014,Program,,,Molecular & Cellular Proteomics,https://doi.org/10.1016/s1535-9476(20)32479-8,https://openalex.org/W4247421774
2014,Quantitative analysis of human salivary gland‐derived intact proteome using top‐down mass spectrometry,"Si Wu, Joseph N. Brown, Nikola Tolić et al. (n=11)",Si Wu; Joseph N. Brown; Nikola Tolić; Da Meng; Xiaowen Liu; Haizhen Zhang; Rui Zhao; Ronald Moore; Pavel A. Pevzner; Richard Smith; Ljiljana Paša‐Tolić,PROTEOMICS,https://doi.org/10.1002/pmic.201300378,https://openalex.org/W1978639305
2014,Top‐down protein identification of proteasome proteins with nanoLC‐FT‐ICR‐MS employing data‐independent fragmentation methods,"Rajeswari Lakshmanan, Jeremy J. Wolff, Rudy Alvarado et al. (n=4)",Rajeswari Lakshmanan; Jeremy J. Wolff; Rudy Alvarado; Joseph A. Loo,PROTEOMICS,https://doi.org/10.1002/pmic.201300339,https://openalex.org/W1997240024
2014,Proteomics in Chromatin Biology and Epigenetics,"Thomas M. Vondriska, Ole N. Jensen",Thomas M. Vondriska; Ole N. Jensen,PROTEOMICS,https://doi.org/10.1002/pmic.201470143,https://openalex.org/W2009189230
2014,Proteomic integrated platforms for the comparative characterization of medulloblastoma and pilocytic astrocytoma pediatric brain tumors,"Cristina Martelli, Maria Teresa Sanna, M. Arba et al. (n=12)",Cristina Martelli; Maria Teresa Sanna; M. Arba; Irene Messana; Federica Iavarone; Massimo Castagnola; Luca D’Angelo; M. Caretto; Giampiero Tamburrini; Concezio Di Rocco; Mario Caldarelli; Claudia Desiderio,UNICA IRIS Institutional Research Information System (University of Cagliari),,https://openalex.org/W2556024419
2014,Advanced applications of high performance Fourier transform ion cyclotron resonance mass spectrometry,Juan Wei,Juan Wei,Warwick Research Archive Portal (University of Warwick),,https://openalex.org/W2166667814
2015,Decision letter: Local chromatin environment of a Polycomb target gene instructs its own epigenetic inheritance,,,,https://doi.org/10.7554/elife.07205.015,https://openalex.org/W4237674297
2015,Post-polymerization photografting on methacrylate-based monoliths for separation of intact proteins and protein digests with comprehensive two-dimensional liquid chromatography hyphenated with high-resolution mass spectrometry,"Rudy J. Vonk, Sam Wouters, Andrei Barcaru et al. (n=7)",Rudy J. Vonk; Sam Wouters; Andrei Barcaru; Gabriel Vivó‐Truyols; Sebastiaan Eeltink; Leo J. de Koning; Peter J. Schoenmakers,Analytical and Bioanalytical Chemistry,https://doi.org/10.1007/s00216-015-8615-4,https://openalex.org/W1987830223
2015,Top-Down MALDI-In-Source Decay-FTICR Mass Spectrometry of Isotopically Resolved Proteins,"Simone Nicolardi, Linda Switzar, André M. Deelder et al. (n=5)",Simone Nicolardi; Linda Switzar; André M. Deelder; Magnus Palmblad; Yuri E. M. van der Burgt,Analytical Chemistry,https://doi.org/10.1021/ac504708y,https://openalex.org/W2013056768
2015,Benchmarking Multiple Fragmentation Methods on an Orbitrap Fusion for Top-down Phospho-Proteoform Characterization,"Andrea M. Brunner, Philip Lössl, Fan Liu et al. (n=10)",Andrea M. Brunner; Philip Lössl; Fan Liu; Romain Huguet; Christopher Mullen; Masami Yamashita; Vlad Zabrouskov; Alexander Makarov; Maarten Altelaar; Albert J. R. Heck,Analytical Chemistry,https://doi.org/10.1021/acs.analchem.5b00162,https://openalex.org/W2170177203
2015,Coupling Capillary Zone Electrophoresis with Electron Transfer Dissociation and Activated Ion Electron Transfer Dissociation for Top-Down Proteomics,"Yimeng Zhao, Nicholas M. Riley, Liangliang Sun et al. (n=13)",Yimeng Zhao; Nicholas M. Riley; Liangliang Sun; Alexander S. Hebert; Xiaojing Yan; Michael S. Westphall; Matthew J. P. Rush; Guijie Zhu; Matthew M. Champion; Felix Mba Medie; Patricia A. Champion; Joshua J. Coon; Norman J. Dovic̀hi,Analytical Chemistry,https://doi.org/10.1021/acs.analchem.5b00883,https://openalex.org/W2045261439
2015,Fast Comparative Structural Characterization of Intact Therapeutic Antibodies Using Hydrogen–Deuterium Exchange and Electron Transfer Dissociation,"Jingxi Pan, Suping Zhang, Albert Chou et al. (n=5)",Jingxi Pan; Suping Zhang; Albert Chou; Darryl B. Hardie; Christoph H. Borchers,Analytical Chemistry,https://doi.org/10.1021/ac504809r,https://openalex.org/W2029872563
2015,Activated Ion Electron Transfer Dissociation for Improved Fragmentation of Intact Proteins,"Nicholas M. Riley, Michael S. Westphall, Joshua J. Coon",Nicholas M. Riley; Michael S. Westphall; Joshua J. Coon,Analytical Chemistry,https://doi.org/10.1021/acs.analchem.5b00881,https://openalex.org/W2419323450
2015,Pepsin-Containing Membranes for Controlled Monoclonal Antibody Digestion Prior to Mass Spectrometry Analysis,"Yongle Pang, Weihan Wang, Gavin E. Reid et al. (n=5)",Yongle Pang; Weihan Wang; Gavin E. Reid; Donald F. Hunt; Merlin L. Bruening,Analytical Chemistry,https://doi.org/10.1021/acs.analchem.5b02739,https://openalex.org/W2300897843
2015,Low Resolution Data-Independent Acquisition in an LTQ-Orbitrap Allows for Simplified and Fully Untargeted Analysis of Histone Modifications,"Simone Sidoli, Johayra Simithy, Kelly R. Karch et al. (n=5)",Simone Sidoli; Johayra Simithy; Kelly R. Karch; Katarzyna Kulej; Benjamin A. García,Analytical Chemistry,https://doi.org/10.1021/acs.analchem.5b03009,https://openalex.org/W1888005862
2015,High Resolution CZE-MS Quantitative Characterization of Intact Biopharmaceutical Proteins: Proteoforms of Interferon-β1,"David R. Bush, Li Zang, Arseniy M. Belov et al. (n=5)",David R. Bush; Li Zang; Arseniy M. Belov; Alexander R. Ivanov; Barry L. Karger,Analytical Chemistry,https://doi.org/10.1021/acs.analchem.5b03218,https://openalex.org/W2233468065
2015,High Resolution Parallel Reaction Monitoring with Electron Transfer Dissociation for Middle-Down Proteomics,"Michael J. Sweredoski, Annie Moradian, Matthias Raedle et al. (n=5)",Michael J. Sweredoski; Annie Moradian; Matthias Raedle; Catarina Franco; Sonja Hess,Analytical Chemistry,https://doi.org/10.1021/acs.analchem.5b01542,https://openalex.org/W1856317036
2015,Functional Proteomics of Regulatory and Epigenetic Signaling in Normal and Malignant Hematopoiesis,"Paolo Cifani, Mojdeh Shakiba, Fiona C. Brown et al. (n=6)",Paolo Cifani; Mojdeh Shakiba; Fiona C. Brown; Avantika Dhabaria; Daniel E. Bauer; Alex Kentsis,Blood,https://doi.org/10.1182/blood.v126.23.4972.4972,https://openalex.org/W2569366229
2015,Development of mass spectrometry imaging methods for the analysis of intact proteins in mouse pancreas tissues by MALDI-TOF-MS and MALDI-FTICR-MS,"Isabella Piga, Clara Esteve, Simone Nicolardi et al. (n=8)",Isabella Piga; Clara Esteve; Simone Nicolardi; Bram Heijs; Laura Giusti; Piero Marchetti; Antonio Lucacchini; Liam A. McDonnell,BOA (University of Milano-Bicocca),,https://openalex.org/W3146927181
2015,Abstract 1841: Enrichment of IGF1R-AKT-mTOR pathway proteins using immunoprecipitation and proteomic analysis by mass spectrometry,"Suzanne M. Smith, Bhavin Patel, Ryan Bomgarden et al. (n=6)",Suzanne M. Smith; Bhavin Patel; Ryan Bomgarden; Kay Opperman; John C. Rogers; Barbara Kaboord,Cancer Research,https://doi.org/10.1158/1538-7445.am2015-1841,https://openalex.org/W2333310302
2015,IDM: a data management system for high-throughput proteomics,"Cristiana Labella, Giuliana Bianco, Patrizia Falabella et al. (n=12)",Cristiana Labella; Giuliana Bianco; Patrizia Falabella; Raffaella Pascale; Simona Laurino; Gerarda Grossi; Giansalvatore Mecca; Donatello Santoro; Enzo Veltri; Basem Kanawati; Philippe Schmitt Kopplin; Heiko Vogel,CINECA IRIS Institutional Research Information System (University of Basilicata),,https://openalex.org/W2613641992
2015,Abstract 268: Myofilament Tyrosine Phosphorylation by Src Kinase is upregulated in ErbB2 Transgenic Mice,"Mingguo Xu, Genaro A. Ramirez‐Correa, Zongming Fu et al. (n=7)",Mingguo Xu; Genaro A. Ramirez‐Correa; Zongming Fu; Polina Sysa Shah; Frances Belmonte; Kathleen Gabrielson; Anne M. Murphy,Circulation Research,https://doi.org/10.1161/res.117.suppl_1.268,https://openalex.org/W2756955451
2015,Comparative proteomic network signatures in seminal plasma of infertile men as a function of reactive oxygen species,"Ashok Agarwal, Ahmet Ayaz, Luna Samanta et al. (n=7)",Ashok Agarwal; Ahmet Ayaz; Luna Samanta; Rakesh Sharma; Mourad Assidi; Adel Abuzenadah; Edmund Sabanegh,Clinical Proteomics,https://doi.org/10.1186/s12014-015-9094-5,https://openalex.org/W2169566698
2015,Quantitative Bottom-Up and Top-Down LC/FT-ICR MS for Multisite Phosphoproteins and Natural Product Biosynthetic Pathways.,Wendi A. Hale,Wendi A. Hale,Deep Blue (University of Michigan),,https://openalex.org/W3139844966
2015,A Novel FT-ICR Ion Trap for Ultra-High Resolution Mass Spectrometry and Its Biological Application,,,DigiNole (Florida State University),,https://openalex.org/W7113477429
2015,High-resolution mass spectrometry for thymosins detection and characterization,"Tiziana Cabras, Federica Iavarone, Claudia Martelli et al. (n=12)",Tiziana Cabras; Federica Iavarone; Claudia Martelli; Daniela Delfino; Diana Valeria Rossetti; Ilaria Inserra; Barbara Manconi; Claudia Desiderio; Irene Messana; Ewald Hannappel; Gavino Faa; Massimo Castagnola,Expert Opinion on Biological Therapy,https://doi.org/10.1517/14712598.2015.1009887,https://openalex.org/W1928318586
2015,Comparative proteomic analysis indicates underexpression of molecular chaperones in spermatozoa of infertile men,"Rakesh Sharma, Ashok Agarwal, Damayanthi Durairajanayagam et al. (n=7)",Rakesh Sharma; Ashok Agarwal; Damayanthi Durairajanayagam; Luna Samanta; Mourad Assidi; Sajal Gupta; Edmund S. Sabanegh,Fertility and Sterility,https://doi.org/10.1016/j.fertnstert.2015.07.743,https://openalex.org/W2236104874
2015,Proteomic analysis of seminal plasma of infertile men with differing levels of reactive oxygen species reveals defective protein turnover,"Ashok Agarwal, Ahmet Ayaz, Rakesh Sharma et al. (n=7)",Ashok Agarwal; Ahmet Ayaz; Rakesh Sharma; Luna Samanta; Mourad Assidi; Sajal Gupta; Edmund S. Sabanegh,Fertility and Sterility,https://doi.org/10.1016/j.fertnstert.2015.07.445,https://openalex.org/W2509411586
2015,Improved intact protein quantitation on an orbitrap fusion tribrid mass spectrometer using multiplexed SIM and PRM techniques,"Steven Danielson Seema Sharma Romain Huguet Julian Whitelegge, Tonya Second",Steven Danielson Seema Sharma Romain Huguet Julian Whitelegge; Tonya Second,INDIGO (University of Illinois at Chicago),,https://openalex.org/W2602704264
2015,Developments in FTICR-MS and Its Potential for Body Fluid Signatures,"Simone Nicolardi, Bogdan Bogdanov, André M. Deelder et al. (n=5)",Simone Nicolardi; Bogdan Bogdanov; André M. Deelder; Magnus Palmblad; Yuri E. M. van der Burgt,International Journal of Molecular Sciences,https://doi.org/10.3390/ijms161126012,https://openalex.org/W2172423265
2015,Middle-down electron capture dissociation and electron transfer dissociation for histone analysis,"Annie Moradian, Catarina Franco, Michael J. Sweredoski et al. (n=4)",Annie Moradian; Catarina Franco; Michael J. Sweredoski; Sonja Hess,Journal of Analytical Science & Technology,https://doi.org/10.1186/s40543-015-0060-7,https://openalex.org/W1850461515
2015,Identification of dityrosine cross-linked sites in oxidized human serum albumin,"Andrea Annibal, Graziano Colombo, Aldo Milzani et al. (n=6)",Andrea Annibal; Graziano Colombo; Aldo Milzani; Isabella Dalle‐Donne; Maria Fedorova; Ralf Hoffmann,Journal of Chromatography B,https://doi.org/10.1016/j.jchromb.2015.12.022,https://openalex.org/W2286403835
2015,Novel MtCEP1 peptides produced<i>in vivo</i>differentially regulate root development in<i>Medicago truncatula</i>,"Nadiatul A. Mohd‐Radzman, Steve Binos, Thy T. Truong et al. (n=6)",Nadiatul A. Mohd‐Radzman; Steve Binos; Thy T. Truong; Nijat Imin; Michael Mariani; Michael A. Djordjevic,Journal of Experimental Botany,https://doi.org/10.1093/jxb/erv008,https://openalex.org/W2171165633
2015,"Venom Proteomics of Indonesian King Cobra, <i>Ophiophagus hannah</i>: Integrating Top-Down and Bottom-Up Approaches","Daniel Petras, Paul Heiss, Roderich D. Süßmuth et al. (n=4)",Daniel Petras; Paul Heiss; Roderich D. Süßmuth; Juan J. Calvete,Journal of Proteome Research,https://doi.org/10.1021/acs.jproteome.5b00305,https://openalex.org/W2326188727
2015,Lysine acetylation is a common post-translational modification of key metabolic pathway enzymes of the anaerobe Porphyromonas gingivalis,"Catherine A. Butler, Paul D. Veith, Matthew F. Nieto et al. (n=5)",Catherine A. Butler; Paul D. Veith; Matthew F. Nieto; Stuart G. Dashper; Eric C. Reynolds,Journal of Proteomics,https://doi.org/10.1016/j.jprot.2015.08.015,https://openalex.org/W2194158813
2015,MALDI FTICR IMS of Intact Proteins: Using Mass Accuracy to Link Protein Images with Proteomics Data,"Jeffrey M. Spraggins, David G. Rizzo, Jessica L. Moore et al. (n=7)",Jeffrey M. Spraggins; David G. Rizzo; Jessica L. Moore; Kristie L. Rose; Neal D. Hammer; Eric P. Skaar; Richard M. Caprioli,Journal of the American Society for Mass Spectrometry,https://doi.org/10.1007/s13361-015-1147-5,https://openalex.org/W1988356088
2015,In-Depth Characterization of Protein Disulfide Bonds by Online Liquid Chromatography-Electrochemistry-Mass Spectrometry,"Linda Switzar, Simone Nicolardi, Julie W. Rutten et al. (n=6)",Linda Switzar; Simone Nicolardi; Julie W. Rutten; Saskia A.J. Lesnik Oberstein; Annemieke Aartsma‐Rus; Yuri E. M. van der Burgt,Journal of the American Society for Mass Spectrometry,https://doi.org/10.1007/s13361-015-1258-z,https://openalex.org/W1924074612
2015,Enhanced Dissociation of Intact Proteins with High Capacity Electron Transfer Dissociation,"Nicholas M. Riley, Christopher Mullen, Chad R. Weisbrod et al. (n=9)",Nicholas M. Riley; Christopher Mullen; Chad R. Weisbrod; S. Sharma; Michael W. Senko; Vlad Zabrouskov; Michael S. Westphall; John E. P. Syka; Joshua J. Coon,Journal of the American Society for Mass Spectrometry,https://doi.org/10.1007/s13361-015-1306-8,https://openalex.org/W2175435082
2015,Unabridged Analysis of Human Histone H3 by Differential Top-Down Mass Spectrometry Reveals Hypermethylated Proteoforms from MMSET/NSD2 Overexpression,"Yupeng Zheng, Luca Fornelli, Philip D. Compton et al. (n=12)",Yupeng Zheng; Luca Fornelli; Philip D. Compton; S. Sharma; Jesse D. Canterbury; Christopher Mullen; Vlad Zabrouskov; Ryan T. Fellers; Paul M. Thomas; Jonathan D. Licht; Michael W. Senko; Neil L. Kelleher,Molecular & Cellular Proteomics,https://doi.org/10.1074/mcp.m115.053819,https://openalex.org/W2243920008
2015,Abstract A12: Identifying MYC post-translational modifications using a mass spectrometry-based approach,"Diana Resetca, Manpreet Kalkat, Corey Lourenco et al. (n=7)",Diana Resetca; Manpreet Kalkat; Corey Lourenco; Pak-Kei Chan; Tharan Srikumar; Brian Raught; Linda Z. Penn,Molecular Cancer Research,https://doi.org/10.1158/1557-3125.myc15-a12,https://openalex.org/W2264357120
2015,MS<sup>2</sup>PIP prediction server: compute and visualize MS<sup>2</sup>peak intensity predictions for CID and HCD fragmentation,"Sven Degroeve, Davy Maddelein, Lennart Martens",Sven Degroeve; Davy Maddelein; Lennart Martens,Nucleic Acids Research,https://doi.org/10.1093/nar/gkv542,https://openalex.org/W1635348144
2015,Method optimization of amyloglucosidase activity assay and its application in analysis of secretome yield by Aspergillus niger,"Hui Ma, Sheng Wu",Hui Ma; Sheng Wu,Planta Medica,https://doi.org/10.1055/s-0035-1556187,https://openalex.org/W2594711030
2015,[203-POS],"Sarah Hart, Louise C. Kenny, Jenny Myers et al. (n=4)",Sarah Hart; Louise C. Kenny; Jenny Myers; Philip N. Baker,Pregnancy Hypertension,https://doi.org/10.1016/j.preghy.2014.10.209,https://openalex.org/W75843687
2015,Does deamidation cause protein unfolding? A top‐down tandem mass spectrometry study,"Andrew Soulby, Jack W. Heal, Mark P. Barrow et al. (n=5)",Andrew Soulby; Jack W. Heal; Mark P. Barrow; Rudolf A. Roemer; Peter B. O’Connor,Protein Science,https://doi.org/10.1002/pro.2659,https://openalex.org/W2140830496
2015,Profiling post-translational modifications of histones in human monocyte-derived macrophages,"Paweł Olszowy, Maire Rose Donnelly, Chanho Lee et al. (n=4)",Paweł Olszowy; Maire Rose Donnelly; Chanho Lee; Paweł Ciborowski,Proteome Science,https://doi.org/10.1186/s12953-015-0080-7,https://openalex.org/W2154594101
2015,Lysine conjugation properties in human IgGs studied by integrating high‐resolution native mass spectrometry and bottom‐up proteomics,"Violette Gautier, Anja J. Boumeester, Philip Lössl et al. (n=4)",Violette Gautier; Anja J. Boumeester; Philip Lössl; Albert J. R. Heck,PROTEOMICS,https://doi.org/10.1002/pmic.201400462,https://openalex.org/W2091261269
2015,Paired single residue-transposed Lys-N and Lys-C digestions for label-free identification of N-terminal and C-terminal MS/MS peptide product ions: ultrahigh resolution Fourier transform ion cyclotron resonance mass spectrometry and tandem mass spectrometr,"Naomi C. Brownstein, Xiaoyan Guan, Yuan Mao et al. (n=9)",Naomi C. Brownstein; Xiaoyan Guan; Yuan Mao; Qian Zhang; Peter A. DiMaggio; Qiangwei Xia; Lichao Zhang; Alan G. Marshall; Nicolas L. Young,Rapid Communications in Mass Spectrometry,https://doi.org/10.1002/rcm.7137,https://openalex.org/W1899254551
2015,Major protein alterations in spermatozoa from infertile men with unilateral varicocele,"Ashok Agarwal, Rakesh Sharma, Damayanthi Durairajanayagam et al. (n=8)",Ashok Agarwal; Rakesh Sharma; Damayanthi Durairajanayagam; Ahmet Ayaz; Zhihong Cui; Belinda Willard; Banu Gopalan; Edmund Sabanegh,Reproductive Biology and Endocrinology,https://doi.org/10.1186/s12958-015-0007-2,https://openalex.org/W1972809589
2015,Histone Post‐translational Modifications Differentially Regulated in a Mouse Mode of Heart Disease,"Mickey Miller, Aman Makaju, Li Wang et al. (n=4)",Mickey Miller; Aman Makaju; Li Wang; Sarah Franklin,The FASEB Journal,https://doi.org/10.1096/fasebj.29.1_supplement.570.15,https://openalex.org/W3174669231
2015,Differential Proteomic Profiling of Spermatozoal Proteins of Infertile Men With Unilateral or Bilateral Varicocele,"Ashok Agarwal, Rakesh Sharma, Damayanthi Durairajanayagam et al. (n=9)",Ashok Agarwal; Rakesh Sharma; Damayanthi Durairajanayagam; Zhihong Cui; Ahmet Ayaz; Sajal Gupta; Belinda Willard; Banu Gopalan; Edmund Sabanegh,Urology,https://doi.org/10.1016/j.urology.2014.11.030,https://openalex.org/W1997690671
2015,Neutrophil extracellular traps in sheep mastitis,"Salvatore Pisanu, Tiziana Cubeddu, Daniela Pagnozzi et al. (n=9)",Salvatore Pisanu; Tiziana Cubeddu; Daniela Pagnozzi; Stefano Rocca; Carla Cacciotto; Alberto Alberti; Gavino Marogna; Sergio Uzzau; María Filippa Addis,Veterinary Research,https://doi.org/10.1186/s13567-015-0196-x,https://openalex.org/W2165160511
2016,P1‐100: Amyloid‐Beta (Aβ) Isoforms and Ptms of Soluble Aβ Oligomers from Human Brain,"Norelle C. Wildburger, Thomas J. Esparza, Nigel J. Cairns et al. (n=5)",Norelle C. Wildburger; Thomas J. Esparza; Nigel J. Cairns; Randall J. Bateman; David L. Brody,Alzheimer s & Dementia,https://doi.org/10.1016/j.jalz.2016.06.848,https://openalex.org/W2538002666
2016,"Matrix-assisted ionization vacuum for protein detection, fragmentation and PTM analysis on a high resolution linear ion trap-orbitrap platform","Bingming Chen, Christopher B. Lietz, Chuanzi OuYang et al. (n=6)",Bingming Chen; Christopher B. Lietz; Chuanzi OuYang; Xuefei Zhong; Meng Xu; Lingjun Li,Analytica Chimica Acta,https://doi.org/10.1016/j.aca.2016.02.018,https://openalex.org/W2275695103
2016,Evaluation of a commercial electro-kinetically pumped sheath-flow nanospray interface coupled to an automated capillary zone electrophoresis system,"Elizabeth H. Peuchen, Guije Zhu, Liangliang Sun et al. (n=4)",Elizabeth H. Peuchen; Guije Zhu; Liangliang Sun; Norman J. Dovic̀hi,Analytical and Bioanalytical Chemistry,https://doi.org/10.1007/s00216-016-0122-8,https://openalex.org/W2561108669
2016,Isotope-targeted glycoproteomics (IsoTaG) analysis of sialylated N- and O-glycopeptides on an Orbitrap Fusion Tribrid using azido and alkynyl sugars,"Christina M. Woo, Alejandra Felix, Lichao Zhang et al. (n=5)",Christina M. Woo; Alejandra Felix; Lichao Zhang; Joshua E. Elias; Carolyn R. Bertozzi,Analytical and Bioanalytical Chemistry,https://doi.org/10.1007/s00216-016-9934-9,https://openalex.org/W2526201851
2016,Typing <i>Pseudomonas aeruginosa</i> Isolates with Ultrahigh Resolution MALDI-FTICR Mass Spectrometry,"Frank Fleurbaaij, Margriet E. M. Kraakman, Eric C. J. Claas et al. (n=13)",Frank Fleurbaaij; Margriet E. M. Kraakman; Eric C. J. Claas; Cornelis W. Knetsch; Hans C. van Leeuwen; Yuri E. M. van der Burgt; Karin Ellen Veldkamp; Martine De Vos; Wil H. F. Goessens; Bart Mertens; Ed J. Kuijper; Paul J. Hensbergen; Simone Nicolardi,Analytical Chemistry,https://doi.org/10.1021/acs.analchem.6b01037,https://openalex.org/W2342920364
2016,Implementation of Ultraviolet Photodissociation on a Benchtop Q Exactive Mass Spectrometer and Its Application to Phosphoproteomics,"Kyle L. Fort, Andrey Dyachenko, Clément M. Potel et al. (n=9)",Kyle L. Fort; Andrey Dyachenko; Clément M. Potel; Eleonora Corradini; Fabio Marino; Arjan Barendregt; Alexander Makarov; Richard A. Scheltema; Albert J. R. Heck,Analytical Chemistry,https://doi.org/10.1021/acs.analchem.5b04162,https://openalex.org/W2233598149
2016,Combining Higher-Energy Collision Dissociation and Electron-Transfer/Higher-Energy Collision Dissociation Fragmentation in a Product-Dependent Manner Confidently Assigns Proteomewide ADP-Ribose Acceptor Sites,"Vera Bilan, Mario Leutert, Paolo Nanni et al. (n=5)",Vera Bilan; Mario Leutert; Paolo Nanni; Christian Panse; Michael O. Hottiger,Analytical Chemistry,https://doi.org/10.1021/acs.analchem.6b03365,https://openalex.org/W2567339323
2016,Comprehensive analysis of histone related modifications of formaldehyde fixed paraffin embedded and fresh frozen pancreatic tumor xenografts using LC-MS/MS,"Theresa Kristl, Monika Bauden, Daniel Ansari et al. (n=5)",Theresa Kristl; Monika Bauden; Daniel Ansari; Roland Andersson; György Marko‐Varga,Annals of Oncology,https://doi.org/10.1093/annonc/mdw363.74,https://openalex.org/W2588775856
2016,Novel Sites of Gamma Carboxylation in Human Factor VII,"Emily Wilkerson, Barbara Bates, Kraig Kumfer et al. (n=6)",Emily Wilkerson; Barbara Bates; Kraig Kumfer; Nicholas M. Riley; Brad S Schwartz; Joshua J. Coon,Blood,https://doi.org/10.1182/blood.v128.22.3759.3759,https://openalex.org/W2743796426
2016,High resolution MALDI-FTICR-MSI analysis of intact proteins in mouse pancreas tissue,"Isabella Piga, Bram Heijs, Simone Nicolardi et al. (n=8)",Isabella Piga; Bram Heijs; Simone Nicolardi; Laura Giusti; Lorella Marselli; Piero Marchetti; Antonio Lucacchini; Liam A. McDonnell,BOA (University of Milano-Bicocca),,https://openalex.org/W2947604094
2016,Ultra-high resolution MALDI-FTICR-MSI analysis of intact proteins in mouse and human pancreas tissue,"Isabella Piga, Bram Heijs, Simone Nicolardi et al. (n=8)",Isabella Piga; Bram Heijs; Simone Nicolardi; Laura Giusti; Lorella Marselli; Piero Marchetti; Antonio Lucacchini; Liam A. McDonnell,Data Archiving and Networked Services (DANS),,https://openalex.org/W2947873082
2016,CHARACTERIZATION OF POLYUBIQUITIN CHAINS BY MASS SPECTROMETRY,Amanda Elizabeth Lee,Amanda Elizabeth Lee,Digital Repository at the University of Maryland (University of Maryland College Park),https://doi.org/10.13016/m25b8p,https://openalex.org/W2521887290
2016,From top-down to bottom-up: Time-dependent monitoring of proteolytic protein degradation by LC-MS,"Joanna Tucher, Tomáš Koudelka, Jana Schlenk et al. (n=4)",Joanna Tucher; Tomáš Koudelka; Jana Schlenk; Andreas Tholey,Journal of Chromatography B,https://doi.org/10.1016/j.jchromb.2016.02.021,https://openalex.org/W2275256485
2016,Preparing to read the ubiquitin code: top‐down analysis of unanchored ubiquitin tetramers,"Amanda E. Lee, Lucía Geis‐Asteggiante, Emma K. Dixon et al. (n=7)",Amanda E. Lee; Lucía Geis‐Asteggiante; Emma K. Dixon; M. Barry Miller; Yan Wang; David Fushman; Catherine Fenselau,Journal of Mass Spectrometry,https://doi.org/10.1002/jms.3787,https://openalex.org/W2744484167
2016,Preparing to read the ubiquitin code: characterization of ubiquitin trimers by top‐down mass spectrometry,"Amanda E. Lee, Lucía Geis‐Asteggiante, Emma K. Dixon et al. (n=8)",Amanda E. Lee; Lucía Geis‐Asteggiante; Emma K. Dixon; Yeji Kim; Tanuja R. Kashyap; Yan Wang; David Fushman; Catherine Fenselau,Journal of Mass Spectrometry,https://doi.org/10.1002/jms.3759,https://openalex.org/W2323891348
2016,Identification and Characterization of Human Proteoforms by Top-Down LC-21 Tesla FT-ICR Mass Spectrometry,"Lissa C. Anderson, Caroline J. DeHart, Nathan K. Kaiser et al. (n=11)",Lissa C. Anderson; Caroline J. DeHart; Nathan K. Kaiser; Ryan T. Fellers; Donald F. Smith; Joseph B. Greer; Richard D. LeDuc; Greg T. Blakney; Paul M. Thomas; Neil L. Kelleher; Christopher L. Hendrickson,Journal of Proteome Research,https://doi.org/10.1021/acs.jproteome.6b00696,https://openalex.org/W2482415955
2016,Label-Free Relative Quantitation of Isobaric and Isomeric Human Histone H2A and H2B Variants by Fourier Transform Ion Cyclotron Resonance Top-Down MS/MS,"Xibei Dang, Amar M. Singh, Brian D. Spetman et al. (n=9)",Xibei Dang; Amar M. Singh; Brian D. Spetman; Krystal D. Nolan; Jennifer S. Isaacs; Jonathan H. Dennis; Stephen Dalton; Alan G. Marshall; Nicolas L. Young,Journal of Proteome Research,https://doi.org/10.1021/acs.jproteome.6b00414,https://openalex.org/W2497408826
2016,Advancing Top-down Analysis of the Human Proteome Using a Benchtop Quadrupole-Orbitrap Mass Spectrometer,"Luca Fornelli, Kenneth R. Durbin, Ryan T. Fellers et al. (n=8)",Luca Fornelli; Kenneth R. Durbin; Ryan T. Fellers; Bryan P. Early; Joseph B. Greer; Richard D. LeDuc; Philip D. Compton; Neil L. Kelleher,Journal of Proteome Research,https://doi.org/10.1021/acs.jproteome.6b00698,https://openalex.org/W2508035970
2016,Elucidating Proteoform Families from Proteoform Intact-Mass and Lysine-Count Measurements,"Michael R. Shortreed, Brian L. Frey, Mark Scalf et al. (n=6)",Michael R. Shortreed; Brian L. Frey; Mark Scalf; Rachel A. Knoener; Anthony J. Cesnik; Lloyd M. Smith,Journal of Proteome Research,https://doi.org/10.1021/acs.jproteome.5b01090,https://openalex.org/W2289907074
2016,"Identification of novel S-nitrosation sites in soluble guanylyl cyclase, the nitric oxide receptor","Annie Beuve, Changgong Wu, Chuanlong Cui et al. (n=9)",Annie Beuve; Changgong Wu; Chuanlong Cui; Tong Liu; Mohit Raja Jain; Can Huang; Lin Yan; Vladyslav Kholodovych; Hong Li,Journal of Proteomics,https://doi.org/10.1016/j.jprot.2016.02.009,https://openalex.org/W2277675332
2016,Symmetry of Charge Partitioning in Collisional and UV Photon-Induced Dissociation of Protein Assemblies,"Sem Tamara, Andrey Dyachenko, Kyle L. Fort et al. (n=6)",Sem Tamara; Andrey Dyachenko; Kyle L. Fort; Alexander Makarov; Richard A. Scheltema; Albert J. R. Heck,Journal of the American Chemical Society,https://doi.org/10.1021/jacs.6b05147,https://openalex.org/W2506227427
2016,21 Tesla Fourier Transform Ion Cyclotron Resonance Mass Spectrometer Greatly Expands Mass Spectrometry Toolbox,"Jared Shaw, Tzu‐Yung Lin, Franklin E. Leach et al. (n=8)",Jared Shaw; Tzu‐Yung Lin; Franklin E. Leach; Aleksey V. Tolmachev; Nikola Tolić; Errol Robinson; David Koppenaal; Ljiljana Paša‐Tolić,Journal of the American Society for Mass Spectrometry,https://doi.org/10.1007/s13361-016-1507-9,https://openalex.org/W2530283553
2016,Analyses of Histone Proteoforms Using Front-end Electron Transfer Dissociation-enabled Orbitrap Instruments,"Lissa C. Anderson, Kelly R. Karch, Scott A. Ugrin et al. (n=9)",Lissa C. Anderson; Kelly R. Karch; Scott A. Ugrin; Mariel Coradin; A. Michelle English; Simone Sidoli; Jeffrey Shabanowitz; Benjamin A. García; Donald F. Hunt,Molecular & Cellular Proteomics,https://doi.org/10.1074/mcp.o115.053843,https://openalex.org/W2276177320
2016,Enhanced Purification of Ubiquitinated Proteins by Engineered Tandem Hybrid Ubiquitin-binding Domains (ThUBDs),"Yuan Gao, Yanchang Li, Chengpu Zhang et al. (n=19)",Yuan Gao; Yanchang Li; Chengpu Zhang; Mingzhi Zhao; Deng Chen; Qiuyan Lan; Zexian Liu; Na Su; Jingwei Wang; Feng Xu; Yongru Xu; Lingyan Ping; Lei Chang; Huiying Gao; Junzhu Wu; Yu Xue; Zixin Deng; Junmin Peng; Ping Xu,Molecular & Cellular Proteomics,https://doi.org/10.1074/mcp.m115.051839,https://openalex.org/W4255887143
2016,Mass spectrometry profiling of non-enzymatic deamidation of articular cartilage components suggests slower protein turnover in deep regions and in hips compared with knees,"M.-F. Hsueh, A. Khabut, Sven Kjellström et al. (n=7)",M.-F. Hsueh; A. Khabut; Sven Kjellström; Robert Zura; Michael P. Bolognesi; Patrik Önnerfjord; Virginia B. Kraus,Osteoarthritis and Cartilage,https://doi.org/10.1016/j.joca.2016.01.059,https://openalex.org/W2315702041
2016,Post-translational modifications of linker histone H1 variants in mammals,"T. Yu. Starkova, A. M. Polyanichko, Т. О. Артамонова et al. (n=7)",T. Yu. Starkova; A. M. Polyanichko; Т. О. Артамонова; М. А. Ходорковский; Е. И. Костылева; Е. В. Чихиржина; А. Н. Томилин,Physical Biology,https://doi.org/10.1088/1478-3975/aa551a,https://openalex.org/W2564726825
2016,Influence of carboxylation on osteocalcin detection by mass spectrometry,"Timothy P. Cleland, Corinne J. Thomas, Caren M. Gundberg et al. (n=4)",Timothy P. Cleland; Corinne J. Thomas; Caren M. Gundberg; Deepak Vashishth,Rapid Communications in Mass Spectrometry,https://doi.org/10.1002/rcm.7692,https://openalex.org/W2509108313
2016,"Versatile, sensitive liquid chromatography mass spectrometry – Implementation of 10 μm OT columns suitable for small molecules, peptides and proteins","Tore Vehus, Hanne Røberg‐Larsen, Jo Waaler et al. (n=7)",Tore Vehus; Hanne Røberg‐Larsen; Jo Waaler; Sigrid Aslaksen; Stefan Krauß; Steven Ray Wilson; Elsa Lundanes,Scientific Reports,https://doi.org/10.1038/srep37507,https://openalex.org/W2558084628
2016,Quantitative Histone H3 Modification Characterization of Differentiating Hematopoetic Murine Erythroleukemia (MEL) Cells Using Parallel Reaction Monitoring Mass Spectrometry,"Sonja Hess, Annie Moradian, Matthias Raedle et al. (n=4)",Sonja Hess; Annie Moradian; Matthias Raedle; Michael J. Sweredoski,The FASEB Journal,https://doi.org/10.1096/fasebj.30.1_supplement.586.5,https://openalex.org/W2891849392
2016,Thermodynamics and Mechanisms of Protonated Asparaginyl-Glycine Decomposition,"Georgia C. Boles, Ranran Wu, M. T. Rodgers et al. (n=4)",Georgia C. Boles; Ranran Wu; M. T. Rodgers; P. B. Armentrout,The Journal of Physical Chemistry B,https://doi.org/10.1021/acs.jpcb.6b03253,https://openalex.org/W2462496415
2016,Proteomics tools and mass spectrometry imaging techniques for the molecular characterization of pancreas,Isabella Piga,Isabella Piga,Use Siena air (University of Siena),,https://openalex.org/W2738475938
2017,探討公豬精漿中榖胱甘肽過氧化物酶 5 之氧化修飾,楊予旻,楊予旻,,,https://openalex.org/W3088512720
2017,Personalized proteomic profiles enabled by advances in mass spectrometry-based proteomics,A. Cristobal Gonzalez de Durana,A. Cristobal Gonzalez de Durana,,,https://openalex.org/W2731171699
2017,[P2–246]: NOVEL CSF FRAGMENTS OF TAU: CANDIDATE BIOMARKERS OF ALZHEIMER's DISEASE AND TAUOPATHIES,"Kina Höglund, Claudia Cicognola, Erik Portelius et al. (n=10)",Kina Höglund; Claudia Cicognola; Erik Portelius; Gunnar Brinkmalm; Zhentao Zheng; Oskar Hansson; Henrik Zetterberg; Keqiang Ye; Kaj Blennow; Johan Gobom,Alzheimer s & Dementia,https://doi.org/10.1016/j.jalz.2017.06.898,https://openalex.org/W2765419263
2017,A review on mass spectrometry-based quantitative proteomics: Targeted and data independent acquisition,"Veronika Vidová, Zdeněk Spáčil",Veronika Vidová; Zdeněk Spáčil,Analytica Chimica Acta,https://doi.org/10.1016/j.aca.2017.01.059,https://openalex.org/W2584220830
2017,Coupling matrix-assisted ionization with high resolution mass spectrometry and electron transfer dissociation to characterize intact proteins and post-translational modifications,"Bingming Chen, Christopher B. Lietz, Lingjun Li",Bingming Chen; Christopher B. Lietz; Lingjun Li,Analytical and Bioanalytical Chemistry,https://doi.org/10.1007/s00216-017-0611-4,https://openalex.org/W2754156063
2017,Triple-Stage Mass Spectrometry Unravels the Heterogeneity of an Endogenous Protein Complex,"Gili Ben‐Nissan, Mikhail E. Belov, David Morgenstern et al. (n=9)",Gili Ben‐Nissan; Mikhail E. Belov; David Morgenstern; Yishai Levin; Orly Dym; Galina Arkind; Carni Lipson; Alexander Makarov; Michal Sharon,Analytical Chemistry,https://doi.org/10.1021/acs.analchem.7b00518,https://openalex.org/W2603495890
2017,IMTBX and Grppr: Software for Top-Down Proteomics Utilizing Ion Mobility-Mass Spectrometry,"Dmitry M. Avtonomov, Daniel A. Polasky, Brandon T. Ruotolo et al. (n=4)",Dmitry M. Avtonomov; Daniel A. Polasky; Brandon T. Ruotolo; Alexey I. Nesvizhskii,Analytical Chemistry,https://doi.org/10.1021/acs.analchem.7b04999,https://openalex.org/W2776084199
2017,FRI0061 Identification of citrullination sites specific for peptidylarginine deiminase 2 (PAD2) and PAD4 in fibrinogen from synovial fluid of patients with rheumatoid arthritis,"Mayank Sharma, Dres Damgaard, Ladislav Šenolt et al. (n=7)",Mayank Sharma; Dres Damgaard; Ladislav Šenolt; Birte Svensson; ACB Jensen; CH Nielsen; Per Hägglund,Annals of the Rheumatic Diseases,https://doi.org/10.1136/annrheumdis-2017-eular.5950,https://openalex.org/W2754914719
2017,Simple strategies to enhance discovery of acetylation post-translational modifications by quadrupole-orbitrap LC-MS/MS,"Andrew J. Manning, Jiyoung Lee, Donald J. Wolfgeher et al. (n=5)",Andrew J. Manning; Jiyoung Lee; Donald J. Wolfgeher; Stephen J. Kron; Jean T. Greenberg,Biochimica et Biophysica Acta (BBA) - Proteins and Proteomics,https://doi.org/10.1016/j.bbapap.2017.10.006,https://openalex.org/W2765313748
2017,Optimization of Acidic Post-translational Modification Detection and Natural Product Biosynthetic Enzyme Analysis with Dual Polarity nLC/FT-ICR Mass Spectrometry,Phillip J. McClory,Phillip J. McClory,Deep Blue (University of Michigan),,https://openalex.org/W2886558207
2017,Top-down and Middle-down Proteomics by Fourier Transform Ion Cyclotron Resonance Mass Spectrometry,,,DigiNole (Florida State University),,https://openalex.org/W7112146644
2017,Detection of peptides with intact phosphate groups using MALDI TOF/TOF and comparison with the ESI-MS/MS,"Medicharla V. Jagannadham, DB Kameshwari, Pratapa Gayathri et al. (n=4)",Medicharla V. Jagannadham; DB Kameshwari; Pratapa Gayathri; Ramakrishnan Nagaraj,European Journal of Mass Spectrometry,https://doi.org/10.1177/1469066717748115,https://openalex.org/W2779396409
2017,Differentially expressed proteins involved in acetylation of spermatozoa in infertile men with unilateral and bilateral varicocele,"Manesh Kumar Panner Selvam, Ashok Agarwal, Rakesh Sharma et al. (n=6)",Manesh Kumar Panner Selvam; Ashok Agarwal; Rakesh Sharma; Belinda Willard; Banu Gopalan; Edmund S. Sabanegh,Fertility and Sterility,https://doi.org/10.1016/j.fertnstert.2017.07.425,https://openalex.org/W2751421450
2017,Proteomic analysis reveals BAG6 and HIST1H2BA are potential sperm biomarker candidates in infertile men with primary and secondary infertility,"Paula Intasqui, Ashok Agarwal, Rakesh Sharma et al. (n=6)",Paula Intasqui; Ashok Agarwal; Rakesh Sharma; Luna Samanta; Edmund S. Sabanegh; Ricardo Pimenta Bertolla,Fertility and Sterility,https://doi.org/10.1016/j.fertnstert.2017.07.422,https://openalex.org/W2753643215
2017,Identification of Post-translational Modifications on Odorant-Binding Protein Isoforms from Pig Olfactory Secretome by High-Resolution Mass Spectrometry: O-β-N-acetylglucosaminylation and Phosphorylation,"Julien Bouclon, Chrystelle Le Danvic, Elodie Guettier et al. (n=7)",Julien Bouclon; Chrystelle Le Danvic; Elodie Guettier; Fabrice Bray; Caroline Tokarski; Christian Rolando; Patricia Nagnan‐Le Meillour,Frontiers in Ecology and Evolution,https://doi.org/10.3389/fevo.2017.00142,https://openalex.org/W2768802021
2017,Protein de novo sequencing by top-down and middle-down MS/MS: Limitations imposed by mass measurement accuracy and gaps in sequence coverage,"Lidong He, Chad R. Weisbrod, Alan G. Marshall",Lidong He; Chad R. Weisbrod; Alan G. Marshall,International Journal of Mass Spectrometry,https://doi.org/10.1016/j.ijms.2017.11.012,https://openalex.org/W2768998875
2017,Ultra-high resolution MALDI-FTICR-MSI analysis of intact proteins in mouse and human pancreas tissue,"Isabella Piga, Bram Heijs, Simone Nicolardi et al. (n=9)",Isabella Piga; Bram Heijs; Simone Nicolardi; Laura Giusti; Lorella Marselli; Piero Marchetti; Maria Rosa Mazzoni; Antonio Lucacchini; Liam A. McDonnell,International Journal of Mass Spectrometry,https://doi.org/10.1016/j.ijms.2017.11.001,https://openalex.org/W2767553029
2017,Exploiting charge differences for the analysis of challenging post-translational modifications by capillary electrophoresis-mass spectrometry,"Klaus Faserl, Bettina Sarg, Verena Maurer et al. (n=4)",Klaus Faserl; Bettina Sarg; Verena Maurer; Herbert Lindner,Journal of Chromatography A,https://doi.org/10.1016/j.chroma.2017.01.086,https://openalex.org/W2583750572
2017,Exploring ECD on a Benchtop Q Exactive Orbitrap Mass Spectrometer,"Kyle L. Fort, Christian N. Cramer, Valery G. Voinov et al. (n=7)",Kyle L. Fort; Christian N. Cramer; Valery G. Voinov; Yury V. Vasil’ev; Nathan I. Lopez; Joseph S. Beckman; Albert J. R. Heck,Journal of Proteome Research,https://doi.org/10.1021/acs.jproteome.7b00622,https://openalex.org/W2777900905
2017,Optimizing High-Resolution Mass Spectrometry for the Identification of Low-Abundance Post-Translational Modifications of Intact Proteins,"Lisa E. Kilpatrick, Eric L. Kilpatrick",Lisa E. Kilpatrick; Eric L. Kilpatrick,Journal of Proteome Research,https://doi.org/10.1021/acs.jproteome.7b00244,https://openalex.org/W2736337356
2017,High resolution top-down experimental strategies on the Orbitrap platform,"Kai Scheffler, Rosa Viner, Eugen Damoc",Kai Scheffler; Rosa Viner; Eugen Damoc,Journal of Proteomics,https://doi.org/10.1016/j.jprot.2017.03.028,https://openalex.org/W2605252935
2017,Intact Protein Analysis at 21 Tesla and X-Ray Crystallography Define Structural Differences in Single Amino Acid Variants of Human Mitochondrial Branched-Chain Amino Acid Aminotransferase 2 (BCAT2),"Lissa C. Anderson, M. Håkansson, Björn Walse et al. (n=4)",Lissa C. Anderson; M. Håkansson; Björn Walse; Carol L. Nilsson,Journal of the American Society for Mass Spectrometry,https://doi.org/10.1007/s13361-017-1705-0,https://openalex.org/W2732516689
2017,Front-End Electron Transfer Dissociation Coupled to a 21 Tesla FT-ICR Mass Spectrometer for Intact Protein Sequence Analysis,"Chad R. Weisbrod, Nathan K. Kaiser, John E. P. Syka et al. (n=13)",Chad R. Weisbrod; Nathan K. Kaiser; John E. P. Syka; Lee Early; Christopher Mullen; Jean‐Jacques Dunyach; A. Michelle English; Lissa C. Anderson; Greg T. Blakney; Jeffrey Shabanowitz; Christopher L. Hendrickson; Alan G. Marshall; Donald F. Hunt,Journal of the American Society for Mass Spectrometry,https://doi.org/10.1007/s13361-017-1702-3,https://openalex.org/W2736391238
2017,Analysis of Monoclonal Antibodies in Human Serum as a Model for Clinical Monoclonal Gammopathy by Use of 21 Tesla FT-ICR Top-Down and Middle-Down MS/MS,"Lidong He, Lissa C. Anderson, David R. Barnidge et al. (n=6)",Lidong He; Lissa C. Anderson; David R. Barnidge; David Murray; Christopher L. Hendrickson; Alan G. Marshall,Journal of the American Society for Mass Spectrometry,https://doi.org/10.1007/s13361-017-1602-6,https://openalex.org/W2594148209
2017,Fourier Transform-Ion Cyclotron Resonance Mass Spectrometry as a Platform for Characterizing Multimeric Membrane Protein Complexes,"Jennifer L. Lippens, Michael Nshanian, Chris Spahr et al. (n=6)",Jennifer L. Lippens; Michael Nshanian; Chris Spahr; Pascal F. Egea; Joseph A. Loo; Iain D. G. Campuzano,Journal of the American Society for Mass Spectrometry,https://doi.org/10.1007/s13361-017-1799-4,https://openalex.org/W2761470697
2017,"Analysis of Proteins, Protein Complexes, and Organellar Proteomes Using Sheathless Capillary Zone Electrophoresis - Native Mass Spectrometry","Arseniy M. Belov, Rosa Viner, Márcia Rodrigues dos Santos et al. (n=7)",Arseniy M. Belov; Rosa Viner; Márcia Rodrigues dos Santos; David M. Horn; Marshall Bern; Barry L. Karger; Alexander R. Ivanov,Journal of the American Society for Mass Spectrometry,https://doi.org/10.1007/s13361-017-1781-1,https://openalex.org/W2752396658
2017,Novel detection of post-translational modifications in human monocyte-derived dendritic cells after chronic alcohol exposure: Role of inflammation regulator H4K12ac,"Tiyash Parira, Gloria Figueroa, Alejandra Laverde et al. (n=7)",Tiyash Parira; Gloria Figueroa; Alejandra Laverde; Gianna Casteleiro; Mario E. Gomez Hernandez; Francisco Fernández-Lima; Marisela Agudelo,Scientific Reports,https://doi.org/10.1038/s41598-017-11172-6,https://openalex.org/W2750840882
2017,A “Tail” of Unusual Histone H2A Variants in Bdelloid Rotifers,"Miracline Ebijoyeldhas, Alexander C. Jones, Marjan Boerma et al. (n=7)",Miracline Ebijoyeldhas; Alexander C. Jones; Marjan Boerma; Stephanie D. Byrum; Lisa Orr; Alan J. Tackett; Andrew Schurko,The FASEB Journal,https://doi.org/10.1096/fasebj.31.1_supplement.755.3,https://openalex.org/W4389019495
2017,Pushing the limits of two-dimensional mass spectrometry,Federico Floris,Federico Floris,Warwick Research Archive Portal (University of Warwick),,https://openalex.org/W2804703277
2018,Differential modulation of S-nitrosoproteome of Paracoccidioides brasiliensis by Nitric Oxide: change in S-nitrosylation levels and fungal redox status.,"Marina Valente Navarro, Alison Felipe Alencar Chaves",Marina Valente Navarro; Alison Felipe Alencar Chaves,,https://doi.org/10.26226/morressier.5ac39996d462b8028d89a047,https://openalex.org/W4212786877
2018,Structural Analysis of Monoclonal Antibodies by Ultrahigh Resolution MALDI In-Source Decay FT-ICR Mass Spectrometry,"Yuri E. M. van der Burgt, David P. A. Kilgour, Yury O. Tsybin et al. (n=8)",Yuri E. M. van der Burgt; David P. A. Kilgour; Yury O. Tsybin; Kristina Srzentić; Luca Fornelli; Alain Beck; Manfred Wuhrer; Simone Nicolardi,Analytical Chemistry,https://doi.org/10.1021/acs.analchem.8b04515,https://openalex.org/W2905767358
2018,"High Speed Intact Protein Characterization Using 4X Frequency Multiplication, Ion Trap Harmonization, and 21 Tesla FTICR-MS","Jared Shaw, Mikhail V. Gorshkov, Qinghao Wu et al. (n=4)",Jared Shaw; Mikhail V. Gorshkov; Qinghao Wu; Ljiljana Paša‐Tolić,Analytical Chemistry,https://doi.org/10.1021/acs.analchem.7b04606,https://openalex.org/W2796085448
2018,Sequencing Grade Tandem Mass Spectrometry for Top–Down Proteomics Using Hybrid Electron Capture Dissociation Methods in a Benchtop Orbitrap Mass Spectrometer,"Jared Shaw, Neha Malhan, Yury V. Vasil’ev et al. (n=7)",Jared Shaw; Neha Malhan; Yury V. Vasil’ev; Nathan I. Lopez; Alexander Makarov; Joseph S. Beckman; Valery G. Voinov,Analytical Chemistry,https://doi.org/10.1021/acs.analchem.8b01901,https://openalex.org/W2886934807
2018,Fourier Transform-Ion Mobility-Orbitrap Mass Spectrometer: A Next-Generation Instrument for Native Mass Spectrometry,"Michael L. Poltash, Jacob W. McCabe, Mehdi Shirzadeh et al. (n=6)",Michael L. Poltash; Jacob W. McCabe; Mehdi Shirzadeh; Arthur Laganowsky; Brian H. Clowers; David H. Russell,Analytical Chemistry,https://doi.org/10.1021/acs.analchem.8b02463,https://openalex.org/W2886952883
2018,Maximizing Sequence Coverage in Top-Down Proteomics By Automated Multimodal Gas-Phase Protein Fragmentation,"Pavel V. Shliaha, Sebastian Gibb, Vladimir Gorshkov et al. (n=10)",Pavel V. Shliaha; Sebastian Gibb; Vladimir Gorshkov; Malena Schack Jespersen; G.R. Andersen; Derek J. Bailey; Jacob H. Schwartz; Shannon Eliuk; Veit Schwämmle; Ole N. Jensen,Analytical Chemistry,https://doi.org/10.1021/acs.analchem.8b02344,https://openalex.org/W2893230899
2018,Differential Ion Mobility Separations/Mass Spectrometry with High Resolution in Both Dimensions,"Matthew A. Baird, Gordon Anderson, Pavel V. Shliaha et al. (n=5)",Matthew A. Baird; Gordon Anderson; Pavel V. Shliaha; Ole N. Jensen; Alexandre A. Shvartsburg,Analytical Chemistry,https://doi.org/10.1021/acs.analchem.8b04518,https://openalex.org/W2905265850
2018,LC/MS‐based Intact IgG and Released Glycan Analysis for Bioprocessing Applications,"Tianhua Wang, Kong Meng Hoi, Henning Stöckmann et al. (n=11)",Tianhua Wang; Kong Meng Hoi; Henning Stöckmann; Corrine Wan; Lyn Chiin Sim; Noor Hayati Bte Kamari Shi Jie Tay; Ce Huang Poo; Susanto Woen; Yuangsheng Yang; Peiqing Zhang; Pauline M. Rudd,Biotechnology Journal,https://doi.org/10.1002/biot.201700185,https://openalex.org/W2792870747
2018,Epiproteomic Landscape and Histone Code of Cutaneous T-Cell Lymphoma/Sézary Syndrome,"Özlem Önder, Rui Wu, Maria Wysocka et al. (n=10)",Özlem Önder; Rui Wu; Maria Wysocka; Paul Haun; Ellen Kim; Benjamin A. Garcia; David W. Bahler; Alain H. Rook; Megan S. Lim; Kojo S.J. Elenitoba‐Johnson,Blood,https://doi.org/10.1182/blood-2018-99-115347,https://openalex.org/W2912237148
2018,Abstract 2693: Mass spectrometric approach to identify N-glycosylation of light chain in patients with immunoglobulin light chain amyloidosis (AL),"Sanjay Kumar, Angela Dispenzieri, Surendra Dasari et al. (n=9)",Sanjay Kumar; Angela Dispenzieri; Surendra Dasari; Paolo Milani; Giampaolo Merlini; MeLea Hetrick; David R. Barnidge; Benjamin Madden; David Murray,Cancer Research,https://doi.org/10.1158/1538-7445.am2018-2693,https://openalex.org/W2885244535
2018,Femtosecond laser-induced dissociation (fs-LID) as an activation method in mass spectrometry,"Christian Neidel, Andreas Kuehn, C. P. Schulz et al. (n=6)",Christian Neidel; Andreas Kuehn; C. P. Schulz; I. V. Hertel; Michael Linscheid; Thomas Schultz,Chemical Physics,https://doi.org/10.1016/j.chemphys.2018.05.008,https://openalex.org/W2803153026
2018,Identification of the Potential Bio-active Proteins Associated with Wound Healing Properties in Snakehead Fish (Channa striata) Mucus,"Soon Hong Kwan, Mohd Nazri Ismail",Soon Hong Kwan; Mohd Nazri Ismail,Current Proteomics,https://doi.org/10.2174/1570164615666180717143418,https://openalex.org/W2884406906
2018,Applications of 21 Tesla FT-ICR Top-down Proteomics in Clinical Research and Diagnosis,,,DigiNole (Florida State University),,https://openalex.org/W7113033258
2018,Characterization of Nitrophospholipid‐Peptide Covalent Adducts by Electrospray Tandem Mass Spectrometry: A First Screening Analysis Using Different Instrumental Platforms,"Javier‐Fernando Montero‐Bullón, Tânia Melo, M. Rosário Domingues et al. (n=4)",Javier‐Fernando Montero‐Bullón; Tânia Melo; M. Rosário Domingues; Pedro Domíngues,European Journal of Lipid Science and Technology,https://doi.org/10.1002/ejlt.201800101,https://openalex.org/W2893770488
2018,Thymosin fraction 5 re-evaluated after 35 years by high-resolution mass spectrometry,"Ewald Hannappel, Federica Iavarone, Massimo Castagnola",Ewald Hannappel; Federica Iavarone; Massimo Castagnola,Expert Opinion on Biological Therapy,https://doi.org/10.1080/14712598.2018.1474196,https://openalex.org/W2885127105
2018,Thymosin fraction 5 re-evaluated after 35 years by high-resolution mass spectrometry,"Ewald Hannappel, Federica Iavarone, Massimo Castagnola",Ewald Hannappel; Federica Iavarone; Massimo Castagnola,Figshare,https://doi.org/10.6084/m9.figshare.6885167,https://openalex.org/W4394557746
2018,Peptidomic investigation of Neoponera villosa venom by high-resolution mass spectrometry: seasonal and nesting habitat variations,"Camila Takeno Cologna, Renata Santos Rodrigues, Jean Carlos Santos et al. (n=6)",Camila Takeno Cologna; Renata Santos Rodrigues; Jean Carlos Santos; Edwin De Pauw; Eliane Candiani Arantes; Loïc Quinton,Figshare,https://doi.org/10.6084/m9.figshare.6045347,https://openalex.org/W4394153224
2018,An Extensive Description of the Peptidomic Repertoire of the Hen Egg Yolk Plasma,"Simona Arena, Andrea Scaloni",Simona Arena; Andrea Scaloni,Journal of Agricultural and Food Chemistry,https://doi.org/10.1021/acs.jafc.8b01183,https://openalex.org/W2794035426
2018,Neuropeptidomics of the Rat Habenular Nuclei,"Ning Yang, Krishna D. B. Anapindi, Stanislav S. Rubakhin et al. (n=8)",Ning Yang; Krishna D. B. Anapindi; Stanislav S. Rubakhin; Pingli Wei; Qing Yu; Lingjun Li; Paul J. Kenny; Jonathan V. Sweedler,Journal of Proteome Research,https://doi.org/10.1021/acs.jproteome.7b00811,https://openalex.org/W2792343619
2018,"Comprehensive identification of protein disulfide bonds with pepsin/trypsin digestion, Orbitrap HCD and Spectrum Identification Machine","Chuanlong Cui, Tong Liu, Tong Chen et al. (n=9)",Chuanlong Cui; Tong Liu; Tong Chen; Johanna Lu; Ian Casaren; Diogo Borges Lima; Paulo C. Carvalho; Annie Beuve; Hong Li,Journal of Proteomics,https://doi.org/10.1016/j.jprot.2018.12.010,https://openalex.org/W2904893816
2018,Application of Tandem Two-Dimensional Mass Spectrometry for Top-Down Deep Sequencing of Calmodulin,"Federico Floris, Lionel Chiron, Alice M. Lynch et al. (n=6)",Federico Floris; Lionel Chiron; Alice M. Lynch; Mark P. Barrow; Marc‐André Delsuc; Peter B. O’Connor,Journal of the American Society for Mass Spectrometry,https://doi.org/10.1007/s13361-018-1978-y,https://openalex.org/W2807480628
2018,Comprehensive Characterization of Swine Cardiac Troponin T Proteoforms by Top-Down Mass Spectrometry,"Ziqing Lin, Fang Guo, Zachery R. Gregorich et al. (n=8)",Ziqing Lin; Fang Guo; Zachery R. Gregorich; Rui-Xiang Sun; Han Zhang; Yang Hu; Dhanansayan Shanmuganayagam; Ying Ge,Journal of the American Society for Mass Spectrometry,https://doi.org/10.1007/s13361-018-1925-y,https://openalex.org/W2796967793
2018,MetaUniDec: High-Throughput Deconvolution of Native Mass Spectra,"Deseree Reid, Jessica M. Diesing, Matthew A. Miller et al. (n=7)",Deseree Reid; Jessica M. Diesing; Matthew A. Miller; Scott Michael Perry; Jessica A. Wales; W.R. Montfort; Michael T. Marty,Journal of the American Society for Mass Spectrometry,https://doi.org/10.1007/s13361-018-1951-9,https://openalex.org/W2800250383
2018,Distinguishing Sulfotyrosine Containing Peptides from their Phosphotyrosine Counterparts Using Mass Spectrometry,"Guangming Chen, Yixiang Zhang, Jonathan C. Trinidad et al. (n=4)",Guangming Chen; Yixiang Zhang; Jonathan C. Trinidad; Charles E. Dann,Journal of the American Society for Mass Spectrometry,https://doi.org/10.1007/s13361-017-1854-1,https://openalex.org/W2782878473
2018,A<i>Caenorhabditis elegans</i>Mass Spectrometric Resource for Neuropeptidomics,"Sven Van Bael, Sven Zels, Kurt Boonen et al. (n=6)",Sven Van Bael; Sven Zels; Kurt Boonen; Isabel Beets; Liliane Schoofs; Liesbet Temmerman,Journal of the American Society for Mass Spectrometry,https://doi.org/10.1007/s13361-017-1856-z,https://openalex.org/W2782067321
2018,An integrated native mass spectrometry and top-down proteomics method that connects sequence to structure and function of macromolecular complexes,"Huilin Li, Hong Hanh Nguyen, Rachel R. Ogorzalek Loo et al. (n=5)",Huilin Li; Hong Hanh Nguyen; Rachel R. Ogorzalek Loo; Iain D. G. Campuzano; Joseph A. Loo,Nature Chemistry,https://doi.org/10.1038/nchem.2908,https://openalex.org/W2781755425
2018,The use of in-strip digestion for fast proteomic analysis on tear fluid from dry eye patients,"Zhu Huang, Chixin Du, Xiao-Dong Pan",Zhu Huang; Chixin Du; Xiao-Dong Pan,PLoS ONE,https://doi.org/10.1371/journal.pone.0200702,https://openalex.org/W2885687748
2018,Middle‐Down Characterization of the Cell Cycle Dependence of Histone H4 Posttranslational Modifications and Proteoforms,"Tingting Jiang, Michael E. Hoover, Matthew V. Holt et al. (n=6)",Tingting Jiang; Michael E. Hoover; Matthew V. Holt; Michael A. Freitas; Alan G. Marshall; Nicolas L. Young,PROTEOMICS,https://doi.org/10.1002/pmic.201700442,https://openalex.org/W2800060138
2018,Chemical tools for the study of N-glycosylation in protozoan parasites,Jessica Grace Morgan Bevan,Jessica Grace Morgan Bevan,Repositório da Universidade de Lisboa (University of Lisbon),,https://openalex.org/W2950505419
2018,Peptide identifications and false discovery rates using different mass spectrometry platforms,"Krishna D. B. Anapindi, Elena V. Romanova, Bruce R. Southey et al. (n=4)",Krishna D. B. Anapindi; Elena V. Romanova; Bruce R. Southey; Jonathan V. Sweedler,Talanta,https://doi.org/10.1016/j.talanta.2018.01.062,https://openalex.org/W2790067325
2018,Enzyme-containing spin membranes for rapid digestion and characterization of single proteins,"Weijing Liu, Yongle Pang, Hui Yin Tan et al. (n=7)",Weijing Liu; Yongle Pang; Hui Yin Tan; Nitin Patel; Gia Jokhadze; Adrian Guthals; Merlin L. Bruening,The Analyst,https://doi.org/10.1039/c8an00969d,https://openalex.org/W2883959841
2018,Développement de méthodes séparatives pour la caractérisation d’une glycoprotéine intacte : application à l’hormone chorionique gonadotrophine humaine,Julien Camperi,Julien Camperi,theses.fr (ABES),,https://openalex.org/W2901838967
2018,Peptidomic investigation of Neoponera villosa venom by high-resolution mass spectrometry: seasonal and nesting habitat variations,"Camila Takeno Cologna, Renata Santos Rodrigues, Jean Carlos Santos et al. (n=6)",Camila Takeno Cologna; Renata Santos Rodrigues; Jean Carlos Santos; Edwin De Pauw; Eliane Candiani Arantes; Loïc Quinton,The Journal of venomous animals and toxins including tropical diseases,https://doi.org/10.1186/s40409-018-0141-3,https://openalex.org/W2788019047
2018,Glycosylated Site Mapping and Quantitative Glycomics by Mass Spectrometry,Jae‐Min Lim,Jae‐Min Lim,한국당과학회 학술대회,,https://openalex.org/W3188906272
2019,The Profile of Post-translational Modifications of Histone H1 in Chromatin of Mouse Embryonic Stem Cells,"T. Yu. Starkova, Т. О. Артамонова, V. V. Ermakova et al. (n=6)",T. Yu. Starkova; Т. О. Артамонова; V. V. Ermakova; Е. В. Чихиржина; М. А. Ходорковский; А. Н. Томилин,Acta Naturae,https://doi.org/10.32607/20758251-2019-11-2-82-91,https://openalex.org/W2956993000
2019,P4‐709: PROTEOLIPIDOME ANALYSIS OF HIPPOCAMPAL TISSUE FROM A MURINE ALZHEIMER'S DISEASE MODEL TO FACILITATE THERAPEUTIC TARGET IDENTIFICATION,"Whitaker Cohn, Jesus Campagna, Patricia Spilman et al. (n=9)",Whitaker Cohn; Jesus Campagna; Patricia Spilman; Chris Jean Elias; Chunni Zhu; Tina Bilousova; Kym F. Faull; Julian P. Whitelegge; Varghese John,Alzheimer s & Dementia,https://doi.org/10.1016/j.jalz.2019.09.073,https://openalex.org/W2980626188
2019,A Top-Down Proteomics Platform Coupling Serial Size Exclusion Chromatography and Fourier Transform Ion Cyclotron Resonance Mass Spectrometry,"Trisha Tucholski, Samantha J. Knott, Bifan Chen et al. (n=6)",Trisha Tucholski; Samantha J. Knott; Bifan Chen; Paige E. Pistono; Ziqing Lin; Ying Ge,Analytical Chemistry,https://doi.org/10.1021/acs.analchem.8b04082,https://openalex.org/W2914139080
2019,Measurement of Individual Ions Sharply Increases the Resolution of Orbitrap Mass Spectra of Proteins,"Jared O. Kafader, Rafael D. Melani, Michael W. Senko et al. (n=6)",Jared O. Kafader; Rafael D. Melani; Michael W. Senko; Alexander Makarov; Neil L. Kelleher; Philip D. Compton,Analytical Chemistry,https://doi.org/10.1021/acs.analchem.8b04519,https://openalex.org/W2908399125
2019,Mass Spectrometry Imaging of N-Glycans from Formalin-Fixed Paraffin-Embedded Tissue Sections Using a Novel Subatmospheric Pressure Ionization Source,"Yatao Shi, Zihui Li, Mildred Felder et al. (n=11)",Yatao Shi; Zihui Li; Mildred Felder; Qinying Yu; Xudong Shi; Yajing Peng; Qinjingwen Cao; Bin Wang; Luigi Puglielli; Manish S. Patankar; Lingjun Li,Analytical Chemistry,https://doi.org/10.1021/acs.analchem.9b02995,https://openalex.org/W2972477261
2019,Analytical Strategies for the Identification and Characterization of RAGE Binders of Proinflammatory mediators. AGEs and ALES,Marco Mol,Marco Mol,Archivio Istituzionale della Ricerca (Universita Degli Studi Di Milano),https://doi.org/10.13130/mol-marco-hendrikus-adrianus_phd2019-09-16,https://openalex.org/W2977707463
2019,Assessing a commercial capillary electrophoresis interface (ZipChip) for shotgun proteomic applications,"Aimee Rinas, Conor Jenkins, Benjamin C. Orsburn",Aimee Rinas; Conor Jenkins; Benjamin C. Orsburn,bioRxiv (Cold Spring Harbor Laboratory),https://doi.org/10.1101/559591,https://openalex.org/W2917898930
2019,Accurate and Sensitive Quantitation of the Dynamic Heat Shock Proteome using Tandem Mass Tags,"Aaron J. Storey, Rebecca E. Hardman, Stephanie D. Byrum et al. (n=8)",Aaron J. Storey; Rebecca E. Hardman; Stephanie D. Byrum; Samuel G. Mackintosh; Rick D. Edmondson; Wayne P. Wahls; Alan J. Tackett; Jeffrey A. Lewis,bioRxiv (Cold Spring Harbor Laboratory),https://doi.org/10.1101/696641,https://openalex.org/W2962190465
2019,Multiplexed Single Ion Mass Spectrometry Improves Measurement of Proteoforms and Their Complexes,"Jared O. Kafader, Rafael D. Melani, Kenneth R. Durbin et al. (n=16)",Jared O. Kafader; Rafael D. Melani; Kenneth R. Durbin; Bon Ikwuagwu; Bryan P. Early; Ryan T. Fellers; Steven C. Beu; Vlad Zabrouskov; Alexander Makarov; Joshua T. Maze; Deven L. Shinholt; Ping Yip; Danielle Tullman‐Ercek; Michael W. Senko; Philip D. Compton; Neil L. Kelleher,bioRxiv (Cold Spring Harbor Laboratory),https://doi.org/10.1101/715425,https://openalex.org/W2966607810
2019,Abstract B048: Proteomic approaches for the identification of druggable protein and epigenetic targets to complement melanoma immunotherapy,Alan J. Tackett,Alan J. Tackett,Cancer Immunology Research,https://doi.org/10.1158/2326-6074.cricimteatiaacr18-b048,https://openalex.org/W2911958541
2019,Abstract 248: Dynamic multi-OMICS analysis of glioblastoma cells reveals context of vulnerability to neddylation inhibition by pevonedistat,"Shayesteh R. Ferdosi, Brett M. Taylor, Nanyun Tang et al. (n=11)",Shayesteh R. Ferdosi; Brett M. Taylor; Nanyun Tang; Rita Bybee; Sen Peng; Victoria David‐Dirgo; Krystine Garcia‐Mansfield; Ritin Sharma; Patrick Pirrotte; Michael E. Berens; Harshil Dhruv,Cancer Research,https://doi.org/10.1158/1538-7445.am2019-248,https://openalex.org/W4231446599
2019,Gaining insight into electron capture dissociation mass spectrometry of peptides and proteins,Natalie Thompson,Natalie Thompson,Carolina Digital Repository (University of North Carolina at Chapel Hill),https://doi.org/10.17615/b5tt-8x97,https://openalex.org/W2966588533
2019,Expanding the mass range for UVPD-based native top-down mass spectrometry,"Jean‐François Greisch, Sem Tamara, Richard A. Scheltema et al. (n=9)",Jean‐François Greisch; Sem Tamara; Richard A. Scheltema; Howard W. R. Maxwell; Robert D. Fagerlund; Peter C. Fineran; Stephan Tetter; Donald Hilvert; Albert J. R. Heck,Chemical Science,https://doi.org/10.1039/c9sc01857c,https://openalex.org/W2955511448
2019,Abstract 248: Dynamic multi-OMICS analysis of glioblastoma cells reveals context of vulnerability to neddylation inhibition by pevonedistat,"Shayesteh R. Ferdosi, Brett Taylor, Nanyun Tang et al. (n=11)",Shayesteh R. Ferdosi; Brett Taylor; Nanyun Tang; Rita Bybee; Sen Peng; Victoria David‐Dirgo; Krystine Garcia‐Mansfield; Ritin Sharma; Patrick Pirrotte; Michael Berens; Harshil Dhruv,Experimental and Molecular Therapeutics,https://doi.org/10.1158/1538-7445.sabcs18-248,https://openalex.org/W2955802410
2019,Peptidomics Analysis of Milk Protein-Derived Peptides Released over Time in the Preterm Infant Stomach,"Robert L. Beverly, Mark A. Underwood, David C. Dallas",Robert L. Beverly; Mark A. Underwood; David C. Dallas,Journal of Proteome Research,https://doi.org/10.1021/acs.jproteome.8b00604,https://openalex.org/W2910615182
2019,Cracking Proteoform Complexity of Ovalbumin with Anion-Exchange Chromatography–High-Resolution Mass Spectrometry under Native Conditions,"Florian Füssl, Angela Criscuolo, Ken Cook et al. (n=5)",Florian Füssl; Angela Criscuolo; Ken Cook; Kai Scheffler; Jonathan Bones,Journal of Proteome Research,https://doi.org/10.1021/acs.jproteome.9b00375,https://openalex.org/W2971361489
2019,A Study into the ADP-Ribosylome of IFN-γ-Stimulated THP-1 Human Macrophage-like Cells Identifies ARTD8/PARP14 and ARTD9/PARP9 ADP-Ribosylation,"Hideyuki Higashi, Takashi Maejima, Lang Ho Lee et al. (n=7)",Hideyuki Higashi; Takashi Maejima; Lang Ho Lee; Y. Yamazaki; Michael O. Hottiger; Sasha A. Singh; Masanori Aikawa,Journal of Proteome Research,https://doi.org/10.1021/acs.jproteome.8b00895,https://openalex.org/W2921257472
2019,Single-Shot Capillary Zone Electrophoresis–Tandem Mass Spectrometry Produces over 4400 Phosphopeptide Identifications from a 220 ng Sample,"Zhenbin Zhang, Alexander S. Hebert, Michael S. Westphall et al. (n=5)",Zhenbin Zhang; Alexander S. Hebert; Michael S. Westphall; Joshua J. Coon; Norman J. Dovic̀hi,Journal of Proteome Research,https://doi.org/10.1021/acs.jproteome.9b00244,https://openalex.org/W2951047141
2019,Capillary Zone Electrophoresis-Tandem Mass Spectrometry with Activated Ion Electron Transfer Dissociation for Large-scale Top-down Proteomics,"Elijah N. McCool, Jean M. Lodge, Abdul Rehman Basharat et al. (n=6)",Elijah N. McCool; Jean M. Lodge; Abdul Rehman Basharat; Xiaowen Liu; Joshua J. Coon; Liangliang Sun,Journal of the American Society for Mass Spectrometry,https://doi.org/10.1007/s13361-019-02206-6,https://openalex.org/W2944207730
2019,Ion-Ion Proton Transfer and Parallel Ion Parking for the Analysis of Mixtures of Intact Proteins on a Modified Orbitrap Mass Analyzer,"Scott A. Ugrin, A. Michelle English, John E. P. Syka et al. (n=7)",Scott A. Ugrin; A. Michelle English; John E. P. Syka; Dina L. Bai; Lissa C. Anderson; Jeffrey Shabanowitz; Donald F. Hunt,Journal of the American Society for Mass Spectrometry,https://doi.org/10.1007/s13361-019-02290-8,https://openalex.org/W2966700924
2019,Standard Proteoforms and Their Complexes for Native Mass Spectrometry,"Luis F. Schachner, Ashley N. Ives, John P. McGee et al. (n=8)",Luis F. Schachner; Ashley N. Ives; John P. McGee; Rafael D. Melani; Jared O. Kafader; Philip D. Compton; Steven M. Patrie; Neil L. Kelleher,Journal of the American Society for Mass Spectrometry,https://doi.org/10.1007/s13361-019-02191-w,https://openalex.org/W2940222661
2019,MON-487 Simultaneous Monitoring of 13 IGF-1 Variants in a Clinical Mass Spectrometry Assay,"Ievgen Motorykin, Michael P. Caulfield, Michael J. McPhaul et al. (n=4)",Ievgen Motorykin; Michael P. Caulfield; Michael J. McPhaul; Zengru Wu,Journal of the Endocrine Society,https://doi.org/10.1210/js.2019-mon-487,https://openalex.org/W2944461281
2019,Analysis of cardiac troponin proteoforms by top-down mass spectrometry,"Timothy N. Tiambeng, Trisha Tucholski, Zhijie Wu et al. (n=8)",Timothy N. Tiambeng; Trisha Tucholski; Zhijie Wu; Yanlong Zhu; Stanford D. Mitchell; David S. Roberts; Yutong Jin; Ying Ge,Methods in enzymology on CD-ROM/Methods in enzymology,https://doi.org/10.1016/bs.mie.2019.07.029,https://openalex.org/W2970801181
2019,Native Mass Spectrometry Analysis of Affinity-Captured Endogenous Yeast RNA Exosome Complexes,"Paul Dominic B. Olinares, Brian T. Chait",Paul Dominic B. Olinares; Brian T. Chait,Methods in molecular biology,https://doi.org/10.1007/978-1-4939-9822-7_17,https://openalex.org/W2990301359
2019,Uncovering Thousands of New Peptides with Sequence-Mask-Search Hybrid De Novo Peptide Sequencing Framework,"Korrawe Karunratanakul, Hsin‐Yao Tang, David W. Speicher et al. (n=5)",Korrawe Karunratanakul; Hsin‐Yao Tang; David W. Speicher; Ekapol Chuangsuwanich; Sira Sriswasdi,Molecular & Cellular Proteomics,https://doi.org/10.1074/mcp.tir119.001656,https://openalex.org/W2979770225
2019,Optimization of TripleTOF spectral simulation and library searching for confident localization of phosphorylation sites,"Ayano Takai, Tomoya Tsubosaka, Yasuhiro Hirano et al. (n=8)",Ayano Takai; Tomoya Tsubosaka; Yasuhiro Hirano; Naoki Hayakawa; Fumitaka Tani; Pekka Haapaniemi; Veronika Suni; Susumu Y. Imanishi,PLoS ONE,https://doi.org/10.1371/journal.pone.0225885,https://openalex.org/W2991990617
2019,Static in vitro digestion tests to assess allergenic risk of novel proteins - Use of a peptidomics workflow based on free softwares,"Julien Jardin, Valérie Briard‐Bion, Amélia Torcello Gomez et al. (n=5)",Julien Jardin; Valérie Briard‐Bion; Amélia Torcello Gomez; Didier Dupont; Alan R. Mackie,Prodinra (INRA Bordeaux-Aquitaine),,https://openalex.org/W4288104382
2019,Comparison of data‐acquisition methods for the identification and quantification of histone post‐translational modifications on a Q Exactive HF hybrid quadrupole Orbitrap mass spectrometer,"Joby Cole, Eleanor J. Hanson, David C. James et al. (n=5)",Joby Cole; Eleanor J. Hanson; David C. James; David H. Dockrell; Mark J. Dickman,Rapid Communications in Mass Spectrometry,https://doi.org/10.1002/rcm.8401,https://openalex.org/W2912046117
2019,Identification of N‐terminal protein processing sites by chemical labeling mass spectrometry,"Santosh A. Misal, Sujun Li, Haixu Tang et al. (n=5)",Santosh A. Misal; Sujun Li; Haixu Tang; Predrag Radivojac; James P. Reilly,Rapid Communications in Mass Spectrometry,https://doi.org/10.1002/rcm.8435,https://openalex.org/W2924287439
2019,Lys‐Sequencer: An algorithm for <i>de novo</i> sequencing of peptides by paired single residue transposed Lys‐C and Lys‐N digestion coupled with high‐resolution mass spectrometry,"Yuan Mao, Thomas J. Daly, Ning Li",Yuan Mao; Thomas J. Daly; Ning Li,Rapid Communications in Mass Spectrometry,https://doi.org/10.1002/rcm.8574,https://openalex.org/W2972601808
2019,Native IM-Orbitrap MS: Resolving what was hidden,"Michael L. Poltash, Jacob W. McCabe, Mehdi Shirzadeh et al. (n=5)",Michael L. Poltash; Jacob W. McCabe; Mehdi Shirzadeh; Arthur Laganowsky; David H. Russell,TrAC Trends in Analytical Chemistry,https://doi.org/10.1016/j.trac.2019.05.035,https://openalex.org/W2947933948
2019,Interplay between post-translational cyclooxygenase-2 modifications and the metabolic and proteomic profile in a colorectal cancer cohort,"Patricia Prieto, Rafael I. Jaén, Daniel Calle et al. (n=12)",Patricia Prieto; Rafael I. Jaén; Daniel Calle; María Gómez‐Serrano; Estefanía Núñez; María Fernández‐Velasco; Paloma Martı́n-Sanz; Sergio Alonso; Jesús Vázquez; Sebastián Cerdán; Miguel A. Peinado; Lisardo Boscá,World Journal of Gastroenterology,https://doi.org/10.3748/wjg.v25.i4.433,https://openalex.org/W2913312409
2020,Lysine & Arginine Protein Post-translational Modifications by Enhanced DIA Libraries: Quantification in Murine Liver Disease,"Aaron Robinson, Aleksandra Binek, Vidya Venkatraman et al. (n=16)",Aaron Robinson; Aleksandra Binek; Vidya Venkatraman; Brian C. Searle; Ronald J. Holewinski; George Rosenberger; Sarah J. Parker; Nathan Basisty; Xueshu Xie; Peder J. Lund; Gautam Saxena; Jos eacute M Mato; Benjamin A. García; Birgit Schilling; Shelly C. Lu; Jennifer E. Van Eyk,,,https://openalex.org/W3033687969
2020,Morphology optimization and assessment of the performance limits of high-porosity nanostructured polymer monolithic capillary columns for proteomics analysis,"José Luís Dores‐Sousa, Herman Terryn, Sebastiaan Eeltink",José Luís Dores‐Sousa; Herman Terryn; Sebastiaan Eeltink,Analytica Chimica Acta,https://doi.org/10.1016/j.aca.2020.05.019,https://openalex.org/W3024913896
2020,Increased Single-Spectrum Top-Down Protein Sequence Coverage in Trapping Mass Spectrometers with Chimeric Ion Loading,"Chad R. Weisbrod, Lissa C. Anderson, Joseph B. Greer et al. (n=5)",Chad R. Weisbrod; Lissa C. Anderson; Joseph B. Greer; Caroline J. DeHart; Christopher L. Hendrickson,Analytical Chemistry,https://doi.org/10.1021/acs.analchem.0c01064,https://openalex.org/W3058963095
2020,High-Field Asymmetric Waveform Ion Mobility Spectrometry and Native Mass Spectrometry: Analysis of Intact Protein Assemblies and Protein Complexes,"Oliver J. Hale, Eva Illes‐Toth, Todd H. Mize et al. (n=4)",Oliver J. Hale; Eva Illes‐Toth; Todd H. Mize; Helen J. Cooper,Analytical Chemistry,https://doi.org/10.1021/acs.analchem.0c00649,https://openalex.org/W3020748261
2020,First-Principles Collision Cross Section Measurements of Large Proteins and Protein Complexes,"Jacob W. McCabe, Christopher S. Mallis, Klaudia I. Kocurek et al. (n=14)",Jacob W. McCabe; Christopher S. Mallis; Klaudia I. Kocurek; Michael L. Poltash; Mehdi Shirzadeh; Michael J. Hebert; Liqi Fan; T.G. Walker; Xueyun Zheng; Ting Jiang; Shiyu Dong; Cheng-Wei Lin; Arthur Laganowsky; David H. Russell,Analytical Chemistry,https://doi.org/10.1021/acs.analchem.0c01285,https://openalex.org/W3042370943
2020,Middle-Down Proteomic Analyses with Ion Mobility Separations of Endogenous Isomeric Proteoforms,"Pavel V. Shliaha, Vladimir Gorshkov, Sergey I. Kovalchuk et al. (n=7)",Pavel V. Shliaha; Vladimir Gorshkov; Sergey I. Kovalchuk; Veit Schwämmle; Matthew A. Baird; Alexandre A. Shvartsburg; Ole N. Jensen,Analytical Chemistry,https://doi.org/10.1021/acs.analchem.9b05011,https://openalex.org/W3000711605
2020,"Preparation, FPLC Purification and LC-FT-ICR-MS of Proteins","Tyler Johnson, Jiri Adamec, Paul Blum",Tyler Johnson; Jiri Adamec; Paul Blum,BIO-PROTOCOL,https://doi.org/10.21769/bioprotoc.3570,https://openalex.org/W3014398630
2020,Abstract 5133: Optimized RAS top-down proteomic assay reveals expanded proteoform landscape in malignant cells,"Caroline J. DeHart, Kanika Sharma, Dominic Esposito et al. (n=6)",Caroline J. DeHart; Kanika Sharma; Dominic Esposito; Anna Maciąg; Dwight V. Nissley; Frank McCormick,Cancer Research,https://doi.org/10.1158/1538-7445.am2020-5133,https://openalex.org/W3082976253
2020,Surface-Induced Dissociation of Protein Complexes Selected by Trapped Ion Mobility Spectrometry,"Erin Panczyk, Dalton T. Snyder, Mark E. Ridgeway et al. (n=6)",Erin Panczyk; Dalton T. Snyder; Mark E. Ridgeway; Árpád Somogyi; Melvin A. Park; Vicki H. Wysocki,ChemRxiv,https://doi.org/10.26434/chemrxiv.13477275,https://openalex.org/W4253782213
2020,Surface-Induced Dissociation of Protein Complexes Selected by Trapped Ion Mobility Spectrometry,"Erin Panczyk, Dalton T. Snyder, Mark E. Ridgeway et al. (n=6)",Erin Panczyk; Dalton T. Snyder; Mark E. Ridgeway; Árpád Somogyi; Melvin A. Park; Vicki H. Wysocki,ChemRxiv,https://doi.org/10.26434/chemrxiv.13477275.v1,https://openalex.org/W3209502776
2020,Identification and Analysis of Proteins Using Matrix Assisted Laser Desorption Ionization and Electrospray Ionization Mass Spectrometry,Neil R. Quebbemann,Neil R. Quebbemann,eScholarship (California Digital Library),,https://openalex.org/W3121760646
2020,Functional Analysis of Differentially Expressed Acetylated Spermatozoal Proteins in Infertile Men with Unilateral and Bilateral Varicocele,"Manesh Kumar Panner Selvam, Luna Samanta, Ashok Agarwal",Manesh Kumar Panner Selvam; Luna Samanta; Ashok Agarwal,International Journal of Molecular Sciences,https://doi.org/10.3390/ijms21093155,https://openalex.org/W3021226593
2020,Construction of Human Proteoform Families from 21 Tesla Fourier Transform Ion Cyclotron Resonance Mass Spectrometry Top-Down Proteomic Data,"Leah V. Schaffer, Lissa C. Anderson, David Butcher et al. (n=7)",Leah V. Schaffer; Lissa C. Anderson; David Butcher; Michael R. Shortreed; Rachel Miller; Caitlin Pavelec; Lloyd M. Smith,Journal of Proteome Research,https://doi.org/10.1021/acs.jproteome.0c00403,https://openalex.org/W3093209554
2020,A multi-approach peptidomic analysis of hen egg white reveals novel putative bioactive molecules,"Simona Arena, Giovanni Renzone, Andrea Scaloni",Simona Arena; Giovanni Renzone; Andrea Scaloni,Journal of Proteomics,https://doi.org/10.1016/j.jprot.2020.103646,https://openalex.org/W2998963872
2020,Isotope Depletion Mass Spectrometry (ID-MS) for Accurate Mass Determination and Improved Top-Down Sequence Coverage of Intact Proteins,"Kelly J. Gallagher, Michael Palasser, Sam Hughes et al. (n=6)",Kelly J. Gallagher; Michael Palasser; Sam Hughes; C. Logan Mackay; David P. A. Kilgour; David J. Clarke,Journal of the American Society for Mass Spectrometry,https://doi.org/10.1021/jasms.9b00119,https://openalex.org/W3004265302
2020,Transient-Mediated Simulations of FTMS Isotopic Distributions and Mass Spectra to Guide Experiment Design and Data Analysis,"Konstantin O. Nagornov, Anton N. Kozhinov, Natalia Gasilova et al. (n=5)",Konstantin O. Nagornov; Anton N. Kozhinov; Natalia Gasilova; Laure Menin; Yury O. Tsybin,Journal of the American Society for Mass Spectrometry,https://doi.org/10.1021/jasms.0c00190,https://openalex.org/W3047035199
2020,Native Mass Spectrometry Imaging and <i>In Situ</i> Top-Down Identification of Intact Proteins Directly from Tissue,"Oliver J. Hale, Helen J. Cooper",Oliver J. Hale; Helen J. Cooper,Journal of the American Society for Mass Spectrometry,https://doi.org/10.1021/jasms.0c00226,https://openalex.org/W3046239096
2020,Hyphenation of strong cation exchange chromatography to native mass spectrometry for high throughput online characterization of charge heterogeneity of therapeutic monoclonal antibodies,"Fengfei Ma, Fahimeh Raoufi, Marc Bailly et al. (n=5)",Fengfei Ma; Fahimeh Raoufi; Marc Bailly; Laurence Fayadat‐Dilman; Daniela M. Tomazela,mAbs,https://doi.org/10.1080/19420862.2020.1763762,https://openalex.org/W3023230523
2020,Fourier‐transform ion cyclotron resonance mass spectrometry for characterizing proteoforms,"Trisha Tucholski, Ying Ge",Trisha Tucholski; Ying Ge,Mass Spectrometry Reviews,https://doi.org/10.1002/mas.21653,https://openalex.org/W3084043686
2020,ADVANCES IN HIGH‐RESOLUTION MALDI MASS SPECTROMETRY FOR NEUROBIOLOGY,"Kellen DeLaney, Ashley Phetsanthad, Lingjun Li",Kellen DeLaney; Ashley Phetsanthad; Lingjun Li,Mass Spectrometry Reviews,https://doi.org/10.1002/mas.21661,https://openalex.org/W3100859636
2020,Abstract A26: Precise characterization and comparison of KRAS proteoforms by top-down mass spectrometry,"Caroline J. DeHart, Lissa C. Anderson, Lauren Adams et al. (n=6)",Caroline J. DeHart; Lissa C. Anderson; Lauren Adams; Luca Fornelli; Christopher L. Hendrickson; Neil L. Kelleher,Molecular Cancer Research,https://doi.org/10.1158/1557-3125.ras18-a26,https://openalex.org/W3023485414
2020,Post-Translational Modifications of Extracellular Proteasome,"А. С. Цимоха, Т. О. Артамонова, Egor E. Diakonov et al. (n=5)",А. С. Цимоха; Т. О. Артамонова; Egor E. Diakonov; М. А. Ходорковский; А. Н. Томилин,Molecules,https://doi.org/10.3390/molecules25153504,https://openalex.org/W3046310606
2020,Direct characterization of overproduced proteins by native mass spectrometry,"Shay Vimer, Gili Ben‐Nissan, Michal Sharon",Shay Vimer; Gili Ben‐Nissan; Michal Sharon,Nature Protocols,https://doi.org/10.1038/s41596-019-0233-8,https://openalex.org/W2999062372
2020,Mapping Influenza-Induced Posttranslational Modifications on Histones from CD8+ T Cells,"Svetlana Rezinciuc, Si Wu, Shawna Hengel et al. (n=5)",Svetlana Rezinciuc; Si Wu; Shawna Hengel; Ljiljana Paša‐Tolić; Heather S. Smallwood,Preprints.org,https://doi.org/10.20944/preprints202010.0215.v1,https://openalex.org/W3123042440
2020,Maximizing Flexibility on a High Resolution Open Access LC/MS System,"Theresa McLaughlin, Allis Chien",Theresa McLaughlin; Allis Chien,PubMed Central,,https://openalex.org/W3080748876
2020,Orbitrap mass spectrometry compared with other mass spectrometric methods in protein research,Jani Ikonen,Jani Ikonen,Työväentutkimus Vuosikirja,,https://openalex.org/W3021193203
2021,Untargeted Top-down Proteomics byLC-MS/MS on Lumos v1,"Bryon Drown, Jeannie M. Camarillo, Neil L. Kelleher",Bryon Drown; Jeannie M. Camarillo; Neil L. Kelleher,,https://doi.org/10.17504/protocols.io.bttnnnme,https://openalex.org/W4293166084
2021,Untargeted Top-down Proteomics byLC-MS/MS on Eclipse v1,"Bryon Drown, Jeannie M. Camarillo, Rafael D. Melani et al. (n=4)",Bryon Drown; Jeannie M. Camarillo; Rafael D. Melani; Neil L. Kelleher,,https://doi.org/10.17504/protocols.io.bttknnkw,https://openalex.org/W4285478974
2021,Untargeted Top-down Proteomics byCZE-MS/MS on Eclipse v1,"Kevin Jooß, Bryon Drown, Rafael D. Melani",Kevin Jooß; Bryon Drown; Rafael D. Melani,,https://doi.org/10.17504/protocols.io.btxdnpi6,https://openalex.org/W3156530366
2021,Mass spectrometry approaches for the selection of primary calibrators in the development of reference method,"Salomé Coppens, Christelle Dubois, Bryan J. McCullough et al. (n=5)",Salomé Coppens; Christelle Dubois; Bryan J. McCullough; Christophe Hirtz; Milena Quaglia,Alzheimer s & Dementia,https://doi.org/10.1002/alz.052903,https://openalex.org/W4206655255
2021,Glycoform analysis of intact erythropoietin by MALDI FT-ICR mass spectrometry,"Steffen Lippold, Raashina Thavarajah, Dietmar Reusch et al. (n=5)",Steffen Lippold; Raashina Thavarajah; Dietmar Reusch; Manfred Wuhrer; Simone Nicolardi,Analytica Chimica Acta,https://doi.org/10.1016/j.aca.2021.339084,https://openalex.org/W3199754521
2021,Advanced Strategies for Proton-Transfer Reactions Coupled with Parallel Ion Parking on a 21 T FT-ICR MS for Intact Protein Analysis,"Chad R. Weisbrod, Lissa C. Anderson, Christopher L. Hendrickson et al. (n=8)",Chad R. Weisbrod; Lissa C. Anderson; Christopher L. Hendrickson; Leah V. Schaffer; Michael R. Shortreed; Lloyd M. Smith; Jeffrey Shabanowitz; Donald F. Hunt,Analytical Chemistry,https://doi.org/10.1021/acs.analchem.1c00847,https://openalex.org/W3176070044
2021,Drug-to-Antibody Ratio Estimation via Proteoform Peak Integration in the Analysis of Antibody–Oligonucleotide Conjugates with Orbitrap Fourier Transform Mass Spectrometry,"Konstantin O. Nagornov, Natalia Gasilova, Anton N. Kozhinov et al. (n=8)",Konstantin O. Nagornov; Natalia Gasilova; Anton N. Kozhinov; Pasi Virta; Patrik Holm; Laure Menin; Victor J. Nesatyy; Yury O. Tsybin,Analytical Chemistry,https://doi.org/10.1021/acs.analchem.1c02247,https://openalex.org/W3200280068
2021,Structural O-Glycoform Heterogeneity of the SARS-CoV-2 Spike Protein Receptor-Binding Domain Revealed by Native Top-Down Mass Spectrometry,"David S. Roberts, Morgan Mann, Jake A. Melby et al. (n=8)",David S. Roberts; Morgan Mann; Jake A. Melby; Eli J. Larson; Yanlong Zhu; Allan R. Brasier; Song Jin; Ying Ge,bioRxiv (Cold Spring Harbor Laboratory),https://doi.org/10.1101/2021.02.28.433291,https://openalex.org/W3134996093
2021,Elucidating the Molecular Mechanism of Dynamic Photodamage of Photosystem II Membrane Protein Complex by Integrated Proteomics Strategy,"Ye Zhou, Zheyi Liu, Mingdong Yao et al. (n=8)",Ye Zhou; Zheyi Liu; Mingdong Yao; Jun Chen; Yanan Xiao; Guangye Han; Jian‐Ren Shen; Fangjun Wang,CCS Chemistry,https://doi.org/10.31635/ccschem.021.202000583,https://openalex.org/W3121230074
2021,Sequential Ion-Ion Reactions for Enhanced Gas-Phase Sequencing of Large Intact Proteins in a Tribrid Orbitrap Mass Spectrometer,"Jake Kline, Christopher Mullen, Kenneth R. Durbin et al. (n=7)",Jake Kline; Christopher Mullen; Kenneth R. Durbin; Ryan Oates; Romain Huguet; John E. P. Syka; Luca Fornelli,ChemRxiv,https://doi.org/10.26434/chemrxiv.14036810.v1,https://openalex.org/W3201241830
2021,Sequential Ion-Ion Reactions for Enhanced Gas-Phase Sequencing of Large Intact Proteins in a Tribrid Orbitrap Mass Spectrometer,"Jake Kline, Christopher Mullen, Kenneth R. Durbin et al. (n=7)",Jake Kline; Christopher Mullen; Kenneth R. Durbin; Ryan Oates; Romain Huguet; John E. P. Syka; Luca Fornelli,ChemRxiv,https://doi.org/10.26434/chemrxiv.14036810,https://openalex.org/W4241453299
2021,Characterization of Structural Hemoglobin Variants\nby Top-Down Mass Spectrometry and R Programming Tools for Rapid Identification,"Yuan Lin (79040), Archana M. Agarwal (6263954), Alan G. Marshall (1265301) et al. (n=4)",Yuan Lin (79040); Archana M. Agarwal (6263954); Alan G. Marshall (1265301); Lissa C. Anderson (2059972),Figshare,https://doi.org/10.1021/jasms.1c00291.s001,https://openalex.org/W4200192311
2021,Analysis of Bovine Kappa-Casein Glycomacropeptide by Liquid Chromatography–Tandem Mass Spectrometry,"Yunyao Qu, Bum-Jin Kim, Jeewon Koh et al. (n=4)",Yunyao Qu; Bum-Jin Kim; Jeewon Koh; David C. Dallas,Foods,https://doi.org/10.3390/foods10092028,https://openalex.org/W3198435636
2021,Oxidative and Proteolytic Inactivation of Alpha-1 Antitrypsin in Bronchopulmonary Dysplasia Pathogenesis: A Top-Down Proteomic Bronchoalveolar Lavage Fluid Analysis,"Chiara Tirone, Federica Iavarone, Milena Tana et al. (n=9)",Chiara Tirone; Federica Iavarone; Milena Tana; Alessandra Lio; Claudia Aurilia; Simonetta Costa; Massimo Castagnola; Irene Messana; Giovanni Vento,Frontiers in Pediatrics,https://doi.org/10.3389/fped.2021.597415,https://openalex.org/W3139511738
2021,Ravulizumab: Characterization and quantitation of a new C5 inhibitor using isotype specific affinity purification and high-resolution mass spectrometry,"Paula M. Ladwig, Maria Alice V. Willrich",Paula M. Ladwig; Maria Alice V. Willrich,Journal of Mass Spectrometry and Advances in the Clinical Lab,https://doi.org/10.1016/j.jmsacl.2021.08.002,https://openalex.org/W3193666647
2021,Structural O-Glycoform Heterogeneity of the SARS-CoV-2 Spike Protein Receptor-Binding Domain Revealed by Top-Down Mass Spectrometry,"David S. Roberts, Morgan Mann, Jake A. Melby et al. (n=8)",David S. Roberts; Morgan Mann; Jake A. Melby; Eli J. Larson; Yanlong Zhu; Allan R. Brasier; Song Jin; Ying Ge,Journal of the American Chemical Society,https://doi.org/10.1021/jacs.1c02713,https://openalex.org/W3186140333
2021,Characterization of Structural Hemoglobin Variants by Top-Down Mass Spectrometry and R Programming Tools for Rapid Identification,"Yuan Lin, Archana M. Agarwal, Alan G. Marshall et al. (n=4)",Yuan Lin; Archana M. Agarwal; Alan G. Marshall; Lissa C. Anderson,Journal of the American Society for Mass Spectrometry,https://doi.org/10.1021/jasms.1c00291,https://openalex.org/W4200332698
2021,Capillary Zone Electrophoresis-Electron-Capture Collision-Induced Dissociation on a Quadrupole Time-of-Flight Mass Spectrometer for Top-Down Characterization of Intact Proteins,"Xiaojing Shen, Tian Xu, Blake Hakkila et al. (n=8)",Xiaojing Shen; Tian Xu; Blake Hakkila; M.G. Hare; Qianjie Wang; Qianyi Wang; Joseph S. Beckman; Liangliang Sun,Journal of the American Society for Mass Spectrometry,https://doi.org/10.1021/jasms.0c00484,https://openalex.org/W3138203491
2021,Sequential Ion–Ion Reactions for Enhanced Gas-Phase Sequencing of Large Intact Proteins in a Tribrid Orbitrap Mass Spectrometer,"Jake Kline, Christopher Mullen, Kenneth R. Durbin et al. (n=7)",Jake Kline; Christopher Mullen; Kenneth R. Durbin; Ryan Oates; Romain Huguet; John E. P. Syka; Luca Fornelli,Journal of the American Society for Mass Spectrometry,https://doi.org/10.1021/jasms.1c00062,https://openalex.org/W3159256190
2021,Characterization of Protein Glycoforms at Intact Level by Orbitrap Mass Spectrometry,"Dan Bach Kristensen, Trine Meiborg Sloth, Martin Ørgaard et al. (n=4)",Dan Bach Kristensen; Trine Meiborg Sloth; Martin Ørgaard; Pernille Foged Jensen,Methods in molecular biology,https://doi.org/10.1007/978-1-0716-1241-5_2,https://openalex.org/W3159528345
2021,Quantifying Positional Isomers (QPI) by Top-Down Mass Spectrometry,"Andrea M. Brunner, Philip Lössl, Paul P. Geurink et al. (n=8)",Andrea M. Brunner; Philip Lössl; Paul P. Geurink; Huib Ovaa; Pascal Albanese; Maarten Altelaar; Albert J. R. Heck; Richard A. Scheltema,Molecular & Cellular Proteomics,https://doi.org/10.1016/j.mcpro.2021.100070,https://openalex.org/W3134091308
2021,Influence of protein ion charge state on 213 nm top-down UVPD,"Simon Becher, Hui‐Xin Wang, Michael G. Leeming et al. (n=5)",Simon Becher; Hui‐Xin Wang; Michael G. Leeming; William A. Donald; Sven Heiles,The Analyst,https://doi.org/10.1039/d1an00571e,https://openalex.org/W3161949460
2021,Development of an Online LC‐MS/MS Method for the Investigation of Enzyme Kinetics Using Trypsinization of Apomyoglobin Protein as a Model System,"David A. Barnett, EmmaRae L. Murphy, Andrew P. Joy et al. (n=4)",David A. Barnett; EmmaRae L. Murphy; Andrew P. Joy; Rodney J. Ouellette,The FASEB Journal,https://doi.org/10.1096/fasebj.2021.35.s1.00279,https://openalex.org/W3172508745
2021,Development of new analytical methods for the analysis at the intact level of glycoforms of hCG and other gonadotropins by nano liquid chromatography hyphenated to high resolution mass spectrometry,Amira Al Matari,Amira Al Matari,theses.fr (ABES),,https://openalex.org/W3175417032
2021,Régulation et conséquences fonctionnelles de la SUMOylation à la synapse,Marie Pronot,Marie Pronot,theses.fr (ABES),,https://openalex.org/W4392150075
2022,Editor's evaluation: Phosphoproteomic mapping reveals distinct signaling actions and activation of muscle protein synthesis by Isthmin-1,Christopher Cardozo,Christopher Cardozo,,https://doi.org/10.7554/elife.80014.sa0,https://openalex.org/W4312777282
2022,Decision letter: Phosphoproteomic mapping reveals distinct signaling actions and activation of muscle protein synthesis by Isthmin-1,"Christopher Cardozo, Zachary Graham",Christopher Cardozo; Zachary Graham,,https://doi.org/10.7554/elife.80014.sa1,https://openalex.org/W4312800260
2022,High Resolution Intact Proteoform Mass Spectrometry Imaging using UHMR HF Orbitrap v1,Kevin Zemaitis,Kevin Zemaitis,,https://doi.org/10.17504/protocols.io.4r3l2onz4v1y/v1,https://openalex.org/W4291781598
2022,Overall protocol for 2D intact proteoform mapping by MALDI imaging v1,Kevin Zemaitis,Kevin Zemaitis,,https://doi.org/10.17504/protocols.io.q26g74qn8gwz/v1,https://openalex.org/W4294307467
2022,Pre-Extraction and Matrix Application via a HTX M5 Sprayer for Intact Proteoform MALDI Imaging v1,Kevin Zemaitis,Kevin Zemaitis,,https://doi.org/10.17504/protocols.io.rm7vzy4e4lx1/v1,https://openalex.org/W4291782828
2022,Enhanced Spatial Mapping of Histone Proteoforms in Human Kidney Through MALDI-MSI by High-Field UHMR-Orbitrap Detection,"Kevin Zemaitis, Dušan Veličković, William Kew et al. (n=12)",Kevin Zemaitis; Dušan Veličković; William Kew; Kyle L. Fort; Maria Reinhardt-Szyba; Annapurna Pamreddy; Yanli Ding; Dharam Kaushik; Kumar Sharma; Alexander Makarov; Mowei Zhou; Ljiljana Paša‐Tolić,Analytical Chemistry,https://doi.org/10.1021/acs.analchem.2c01034,https://openalex.org/W4294805279
2022,Ion–Ion Charge Reduction Addresses Multiple Challenges Common to Denaturing Intact Mass Analysis,"Aaron O. Bailey, Romain Huguet, Christopher Mullen et al. (n=5)",Aaron O. Bailey; Romain Huguet; Christopher Mullen; John E. P. Syka; William K. Russell,Analytical Chemistry,https://doi.org/10.1021/acs.analchem.1c04973,https://openalex.org/W4213362393
2022,Deep Coverage and Quantification of the Bone Proteome Provides Enhanced Opportunities for New Discoveries in Skeletal Biology and Disease,"Jacob Rose, Charles A. Schurman, Christina D. King et al. (n=9)",Jacob Rose; Charles A. Schurman; Christina D. King; Joanna Bons; Jordan B. Burton; Sandip Kumar Patel; Amy O’Broin; Tamara Alliston; Birgit Schilling,bioRxiv (Cold Spring Harbor Laboratory),https://doi.org/10.1101/2022.11.20.517228,https://openalex.org/W4309545860
2022,A multi-parameter optimization in middle-down analysis of monoclonal antibodies by LC-MS/MS,"Jonathan Dhenin, Mathieu Dupré, Karen Druart et al. (n=6)",Jonathan Dhenin; Mathieu Dupré; Karen Druart; Alain Krick; Christine Mauriac; Julia Chamot‐Rooke,bioRxiv (Cold Spring Harbor Laboratory),https://doi.org/10.1101/2022.12.08.518878,https://openalex.org/W4311923482
2022,Single Cell Proteomics Using a Trapped Ion Mobility Time-of-Flight Mass Spectrometer Provides Insight into the Post-translational Modification Landscape of Individual Human Cells,"Benjamin C. Orsburn, Yuting Yuan, Namandjé N. Bumpus",Benjamin C. Orsburn; Yuting Yuan; Namandjé N. Bumpus,bioRxiv (Cold Spring Harbor Laboratory),https://doi.org/10.1101/2022.02.12.480144,https://openalex.org/W4212965233
2022,Accurate Identification of Hemoglobin Variants By Top-Down Protein Analysis Using Capillary Electrophoresis-High-Resolution Mass Spectrometry,"Ruben Yiqi Luo, Carolyn V Wong, James Qiangwei Xia et al. (n=6)",Ruben Yiqi Luo; Carolyn V Wong; James Qiangwei Xia; Bert Glader; Run‐Zhang Shi; James L. Zehnder,Blood,https://doi.org/10.1182/blood-2022-170457,https://openalex.org/W4310125685
2022,"Abstract 2039: Confident analyses of proteins in FFPE tissue: Robust, reliable, reproducible sample preparation enables LC-MS based proteomics assays","Tom O'Hare, Eugenio Daviso, Debadeep Bhattacharyya et al. (n=4)",Tom O'Hare; Eugenio Daviso; Debadeep Bhattacharyya; Sameer Vasantgadkar,Cancer Research,https://doi.org/10.1158/1538-7445.am2022-2039,https://openalex.org/W4282980937
2022,A nanopore distance away from next-generation protein sequencing,Judith Nicholson,Judith Nicholson,Chem,https://doi.org/10.1016/j.chempr.2021.12.007,https://openalex.org/W4205892951
2022,Enhanced Spatial Mapping of Histone Proteoforms in Human Kidney Through MALDI-MSI by High-Field UHMR Orbitrap Detection,"Kevin Zemaitis, Dušan Veličković, William Kew et al. (n=12)",Kevin Zemaitis; Dušan Veličković; William Kew; Kyle L. Fort; Maria Reinhardt-Szyba; Annapurna Pamreddy; Yanli Ding; Dharam Kaushik; Kumar Sharma; Alexander Makarov; Mowei Zhou; Ljiljana Paša‐Tolić,ChemRxiv,https://doi.org/10.26434/chemrxiv-2022-mq46m-v2,https://openalex.org/W4281715394
2022,Enhanced Spatial Mapping of Histone Proteoforms in Human Kidney Through MALDI-MSI by High-Field UHMR Orbitrap Detection,"Kevin Zemaitis, Dušan Veličković, William Kew et al. (n=12)",Kevin Zemaitis; Dušan Veličković; William Kew; Kyle L. Fort; Maria Reinhardt-Szyba; Annapurna Pamreddy; Yanli Ding; Dharam Kaushik; Kumar Sharma; Alexander Makarov; Mowei Zhou; Ljiljana Paša‐Tolić,ChemRxiv,https://doi.org/10.26434/chemrxiv-2022-mq46m,https://openalex.org/W4214905171
2022,193 nm ultraviolet photodissociation for the characterization of singly charged proteoforms generated by MALDI,"Kevin Zemaitis, Mowei Zhou, William Kew et al. (n=4)",Kevin Zemaitis; Mowei Zhou; William Kew; Ljiljana Paša‐Tolić,ChemRxiv,https://doi.org/10.26434/chemrxiv-2022-rctz4,https://openalex.org/W4311378021
2022,"Comparing Top-Down Proteoform Identification: Deconvolution, PrSM Overlap, and PTM Detection","David L. Tabb, Kyowon Jeong, Karen Druart et al. (n=9)",David L. Tabb; Kyowon Jeong; Karen Druart; Megan Gant; Kyle A. Brown; Carrie Nicora; Mowei Zhou; The Milk Microbiome and Metabolome; Julia Chamot‐Rooke,ChemRxiv,https://doi.org/10.26434/chemrxiv-2022-25pgl,https://openalex.org/W4312106966
2022,Glycoproteomics of a single protein: revealing hundreds of thousands of Myozyme® glycoforms by hybrid HPLC-MS approaches,"Fiammetta Di Marco, Constantin Blöchl, Wolfgang Esser‐Skala et al. (n=9)",Fiammetta Di Marco; Constantin Blöchl; Wolfgang Esser‐Skala; Veronika Schäpertöns; Tao Zhang; Manfred Wuhrer; Koen Sandra; Therese Wohlschlager; Christian G. Huber,ChemRxiv,https://doi.org/10.26434/chemrxiv-2022-87twx,https://openalex.org/W4313299002
2022,Neutral-Coating Capillary Electrophoresis Coupled with High-Resolution Mass Spectrometry for Top-Down Identification of Hemoglobin Variants,"Ruben Yiqi Luo, Carolyn V Wong, James Qiangwei Xia et al. (n=6)",Ruben Yiqi Luo; Carolyn V Wong; James Qiangwei Xia; Bertil Glader; Run‐Zhang Shi; James L. Zehnder,Clinical Chemistry,https://doi.org/10.1093/clinchem/hvac171,https://openalex.org/W4307582436
2022,Discovery top-down proteomics in symbiotic soybean root nodules,"Mowei Zhou, James Fulcher, Kevin Zemaitis et al. (n=11)",Mowei Zhou; James Fulcher; Kevin Zemaitis; David J. Degnan; Yen‐Chen Liao; Marija Veličković; Dušan Veličković; Lisa Bramer; William Kew; Gary Stacey; Ljiljana Paša‐Tolić,Frontiers in Analytical Science,https://doi.org/10.3389/frans.2022.1012707,https://openalex.org/W4298140939
2022,Développements méthodologiques en spectrométrie de masse pour l’analyse structurale de peptides naturels,Elodie Logerot,Elodie Logerot,HAL (Le Centre pour la Communication Scientifique Directe),,https://openalex.org/W4407864255
2022,Deep Phosphoproteome Landscape of Interhemispheric Functionality of Neuroanatomical Regions of the Human Brain,"Deeptarup Biswas, Neha Kumari, Mercedes Lachén‐Montes et al. (n=12)",Deeptarup Biswas; Neha Kumari; Mercedes Lachén‐Montes; Sampurna Dutta; Ishita Agrawal; Debabrata Samanta; Sanjyot Vinayak Shenoy; Ankit Halder; Joaquín Fernández‐Irigoyen; Advait Padhye; Enrique Santamaría; Sanjeeva Srivastava,Journal of Proteome Research,https://doi.org/10.1021/acs.jproteome.2c00244,https://openalex.org/W4307838151
2022,Characterization of the Time-Domain Isotopic Beat Patterns of Monoclonal Antibodies in Fourier Transform Mass Spectrometry,"Konstantin O. Nagornov, Anton N. Kozhinov, Natalia Gasilova et al. (n=5)",Konstantin O. Nagornov; Anton N. Kozhinov; Natalia Gasilova; Laure Menin; Yury O. Tsybin,Journal of the American Society for Mass Spectrometry,https://doi.org/10.1021/jasms.1c00336,https://openalex.org/W4281779904
2022,Sample preparation for structural mass spectrometry via polyacrylamide gel electrophoresis,"Ayako Takemori, Nobuaki Takemori",Ayako Takemori; Nobuaki Takemori,Methods in enzymology on CD-ROM/Methods in enzymology,https://doi.org/10.1016/bs.mie.2022.08.051,https://openalex.org/W4313301079
2022,Top-Down Proteomics by Capillary Zone Electrophoresis-Tandem Mass Spectrometry for Large-Scale Characterization of Proteoforms in Complex Samples,"Elijah N. McCool, Rachele A. Lubeckyj, Daoyang Chen et al. (n=4)",Elijah N. McCool; Rachele A. Lubeckyj; Daoyang Chen; Liangliang Sun,Methods in molecular biology,https://doi.org/10.1007/978-1-0716-2493-7_8,https://openalex.org/W4294920539
2022,Proteoform Identification and Quantification Using Intact Protein Database Search Engine ProteinGoggle,"Suideng Qin, Zhixin Tian",Suideng Qin; Zhixin Tian,Methods in molecular biology,https://doi.org/10.1007/978-1-0716-2325-1_10,https://openalex.org/W4285170230
2022,Study on a detection method of protein tyrosine sulfation modification in zebrafish.,"Tingting Zhang, Feng Liu",Tingting Zhang; Feng Liu,PubMed,https://doi.org/10.16288/j.yczz.22-018,https://openalex.org/W4214573534
2022,"5PSQ-138 Impact of high temperature, shaking and light on quality of the therapeutic peptide teduglutide (Revestive) evaluated by LC/MS/MS (Orbitrap) peptide mapping analysis and stress","R Pérez-Robles, N Navas, S Clemente-Bautista et al. (n=7)",R Pérez-Robles; N Navas; S Clemente-Bautista; I Jiménez-Lozano; MJ Cabañas-Poy; J Cabeza; A Salmerón-García,Section 5: Patient safety and quality assurance,https://doi.org/10.1136/ejhpharm-2022-eahp.339,https://openalex.org/W4293230138
2023,Technological developments in mass spectrometry towards molecular structural elucidation of macromolecular assemblies,Anjusha Mathew,Anjusha Mathew,,https://doi.org/10.26481/dis.20231017am,https://openalex.org/W4386887327
2023,Reviewer #1 (Public Review): Multiomics analyses reveal dynamic bioenergetic pathways and functional remodeling of the heart during intermittent fasting,,,,https://doi.org/10.7554/elife.89214.2.sa1,https://openalex.org/W4387129228
2023,eLife assessment: Multiomics analyses reveal dynamic bioenergetic pathways and functional remodeling of the heart during intermittent fasting,Tamer Sallam,Tamer Sallam,,https://doi.org/10.7554/elife.89214.2.sa0,https://openalex.org/W4387129145
2023,Reviewer #2 (Public Review): Multiomics analyses reveal dynamic bioenergetic pathways and functional remodeling of the heart during intermittent fasting,,,,https://doi.org/10.7554/elife.89214.2.sa2,https://openalex.org/W4387129229
2023,Native Capillary Electrophoresis-Mass Spectrometry for Protein analysis: Current Progress and Perspectives,"Ann‐Katrin Schwenzer, Lena Kruse, Kevin Jooß et al. (n=4)",Ann‐Katrin Schwenzer; Lena Kruse; Kevin Jooß; Christian Neusüß,,https://doi.org/10.22541/au.167872031.13574357/v1,https://openalex.org/W4324045671
2023,Orbitrap-Based Mass and Charge Analysis of Single Molecules,"Evolène Deslignière, Amber D. Rolland, Eduard H.T.M. Ebberink et al. (n=5)",Evolène Deslignière; Amber D. Rolland; Eduard H.T.M. Ebberink; Victor Yin; Albert J. R. Heck,Accounts of Chemical Research,https://doi.org/10.1021/acs.accounts.3c00079,https://openalex.org/W4379508267
2023,Revealing charge heterogeneity of stressed trastuzumab at the subunit level,"Baubek Spanov, Bas Baartmans, Oladapo Olaleye et al. (n=8)",Baubek Spanov; Bas Baartmans; Oladapo Olaleye; Simone Nicolardi; Natalia Govorukhina; Manfred Wuhrer; Nico C. van de Merbel; Rainer Bischoff,Analytical and Bioanalytical Chemistry,https://doi.org/10.1007/s00216-023-04547-4,https://openalex.org/W4317877593
2023,Robust High-Throughput Proteomics Identification and Deamidation Quantitation of Extinct Species up to Pleistocene with Ultrahigh-Resolution MALDI-FTICR Mass Spectrometry,"Fabrice Bray, Isabelle Fabrizi, Stéphanie Flament et al. (n=7)",Fabrice Bray; Isabelle Fabrizi; Stéphanie Flament; Jean‐luc Locht; Pierre Antoine; Patrick Auguste; Christian Rolando,Analytical Chemistry,https://doi.org/10.1021/acs.analchem.2c03301,https://openalex.org/W4367668950
2023,Comprehensive Characterization of Endogenous Phospholamban Proteoforms Enabled by Photocleavable Surfactant and Top-down Proteomics,"Holden T. Rogers, David S. Roberts, Eli J. Larson et al. (n=8)",Holden T. Rogers; David S. Roberts; Eli J. Larson; Jake A. Melby; Kalina J. Rossler; Austin V. Carr; Kyle A. Brown; Ying Ge,Analytical Chemistry,https://doi.org/10.1021/acs.analchem.3c01618,https://openalex.org/W4386027012
2023,Combining Surface-Induced Dissociation and Charge Detection Mass Spectrometry to Reveal the Native Topology of Heterogeneous Protein Complexes,"Chen Du, Sean P. Cleary, Marius M. Kostelic et al. (n=6)",Chen Du; Sean P. Cleary; Marius M. Kostelic; Benjamin J. Jones; Jared O. Kafader; Vicki H. Wysocki,Analytical Chemistry,https://doi.org/10.1021/acs.analchem.3c02185,https://openalex.org/W4386470432
2023,Improved Label-Free Quantification of Intact Proteoforms Using Field Asymmetric Ion Mobility Spectrometry,"Jake Kline, Michael W. Belford, Jingjing Huang et al. (n=13)",Jake Kline; Michael W. Belford; Jingjing Huang; Joseph B. Greer; David Bergen; Ryan T. Fellers; Sylvester M. Greer; David M. Horn; Vlad Zabrouskov; Romain Huguet; Cornelia Boeser; Kenneth R. Durbin; Luca Fornelli,Analytical Chemistry,https://doi.org/10.1021/acs.analchem.3c01534,https://openalex.org/W4378746409
2023,Comprehensive Characterization of Endogenous Phospholamban Proteoforms Enabled by Photocleavable Surfactant and Top-down Proteomics,"Holden T. Rogers, David S. Roberts, Eli J. Larson et al. (n=8)",Holden T. Rogers; David S. Roberts; Eli J. Larson; Jake A. Melby; Kalina J. Rossler; Austin V. Carr; Kyle A. Brown; Ying Ge,bioRxiv (Cold Spring Harbor Laboratory),https://doi.org/10.1101/2023.04.12.536120,https://openalex.org/W4365452456
2023,Low-invasive sampling method for taxonomic for the identification of archaeological and paleontological bones by proteomics of their collagens,"Isabelle Fabrizi, Stéphanie Flament, Claire Delhon et al. (n=9)",Isabelle Fabrizi; Stéphanie Flament; Claire Delhon; Lionel Gourichon; Manon Vuillien; Tarek Oueslati; Patrick Auguste; Christian Rolando; Fabrice Bray,bioRxiv (Cold Spring Harbor Laboratory),https://doi.org/10.1101/2023.10.18.562897,https://openalex.org/W4387806513
2023,Protein Coronas on Functionalized Nanoparticles Enable Quantitative and Precise Large-Scale Deep Plasma Proteomics,"Ting Huang, Jian Wang, Alexey Stukalov et al. (n=22)",Ting Huang; Jian Wang; Alexey Stukalov; Margaret K. R. Donovan; Shadi Ferdosi; Lucy Williamson; Seth Just; Gabriel Castro; Lee S. Cantrell; Eltaher M. Elgierari; Ryan W. Benz; Yingxiang Huang; Khatereh Motamedchaboki; Amirmansoor Hakimi; Tabiwang N. Arrey; Eugen Damoc; Simion Kreimer; Omid C. Farokhzad; Serafim Batzoglou; Asim Siddiqui; Jennifer E. Van Eyk; Daniel Hornburg,bioRxiv (Cold Spring Harbor Laboratory),https://doi.org/10.1101/2023.08.28.555225,https://openalex.org/W4386293215
2023,193 nm ultraviolet photodissociation for the characterization of singly charged proteoforms generated by MALDI,"Kevin Zemaitis, Mowei Zhou, William Kew et al. (n=4)",Kevin Zemaitis; Mowei Zhou; William Kew; Ljiljana Paša‐Tolić,ChemRxiv,https://doi.org/10.26434/chemrxiv-2022-rctz4-v2,https://openalex.org/W4313648067
2023,Orbitrap mass spectrometry and high-field asymmetric waveform ion mobility spectrometry (FAIMS) enable the in-depth analysis of human serum proteoforms,"Jake Kline, Michael W. Belford, Cornelia Boeser et al. (n=12)",Jake Kline; Michael W. Belford; Cornelia Boeser; Romain Huguet; Ryan T. Fellers; Joseph A. Greer; Sylvester M. Greer; David M. Horn; Kenneth R. Durbin; Jean‐Jacques Dunyach; Nagib Ahsan; Luca Fornelli,ChemRxiv,https://doi.org/10.26434/chemrxiv-2023-9nv85,https://openalex.org/W4321373965
2023,Improved label-free quantification of intact proteoforms using field asymmetric ion mobility spectrometry,"Jake Kline, Michael W. Belford, Jingjing Huang et al. (n=13)",Jake Kline; Michael W. Belford; Jingjing Huang; Joseph B. Greer; David Bergen; Ryan T. Fellers; Sylvester M. Greer; David M. Horn; Vlad Zabrouskov; Romain Huguet; Cornelia Boeser; Kenneth R. Durbin; Luca Fornelli,ChemRxiv,https://doi.org/10.26434/chemrxiv-2023-2gkr3,https://openalex.org/W4362625304
2023,Monitoring mAb proteoforms in mouse plasma using an automated immunocapture combined with top-down and middle-down mass spectrometry,"Jonathan Dhenin, Valérie Lafont, Mathieu Dupré et al. (n=6)",Jonathan Dhenin; Valérie Lafont; Mathieu Dupré; Alain Krick; Christine Mauriac; Julia Chamot‐Rooke,ChemRxiv,https://doi.org/10.26434/chemrxiv-2023-3wsw3,https://openalex.org/W4327729865
2023,Combining Surface-Induced Dissociation and Charge Detection Mass Spectrometry to Reveal the Native Topology of Heterogeneous Protein Complexes,"Chen Du, Sean P. Cleary, Marius M. Kostelic et al. (n=6)",Chen Du; Sean P. Cleary; Marius M. Kostelic; B.E. Jones; Jared O. Kafader; Vicki H. Wysocki,ChemRxiv,https://doi.org/10.26434/chemrxiv-2023-hjr08,https://openalex.org/W4377239059
2023,A multiparameter optimization in middle‐down analysis of monoclonal antibodies by LC–MS/MS,"Jonathan Dhenin, Mathieu Dupré, Karen Druart et al. (n=6)",Jonathan Dhenin; Mathieu Dupré; Karen Druart; Alain Krick; Christine Mauriac; Julia Chamot‐Rooke,Journal of Mass Spectrometry,https://doi.org/10.1002/jms.4909,https://openalex.org/W4319788969
2023,Cation exchange chromatography on a monodisperse 3 µm particle enables extensive analytical similarity assessment of biosimilars,"Florian Füssl, Silvia Millán‐Martín, Jonathan Bones et al. (n=4)",Florian Füssl; Silvia Millán‐Martín; Jonathan Bones; Sara Carillo,Journal of Pharmaceutical and Biomedical Analysis,https://doi.org/10.1016/j.jpba.2023.115534,https://openalex.org/W4380991383
2023,"Comparing Top-Down Proteoform Identification: Deconvolution, PrSM Overlap, and PTM Detection","David L. Tabb, Kyowon Jeong, Karen Druart et al. (n=15)",David L. Tabb; Kyowon Jeong; Karen Druart; Megan S. Gant; Kyle A. Brown; Carrie Nicora; Mowei Zhou; Sneha Couvillion; Ernesto Nakayasu; Janet E. Williams; Haley K. Peterson; Michelle K. McGuire; Mark A. McGuire; Thomas Metz; Julia Chamot‐Rooke,Journal of Proteome Research,https://doi.org/10.1021/acs.jproteome.2c00673,https://openalex.org/W4378469362
2023,Orbitrap Mass Spectrometry and High-Field Asymmetric Waveform Ion Mobility Spectrometry (FAIMS) Enable the in-Depth Analysis of Human Serum Proteoforms,"Jake Kline, Michael W. Belford, Cornelia Boeser et al. (n=12)",Jake Kline; Michael W. Belford; Cornelia Boeser; Romain Huguet; Ryan T. Fellers; Joseph B. Greer; Sylvester M. Greer; David M. Horn; Kenneth R. Durbin; Jean‐Jacques Dunyach; Nagib Ahsan; Luca Fornelli,Journal of Proteome Research,https://doi.org/10.1021/acs.jproteome.3c00488,https://openalex.org/W4387160423
2023,Beyond the identifiable proteome: Delving into the proteomics of polymyxin-resistant and non-resistant Acinetobacter baumannii from Brazilian hospitals,"Amanda Dal Lin, Juliana de Saldanha da Gama Fischer, Marlon Dias Mariano Santos et al. (n=13)",Amanda Dal Lin; Juliana de Saldanha da Gama Fischer; Marlon Dias Mariano Santos; Amanda C. Camillo-Andrade; Louise Ulrich Kurt; T.A.C.B. Souza; Ana Beatriz Lyrio Lajas; Bernardina Rivera; Magdalena Portela; Rosario Durán; Marcelo Távora Mira; Marcelo Pillonetto; Paulo C. Carvalho,Journal of Proteomics,https://doi.org/10.1016/j.jprot.2023.105012,https://openalex.org/W4386989168
2023,Characterization of Molecular Tweezer Binding on α-Synuclein with Native Top-Down Mass Spectrometry and Ion Mobility-Mass Spectrometry Reveals a Mechanism for Aggregation Inhibition,"Carter Lantz, Jaybree Lopez, Andrew K. Goring et al. (n=11)",Carter Lantz; Jaybree Lopez; Andrew K. Goring; Muhammad A. Zenaidee; Karl Biggs; Julian P. Whitelegge; Rachel R. Ogorzalek Loo; Frank‐Gerrit Klärner; Thomas Schräder; Gal Bitan; Joseph A. Loo,Journal of the American Society for Mass Spectrometry,https://doi.org/10.1021/jasms.3c00281,https://openalex.org/W4388498619
2023,A Research Journey: Over a Decade of Denaturing and Native-MS Analyses of Hydrophobic and Membrane Proteins in Amgen Therapeutic Discovery,Iain D. G. Campuzano,Iain D. G. Campuzano,Journal of the American Society for Mass Spectrometry,https://doi.org/10.1021/jasms.3c00175,https://openalex.org/W4386241685
2023,193 nm Ultraviolet Photodissociation for the Characterization of Singly Charged Proteoforms Generated by MALDI,"Kevin Zemaitis, Mowei Zhou, William Kew et al. (n=4)",Kevin Zemaitis; Mowei Zhou; William Kew; Ljiljana Paša‐Tolić,Journal of the American Society for Mass Spectrometry,https://doi.org/10.1021/jasms.2c00302,https://openalex.org/W4313829886
2023,Glycoproteomics of a Single Protein: Revealing Tens of Thousands of Myozyme Glycoforms by Hybrid HPLC-MS Approaches,"Fiammetta Di Marco, Constantin Blöchl, Wolfgang Esser‐Skala et al. (n=9)",Fiammetta Di Marco; Constantin Blöchl; Wolfgang Esser‐Skala; Veronika Schäpertöns; Tao Zhang; Manfred Wuhrer; Koen Sandra; Therese Wohlschlager; Christian G. Huber,Molecular & Cellular Proteomics,https://doi.org/10.1016/j.mcpro.2023.100622,https://openalex.org/W4384937777
2023,Abstract A016: Expanded RAS proteoform landscape in malignant cell lines revealed by top-down mass spectrometry,"Caroline J. DeHart, Robert A. D’Ippolito, Kanika Sharma et al. (n=15)",Caroline J. DeHart; Robert A. D’Ippolito; Kanika Sharma; Nicole Fer; Brian D. Smith; Mackenzie Meyer; Scott Eury; Abigail Neish; Katie Powell; Vanessa Wall; William Burgan; Dominic Esposito; Anna Maciąg; Frank McCormick; Dwight V. Nissley,Molecular Cancer Research,https://doi.org/10.1158/1557-3125.ras23-a016,https://openalex.org/W4367602744
2023,Deep coverage and quantification of the bone proteome provides enhanced opportunities for new discoveries in skeletal biology and disease,"Jacob Rose, Charles A. Schurman, Christina D. King et al. (n=9)",Jacob Rose; Charles A. Schurman; Christina D. King; Joanna Bons; Sandip Kumar Patel; Jordan B. Burton; Amy O’Broin; Tamara Alliston; Birgit Schilling,PLoS ONE,https://doi.org/10.1371/journal.pone.0292268,https://openalex.org/W4387475829
2023,Benefits of FAIMS to Improve the Proteome Coverage of Deteriorated and/or Cross-Linked TMT 10-Plex FFPE Tissue and Plasma-Derived Exosomes Samples,"Ana Montero‐Calle, María Garranzo‐Asensio, Raquel Rejas‐González et al. (n=7)",Ana Montero‐Calle; María Garranzo‐Asensio; Raquel Rejas‐González; Jaime Feliú; Marta Mendiola; Alberto Peláez‐García; Rodrigo Barderas,Proteomes,https://doi.org/10.3390/proteomes11040035,https://openalex.org/W4387907790
2023,Capillary electrophoresis‐mass spectrometry for protein analyses under native conditions: Current progress and perspectives,"Ann‐Katrin Schwenzer, Lena Kruse, Kevin Jooß et al. (n=4)",Ann‐Katrin Schwenzer; Lena Kruse; Kevin Jooß; Christian Neusüß,PROTEOMICS,https://doi.org/10.1002/pmic.202300135,https://openalex.org/W4380536816
2023,Identification of proteoforms by top‐down proteomics using two‐dimensional low/low pH reversed‐phase liquid chromatography‐mass spectrometry,"Philipp T. Kaulich, Liam Cassidy, Andreas Tholey",Philipp T. Kaulich; Liam Cassidy; Andreas Tholey,PROTEOMICS,https://doi.org/10.1002/pmic.202200542,https://openalex.org/W4321598488
2023,Monitoring mAb proteoforms in mouse plasma using an automated immunocapture combined with top‐down and middle‐down mass spectrometry,"Jonathan Dhenin, Valérie Lafont, Mathieu Dupré et al. (n=6)",Jonathan Dhenin; Valérie Lafont; Mathieu Dupré; Alain Krick; Christine Mauriac; Julia Chamot‐Rooke,PROTEOMICS,https://doi.org/10.1002/pmic.202300069,https://openalex.org/W4385063963
2023,Integrating ultra‐high‐performance liquid chromatography tandem mass spectrometry and imaged capillary isoelectric focusing for in‐depth characterization of complex fusion proteins,"Wenhong Fan, Xiang Li, Zhen Long et al. (n=10)",Wenhong Fan; Xiang Li; Zhen Long; Dening Pei; Xinchang Shi; Guangyu Wang; Ying Guo; Tao Bo; Yong Zhou; Tong Chen,Rapid Communications in Mass Spectrometry,https://doi.org/10.1002/rcm.9484,https://openalex.org/W4319068602
2023,Emerging native Orbitrap mass spectrometry for probing higher-order structures of proteins: Recent progress and applications,"Linsen Li, Ying Zhang, Yueguang Lv et al. (n=5)",Linsen Li; Ying Zhang; Yueguang Lv; Feng Qu; Qiang Ma,TrAC Trends in Analytical Chemistry,https://doi.org/10.1016/j.trac.2023.117424,https://openalex.org/W4388563566
2024,Optimizing sample preparation and nLC-MS/MS for mAB characterization,"Rodrigo Soares Caldeira Brant, Kelly Machado, Thiago Bandini et al. (n=7)",Rodrigo Soares Caldeira Brant; Kelly Machado; Thiago Bandini; Anna Araújo; Iaralice Souza; Hulyana Brum; Michel Batista,,https://doi.org/10.35259/isi.biomang.2024_63729,https://openalex.org/W4396800933
2024,"eLife assessment: Reprogramming of cardiac phosphoproteome, proteome, and transcriptome confers resilience to chronic adenylyl cyclase-driven stress",Kalyanam Shivkumar,Kalyanam Shivkumar,,https://doi.org/10.7554/elife.88732.3.sa0,https://openalex.org/W4391110848
2024,"Reviewer #1 (Public Review): Reprogramming of cardiac phosphoproteome, proteome, and transcriptome confers resilience to chronic adenylyl cyclase-driven stress",,,,https://doi.org/10.7554/elife.88732.3.sa1,https://openalex.org/W4391110863
2024,"Author Response: Reprogramming of cardiac phosphoproteome, proteome, and transcriptome confers resilience to chronic adenylyl cyclase-driven stress","Jia-Hua Qu, Khalid Chakir, Kirill V. Tarasov et al. (n=7)",Jia-Hua Qu; Khalid Chakir; Kirill V. Tarasov; Daniel R. Riordon; Maria Grazia Perino; Allwin Jennifa Silvester; Edward G. Lakatta,,https://doi.org/10.7554/elife.88732.3.sa3,https://openalex.org/W4391105182
2024,"Reviewer #2 (Public Review): Reprogramming of cardiac phosphoproteome, proteome, and transcriptome confers resilience to chronic adenylyl cyclase-driven stress",,,,https://doi.org/10.7554/elife.88732.3.sa2,https://openalex.org/W4391104840
2024,Direct and Detailed Site-Specific Glycopeptide Characterization by Higher-Energy Electron-Activated Dissociation Tandem Mass Spectrometry,"Ruiqing Li, Chaoshuang Xia, Shuye Wu et al. (n=10)",Ruiqing Li; Chaoshuang Xia; Shuye Wu; Margaret Downs; Haowei Tong; Nafisa Tursumamat; Joseph Zaia; Catherine E. Costello; Cheng Lin; Juan Wei,Analytical Chemistry,https://doi.org/10.1021/acs.analchem.3c04484,https://openalex.org/W4390755113
2024,Liquid Atmospheric Pressure Matrix-Assisted Laser Desorption/Ionization Mass Spectrometry Using a Commercial Ion Source and Orbitrap Mass Analyzer,"Bob Challen, Lily R Adair, Rainer Cramer",Bob Challen; Lily R Adair; Rainer Cramer,Analytical Chemistry,https://doi.org/10.1021/acs.analchem.4c04458,https://openalex.org/W4402903050
2024,Gábor Transform-Based Antibody Quantitation in Serum: An Interlaboratory Liquid Chromatography/High-Resolution Mass Spectrometry Investigation,"Kayd L. Meldrum, Andrew K. Swansiger, Jacob Koscho et al. (n=9)",Kayd L. Meldrum; Andrew K. Swansiger; Jacob Koscho; Lily Miller; John Sausen; Anthony Maus; Paula M. Ladwig; Maria Alice V. Willrich; James S. Prell,Analytical Chemistry,https://doi.org/10.1021/acs.analchem.4c04470,https://openalex.org/W4403462637
2024,"A Hybrid Orbitrap‐Nanoelectromechanical Systems Approach for the Analysis of Individual, Intact Proteins in Real Time","Adam P. Neumann, Eric Sage, Dmitri Boll et al. (n=10)",Adam P. Neumann; Eric Sage; Dmitri Boll; Maria Reinhardt-Szyba; W C Fon; Christophe Masselon; Sébastien Hentz; John E. Sader; Alexander Makarov; M. L. Roukes,Angewandte Chemie,https://doi.org/10.1002/ange.202317064,https://openalex.org/W4398182282
2024,Native Proteomics by Capillary Zone Electrophoresis‐Mass Spectrometry,"Qianyi Wang, Qianjie Wang, Zihao Qi et al. (n=6)",Qianyi Wang; Qianjie Wang; Zihao Qi; William Moeller; Vicki H. Wysocki; Liangliang Sun,Angewandte Chemie,https://doi.org/10.1002/ange.202408370,https://openalex.org/W4401949655
2024,"A Hybrid Orbitrap‐Nanoelectromechanical Systems Approach for the Analysis of Individual, Intact Proteins in Real Time","Adam P. Neumann, Eric Sage, Dmitri Boll et al. (n=10)",Adam P. Neumann; Eric Sage; Dmitri Boll; Maria Reinhardt-Szyba; W C Fon; Christophe Masselon; Sébastien Hentz; John E. Sader; Alexander Makarov; M. L. Roukes,Angewandte Chemie International Edition,https://doi.org/10.1002/anie.202317064,https://openalex.org/W4398173876
2024,Native Proteomics by Capillary Zone Electrophoresis‐Mass Spectrometry,"Qianyi Wang, Qianjie Wang, Zihao Qi et al. (n=6)",Qianyi Wang; Qianjie Wang; Zihao Qi; William Moeller; Vicki H. Wysocki; Liangliang Sun,Angewandte Chemie International Edition,https://doi.org/10.1002/anie.202408370,https://openalex.org/W4401949669
2024,High Resolution Mass Spectrometry of Cystine-Containing Neuropeptides in Histological Sections of Human FFPE Tissue Banks,"Peter Verhaert, Gilles Frache, Dhaka Ram Bhandari et al. (n=11)",Peter Verhaert; Gilles Frache; Dhaka Ram Bhandari; Luuk Van Oosten; Remco P. Crefcoeur; Bernhard Spengler; Marthe Verhaert; Aletta M. E. Millen; Sooraj Baijnath; Ann‐Christin Niehoff; Raf Sciot,Biochemistry,https://doi.org/10.5772/intechopen.1004948,https://openalex.org/W4398204819
2024,Top-down mass spectrometry analysis of capsid proteins of recombinant adeno-associated virus using multiple ion activations and proton transfer charge reduction,"Jake Kline, Jingjing Huang, Linda Lieu et al. (n=10)",Jake Kline; Jingjing Huang; Linda Lieu; Kristina Srzentić; David Bergen; Christopher Mullen; Graeme C. McAlister; Kenneth R. Durbin; Rafael D. Melani; Luca Fornelli,ChemRxiv,https://doi.org/10.26434/chemrxiv-2024-0jf0s,https://openalex.org/W4400098531
2024,Nucleo-SAFARI: Automated Identification of Fragment Ions in Top-Down MS/MS Spectra of Nucleic Acids,"Michael B. Lanzillotti, Jennifer S. Brodbelt",Michael B. Lanzillotti; Jennifer S. Brodbelt,ChemRxiv,https://doi.org/10.26434/chemrxiv-2024-dkzt7,https://openalex.org/W4399888226
2024,Characterization and Serum Protein Profile of Rheumatoid Arthritis Subjects of Western Region of Mumbai,"Rupal Hemantkumar Desai, Jayaprada Rao Chunduri",Rupal Hemantkumar Desai; Jayaprada Rao Chunduri,Defence Life Science Journal,https://doi.org/10.14429/dlsj.9.18936,https://openalex.org/W4401761965
2024,Characterization of Site-Specific N- and O-Glycopeptides from Recombinant Spike and ACE2 Glycoproteins Using LC-MS/MS Analysis,"Ju Hwan Song, S. Y. Jang, Jinwoong Choi et al. (n=9)",Ju Hwan Song; S. Y. Jang; Jinwoong Choi; Seoyoung Hwang; Kyoung Heon Kim; Hye-Yeon Kim; Sun Cheol Park; Wonbin Lee; Ju Yeon Lee,International Journal of Molecular Sciences,https://doi.org/10.3390/ijms252413649,https://openalex.org/W4405660705
2024,Abstract 2007 Evaluation of the changes in proteome and phosphome upon O-GlcNAc mediated disruption of ERK signaling,"Sophiya John Ephrame, Antonio Artigues, Maria Villar-Lecumberri et al. (n=9)",Sophiya John Ephrame; Antonio Artigues; Maria Villar-Lecumberri; Jenna Shawa; Ibtihal Alghusen; Samuel S. Boyd; Russell H. Swerdlow; Jeff Thompson; Chad Slawson,Journal of Biological Chemistry,https://doi.org/10.1016/j.jbc.2024.106477,https://openalex.org/W4393143624
2024,High-resolution mass spectrometer-based identification of β-Casein variant (A/A) in the milk of Indian Holstein Friesian crossed cows,"Manish Kumar Singh, Arvind Kumar, Ramadevi Nimmanapalli et al. (n=7)",Manish Kumar Singh; Arvind Kumar; Ramadevi Nimmanapalli; Mohit Malik; Ankur Aggarwal; Vishal Kumar; Mahendra Kumar,Journal of Food Composition and Analysis,https://doi.org/10.1016/j.jfca.2024.106002,https://openalex.org/W4391042340
2024,Low-Invasive Sampling Method with Tape-Disc Sampling for the Taxonomic Identification of Archeological and Paleontological Bones by Proteomics,"Isabelle Fabrizi, Stéphanie Flament, Claire Delhon et al. (n=9)",Isabelle Fabrizi; Stéphanie Flament; Claire Delhon; Lionel Gourichon; Manon Vuillien; Tarek Oueslati; Patrick Auguste; Christian Rolando; Fabrice Bray,Journal of Proteome Research,https://doi.org/10.1021/acs.jproteome.4c00083,https://openalex.org/W4400913449
2024,A Shotgun Proteomic-Based Approach with a Q-Exactive Hybrid Quadrupole-Orbitrap High-Resolution Mass Spectrometer for the Assessment of Pesticide Mixture-Induced Neurotoxicity on a 3D-Developed Neurospheroid Model from Human Brain Meningiomas: Identification of Trityl-Post-Translational Modification,"Kaouthar Louati, Amina Maalej, Fatma Kolsi et al. (n=18)",Kaouthar Louati; Amina Maalej; Fatma Kolsi; Rim Kallel; Yassine Gdoura; Mahdi Borni; Leila Sellami Hakim; Rania Zribi; Sirine Choura; Sami Sayadi; Mohamed Chamkha; Basma Mnif; Zouheir Khemakhem; Tahya Sellami Boudawara; Mohamed Zaher Boudawara; Abderrahman Bouraoui; Jamil Kraı̈em; Fathi Safta,Journal of Proteome Research,https://doi.org/10.1021/acs.jproteome.4c00804,https://openalex.org/W4404473842
2024,Protein-Centric Analysis of Personalized Antibody Repertoires Using LC-MS-Based Fab-Profiling on a timsTOF,"Jan Fiala, Dina Schuster, Simon Ollivier et al. (n=10)",Jan Fiala; Dina Schuster; Simon Ollivier; Stuart Pengelley; Markus Lubeck; Florian Büsch; Andris Jankevics; Oliver Raether; Jean‐François Greisch; Albert J. R. Heck,Journal of the American Society for Mass Spectrometry,https://doi.org/10.1021/jasms.4c00076,https://openalex.org/W4395467585
2024,O-GlcNAcylation regulates kinase signaling cascades and amyloid precursor protein (APP) expression in Alzheimer’s disease,SOPHIYA JOHN EPHRAME,SOPHIYA JOHN EPHRAME,KU ScholarWorks (The University of Kansas),,https://openalex.org/W7155578755
2024,Development of a High-Throughput Platform for Quantitation of Histone Modifications on a New QTOF Instrument,"Emily Zahn, Yixuan Xie, Xingyu Liu et al. (n=12)",Emily Zahn; Yixuan Xie; Xingyu Liu; Rashmi Karki; Richard Searfoss; Francisca N. de Luna Vitorino; Joanna K. Lempiäinen; Joanna M. Gongora; Zongtao Lin; Chenfeng Zhao; Zuo‐Fei Yuan; Benjamin A. Garcia,Molecular & Cellular Proteomics,https://doi.org/10.1016/j.mcpro.2024.100897,https://openalex.org/W4405585838
2024,<scp>TurboID</scp>‐based proteomic profiling reveals proxitome of <scp>ASK1</scp> and <scp>CUL1</scp> of the <scp>SCF</scp> ubiquitin ligase in plants,"Fuai Sun, Natalie Hamada, Christian Montes et al. (n=8)",Fuai Sun; Natalie Hamada; Christian Montes; Yuanyuan Li; Nathan Meier; Justin W. Walley; Savithramma P. Dinesh‐Kumar; Nitzan Shabek,New Phytologist,https://doi.org/10.1111/nph.20014,https://openalex.org/W4401192741
2024,Top‐down mass spectrometry analysis of capsid proteins of recombinant adeno‐associated virus using multiple ion activations and proton transfer charge reduction,"Jake Kline, Jingjing Huang, Linda Lieu et al. (n=10)",Jake Kline; Jingjing Huang; Linda Lieu; Kristina Srzentić; David Bergen; Christopher Mullen; Graeme C. McAlister; Kenneth R. Durbin; Rafael D. Melani; Luca Fornelli,PROTEOMICS,https://doi.org/10.1002/pmic.202400223,https://openalex.org/W4402282120
2024,Qualitative and quantitative characterization of elastin‐like polypeptides combining low‐PH/low‐temperature bottom‐up and intact protein liquid chromatography mass spectrometric analysis,"André Vente, Marija Mladić, Olaf Schouten et al. (n=5)",André Vente; Marija Mladić; Olaf Schouten; Jens Thies; Rob van der Hoeven,Rapid Communications in Mass Spectrometry,https://doi.org/10.1002/rcm.9905,https://openalex.org/W4402174843
2025,"BioPharma Orbitrap-based protocol for recombinant monoclonal antibody (mAb) characterization at intact protein, subunit and peptide levels","Caroline Franco, Daniele Rocha, Eduardo Schmidt et al. (n=10)",Caroline Franco; Daniele Rocha; Eduardo Schmidt; Anna Carolina Machado Marinho; Bárbara Cibelle Soares Farias Quintela; Michel Batista; Kelly Machado; Rodrigo Soares Caldeira Brant; Luciana Madeira; Marcelle Almeida Caminha,,https://doi.org/10.35259/isi.2025_70007,https://openalex.org/W4410287307
2025,JoVE Video Dataset,"Lily S. Neff, James C. DeMar, Nicholas C. Gary et al. (n=7)",Lily S. Neff; James C. DeMar; Nicholas C. Gary; Mital Y. Patel; Burook Misganaw; Aarti Gautam; Rasha Hammamieh,,https://doi.org/10.3791/67240-v,https://openalex.org/W4414430361
2025,MassIVE MSV000099804 - On the utility of infrared photoactivation for native top-down and complex-down Orbitrap mass spectrometry of soluble proteoform complexes,"Fornelli, Luca","Fornelli, Luca",,https://doi.org/10.25345/c5639kj7d,https://openalex.org/W7104577663
2025,Succinylation of Apolipoprotein E Drives Alzheimer’s Disease,Nicholas A. Devanney,Nicholas A. Devanney,Alzheimer s & Dementia,https://doi.org/10.1002/alz70861_108681,https://openalex.org/W7116917002
2025,Effects of Hydration on Transthyretin Conformational Dynamics and Oligomerization,"Jared Hampton, Carter Lantz, Robert L. Rider et al. (n=6)",Jared Hampton; Carter Lantz; Robert L. Rider; Sangho D. Yun; Arthur Laganowsky; David H. Russell,Biochemistry,https://doi.org/10.1021/acs.biochem.5c00589,https://openalex.org/W4416128701
2025,MassNet: billion-scale AI-friendly mass spectral corpus enables robust <i>de novo</i> peptide sequencing,"Jun Ai, Xiang Zhang, Xiaofan Zhang et al. (n=13)",Jun Ai; Xiang Zhang; Xiaofan Zhang; Jiaqi Wei; T. Zhang; Yamin Deng; Pu‐Kun Liu; Zongxiang Nie; Yi Chen; Nanqing Dong; Zhiqiang Gao; Siqi Sun; Tiannan Guo,bioRxiv (Cold Spring Harbor Laboratory),https://doi.org/10.1101/2025.06.20.660691,https://openalex.org/W4411710436
2025,Increased EThcD efficiency on the hybrid Orbitrap Excedion Pro Mass Analyzer extends the depth in identification and sequence coverage of HLA class I immunopeptidomes,"Amy L. Kessler, Kyle L. Fort, Hanno C. Resemann et al. (n=9)",Amy L. Kessler; Kyle L. Fort; Hanno C. Resemann; Peter Krüger; Cong Wang; Heiner Koch; Jan-Peter Hauschild; Fabio Marino; Albert J. R. Heck,bioRxiv (Cold Spring Harbor Laboratory),https://doi.org/10.1101/2025.06.01.657241,https://openalex.org/W4410939955
2025,"Abstract 5760: Mass spectrometry-based proteomic investigation of patient-derived tumoroids employing fast, high-resolution accurate mass technologycatalyzes precision oncology and drug discovery","Dominique B. Figueroa, Ke‐Wu Yang, Colin Paul et al. (n=9)",Dominique B. Figueroa; Ke‐Wu Yang; Colin Paul; Pradip Shahi Thakuri; Anthony Chatman; Brett Larsen; Julian Saba; T. STUART HART; Amirmansoor Hakimi,Cancer Research,https://doi.org/10.1158/1538-7445.am2025-5760,https://openalex.org/W4409629763
2025,Top-Down Mass Spectrometry of a Clinical Antibody Light Chain Using the Omnitrap-Orbitrap-Booster Platform,"Camille Garcia, Nina A. Khristenko, Tingting Fu et al. (n=11)",Camille Garcia; Nina A. Khristenko; Tingting Fu; Karen Druart; Konstantin O. Nagornov; Marie Yammine; Athanasios Smyrnakis; Anton N. Kozhinov; Dimitris Papanastasiou; Yury O. Tsybin; Julia Chamot‐Rooke,ChemRxiv,https://doi.org/10.26434/chemrxiv-2025-1415l,https://openalex.org/W4412759092
2025,A large-scale method for the enrichment and identification of N-glycopeptides in microscale plasma samples,"Xinyi Yang, Weijie Qin",Xinyi Yang; Weijie Qin,Chinese Journal of Chromatography,https://doi.org/10.3724/sp.j.1123.2025.04004,https://openalex.org/W4414000331
2025,B-174 Turning Polyclonal Antibodies into Monoclonals: A Proteomics-Driven Approach,"Jennifer Crha, Thierry Le Bihan, Teresa Nunez de Villavicencio Diaz et al. (n=4)",Jennifer Crha; Thierry Le Bihan; Teresa Nunez de Villavicencio Diaz; Bin Ma,Clinical Chemistry,https://doi.org/10.1093/clinchem/hvaf086.567,https://openalex.org/W4414741326
2025,Novel Implementations and Insights for Improved Gas Phase Ion-Electron Reactions in Biomolecular Tandem Mass Spectrometry,Steven A. DeFiglia,Steven A. DeFiglia,Deep Blue (University of Michigan),https://doi.org/10.7302/25633,https://openalex.org/W4414684277
2025,Histone AnalysisUsing Mobility- and Mass-SelectedUltraviolet Photodissociation in Tandem with Ultra-High-ResolutionMass Spectrometry,"Cassandra
N. Fuller (19474750), Md Shofiul Alam (19198905), Kevin Jeanne Dit Fouque (1686298) et al. (n=12)","Cassandra
N. Fuller (19474750); Md Shofiul Alam (19198905); Kevin Jeanne Dit Fouque (1686298); Lilian Valadares Tose (19474753); Richard M. Searfoss (21593243); Francisca N. de Luna Vitorino (21593246); Mariangela Kosmopoulou (13813759); Detlev Suckau (2305423); Mark E. Ridgeway (1308147); Steve Van Orden (4690837); Benjamin A. Garcia (205670); Francisco Fernandez-Lima (761320)",Figshare,https://doi.org/10.1021/acs.analchem.5c02166.s007,https://openalex.org/W7111151191
2025,Histone AnalysisUsing Mobility- and Mass-SelectedUltraviolet Photodissociation in Tandem with Ultra-High-ResolutionMass Spectrometry,"Cassandra
N. Fuller (19474750), Md Shofiul Alam (19198905), Kevin Jeanne Dit Fouque (1686298) et al. (n=12)","Cassandra
N. Fuller (19474750); Md Shofiul Alam (19198905); Kevin Jeanne Dit Fouque (1686298); Lilian Valadares Tose (19474753); Richard M. Searfoss (21593243); Francisca N. de Luna Vitorino (21593246); Mariangela Kosmopoulou (13813759); Detlev Suckau (2305423); Mark E. Ridgeway (1308147); Steve Van Orden (4690837); Benjamin A. Garcia (205670); Francisco Fernandez-Lima (761320)",Figshare,https://doi.org/10.1021/acs.analchem.5c02166.s004,https://openalex.org/W7111239980
2025,Histone AnalysisUsing Mobility- and Mass-SelectedUltraviolet Photodissociation in Tandem with Ultra-High-ResolutionMass Spectrometry,"Cassandra
N. Fuller (19474750), Md Shofiul Alam (19198905), Kevin Jeanne Dit Fouque (1686298) et al. (n=12)","Cassandra
N. Fuller (19474750); Md Shofiul Alam (19198905); Kevin Jeanne Dit Fouque (1686298); Lilian Valadares Tose (19474753); Richard M. Searfoss (21593243); Francisca N. de Luna Vitorino (21593246); Mariangela Kosmopoulou (13813759); Detlev Suckau (2305423); Mark E. Ridgeway (1308147); Steve Van Orden (4690837); Benjamin A. Garcia (205670); Francisco Fernandez-Lima (761320)",Figshare,https://doi.org/10.1021/acs.analchem.5c02166.s006,https://openalex.org/W7111244802
2025,Histone AnalysisUsing Mobility- and Mass-SelectedUltraviolet Photodissociation in Tandem with Ultra-High-ResolutionMass Spectrometry,"Cassandra
N. Fuller (19474750), Md Shofiul Alam (19198905), Kevin Jeanne Dit Fouque (1686298) et al. (n=12)","Cassandra
N. Fuller (19474750); Md Shofiul Alam (19198905); Kevin Jeanne Dit Fouque (1686298); Lilian Valadares Tose (19474753); Richard M. Searfoss (21593243); Francisca N. de Luna Vitorino (21593246); Mariangela Kosmopoulou (13813759); Detlev Suckau (2305423); Mark E. Ridgeway (1308147); Steve Van Orden (4690837); Benjamin A. Garcia (205670); Francisco Fernandez-Lima (761320)",Figshare,https://doi.org/10.1021/acs.analchem.5c02166.s005,https://openalex.org/W7111348363
2025,Histone AnalysisUsing Mobility- and Mass-SelectedUltraviolet Photodissociation in Tandem with Ultra-High-ResolutionMass Spectrometry,"Cassandra
N. Fuller (19474750), Md Shofiul Alam (19198905), Kevin Jeanne Dit Fouque (1686298) et al. (n=12)","Cassandra
N. Fuller (19474750); Md Shofiul Alam (19198905); Kevin Jeanne Dit Fouque (1686298); Lilian Valadares Tose (19474753); Richard M. Searfoss (21593243); Francisca N. de Luna Vitorino (21593246); Mariangela Kosmopoulou (13813759); Detlev Suckau (2305423); Mark E. Ridgeway (1308147); Steve Van Orden (4690837); Benjamin A. Garcia (205670); Francisco Fernandez-Lima (761320)",Figshare,https://doi.org/10.1021/acs.analchem.5c02166.s002,https://openalex.org/W7111095011
2025,Histone AnalysisUsing Mobility- and Mass-SelectedUltraviolet Photodissociation in Tandem with Ultra-High-ResolutionMass Spectrometry,"Cassandra
N. Fuller (19474750), Md Shofiul Alam (19198905), Kevin Jeanne Dit Fouque (1686298) et al. (n=12)","Cassandra
N. Fuller (19474750); Md Shofiul Alam (19198905); Kevin Jeanne Dit Fouque (1686298); Lilian Valadares Tose (19474753); Richard M. Searfoss (21593243); Francisca N. de Luna Vitorino (21593246); Mariangela Kosmopoulou (13813759); Detlev Suckau (2305423); Mark E. Ridgeway (1308147); Steve Van Orden (4690837); Benjamin A. Garcia (205670); Francisco Fernandez-Lima (761320)",Figshare,https://doi.org/10.1021/acs.analchem.5c02166.s001,https://openalex.org/W7111302287
2025,Histone AnalysisUsing Mobility- and Mass-SelectedUltraviolet Photodissociation in Tandem with Ultra-High-ResolutionMass Spectrometry,"Cassandra
N. Fuller (19474750), Md Shofiul Alam (19198905), Kevin Jeanne Dit Fouque (1686298) et al. (n=12)","Cassandra
N. Fuller (19474750); Md Shofiul Alam (19198905); Kevin Jeanne Dit Fouque (1686298); Lilian Valadares Tose (19474753); Richard M. Searfoss (21593243); Francisca N. de Luna Vitorino (21593246); Mariangela Kosmopoulou (13813759); Detlev Suckau (2305423); Mark E. Ridgeway (1308147); Steve Van Orden (4690837); Benjamin A. Garcia (205670); Francisco Fernandez-Lima (761320)",Figshare,https://doi.org/10.1021/acs.analchem.5c02166.s003,https://openalex.org/W7111417103
2025,Linker H1Histone Direct Top-Down Proteoform Analysis,"Md Shofiul Alam (19198905), Cassandra N. Fuller (22299920), Kevin Jeanne Dit Fouque (1686298) et al. (n=13)",Md Shofiul Alam (19198905); Cassandra N. Fuller (22299920); Kevin Jeanne Dit Fouque (1686298); Lilian Valadares Tose (19474753); Marissa A. Carter (22299923); Richard M. Searfoss (21593243); Francisca N. de Luna Vitorino (21593246); Mariangela Kosmopoulou (13813759); Detlev Suckau (2305423); Mark E. Ridgeway (1308147); Steven L. Van Orden (9357700); Benjamin A. Garcia (205670); Francisco Fernandez-Lima (761320),Figshare,https://doi.org/10.1021/acs.jproteome.5c00618.s001,https://openalex.org/W7111144271
2025,Native Top-Down Mass Spectrometry Characterizationof Model Integral Membrane Protein Bacteriorhodopsin,"Jessie Le (14186365), Joseph A. Loo (54010)",Jessie Le (14186365); Joseph A. Loo (54010),Figshare,https://doi.org/10.1021/jasms.4c00439.s001,https://openalex.org/W7111087530
2025,Effects of Hydrationon Transthyretin ConformationalDynamics and Oligomerization,"Jared Hampton (22604836), Carter Lantz (8658318), Robert L. Rider (19231888) et al. (n=6)",Jared Hampton (22604836); Carter Lantz (8658318); Robert L. Rider (19231888); Sangho D. Yun (19231891); Arthur Laganowsky (217762); David H. Russell (173396),Figshare,https://doi.org/10.1021/acs.biochem.5c00589.s001,https://openalex.org/W7111023319
2025,Proteoform Characterizationof HIV‑1 BroadlyNeutralizing Antibody PGT 121.414.LS Product Through Middle-Up andBottom-Up Proteomics for Clinical Support,"Connor
E. Gould (22360759), Qing Ma (38869), Raymond Cha (7427570) et al. (n=8)","Connor
E. Gould (22360759); Qing Ma (38869); Raymond Cha (7427570); Valerie A. Frerichs (1994419); Alan E. Friedman (280869); Robin DiFrancesco (22360762); Gene D. Morse (8727411); Troy D. Wood (1430089)",Figshare,https://doi.org/10.1021/jasms.5c00198.s001,https://openalex.org/W7111052090
2025,Mass Spectrometry Quantification of Epigenetic Changes: A Scoping Review for Cancer and Beyond,"Rossana Comito, Agnese Mannaioli, Agen Peter Lunghi Msemwa et al. (n=8)",Rossana Comito; Agnese Mannaioli; Agen Peter Lunghi Msemwa; Francesca Bravi; Carlotta Zunarelli; Eva Negri; Emanuele Porru; F S Violante,International Journal of Molecular Sciences,https://doi.org/10.3390/ijms27010149,https://openalex.org/W7116960915
2025,Top-Down Mass Spectrometry of a Clinical Antibody Light Chain Using the Omnitrap-Orbitrap-Booster Platform,"Camille Garcia, Nina A. Khristenko, Tingting Fu et al. (n=11)",Camille Garcia; Nina A. Khristenko; Tingting Fu; Karen Druart; Konstantin O. Nagornov; Marie Yammine; Athanasios Smyrnakis; Anton N. Kozhinov; Dimitrios K. Papanastasiou; Yury O. Tsybin; Julia Chamot‐Rooke,Journal of the American Society for Mass Spectrometry,https://doi.org/10.1021/jasms.5c00256,https://openalex.org/W4415960778
2025,Proteoform Characterization of HIV-1 Broadly Neutralizing Antibody PGT 121.414.LS Product Through Middle-Up and Bottom-Up Proteomics for Clinical Support,"Connor E. Gould, Qing Ma, Raymond Cha et al. (n=8)",Connor E. Gould; Qing Ma; Raymond Cha; Valerie Frerichs; Alan E. Friedman; Robin DiFrancesco; Gene D. Morse; Troy D. Wood,Journal of the American Society for Mass Spectrometry,https://doi.org/10.1021/jasms.5c00198,https://openalex.org/W4414760438
2025,Elucidating Tissue- and Plasma-Specific Proteomic Alterations in Health and Disease,"Lily S. Neff, James C. DeMar, Nicholas C. Gary et al. (n=7)",Lily S. Neff; James C. DeMar; Nicholas C. Gary; Mital Y. Patel; Burook Misganaw; Aarti Gautam; Rasha Hammamieh,Journal of Visualized Experiments,https://doi.org/10.3791/67240,https://openalex.org/W4414430474
2025,Expanding the Global Map of Protein Post Translational Modifications with Immunoaffinity Enrichment and nDIA Analysis on the Orbitrap Astral Mass Spectrometer,"Mukesh Kumar, Anthony Possemato, Barry M. Zee et al. (n=13)",Mukesh Kumar; Anthony Possemato; Barry M. Zee; Srikanth Subramanian; Jian Ren; Alissa J. Nelson; Bin Zhang; Sean D. Landry; Jeffrey C. Silva; Brett Larsen; T. STUART HART; Matthew P. Stokes; Sean A. Beausoleil,Molecular & Cellular Proteomics,https://doi.org/10.1016/j.mcpro.2026.101562,https://openalex.org/W4412056519
2025,Analysis of FAIMS for the study of affinity-purified protein complexes using the orbitrap ascend tribrid mass spectrometer,"Pratik Goswami, Joseph Cesare, Michaella J. Rekowski et al. (n=6)",Pratik Goswami; Joseph Cesare; Michaella J. Rekowski; Zachary Clark; Janet M. Thornton; Michael P. Washburn,Molecular Omics,https://doi.org/10.1039/d5mo00038f,https://openalex.org/W4410158705
2025,Proteome-wide profiling of S-nitrosylated proteins using the SNOTRAP probe and mass spectrometry-based detection,"Hongmei Yang, Haitham Amal, Steven R. Tannenbaum et al. (n=4)",Hongmei Yang; Haitham Amal; Steven R. Tannenbaum; Stuart A. Lipton,Nature Protocols,https://doi.org/10.1038/s41596-025-01282-1,https://openalex.org/W4416388836
2025,Method Development and Clinical Application of Orbitrap-based Charge Detection Top-Down Mass Spectrometry,Taojunfeng Su,Taojunfeng Su,Open MIND,https://doi.org/10.21985/n2-5zes-pb48,https://openalex.org/W7127378861
2025,Characterization of N‐Terminal Acetylated α‐Hemoglobin Stabilizing Protein (AHSP) by Top‐Down High‐Resolution Mass Spectrometry From Human Preterm Newborns Oral Fluid,"Federica Iavarone, Chiara Tirone, Simona Fattore et al. (n=20)",Federica Iavarone; Chiara Tirone; Simona Fattore; Davide De Tomaso; Nicoletta Menzella; Giovanni Vento; Alessandra Olianas; Barbara Manconi; Tiziana Cabras; Giulia Guadalupi; Cristina Contini; Mozhgan Boroumand; Claudia Desiderio; Alexandra Muntiu; Antonella Fiorita; Matteo Fraschini; Vassilios Fanos; Gavino Faa; Irene Messana; Massimo Castagnola,Rapid Communications in Mass Spectrometry,https://doi.org/10.1002/rcm.10107,https://openalex.org/W4412491212
2025,Absorption mode broadband 2D MS for proteomics and metabolomics,"van Agthoven, Maria, Polak, Marek, Fiala, Jan et al. (n=11)","van Agthoven, Maria; Polak, Marek; Fiala, Jan; Ounounou, Claude Nelcy; Palasser, Michael; Briot-Dietsch, Anne; Kadek, Alan; Breuker, Kathrin; Novak, Petr; Afonso, Carlos; Delsuc, Marc-André",Zenodo (CERN European Organization for Nuclear Research),https://doi.org/10.5281/zenodo.18018079,https://openalex.org/W7148510621
2025,Absorption mode broadband 2D MS for proteomics and metabolomics,"van Agthoven, Maria, Polak, Marek, Fiala, Jan et al. (n=11)","van Agthoven, Maria; Polak, Marek; Fiala, Jan; Ounounou, Claude Nelcy; Palasser, Michael; Briot-Dietsch, Anne; Kadek, Alan; Breuker, Kathrin; Novak, Petr; Afonso, Carlos; Delsuc, Marc-André",Zenodo (CERN European Organization for Nuclear Research),https://doi.org/10.5281/zenodo.18018080,https://openalex.org/W7148243969
