year,title,authors_short,all_authors,journal,doi,subdisciplines,n_subdisciplines
2001,Electrospray Ionization Fourier Transform Ion Cyclotron Resonance Mass Spectrometry of Dissolved Organic Phosphorus Species in a Treatment Wetland after Selective Isolation and Concentration,"Jennifer M. Llewelyn, William M. Landing, Alan G. Marshall et al. (n=4)",Jennifer M. Llewelyn; William M. Landing; Alan G. Marshall; William Cooper,Analytical Chemistry,https://doi.org/10.1021/ac010909f,atmosphere_aerosol; biogeochem_carbon; estuary_coastal; marine; methods_instrumentation; wetland_peatland,6
2001,High-Resolution Fourier Transform Ion Cyclotron Resonance Mass Spectrometry of Humic and Fulvic Acids:  Improvements and Comparisons,"Elizabeth B. Kujawinski, Patrick G. Hatcher, Michael A. Freitas",Elizabeth B. Kujawinski; Patrick G. Hatcher; Michael A. Freitas,Analytical Chemistry,https://doi.org/10.1021/ac0108313,biogeochem_carbon; freshwater_river; methods_instrumentation,3
2001,A letter from West Sussex,Martin White,Martin White,International Journal of Information Management,https://doi.org/10.1016/s0268-4012(00)00052-9,groundwater; marine; sediment_porewater,3
2003,Preparation of microporous activated carbon from coconut shells without activating agents,"Wei Su, Li Zhou, Yaping Zhou",Wei Su; Li Zhou; Yaping Zhou,Carbon,https://doi.org/10.1016/s0008-6223(03)00003-4,wastewater_drinking,1
2003,Ecological aspects of dissolved organic matter in soils,"Karsten Kalbitz, Klaus Kaiser",Karsten Kalbitz; Klaus Kaiser,Geoderma,https://doi.org/10.1016/s0016-7061(02)00359-2,biogeochem_carbon; estuary_coastal; marine; soil_terrestrial,4
2004,Organic phosphorus speciation in natural waters by mass spectrometry.,"William Cooper, Jennifer M. Llewelyn, Genevieve Bennett et al. (n=5)",William Cooper; Jennifer M. Llewelyn; Genevieve Bennett; Alexandra C. Stenson; Vincent J. M. Salters,CABI Publishing eBooks,https://doi.org/10.1079/9780851998220.0045,biogeochem_carbon; methods_instrumentation; soil_terrestrial; wetland_peatland,4
2004,Establishing a molecular evidence for the outwelling of dissolved organic matter from mangroves,"Thorsten Dittmar, Boris Koch, Norbert Hertkorn et al. (n=6)",Thorsten Dittmar; Boris Koch; Norbert Hertkorn; Kenia Whitehead; William Cooper; Gerhard Kattner,Helmholtz-Zentrum für Polar-und Meeresforschung (Alfred-Wegener-Institut),,biogeochem_carbon; estuary_coastal; marine; sediment_porewater; soil_terrestrial; wetland_peatland,6
2004,Characterization of dissolved organic matter by ultrahigh resolution Electrospray-Ionisation Fourier-Transform Ion-Cyclotron-Resonance-Mass-Spectrometry,Boris Koch,Boris Koch,Helmholtz-Zentrum für Polar-und Meeresforschung (Alfred-Wegener-Institut),,biogeochem_carbon,1
2004,Probing molecular-level transformations of dissolved organic matter: insights on photochemical degradation and protozoan modification of DOM from electrospray ionization Fourier transform ion cyclotron resonance mass spectrometry,"Elizabeth B. Kujawinski, Rossana Del Vecchio, Neil V. Blough et al. (n=5)",Elizabeth B. Kujawinski; Rossana Del Vecchio; Neil V. Blough; Geoffrey C. Klein; Alan G. Marshall,Marine Chemistry,https://doi.org/10.1016/j.marchem.2004.06.038,biogeochem_carbon; estuary_coastal; marine; methods_instrumentation,4
2004,Hydrogen-deficient molecules in natural riverine water samples—evidence for the existence of black carbon in DOM,"Sunghwan Kim, Louis A. Kaplan, Ronald Benner et al. (n=4)",Sunghwan Kim; Louis A. Kaplan; Ronald Benner; Patrick G. Hatcher,Marine Chemistry,https://doi.org/10.1016/j.marchem.2004.06.042,atmosphere_aerosol; biochar_black_carbon; biogeochem_carbon; groundwater; methods_instrumentation,5
2005,(Table 1) Salinity and dissolved organic carbon concentration of marine water (ANT-XIX/2) and mangrove porewater (Brazil),"Boris Koch, Matthias Witt, Ralph Engbrodt et al. (n=5)",Boris Koch; Matthias Witt; Ralph Engbrodt; Thorsten Dittmar; Gerhard Kattner,Figshare,https://doi.org/10.1594/pangaea.848469,biogeochem_carbon; estuary_coastal; groundwater; marine; methods_instrumentation; microbial_coupling; sediment_porewater,7
2005,Molecular formulae of marine and terrigenous dissolved organic matter detected by electrospray ionization Fourier transform ion cyclotron resonance mass spectrometry,"Boris Koch, Matthias Witt, Ralph Engbrodt et al. (n=5)",Boris Koch; Matthias Witt; Ralph Engbrodt; Thorsten Dittmar; Gerhard Kattner,Geochimica et Cosmochimica Acta,https://doi.org/10.1016/j.gca.2005.02.027,biogeochem_carbon; estuary_coastal; marine; methods_instrumentation; microbial_coupling; sediment_porewater,6
2005,Molecular formulae of refractory marine and terrigenous dissolved organic matter detected by ESI FT-ICR-MS,"Boris Koch, Matthias Witt, Ralph Engbrodt et al. (n=5)",Boris Koch; Matthias Witt; Ralph Engbrodt; T. Dittmar; Gerhard Kattner,Helmholtz-Zentrum für Polar-und Meeresforschung (Alfred-Wegener-Institut),,biogeochem_carbon; estuary_coastal; marine; sediment_porewater,4
2005,Economic Transformations: General Purpose Technologies and Long Term Economic Growth,"Richard G. Lipsey, Kenneth I Carlaw, Clifford T Bekar",Richard G. Lipsey; Kenneth I Carlaw; Clifford T Bekar,Medical Entomology and Zoology,https://doi.org/10.1016/j.envpol.2018.02.001,biogeochem_carbon; freshwater_river; methods_instrumentation,3
2005,Mass spectrometry of natural organic phosphorus,"William E. Cooper, Jennifer M. Llewelyn, G BENNETT et al. (n=4)",William E. Cooper; Jennifer M. Llewelyn; G BENNETT; Vincent J. M. Salters,Talanta,https://doi.org/10.1016/j.talanta.2004.12.028,biogeochem_carbon; soil_terrestrial,2
2006,Molecular Characterization and Reactivity of Dissolved Organic Matter by High Resolution Nanospray Ionization Fourier Transform-Ion Cyclotron Resonance Mass Spectrometry (FTICR-MS),"Rachel L. Sleighter, S. A. Hatcher, Patrick G. Hatcher",Rachel L. Sleighter; S. A. Hatcher; Patrick G. Hatcher,AGUFM,,biogeochem_carbon; methods_instrumentation,2
2006,Fulvic Acids as Transition State of Organic Matter:  Indications from High Resolution Mass Spectrometry,"Thorsten Reemtsma, Anja These, Andreas Springer et al. (n=4)",Thorsten Reemtsma; Anja These; Andreas Springer; Michael Linscheid,Environmental Science & Technology,https://doi.org/10.1021/es060318c,biogeochem_carbon; estuary_coastal; marine; methods_instrumentation,4
2006,Characterization of a major refractory component of marine dissolved organic matter,"Norbert Hertkorn, Ronald Benner, Moritz Frommberger et al. (n=8)",Norbert Hertkorn; Ronald Benner; Moritz Frommberger; Philippe Schmitt‐Kopplin; Matthias Witt; Karl Kaiser; A. Kettrup; John I. Hedges,Geochimica et Cosmochimica Acta,https://doi.org/10.1016/j.gca.2006.03.021,atmosphere_aerosol; biogeochem_carbon; estuary_coastal; marine,4
2006,Modification of terrestrial dissolved organic matter in tropical coastal waters,"Gerhard Kattner, Boris Koch, T. Dittmar et al. (n=5)",Gerhard Kattner; Boris Koch; T. Dittmar; Matthias Witt; Norbert Hertkorn,Helmholtz-Zentrum für Polar-und Meeresforschung (Alfred-Wegener-Institut),,biogeochem_carbon; estuary_coastal; marine; microbial_coupling; soil_terrestrial,5
2006,Biodegradable dissolved organic matter in a temperate and a tropical stream determined from ultra-high resolution mass spectrometry,"Sunghwan Kim, Louis A. Kaplan, Patrick G. Hatcher",Sunghwan Kim; Louis A. Kaplan; Patrick G. Hatcher,Limnology and Oceanography,https://doi.org/10.4319/lo.2006.51.2.1054,atmosphere_aerosol; biochar_black_carbon; biogeochem_carbon; estuary_coastal; freshwater_river; marine; methods_instrumentation; microbial_coupling,8
2006,Molecular characterization of dissolved organic matter in a North Brazilian mangrove porewater and mangrove-fringed estuaries by ultrahigh resolution Fourier Transform-Ion Cyclotron Resonance mass spectrometry and excitation/emission spectroscopy,"Lori Beth Tremblay, Thorsten Dittmar, Alan G. Marshall et al. (n=7)",Lori Beth Tremblay; Thorsten Dittmar; Alan G. Marshall; William J. Cooper; William J. Cooper; William T. Cooper; William T. Cooper,Marine Chemistry,https://doi.org/10.1016/j.marchem.2006.12.015,biogeochem_carbon; estuary_coastal; marine; methods_instrumentation; microbial_coupling; sediment_porewater,6
2006,Direct molecular evidence for the degradation and mobility of black carbon in soils from ultrahigh-resolution mass spectral analysis of dissolved organic matter from a fire-impacted forest soil,"William C. Hockaday, Amanda M. Grannas, Sunghwan Kim et al. (n=4)",William C. Hockaday; Amanda M. Grannas; Sunghwan Kim; Patrick G. Hatcher,Organic Geochemistry,https://doi.org/10.1016/j.orggeochem.2005.11.003,biochar_black_carbon; biogeochem_carbon; microbial_coupling; soil_terrestrial,4
2006,"Natur im Labor. Themenschwerpunkt in Philosophia Naturalis Bd. 43, Heft 1-2.","Gregor Schiemann, Kristian Köchy",Gregor Schiemann; Kristian Köchy,Water Research,https://doi.org/10.1016/j.watres.2022.118196,biogeochem_carbon; estuary_coastal; freshwater_river; wetland_peatland,4
2007,High-precision frequency measurements: indispensable tools at the core of the molecular-level analysis of complex systems,"Norbert Hertkorn, C. RUECKER, Markus Meringer et al. (n=8)",Norbert Hertkorn; C. RUECKER; Markus Meringer; Ralf Gugisch; Moritz Frommberger; E. Michael Perdue; Matthias Witt; Philippe Schmitt‐Kopplin,Analytical and Bioanalytical Chemistry,https://doi.org/10.1007/s00216-007-1577-4,atmosphere_aerosol; biogeochem_carbon; microbial_coupling; soil_terrestrial,4
2007,Fundamentals of Molecular Formula Assignment to Ultrahigh Resolution Mass Data of Natural Organic Matter,"Boris Koch, Thorsten Dittmar, Matthias Witt et al. (n=4)",Boris Koch; Thorsten Dittmar; Matthias Witt; Gerhard Kattner,Analytical Chemistry,https://doi.org/10.1021/ac061949s,biogeochem_carbon; methods_instrumentation; petroleum_fossil,3
2007,Resolving unresolved complex mixtures: Molecular characteristics of natural organic matter determined by FT-ICR-MS,Boris Koch,Boris Koch,Helmholtz-Zentrum für Polar-und Meeresforschung (Alfred-Wegener-Institut),,biogeochem_carbon,1
2007,The application of electrospray ionization coupled to ultrahigh resolution mass spectrometry for the molecular characterization of natural organic matter,"Rachel L. Sleighter, Patrick G. Hatcher",Rachel L. Sleighter; Patrick G. Hatcher,Journal of Mass Spectrometry,https://doi.org/10.1002/jms.1221,biogeochem_carbon; methods_instrumentation; sediment_porewater; soil_terrestrial,4
2007,Isolation of Melanin Biosynthesis Inhibitory Compounds from the Roots of Asarum sieboldii,"Eun-Ho Choi, Jung-Hye Choi, J.G. Lee et al. (n=9)",Eun-Ho Choi; Jung-Hye Choi; J.G. Lee; Jae-Sub Oh; D.C. Kim; H.S. Lee; Jong-Keun Son; S.A. Ryang; J.A. Kim,Korean Journal of Pharmacognosy,https://doi.org/10.1021/acs.est.3c01157,biogeochem_carbon; wastewater_drinking,2
2007,Humic Substances: Nature's Most Versatile Materials,"Elham A. Ghabbour, Geoffrey F. Davies",Elham A. Ghabbour; Geoffrey F. Davies,Medical Entomology and Zoology,,biogeochem_carbon; freshwater_river; groundwater; soil_terrestrial; wetland_peatland,5
2008,Characterization of the Effects of Microbial Processing in Gulf of Mexico Coastal Sands on the Composition of Dissolved Organic Matter Using Ultrahigh Resolution Mass Spectrometry,"Juliana D’Andrilli, David C. Podgorski, Cédric Magen et al. (n=6)",Juliana D’Andrilli; David C. Podgorski; Cédric Magen; Markus Huettel; Joel E. Kostka; William Cooper,AGU Fall Meeting Abstracts,,biogeochem_carbon; estuary_coastal; freshwater_lake; marine; microbial_coupling,5
2008,Effects of Biomass Type and Combustion Conditions on the Bulk and Molecular Properties of Biochar-Derived Dissolved Organic Matter as Determined by Ultrahigh Resolution Mass Spectrometry,"William Cooper, J. D'Andrili, K. Ostrowicki et al. (n=4)",William Cooper; J. D'Andrili; K. Ostrowicki; Andrew R. Zimmerman,AGU Fall Meeting Abstracts,,biochar_black_carbon; biogeochem_carbon; petroleum_fossil,3
2008,Natural Organic Matter and the Event Horizon of Mass Spectrometry,"Norbert Hertkorn, Moritz Frommberger, Matthias Witt et al. (n=6)",Norbert Hertkorn; Moritz Frommberger; Matthias Witt; Boris Koch; Philippe Schmitt‐Kopplin; E. Michael Perdue,Analytical Chemistry,https://doi.org/10.1021/ac800464g,biogeochem_carbon; estuary_coastal; freshwater_river; marine; methods_instrumentation; sediment_porewater; soil_terrestrial,7
2008,Devenir sportif de haut niveau : approche sociologique de la formation et de l'expression de l'excellence athlétique,Lucie Forté,Lucie Forté,Chemosphere,https://doi.org/10.1016/j.chemosphere.2016.03.090,biogeochem_carbon; microbial_coupling; wastewater_drinking,3
2008,"Molecular and Structural Characterization of Dissolved Organic Matter from the Deep Ocean by FTICR-MS, Including Hydrophilic Nitrogenous Organic Molecules","Thorsten Reemtsma, Anja These, Michael Linscheid et al. (n=5)",Thorsten Reemtsma; Anja These; Michael Linscheid; Jerry A. Leenheer; Alejandro Spitzy,Environmental Science & Technology,https://doi.org/10.1021/es7021413,biogeochem_carbon; estuary_coastal; marine,3
2008,Radiocarbon evidence for the importance of surface vegetation on fermentation and methanogenesis in contrasting types of boreal peatlands,"Jeffrey P. Chanton, Paul H. Glaser, L. S. Chasar et al. (n=8)",Jeffrey P. Chanton; Paul H. Glaser; L. S. Chasar; David J. Burdige; Mark E. Hines; Donald I. Siegel; Lori Beth Tremblay; William Cooper,Global Biogeochemical Cycles,https://doi.org/10.1029/2008gb003274,biogeochem_carbon; cryosphere; estuary_coastal; sediment_porewater; wetland_peatland,5
2008,Characterization of dissolved organic matter: major advances by combining reversed-phase liquid chromatography and FT-ICR-MS,"Boris Koch, Kai‐Uwe Ludwichowski, Gerhard Kattner et al. (n=5)",Boris Koch; Kai‐Uwe Ludwichowski; Gerhard Kattner; T. Dittmar; Matthias Witt,Helmholtz-Zentrum für Polar-und Meeresforschung (Alfred-Wegener-Institut),,biogeochem_carbon,1
2008,Molecular variation in dissolved organic matter in sedimentary pore waters at continental shelf systems,"Fred Schmidt, Boris Koch, Marcus Elvert et al. (n=4)",Fred Schmidt; Boris Koch; Marcus Elvert; Kai‐Uwe Hinrichs,Helmholtz-Zentrum für Polar-und Meeresforschung (Alfred-Wegener-Institut),,biogeochem_carbon; estuary_coastal; freshwater_lake; freshwater_river; marine; microbial_coupling; sediment_porewater; soil_terrestrial,8
2008,Characterization of dissolved organic matter in marine pore waters by Fourier transform ion cyclotron resonance mass spectrometry,"Florian M. Schmidt, Boris Koch, Marcus Elvert et al. (n=6)",Florian M. Schmidt; Boris Koch; Marcus Elvert; Matthias Witt; K. Haag; Kai‐Uwe Hinrichs,Helmholtz-Zentrum für Polar-und Meeresforschung (Alfred-Wegener-Institut),,biogeochem_carbon; marine,2
2008,Naturally present fatty acids as internal calibrants for Fourier transform mass spectra of dissolved organic matter,"Rachel L. Sleighter, Georgina A. McKee, Zhanfei Liu et al. (n=4)",Rachel L. Sleighter; Georgina A. McKee; Zhanfei Liu; Patrick G. Hatcher,Limnology and Oceanography Methods,https://doi.org/10.4319/lom.2008.6.246,biogeochem_carbon; estuary_coastal; marine,3
2008,Advanced characterization of marine dissolved organic matter by combining reversed-phase liquid chromatography and FT-ICR-MS,"Boris Koch, Kai‐Uwe Ludwichowski, Gerhard Kattner et al. (n=5)",Boris Koch; Kai‐Uwe Ludwichowski; Gerhard Kattner; Thorsten Dittmar; Matthias Witt,Marine Chemistry,https://doi.org/10.1016/j.marchem.2008.05.008,biogeochem_carbon; estuary_coastal; marine,3
2008,Molecular characterization of dissolved organic matter (DOM) along a river to ocean transect of the lower Chesapeake Bay by ultrahigh resolution electrospray ionization Fourier transform ion cyclotron resonance mass spectrometry,"Rachel L. Sleighter, Patrick G. Hatcher",Rachel L. Sleighter; Patrick G. Hatcher,Marine Chemistry,https://doi.org/10.1016/j.marchem.2008.04.008,biogeochem_carbon; estuary_coastal; freshwater_river; marine; methods_instrumentation,5
2008,Direct Fourier transform mass spectral analysis of natural waters with low dissolved organic matter,"Rachel L. Sleighter, Georgina A. McKee, Patrick G. Hatcher",Rachel L. Sleighter; Georgina A. McKee; Patrick G. Hatcher,Organic Geochemistry,https://doi.org/10.1016/j.orggeochem.2008.09.012,biogeochem_carbon; estuary_coastal; marine; methods_instrumentation,4
2009,Molecular level studies on the distribution and fate of organic matter at continental margins,Frauke Schmidt,Frauke Schmidt,,,biogeochem_carbon; freshwater_lake; marine; sediment_porewater; soil_terrestrial,5
2009,Molecular Characterization of Marine and Terrestrial Dissolved Organic Matter Using Ultrahigh Resolution Mass Spectrometry,Juliana D’Andrilli,Juliana D’Andrilli,,,atmosphere_aerosol; biogeochem_carbon; estuary_coastal; marine; soil_terrestrial,5
2009,Tools for Studying Biogeochemical Connectivity Among Tropical Coastal Ecosystems,"Thorsten Dittmar, Boris Koch, Rudolf Jaffé",Thorsten Dittmar; Boris Koch; Rudolf Jaffé,,https://doi.org/10.1007/978-90-481-2406-0_12,biogeochem_carbon; estuary_coastal; marine; microbial_coupling,4
2009,The Characterization of Dissolved Organic Nitrogen in Wetlands by Ultrahigh Resolution Mass Spectrometry,"David C. Podgorski, D. Osborne, William Cooper",David C. Podgorski; D. Osborne; William Cooper,AGU Fall Meeting Abstracts,,biogeochem_carbon; wastewater_drinking; wetland_peatland,3
2009,Automated microextraction sample preparation coupled on-line to FT-ICR-MS: application to desalting and concentration of river and marine dissolved organic matter,"Gabriel Morales‐Cid, István Gebefügi, Basem Kanawati et al. (n=7)",Gabriel Morales‐Cid; István Gebefügi; Basem Kanawati; Mourad Harir; Norbert Hertkorn; Ramon Rosselló‐Móra; Philippe Schmitt‐Kopplin,Analytical and Bioanalytical Chemistry,https://doi.org/10.1007/s00216-009-3025-0,biogeochem_carbon; freshwater_river; marine,3
2009,Fragmentation Studies of Fulvic Acids Using Collision Induced Dissociation Fourier Transform Ion Cyclotron Resonance Mass Spectrometry,"Matthias Witt, Jens Fuchser, Boris Koch",Matthias Witt; Jens Fuchser; Boris Koch,Analytical Chemistry,https://doi.org/10.1021/ac802624s,biogeochem_carbon; estuary_coastal; freshwater_river; marine; methods_instrumentation,5
2009,Total Mass Difference Statistics Algorithm: A New Approach to Identification of High-Mass Building Blocks in Electrospray Ionization Fourier Transform Ion Cyclotron Mass Spectrometry Data of Natural Organic Matter,"E. V. Kunenkov, А. С. Кононихин, Irina V. Perminova et al. (n=9)",E. V. Kunenkov; А. С. Кононихин; Irina V. Perminova; Norbert Hertkorn; Andras Gaspar; Philippe Schmitt‐Kopplin; Igor Popov; Andrew V. Garmash; Е. Н. Николаев,Analytical Chemistry,https://doi.org/10.1021/ac901476u,biogeochem_carbon; freshwater_river; methods_instrumentation,3
2009,Organized Oral Session 44. Advances in Biochemical Methods for Studying Organic Matter Dynamics in an Ecological Context,"E. Marín-Spiotta, Daniela Cusack",E. Marín-Spiotta; Daniela Cusack,Bulletin of the Ecological Society of America,https://doi.org/10.1890/0012-9623-91.1.94,biochar_black_carbon; biogeochem_carbon; disturbance_anthropogenic; methods_instrumentation; microbial_coupling; sediment_porewater; soil_terrestrial; wetland_peatland,8
2009,Molecular Characterization of Marine and Terrestrial Dissolved Organic Matter Using Ultrahigh Resolution Mass Spectrometry,,,DigiNole (Florida State University),,atmosphere_aerosol; biogeochem_carbon; cryosphere; estuary_coastal; freshwater_lake; marine; methods_instrumentation; microbial_coupling; sediment_porewater; soil_terrestrial; wetland_peatland,11
2009,Photochemically Induced Changes in Dissolved Organic Matter Identified by Ultrahigh Resolution Fourier Transform Ion Cyclotron Resonance Mass Spectrometry,"Michael Gonsior, Barrie M. Peake, William Cooper et al. (n=6)",Michael Gonsior; Barrie M. Peake; William Cooper; David C. Podgorski; Juliana D’Andrilli; William J. Cooper,Environmental Science & Technology,https://doi.org/10.1021/es8022804,biogeochem_carbon; estuary_coastal; freshwater_river; marine; methods_instrumentation,5
2009,Molecular characterization of dissolved organic matter in pore water of continental shelf sediments,"Frauke Schmidt, Marcus Elvert, Boris Koch et al. (n=5)",Frauke Schmidt; Marcus Elvert; Boris Koch; Matthias Witt; Kai‐Uwe Hinrichs,Geochimica et Cosmochimica Acta,https://doi.org/10.1016/j.gca.2009.03.008,biogeochem_carbon; estuary_coastal; marine; sediment_porewater,4
2009,Chemical and spectroscopic characterization of marine dissolved organic matter isolated using coupled reverse osmosis–electrodialysis,"J.‐F. Koprivnjak, Peter H. Pfromm, Ellery D. Ingall et al. (n=9)",J.‐F. Koprivnjak; Peter H. Pfromm; Ellery D. Ingall; Th. Vetter; Philippe Schmitt‐Kopplin; Norbert Hertkorn; Moritz Frommberger; Heike Knicker; E. Michael Perdue,Geochimica et Cosmochimica Acta,https://doi.org/10.1016/j.gca.2009.04.010,biogeochem_carbon; estuary_coastal; marine; wastewater_drinking,4
2009,Identification of possible source markers in marine dissolved organic matter using ultrahigh resolution mass spectrometry,"Elizabeth B. Kujawinski, Krista Longnecker, Neil V. Blough et al. (n=7)",Elizabeth B. Kujawinski; Krista Longnecker; Neil V. Blough; Rossana Del Vecchio; Liam Finlay; Joshua B. Kitner; Stephen J. Giovannoni,Geochimica et Cosmochimica Acta,https://doi.org/10.1016/j.gca.2009.04.033,biogeochem_carbon; estuary_coastal; marine; microbial_coupling,4
2009,Molecular level investigation of esterification and proton exchange reactions in extracted marine dissolved organic matter using FT-ICR-MS,"Ruth Flerus, Boris Koch, M. Witt et al. (n=4)",Ruth Flerus; Boris Koch; M. Witt; Gerhard Kattner,Helmholtz-Zentrum für Polar-und Meeresforschung (Alfred-Wegener-Institut),,biogeochem_carbon; marine,2
2009,Molecular characterization of sea-surface microlayers in the Adriatic using Fourier Transform Ion Cyclotron Resonance Mass Spectrometry,"Boris Koch, Matthias Witt, Blaženka Gašparović et al. (n=5)",Boris Koch; Matthias Witt; Blaženka Gašparović; Sanja Frka; Gerhard Kattner,Helmholtz-Zentrum für Polar-und Meeresforschung (Alfred-Wegener-Institut),,atmosphere_aerosol; biogeochem_carbon; estuary_coastal; marine; methods_instrumentation,5
2009,Molecular-level structure analysis of highly complex aquatic natural organic matter and sea- surface microlayers using FT-ICR-MS/MS,"Boris Koch, M. Witt, Blaženka Gašparović et al. (n=5)",Boris Koch; M. Witt; Blaženka Gašparović; Sanja Frka; Gerhard Kattner,Helmholtz-Zentrum für Polar-und Meeresforschung (Alfred-Wegener-Institut),,biogeochem_carbon; estuary_coastal; freshwater_river; marine,4
2009,Natural Organic Matter and the Event Horizon of Mass Spectrometry,"Norbert Hertkorn, Philippe Schmitt‐Kopplin, E. Michael Perdue",Norbert Hertkorn; Philippe Schmitt‐Kopplin; E. Michael Perdue,Helmholtz-Zentrum für Polar-und Meeresforschung (Alfred-Wegener-Institut),https://doi.org/10.1021/ac800464g.s001,biogeochem_carbon; freshwater_river; marine; methods_instrumentation; sediment_porewater; soil_terrestrial,6
2009,Source variability and transformation of dissolved organic matter in sediment pore waters determined by Fourier transform ion cyclotron resonance mass spectrometry,"Florian M. Schmidt, Boris Koch, Marcus Elvert et al. (n=5)",Florian M. Schmidt; Boris Koch; Marcus Elvert; Matthias Witt; Kai‐Uwe Hinrichs,Helmholtz-Zentrum für Polar-und Meeresforschung (Alfred-Wegener-Institut),,biogeochem_carbon; sediment_porewater,2
2009,Determination of molecular formulas of natural organic matter molecules by (ultra-) high-resolution mass spectrometry,Thorsten Reemtsma,Thorsten Reemtsma,Journal of Chromatography A,https://doi.org/10.1016/j.chroma.2009.02.033,biogeochem_carbon; estuary_coastal; marine; methods_instrumentation,4
2009,Electrospray and photoionization mass spectrometry for the characterization of organic matter in natural waters: a qualitative assessment,"William C. Hockaday, Jeremiah M. Purcell, Alan G. Marshall et al. (n=5)",William C. Hockaday; Jeremiah M. Purcell; Alan G. Marshall; Jeff Baldock; Patrick G. Hatcher,Limnology and Oceanography Methods,https://doi.org/10.4319/lom.2009.7.81,atmosphere_aerosol; biogeochem_carbon; estuary_coastal; freshwater_lake; marine; methods_instrumentation,6
2009,Export of Terrestrial Dissolved Organic Matter Along a River to Ocean Transect of the Lower Chesapeake Bay Investigated by Advanced Analytical Techniques,Rachel L. Sleighter,Rachel L. Sleighter,ODU Digital Commons (Old Dominion University),https://doi.org/10.25777/gwwz-wb55,biogeochem_carbon; estuary_coastal; freshwater_river; marine; methods_instrumentation; sediment_porewater; soil_terrestrial,7
2009,Combined utilization of ion mobility and ultra‐high‐resolution mass spectrometry to identify multiply charged constituents in natural organic matter,"Andras Gaspar, E. V. Kunenkov, Richard Lock et al. (n=6)",Andras Gaspar; E. V. Kunenkov; Richard Lock; Michael Desor; Irina V. Perminova; Philippe Schmitt‐Kopplin,Rapid Communications in Mass Spectrometry,https://doi.org/10.1002/rcm.3924,biogeochem_carbon,1
2009,"Insights into the molecular level composition, sources, and formation mechanisms of dissolved organic matter in aerolsols and precipitation",Katye E. Altieri,Katye E. Altieri,Rutgers University Community Repository (Rutgers University),https://doi.org/10.7282/t3n016rq,atmosphere_aerosol; biogeochem_carbon; methods_instrumentation,3
2010,Physical heterogeneity increases biofilm resource use and its molecular diversity in stream mesocosms.,"Gabriel Singer, Katharina Besemer, Philippe Schmitt‐Kopplin et al. (n=5)",Gabriel Singer; Katharina Besemer; Philippe Schmitt‐Kopplin; Iris Hödl; Tom J. Battin,,,biogeochem_carbon; freshwater_river; microbial_coupling,3
2010,Analysis of the Unresolved Organic Fraction in Atmospheric Aerosols with Ultrahigh-Resolution Mass Spectrometry and Nuclear Magnetic Resonance Spectroscopy: Organosulfates As Photochemical Smog Constituents,"Philippe Schmitt‐Kopplin, András Gelencsér, Ewa Dąbek-Złotorzyńska et al. (n=8)",Philippe Schmitt‐Kopplin; András Gelencsér; Ewa Dąbek-Złotorzyńska; Gyula Kiss; Norbert Hertkorn; Mourad Harir; Hong Yang; István Gebefügi,Analytical Chemistry,https://doi.org/10.1021/ac101444r,atmosphere_aerosol; biogeochem_carbon; soil_terrestrial,3
2010,Ecological consequences of bacterioplankton lifestyles: changes in concepts are needed,Hans‐Peter Grossart,Hans‐Peter Grossart,Environmental Microbiology Reports,https://doi.org/10.1111/j.1758-2229.2010.00179.x,biogeochem_carbon; microbial_coupling,2
2010,Multivariate Statistical Approaches for the Characterization of Dissolved Organic Matter Analyzed by Ultrahigh Resolution Mass Spectrometry,"Rachel L. Sleighter, Zhanfei Liu, Jianhong Xue et al. (n=4)",Rachel L. Sleighter; Zhanfei Liu; Jianhong Xue; Patrick G. Hatcher,Environmental Science & Technology,https://doi.org/10.1021/es1002204,biogeochem_carbon; estuary_coastal; marine; soil_terrestrial,4
2010,Molecular characterization of dissolved organic matter associated with the Greenland ice sheet,"Maya P. Bhatia, Sarah B. Das, Krista Longnecker et al. (n=5)",Maya P. Bhatia; Sarah B. Das; Krista Longnecker; Matthew A. Charette; Elizabeth B. Kujawinski,Geochimica et Cosmochimica Acta,https://doi.org/10.1016/j.gca.2010.03.035,biogeochem_carbon; cryosphere; marine,3
2010,Inorganics in Organics: Tracking down the Intrinsic Equilibriums between Organic Molecules and Trace Elements in Oceanic Waters,"Oliver J. Lechtenfeld, Boris Koch, Matthias Witt et al. (n=4)",Oliver J. Lechtenfeld; Boris Koch; Matthias Witt; Gerhard Kattner,Helmholtz-Zentrum für Polar-und Meeresforschung (Alfred-Wegener-Institut),,biogeochem_carbon; estuary_coastal; marine,3
2010,The carbon <i>versus</i> mass diagram to visualize and exploit FTICR‐MS data of natural organic matter,Thorsten Reemtsma,Thorsten Reemtsma,Journal of Mass Spectrometry,https://doi.org/10.1002/jms.1722,atmosphere_aerosol; biogeochem_carbon; estuary_coastal; marine; petroleum_fossil; wastewater_drinking,6
2010,Illuminated darkness: Molecular signatures of Congo River dissolved organic matter and its photochemical alteration as revealed by ultrahigh precision mass spectrometry,"Aron Stubbins, Robert G. M. Spencer, Hongmei Chen et al. (n=10)",Aron Stubbins; Robert G. M. Spencer; Hongmei Chen; Patrick G. Hatcher; Kenneth Mopper; Peter J. Hernes; Vincent Lukanda Mwamba; Arthur M. Mangangu; José N. Wabakanghanzi; Johan Six,Limnology and Oceanography,https://doi.org/10.4319/lo.2010.55.4.1467,biochar_black_carbon; biogeochem_carbon; estuary_coastal; freshwater_river; marine; soil_terrestrial,6
2010,"Characterization of dissolved organic matter across the Subtropical Convergence off the South Island, New Zealand","Michael Gonsior, Barrie M. Peake, William Cooper et al. (n=7)",Michael Gonsior; Barrie M. Peake; William Cooper; David C. Podgorski; Juliana D’Andrilli; Thorsten Dittmar; William J. Cooper,Marine Chemistry,https://doi.org/10.1016/j.marchem.2010.10.004,biogeochem_carbon; estuary_coastal; marine; methods_instrumentation,4
2010,Impact of instrument and experiment parameters on reproducibility of ultrahigh resolution ESI FT-ICR mass spectra of natural organic matter,"Melissa C. Kido Soule, Krista Longnecker, Stephen J. Giovannoni et al. (n=4)",Melissa C. Kido Soule; Krista Longnecker; Stephen J. Giovannoni; Elizabeth B. Kujawinski,Organic Geochemistry,https://doi.org/10.1016/j.orggeochem.2010.05.017,biogeochem_carbon; estuary_coastal; marine; methods_instrumentation,4
2010,Characterization of dissolved organic matter in northern peatland soil porewaters by ultra high resolution mass spectrometry,"Juliana D’Andrilli, Jeffrey P. Chanton, Paul H. Glaser et al. (n=4)",Juliana D’Andrilli; Jeffrey P. Chanton; Paul H. Glaser; William Cooper,Organic Geochemistry,https://doi.org/10.1016/j.orggeochem.2010.05.009,biogeochem_carbon; estuary_coastal; soil_terrestrial; wetland_peatland,4
2010,Influence of bedrock geology on dissolved organic matter quality in stream water,"Jennifer J. Mosher, Geoffrey C. Klein, Alan G. Marshall et al. (n=4)",Jennifer J. Mosher; Geoffrey C. Klein; Alan G. Marshall; Robert H. Findlay,Organic Geochemistry,https://doi.org/10.1016/j.orggeochem.2010.08.004,disturbance_anthropogenic; estuary_coastal; freshwater_river; marine; sediment_porewater,5
2010,Physical Heterogeneity Increases Biofilm Resource Use and Its Molecular Diversity in Stream Mesocosms,"Gabriel Singer, Katharina Besemer, Philippe Schmitt‐Kopplin et al. (n=5)",Gabriel Singer; Katharina Besemer; Philippe Schmitt‐Kopplin; Iris Hödl; Tom J. Battin,PLoS ONE,https://doi.org/10.1371/journal.pone.0009988,biogeochem_carbon; freshwater_river; microbial_coupling; soil_terrestrial,4
2010,"Compositional and structural dynamics of dissolved organic matter during <em>Cyanobacteria (Microcystis aeruginosa)</em> Bloom in Taihu Lake, China.","N. Hertkorn, F. Zhang, P. Schmitt-Kopplin et al. (n=7)",N. Hertkorn; F. Zhang; P. Schmitt-Kopplin; A. Fekete; A. Gáspár; Y. Wu; J. Z. Zhang,PuSH - Publication Server of Helmholtz Zentrum München,,biogeochem_carbon; disturbance_anthropogenic; estuary_coastal; freshwater_lake; marine; microbial_coupling,6
2010,Comprehensive characterization of marine dissolved organic matter by Fourier transform ion cyclotron resonance mass spectrometry with electrospray and atmospheric pressure photoionization,"Juliana D’Andrilli, Thorsten Dittmar, Boris Koch et al. (n=6)",Juliana D’Andrilli; Thorsten Dittmar; Boris Koch; Jeremiah M. Purcell; Alan G. Marshall; William Cooper,Rapid Communications in Mass Spectrometry,https://doi.org/10.1002/rcm.4421,atmosphere_aerosol; biogeochem_carbon; marine; methods_instrumentation,4
2010,Novel software for data analysis of Fourier transform ion cyclotron resonance mass spectra applied to natural organic matter,"Tzafrir Grinhut, Dedy Lansky, Andras Gaspar et al. (n=7)",Tzafrir Grinhut; Dedy Lansky; Andras Gaspar; Norbert Hertkorn; Philippe Schmitt‐Kopplin; Yitzhak Hadar; Yona Chen,Rapid Communications in Mass Spectrometry,https://doi.org/10.1002/rcm.4709,biogeochem_carbon; freshwater_river; methods_instrumentation,3
2010,Photochemical degradation of natural organic sulfur compounds (CHOS) from iron‐rich mine pit lake pore waters – an initial understanding from evaluation of single‐elemental formulae using ultra‐high‐resolution mass spectrometry,"Peter Herzsprung, Norbert Hertkorn, Kurt Friese et al. (n=4)",Peter Herzsprung; Norbert Hertkorn; Kurt Friese; Philippe Schmitt‐Kopplin,Rapid Communications in Mass Spectrometry,https://doi.org/10.1002/rcm.4719,biogeochem_carbon; disturbance_anthropogenic; freshwater_lake; groundwater; sediment_porewater,5
2010,Erratum: Comprehensive characterization of marine dissolved organic matter by Fourier transform ion cyclotron resonance mass spectrometry with electrospray and atmospheric pressure photoionization,"Juliana D’Andrilli, Thorsten Dittmar, Boris Koch et al. (n=6)",Juliana D’Andrilli; Thorsten Dittmar; Boris Koch; Jeremiah M. Purcell; Alan G. Marshall; William Cooper,Rapid Communications in Mass Spectrometry,https://doi.org/10.1002/rcm.4602,atmosphere_aerosol; biogeochem_carbon; marine; methods_instrumentation,4
2011,A molecular perspective on the ageing of marine dissolved organic matter,"Ruth Flerus, Boris Koch, Oliver J. Lechtenfeld et al. (n=8)",Ruth Flerus; Boris Koch; Oliver J. Lechtenfeld; S. Leigh McCallister; Philippe Schmitt‐Kopplin; Ronald Benner; Karl Kaiser; Gerhard Kattner,,https://doi.org/10.5194/bgd-8-11453-2011,biogeochem_carbon; estuary_coastal; marine; methods_instrumentation; microbial_coupling,5
2011,Dissolved organic matter in sea spray: a transfer study from marine surface water to aerosols,"Philippe Schmitt‐Kopplin, Gérard Liger‐Belair, Boris Koch et al. (n=11)",Philippe Schmitt‐Kopplin; Gérard Liger‐Belair; Boris Koch; Ruth Flerus; Gerhard Kattner; Mourad Harir; Basem Kanawati; Marianna Lucio; Dimitrios Tziotis; Norbert Hertkorn; István Gebefügi,,https://doi.org/10.5194/bgd-8-11767-2011,atmosphere_aerosol; biogeochem_carbon; marine,3
2011,Molecular Characterization of Peatland-derived Dissolved Organic Matter Using Ultra-high Resolution Mass Spectrometry and Tetramethylammonium Hydroxide (TMAH) Thermochemolysis,"Luke Ridley, Boris Koch, Ruth Flerus et al. (n=6)",Luke Ridley; Boris Koch; Ruth Flerus; Gregory L. Cowie; Geoffrey D. Abbott; Philippe Schmitt‐Kopplin,AGU Fall Meeting Abstracts,,biogeochem_carbon; wetland_peatland,2
2011,Characterization of Rainwater Dissolved Organic Matter by Ultrahigh Resolution Fourier Transform Ion Cyclotron Resonance Mass Spectrometry,"Ralph N. Mead, David C. Podgorski, K. M. Mullaugh et al. (n=7)",Ralph N. Mead; David C. Podgorski; K. M. Mullaugh; Bonnie A. Avery; Robert J. Kieber; Joan D. Willey; William Cooper,AGUFM,,atmosphere_aerosol; biogeochem_carbon,2
2011,Influence of acidification on the optical properties and molecular composition of dissolved organic matter,"Malak Tfaily, David C. Podgorski, J. E. Corbett et al. (n=5)",Malak Tfaily; David C. Podgorski; J. E. Corbett; Jeffrey P. Chanton; William Cooper,Analytica Chimica Acta,https://doi.org/10.1016/j.aca.2011.08.037,biogeochem_carbon; estuary_coastal; marine; wetland_peatland,4
2011,Accurate mass measurements and ultrahigh-resolution: evaluation of different mass spectrometers for daily routine analysis of small molecules in negative electrospray ionization mode,"Núria Cortés-Francisco, Cintia Flores, Encarnación Moyano et al. (n=4)",Núria Cortés-Francisco; Cintia Flores; Encarnación Moyano; Josep Caixach,Analytical and Bioanalytical Chemistry,https://doi.org/10.1007/s00216-011-5046-8,biogeochem_carbon; methods_instrumentation,2
2011,Study of Double Bond Equivalents and the Numbers of Carbon and Oxygen Atom Distribution of Dissolved Organic Matter with Negative-Mode FT-ICR MS,"EunJung Bae, In Joon Yeo, Byungkwan Jeong et al. (n=6)",EunJung Bae; In Joon Yeo; Byungkwan Jeong; Yongsik Shin; Kyung‐Hoon Shin; Sunghwan Kim,Analytical Chemistry,https://doi.org/10.1021/ac200464q,biogeochem_carbon; estuary_coastal; groundwater; methods_instrumentation,4
2011,Characterization of Pyrogenic Black Carbon by Desorption Atmospheric Pressure Photoionization Fourier Transform Ion Cyclotron Resonance Mass Spectrometry,"David C. Podgorski, Rasha Hamdan, Amy M. McKenna et al. (n=7)",David C. Podgorski; Rasha Hamdan; Amy M. McKenna; Leonard Nyadong; Ryan P. Rodgers; Alan G. Marshall; William Cooper,Analytical Chemistry,https://doi.org/10.1021/ac202166x,atmosphere_aerosol; biochar_black_carbon; biogeochem_carbon; methods_instrumentation,4
2011,An overview of the methods used in the characterisation of natural organic matter (NOM) in relation to drinking water treatment,"Anu Matilainen, Egil T. Gjessing, Tanja Lahtinen et al. (n=6)",Anu Matilainen; Egil T. Gjessing; Tanja Lahtinen; Leif Hed; Amit Bhatnagar; Mika Sillanpää,Chemosphere,https://doi.org/10.1016/j.chemosphere.2011.01.018,biochar_black_carbon; biogeochem_carbon; wastewater_drinking,3
2011,Advanced Analytical Characterization of Molecular Changes Occurring in the Dissolved Organic Matter of Oxidized Landfill Leachate,,,DigiNole (Florida State University),,biogeochem_carbon; methods_instrumentation; microbial_coupling; wastewater_drinking,4
2011,Diagenetic Transformation of Dissolved Organic Nitrogen Compounds under Contrasting Sedimentary Redox Conditions in the Black Sea,"Frauke Schmidt, Boris Koch, Marcus Elvert et al. (n=6)",Frauke Schmidt; Boris Koch; Marcus Elvert; Gunnar Schmidt; Matthias Witt; Kai‐Uwe Hinrichs,Environmental Science & Technology,https://doi.org/10.1021/es2003414,biogeochem_carbon; estuary_coastal; marine; microbial_coupling; sediment_porewater,5
2011,The chemical changes of DOM from black waters to coastal marine waters by HPLC combined with ultrahigh resolution mass spectrometry,"Zhanfei Liu, Rachel L. Sleighter, Junyan Zhong et al. (n=4)",Zhanfei Liu; Rachel L. Sleighter; Junyan Zhong; Patrick G. Hatcher,Estuarine Coastal and Shelf Science,https://doi.org/10.1016/j.ecss.2010.12.030,biogeochem_carbon; estuary_coastal; marine; methods_instrumentation,4
2011,"Sediment and organic matter properties, and molecular formula from sampling locations in the Northern Black Sea","Frauke Schmidt, Boris Koch, Marcus Elvert et al. (n=6)",Frauke Schmidt; Boris Koch; Marcus Elvert; Gunnar Schmidt; Matthias Witt; Kai‐Uwe Hinrichs,Figshare,https://doi.org/10.1594/pangaea.767386,biogeochem_carbon; marine; sediment_porewater,3
2011,Composition of dissolved organic matter in groundwater,"Krista Longnecker, Elizabeth B. Kujawinski",Krista Longnecker; Elizabeth B. Kujawinski,Geochimica et Cosmochimica Acta,https://doi.org/10.1016/j.gca.2011.02.020,biogeochem_carbon; groundwater; methods_instrumentation; microbial_coupling; sediment_porewater,5
2011,Molecular level investigation of composition and surface-to-depth transformation of dissolved organic matter in the east Atlantic Ocean using FT-ICR MS,"Ruth Flerus, Boris Koch, Marianna Lucio et al. (n=6)",Ruth Flerus; Boris Koch; Marianna Lucio; Philippe Schmitt‐Kopplin; Oliver J. Lechtenfeld; Gerhard Kattner,Helmholtz-Zentrum für Polar-und Meeresforschung (Alfred-Wegener-Institut),,estuary_coastal; marine,2
2011,Molecular level investigation of reactions between dissolved organic matter and extraction solvents using FT-ICR MS,"Ruth Flerus, Boris Koch, Philippe Schmitt‐Kopplin et al. (n=5)",Ruth Flerus; Boris Koch; Philippe Schmitt‐Kopplin; Matthias Witt; Gerhard Kattner,Marine Chemistry,https://doi.org/10.1016/j.marchem.2010.12.006,atmosphere_aerosol; biogeochem_carbon; estuary_coastal; marine,4
2011,Characterization of dissolved organic matter in Lake Superior and its watershed using ultrahigh resolution mass spectrometry,"Elizabeth C. Minor, Carla J. Steinbring, Krista Longnecker et al. (n=4)",Elizabeth C. Minor; Carla J. Steinbring; Krista Longnecker; Elizabeth B. Kujawinski,Organic Geochemistry,https://doi.org/10.1016/j.orggeochem.2011.11.007,biogeochem_carbon; freshwater_lake,2
2011,Combining advanced NMR techniques with ultrahigh resolution mass spectrometry: A new strategy for molecular scale characterization of macromolecular components of soil and sedimentary organic matter,"Junyan Zhong, Rachel L. Sleighter, Élodie Salmon et al. (n=5)",Junyan Zhong; Rachel L. Sleighter; Élodie Salmon; Georgina A. McKee; Patrick G. Hatcher,Organic Geochemistry,https://doi.org/10.1016/j.orggeochem.2011.04.007,biogeochem_carbon; soil_terrestrial,2
2011,WITHDRAWN: Characterization of dissolved organic matter in Lake Superior and its watershed using ultrahigh resolution mass spectrometry,"Elizabeth C. Minor, Carla J. Steinbring, Krista Longnecker et al. (n=4)",Elizabeth C. Minor; Carla J. Steinbring; Krista Longnecker; Elizabeth B. Kujawinski,Organic Geochemistry,https://doi.org/10.1016/j.orggeochem.2011.08.004,biogeochem_carbon; disturbance_anthropogenic; freshwater_lake,3
2011,EPC Society News,,,Pancreatology,https://doi.org/10.1159/000336366,biogeochem_carbon; estuary_coastal; marine; microbial_coupling,4
2011,Analytical Chemical Methods and Instrumentation,"Thomas S. Bianchi, Elizabeth A. Canuel",Thomas S. Bianchi; Elizabeth A. Canuel,Princeton University Press eBooks,https://doi.org/10.23943/princeton/9780691134147.003.0004,biochar_black_carbon; biogeochem_carbon,2
2011,"Dissolved organic carbon concentrations, amino sugar concentrations and highly significantly correlating FT-ICR mass peak magnitudes obtained from solid phase extracted marine dissolved organic matter during POLARSTERN cruise ANT-XXV/1","Ruth Flerus, Boris Koch, Oliver J. Lechtenfeld et al. (n=8)",Ruth Flerus; Boris Koch; Oliver J. Lechtenfeld; S. Leigh McCallister; Philippe Schmitt‐Kopplin; Ronald Benner; Karl Kaiser; Gerhard Kattner,Publishing Network for Geoscientific and Environmental Data (PANGAEA) (Alfred Wegener Institute for Polar and Marine Research),https://doi.org/10.1594/pangaea.772899,atmosphere_aerosol; biogeochem_carbon; marine; methods_instrumentation; microbial_coupling,5
2011,Fourier transform ion cyclotron resonance mass spectrometry (FT-ICR MS) raw data during POLARSTERN cruise ANT-XXV/1,"Ruth Flerus, Boris Koch, Oliver J. Lechtenfeld et al. (n=8)","Ruth Flerus; Boris Koch; Oliver J. Lechtenfeld; S. Leigh McCallister; Philippe Schmitt‐Kopplin; R. C. Benner; Kaiser, Karl; Gerhard Kattner",Publishing Network for Geoscientific and Environmental Data (PANGAEA) (Alfred Wegener Institute for Polar and Marine Research),https://doi.org/10.1594/pangaea.772894,biogeochem_carbon; marine,2
2011,Molecular characterization of effluent organic matter identified by ultrahigh resolution mass spectrometry,"Michael Gonsior, Matthew Zwartjes, William J. Cooper et al. (n=10)",Michael Gonsior; Matthew Zwartjes; William J. Cooper; Weihua Song; Kenneth P. Ishida; Linda Y. Tseng; Matthew K. Jeung; Diego Rosso; Norbert Hertkorn; Philippe Schmitt‐Kopplin,Water Research,https://doi.org/10.1016/j.watres.2011.03.016,biogeochem_carbon; wastewater_drinking,2
2011,2A1-E10 傾斜歩行シミュレーションからの膝関節アシストロボットのパラメータ検討(ウェアラブルロボティクス),"直樹 西尾, 雅俊 関, 峰生 渡邉 et al. (n=5)",直樹 西尾; 雅俊 関; 峰生 渡邉; 淳 井上; 正克 藤江,ロボティクス・メカトロニクス講演会講演概要集,https://doi.org/10.1016/j.watres.2021.117000,biogeochem_carbon; wastewater_drinking,2
2012,Elucidating the Biogeochemical Memory of the Oceans by Means of High-Resolution Organic Structural Spectroscopy,"Norbert Hertkorn, Mourad Harir, Boris Koch et al. (n=5)",Norbert Hertkorn; Mourad Harir; Boris Koch; Bernhard Michalke; Philippe Schmitt‐Kopplin,,https://doi.org/10.1007/978-94-007-5634-2_3,biogeochem_carbon; freshwater_lake; marine,3
2012,High field NMR spectroscopy and FTICR mass spectrometry: powerful discovery tools for the molecular level characterization of marine dissolved organic matter from the South Atlantic Ocean,"Norbert Hertkorn, Mourad Harir, Boris Koch et al. (n=6)",Norbert Hertkorn; Mourad Harir; Boris Koch; Bernhard Michalke; Peter Grill; Philippe Schmitt‐Kopplin,,https://doi.org/10.5194/bgd-9-745-2012,biogeochem_carbon; estuary_coastal; marine; methods_instrumentation; soil_terrestrial,5
2012,Insights into dissolved organic matter complexity in rainwater from continental and coastal storms by ultrahigh resolution Fourier transform ion cyclotron resonance mass spectrometry,"Ralph N. Mead, K. M. Mullaugh, G. Brooks Avery et al. (n=6)",Ralph N. Mead; K. M. Mullaugh; G. Brooks Avery; Robert J. Kieber; Joan D. Willey; David C. Podgorski,,https://doi.org/10.5194/acpd-12-31413-2012,atmosphere_aerosol; biochar_black_carbon; biogeochem_carbon; estuary_coastal; marine,5
2012,Sulfur-Containing Molecules Observed in Hydrophobic and Amphiphilic Fractions of Dissolved Organic Matter by Fourier Transform Ion Cyclotron Resonance Mass Spectrometry,"Guixue Song, Rajaa Mesfiou, Aaron Dotson et al. (n=5)",Guixue Song; Rajaa Mesfiou; Aaron Dotson; Paul Westerhoff; Patrick G. Hatcher,,https://doi.org/10.1007/978-94-007-5634-2_14,biogeochem_carbon,1
2012,"Supplementary material to ""Insights into dissolved organic matter complexity in rainwater from continental and coastal storms by ultrahigh resolution Fourier transform ion cyclotron resonance mass spectrometry""","R. N. Mead, K. M. Mullaugh, G. B. Avery et al. (n=6)",R. N. Mead; K. M. Mullaugh; G. B. Avery; R. J. Kieber; J. D. Willey; David C. Podgorski,,https://doi.org/10.5194/acpd-12-31413-2012-supplement,atmosphere_aerosol; biogeochem_carbon; estuary_coastal; marine,4
2012,Correlating Bulk Optical Spectroscopy and Ultrahigh-Resolution Mass Spectrometry to Determine the Molecular Composition of Dissolved Organic Matter in Northern Peatlands,"William Cooper, Malak Tfaily, Jane E. Corbet et al. (n=4)",William Cooper; Malak Tfaily; Jane E. Corbet; Jeffrey P. Chanton,,https://doi.org/10.1007/978-94-007-5634-2_4,biogeochem_carbon; estuary_coastal; wetland_peatland,3
2012,Molecular characterization of dissolved organic matter (DOM): a critical review,"Antonio Nebbioso, Alessandro Piccolo",Antonio Nebbioso; Alessandro Piccolo,Analytical and Bioanalytical Chemistry,https://doi.org/10.1007/s00216-012-6363-2,biogeochem_carbon; estuary_coastal; marine,3
2012,Comparison of dialysis and solid-phase extraction for isolation and concentration of dissolved organic matter prior to Fourier transform ion cyclotron resonance mass spectrometry,"Malak Tfaily, Suzanne B. Hodgkins, David C. Podgorski et al. (n=5)",Malak Tfaily; Suzanne B. Hodgkins; David C. Podgorski; Jeffrey P. Chanton; William Cooper,Analytical and Bioanalytical Chemistry,https://doi.org/10.1007/s00216-012-6120-6,biogeochem_carbon; estuary_coastal; marine; methods_instrumentation; wetland_peatland,5
2012,Selective Ionization of Dissolved Organic Nitrogen by Positive Ion Atmospheric Pressure Photoionization Coupled with Fourier Transform Ion Cyclotron Resonance Mass Spectrometry,"David C. Podgorski, Amy M. McKenna, Ryan P. Rodgers et al. (n=5)",David C. Podgorski; Amy M. McKenna; Ryan P. Rodgers; Alan G. Marshall; William Cooper,Analytical Chemistry,https://doi.org/10.1021/ac300800w,atmosphere_aerosol; biogeochem_carbon; methods_instrumentation,3
2012,A molecular perspective on the ageing of marine dissolved organic matter,"Ruth Flerus, Oliver J. Lechtenfeld, Boris Koch et al. (n=8)",Ruth Flerus; Oliver J. Lechtenfeld; Boris Koch; S. Leigh McCallister; Philippe Schmitt‐Kopplin; Ronald Benner; Karl Kaiser; Gerhard Kattner,Biogeosciences,https://doi.org/10.5194/bg-9-1935-2012,biogeochem_carbon; estuary_coastal; marine; methods_instrumentation; microbial_coupling,5
2012,Dissolved organic matter in sea spray: a transfer study from marine surface water to aerosols,"Philippe Schmitt‐Kopplin, Gérard Liger‐Belair, Boris Koch et al. (n=11)",Philippe Schmitt‐Kopplin; Gérard Liger‐Belair; Boris Koch; Ruth Flerus; Gerhard Kattner; Mourad Harir; Basem Kanawati; Marianna Lucio; Dimitrios Tziotis; Norbert Hertkorn; István Gebefügi,Biogeosciences,https://doi.org/10.5194/bg-9-1571-2012,atmosphere_aerosol; biogeochem_carbon; estuary_coastal; marine,4
2012,Molecular Fractionation of Dissolved Organic Matter with Metal Salts,"Thomas Riedel, Harald Biester, Thorsten Dittmar",Thomas Riedel; Harald Biester; Thorsten Dittmar,Environmental Science & Technology,https://doi.org/10.1021/es203901u,biochar_black_carbon; biogeochem_carbon; marine; methods_instrumentation; wastewater_drinking; wetland_peatland,6
2012,Variations of DOM Quality in Inflows of a Drinking Water Reservoir: Linking of van Krevelen Diagrams with EEMF Spectra by Rank Correlation,"Peter Herzsprung, Wolf von Tümpling, Norbert Hertkorn et al. (n=8)",Peter Herzsprung; Wolf von Tümpling; Norbert Hertkorn; Mourad Harir; Olaf Büttner; Jenny Bravidor; Kurt Friese; Philippe Schmitt‐Kopplin,Environmental Science & Technology,https://doi.org/10.1021/es300345c,biogeochem_carbon; estuary_coastal; freshwater_lake; marine; wastewater_drinking,5
2012,Characterization of Dissolved Organic Matter in Full Scale Continuous Stirred Tank Biogas Reactors Using Ultrahigh Resolution Mass Spectrometry: A Qualitative Overview,"Sepehr Shakeri Yekta, Michael Gonsior, Philippe Schmitt‐Kopplin et al. (n=4)",Sepehr Shakeri Yekta; Michael Gonsior; Philippe Schmitt‐Kopplin; Bo Svensson,Environmental Science & Technology,https://doi.org/10.1021/es3024447,biogeochem_carbon; methods_instrumentation; wastewater_drinking,3
2012,Study on Transformation of Natural Organic Matter in Source Water during Chlorination and Its Chlorinated Products using Ultrahigh Resolution Mass Spectrometry,"Haifeng Zhang, Yahe Zhang, Quan Shi et al. (n=7)",Haifeng Zhang; Yahe Zhang; Quan Shi; Jianying Hu; Mengqiao Chu; Jianwei Yu; Min Yang,Environmental Science & Technology,https://doi.org/10.1021/es203587q,biogeochem_carbon; methods_instrumentation; wastewater_drinking,3
2012,Low Molecular Weight Components in an Aquatic Humic Substance As Characterized by Membrane Dialysis and Orbitrap Mass Spectrometry,"Christina K. Remucal, Rose M. Cory, Michael Sander et al. (n=4)",Christina K. Remucal; Rose M. Cory; Michael Sander; Kristopher McNeill,Environmental Science & Technology,https://doi.org/10.1021/es302468q,biogeochem_carbon; estuary_coastal; freshwater_river; marine; wastewater_drinking,5
2012,Climate change impact on organic matter discharge in the Siberian coastal permafrost regions,Gerhard Kattner,Gerhard Kattner,Helmholtz-Zentrum für Polar-und Meeresforschung (Alfred-Wegener-Institut),,biogeochem_carbon; cryosphere; disturbance_anthropogenic; estuary_coastal; freshwater_river; marine; sediment_porewater; soil_terrestrial,8
2012,Biogeochemistry of dissolved organic matter in the Arctic permafrost and the Lena delta,"Gerhard Kattner, Boris Koch, Ruth Flerus et al. (n=4)",Gerhard Kattner; Boris Koch; Ruth Flerus; Ivan Dubinenkov,Helmholtz-Zentrum für Polar-und Meeresforschung (Alfred-Wegener-Institut),,biogeochem_carbon; cryosphere; disturbance_anthropogenic; estuary_coastal; freshwater_lake; freshwater_river; marine; microbial_coupling; soil_terrestrial,9
2012,Characterization and treatment of dissolved organic matter from oilfield produced waters,"Xiaojing Wang, Lamia Goual, Patricia J.S. Colberg",Xiaojing Wang; Lamia Goual; Patricia J.S. Colberg,Journal of Hazardous Materials,https://doi.org/10.1016/j.jhazmat.2012.03.006,biogeochem_carbon; freshwater_lake; microbial_coupling; petroleum_fossil,4
2012,Anthropogenic aerosols as a source of ancient dissolved organic matter in glaciers,"Aron Stubbins, Eran Hood, Peter A. Raymond et al. (n=14)",Aron Stubbins; Eran Hood; Peter A. Raymond; George R. Aiken; Rachel L. Sleighter; Peter J. Hernes; David Butman; Patrick G. Hatcher; Robert G. Striegl; Paul F. Schuster; Hussain Abdulla; A. Vermilyea; Durelle Scott; Robert G. M. Spencer,Nature Geoscience,https://doi.org/10.1038/ngeo1403,atmosphere_aerosol; cryosphere; marine,3
2012,Biogeochemically diverse organic matter in Alpine glaciers and its downstream fate,"Gabriel Singer, Christina Fasching, Linda Wilhelm et al. (n=7)",Gabriel Singer; Christina Fasching; Linda Wilhelm; Jutta Niggemann; Peter Steier; Thorsten Dittmar; Tom J. Battin,Nature Geoscience,https://doi.org/10.1038/ngeo1581,biogeochem_carbon; cryosphere; estuary_coastal; marine,4
2012,Principal Readiness and Professional Development to Conduct Effective Teacher Evaluations That Lead to Improved Student Achievement.,Shawn Hunziker,Shawn Hunziker,ProQuest LLC eBooks,https://doi.org/10.1021/acs.est.8b00190,biochar_black_carbon; biogeochem_carbon; disturbance_anthropogenic; estuary_coastal; freshwater_river; marine,6
2012,Characterization of low molecular weight dissolved natural organic matter along the treatment trait of a waterworks using Fourier transform ion cyclotron resonance mass spectrometry,"Haifeng Zhang, Yahe Zhang, Quan Shi et al. (n=8)",Haifeng Zhang; Yahe Zhang; Quan Shi; Shuoyi Ren; Jianwei Yu; Ji Feng; Wenbin Luo; Min Yang,Water Research,https://doi.org/10.1016/j.watres.2012.07.004,biogeochem_carbon,1
2013,Environmental Dynamics of Dissolved Black Carbon in Aquatic Ecosystems,Yan Ding,Yan Ding,,https://doi.org/10.25148/etd.fi13042308,atmosphere_aerosol; biochar_black_carbon; biogeochem_carbon; estuary_coastal; marine; sediment_porewater; soil_terrestrial,7
2013,Influence of heteroatom pre-selection on the molecular formula assignment of soil organic matter components determined by ultrahigh resolution mass spectrometry,"Tsutomu Ohno, Paul E. Ohno",Tsutomu Ohno; Paul E. Ohno,Analytical and Bioanalytical Chemistry,https://doi.org/10.1007/s00216-013-6734-3,biogeochem_carbon; estuary_coastal; marine; soil_terrestrial,4
2013,Two Dimensional Correlation Analysis of Fourier Transform Ion Cyclotron Resonance Mass Spectra of Dissolved Organic Matter: A New Graphical Analysis of Trends,"Hussain Abdulla, Rachel L. Sleighter, Patrick G. Hatcher",Hussain Abdulla; Rachel L. Sleighter; Patrick G. Hatcher,Analytical Chemistry,https://doi.org/10.1021/ac303221j,biogeochem_carbon; estuary_coastal; marine,3
2013,Tetramethylammonium Hydroxide as a Reagent for Complex Mixture Analysis by Negative Ion Electrospray Ionization Mass Spectrometry,"Vladislav V. Lobodin, Priyanka Juyal, Amy M. McKenna et al. (n=5)",Vladislav V. Lobodin; Priyanka Juyal; Amy M. McKenna; Ryan P. Rodgers; Alan G. Marshall,Analytical Chemistry,https://doi.org/10.1021/ac401222b,biogeochem_carbon; freshwater_lake; methods_instrumentation; petroleum_fossil,4
2013,Insights into dissolved organic matter complexity in rainwater from continental and coastal storms by ultrahigh resolution Fourier transform ion cyclotron resonance mass spectrometry,"Ralph N. Mead, Katherine M. Mullaugh, G. Brooks Avery et al. (n=6)",Ralph N. Mead; Katherine M. Mullaugh; G. Brooks Avery; Robert J. Kieber; Joan D. Willey; David C. Podgorski,Atmospheric chemistry and physics,https://doi.org/10.5194/acp-13-4829-2013,atmosphere_aerosol; biogeochem_carbon; estuary_coastal; marine,4
2013,A regional study of the seasonal variation in the molecular composition of rainwater,"Barbara A. Cottrell, Michael Gonsior, Lorne M. Isabelle et al. (n=10)",Barbara A. Cottrell; Michael Gonsior; Lorne M. Isabelle; W. Luo; Véronique Perraud; Theresa M. McIntire; James F. Pankow; Philippe Schmitt‐Kopplin; William J. Cooper; André J. Simpson,Atmospheric Environment,https://doi.org/10.1016/j.atmosenv.2013.05.027,atmosphere_aerosol; biogeochem_carbon; estuary_coastal; marine,4
2013,High-field NMR spectroscopy and FTICR mass spectrometry: powerful discovery tools for the molecular level characterization of marine dissolved organic matter,"Norbert Hertkorn, Mourad Harir, Boris Koch et al. (n=5)",Norbert Hertkorn; Mourad Harir; Boris Koch; Bernhard Michalke; Philippe Schmitt‐Kopplin,Biogeosciences,https://doi.org/10.5194/bg-10-1583-2013,biogeochem_carbon; estuary_coastal; marine; methods_instrumentation; sediment_porewater; soil_terrestrial,6
2013,Phylogenetic and structural response of heterotrophic bacteria to dissolved organic matter of different chemical composition in a continuous culture study,"Marine Landa, Matthew T. Cottrell, David L. Kirchman et al. (n=13)",Marine Landa; Matthew T. Cottrell; David L. Kirchman; Karl Kaiser; Patricia M. Medeiros; Luc Tremblay; Nicole Batailler; Jocelyne Caparros; Philippe Catala; Karine Escoubeyrou; Louise Oriol; Stéphane Blain; Ingrid Obernosterer,Environmental Microbiology,https://doi.org/10.1111/1462-2920.12242,biogeochem_carbon; estuary_coastal; marine; microbial_coupling,4
2013,The use of hydrothermal carbonization to recycle nutrients in algal biofuel production,"Robert B. Levine, Christian O. Sambolin Sierra, Ryan Hockstad et al. (n=6)",Robert B. Levine; Christian O. Sambolin Sierra; Ryan Hockstad; Wassim Obeid; Patrick G. Hatcher; Phillip E. Savage,Environmental Progress & Sustainable Energy,https://doi.org/10.1002/ep.11812,biogeochem_carbon; marine,2
2013,Selective Chlorination of Natural Organic Matter: Identification of Previously Unknown Disinfection Byproducts,"Elin Lavonen, Michael Gonsior, Lars J. Tranvik et al. (n=5)",Elin Lavonen; Michael Gonsior; Lars J. Tranvik; Philippe Schmitt‐Kopplin; Stephan Köhler,Environmental Science & Technology,https://doi.org/10.1021/es304669p,biogeochem_carbon; wastewater_drinking,2
2013,Molecular Characterization of Dissolved Organic Matter through a Desalination Process by High Resolution Mass Spectrometry,"Núria Cortés-Francisco, Josep Caixach",Núria Cortés-Francisco; Josep Caixach,Environmental Science & Technology,https://doi.org/10.1021/es4000388,biogeochem_carbon; estuary_coastal; marine; methods_instrumentation; wastewater_drinking,5
2013,A highly resolved molecular-level interrogation of dissolved organic matter (DOM) complexity and composition in a snowmelt-affected system /,Gregory Ian Ball,Gregory Ian Ball,eScholarship (California Digital Library),,biogeochem_carbon; cryosphere; estuary_coastal; freshwater_lake; freshwater_river; marine; methods_instrumentation; soil_terrestrial,8
2013,Anthropogenic Nutrient Sources Supplied to a Chesapeake Bay Tributary Support Algal Growth: A Bioassay and High-Resolution Mass Spectrometry Approach,"Lynn Killberg-Thoreson, Rachel E. Sipler, Deborah A. Bronk",Lynn Killberg-Thoreson; Rachel E. Sipler; Deborah A. Bronk,Estuaries and Coasts,https://doi.org/10.1007/s12237-013-9604-5,biogeochem_carbon; estuary_coastal; marine,3
2013,Molecular transformation and degradation of refractory dissolved organic matter in the Atlantic and Southern Ocean,"Oliver J. Lechtenfeld, Gerhard Kattner, Ruth Flerus et al. (n=6)",Oliver J. Lechtenfeld; Gerhard Kattner; Ruth Flerus; S. Leigh McCallister; Philippe Schmitt‐Kopplin; Boris Koch,Geochimica et Cosmochimica Acta,https://doi.org/10.1016/j.gca.2013.11.009,biogeochem_carbon; estuary_coastal; marine,3
2013,Investigating dissolved organic matter decomposition in northern peatlands using complimentary analytical techniques,"Malak Tfaily, Rasha Hamdan, J. E. Corbett et al. (n=6)",Malak Tfaily; Rasha Hamdan; J. E. Corbett; Jeffrey P. Chanton; Paul H. Glaser; William Cooper,Geochimica et Cosmochimica Acta,https://doi.org/10.1016/j.gca.2013.03.002,biogeochem_carbon; estuary_coastal; methods_instrumentation; wetland_peatland,4
2013,Latitude and pH driven trends in the molecular composition of DOM across a north south transect along the Yenisei River,"Vanessa-Nina Roth, Thorsten Dittmar, Reinhard Gaupp et al. (n=4)",Vanessa-Nina Roth; Thorsten Dittmar; Reinhard Gaupp; Gerd Gleixner,Geochimica et Cosmochimica Acta,https://doi.org/10.1016/j.gca.2013.09.002,biogeochem_carbon; estuary_coastal; freshwater_river; marine; methods_instrumentation; soil_terrestrial; wetland_peatland,7
2013,Characterization of dissolved organic matter from a Greenland ice core by nanospray ionization Fourier transform ion cyclotron resonance mass spectrometry,"Joshua J.S. Marsh, V. Boschi, Rachel L. Sleighter et al. (n=5)",Joshua J.S. Marsh; V. Boschi; Rachel L. Sleighter; Amanda M. Grannas; Patrick G. Hatcher,Journal of Glaciology,https://doi.org/10.3189/2013jog12j061,biogeochem_carbon; cryosphere; marine; methods_instrumentation,4
2013,Characterization of dissolved organic matter from a Greenland ice core by nanospray ionization Fourier transform ion cyclotron resonance mass spectrometry,"Joshua J.S. Marsh, V. Boschi, Rachel L. Sleighter et al. (n=5)",Joshua J.S. Marsh; V. Boschi; Rachel L. Sleighter; Amanda M. Grannas; Patrick G. Hatcher,Journal of Glaciology,https://doi.org/10.3189/2013jog12j061a,biogeochem_carbon; cryosphere; marine; methods_instrumentation,4
2013,"""Diálogos en el limbo"", un Santayana de bolsillo (y portátil)",Julio Seoane Pinilla,Julio Seoane Pinilla,Limbo: boletín internacional de estudios sobre Santayana,https://doi.org/10.1038/s41467-022-29711-9,biogeochem_carbon; freshwater_lake; freshwater_river; groundwater; marine; microbial_coupling,6
2013,LINKING OPTICAL AND CHEMICAL PROPERTIES OF DISSOLVED ORGANIC MATTER IN NATURAL WATERS,"Christopher L. Osburn, Colin A. Stedmon, Robert G. M. Spencer et al. (n=4)",Christopher L. Osburn; Colin A. Stedmon; Robert G. M. Spencer; Aron Stubbins,Limnology and Oceanography Bulletin,https://doi.org/10.1002/lob.201322378,biogeochem_carbon; estuary_coastal; marine,3
2013,The influence of salinity on the molecular and optical properties of surface microlayers in a karstic estuary,"Oliver J. Lechtenfeld, Boris Koch, Blaženka Gašparović et al. (n=6)",Oliver J. Lechtenfeld; Boris Koch; Blaženka Gašparović; Sanja Frka; Matthias Witt; Gerhard Kattner,Marine Chemistry,https://doi.org/10.1016/j.marchem.2013.01.006,biogeochem_carbon; estuary_coastal; marine,3
2013,Multiproxy probing of rainwater dissolved organic matter (DOM) composition in coastal storms as a function of trajectory,"Siddhartha Mitra, Andrew S. Wozniak, Richard L. Miller et al. (n=6)",Siddhartha Mitra; Andrew S. Wozniak; Richard L. Miller; Patrick G. Hatcher; Christopher J. Buonassissi; Matthew M. Brown,Marine Chemistry,https://doi.org/10.1016/j.marchem.2013.05.013,atmosphere_aerosol; biogeochem_carbon; estuary_coastal; marine,4
2013,Trichodesmium-derived dissolved organic matter is a source of nitrogen capable of supporting the growth of toxic red tide Karenia brevis,"RE Sipler, DA Bronk, SP Seitzinger et al. (n=9)",RE Sipler; DA Bronk; SP Seitzinger; R. Lauck; L. R. McGuinness; GJ Kirkpatrick; CA Heil; Lee J. Kerkhof; Oscar Schofield,Marine Ecology Progress Series,https://doi.org/10.3354/meps10258,biogeochem_carbon; estuary_coastal; marine; methods_instrumentation; microbial_coupling,5
2013,Characterization of IHSS Pony Lake fulvic acid dissolved organic matter by electrospray ionization Fourier transform ion cyclotron resonance mass spectrometry and fluorescence spectroscopy,"Juliana D’Andrilli, Christine M. Foreman, Alan G. Marshall et al. (n=4)",Juliana D’Andrilli; Christine M. Foreman; Alan G. Marshall; Diane M. McKnight,Organic Geochemistry,https://doi.org/10.1016/j.orggeochem.2013.09.013,biogeochem_carbon; estuary_coastal; freshwater_lake; marine; methods_instrumentation; microbial_coupling,6
2013,Molecular composition of dissolved organic matter from a wetland plant (Juncus effusus) after photochemical and microbial decomposition (1.25 yr): Common features with deep sea dissolved organic matter,"Pamela E. Rossel, Anssi V. Vähätalo, Matthias Witt et al. (n=4)",Pamela E. Rossel; Anssi V. Vähätalo; Matthias Witt; Thorsten Dittmar,Organic Geochemistry,https://doi.org/10.1016/j.orggeochem.2013.04.013,biogeochem_carbon; estuary_coastal; marine; microbial_coupling; wetland_peatland,5
2013,Hailstones: A Window into the Microbial and Chemical Inventory of a Storm Cloud,"Tina Šantl‐Temkiv, Kai Finster, Thorsten Dittmar et al. (n=7)",Tina Šantl‐Temkiv; Kai Finster; Thorsten Dittmar; Bjarne Munk Hansen; Runar Thyrhaug; Niels Woetmann Nielsen; Ulrich Karlson,PLoS ONE,https://doi.org/10.1371/journal.pone.0053550,atmosphere_aerosol; biogeochem_carbon; microbial_coupling; soil_terrestrial,4
2013,Molecular‐level characterization of reactive and refractory dissolved natural organic nitrogen compounds by atmospheric pressure photoionization coupled to Fourier transform ion cyclotron resonance mass spectrometry,"D. Osborne, David C. Podgorski, Deborah A. Bronk et al. (n=8)",D. Osborne; David C. Podgorski; Deborah A. Bronk; Quinn N. Roberts; Rachel E. Sipler; David Austin; James S. Bays; William Cooper,Rapid Communications in Mass Spectrometry,https://doi.org/10.1002/rcm.6521,atmosphere_aerosol; biogeochem_carbon; estuary_coastal; marine; methods_instrumentation; microbial_coupling,6
2013,Dissolved Organic Matter,Robert G. Qualls,Robert G. Qualls,Soil Science Society of America book series,https://doi.org/10.2136/sssabookser10.c16,atmosphere_aerosol; biogeochem_carbon; estuary_coastal; marine; soil_terrestrial; wetland_peatland,6
2013,Novel molecular-level evidence of iodine binding to natural organic matter from Fourier transform ion cyclotron resonance mass spectrometry,"Chen Xu, Hongmei Chen, Yuko Sugiyama et al. (n=13)",Chen Xu; Hongmei Chen; Yuko Sugiyama; Saijin Zhang; Hsiu-Ping Li; Yi‐Fang Ho; Chia‐Ying Chuang; Kathleen A. Schwehr; Daniel I. Kaplan; Chris M. Yeager; Kimberly A. Roberts; Patrick G. Hatcher; Peter H. Santschi,The Science of The Total Environment,https://doi.org/10.1016/j.scitotenv.2013.01.064,biogeochem_carbon,1
2014,Molecular insights into the microbial formation of marine dissolved organic matter: recalcitrant or labile?,"Boris Koch, Gerhard Kattner, Matthias Witt et al. (n=4)",Boris Koch; Gerhard Kattner; Matthias Witt; Uta Passow,,https://doi.org/10.5194/bgd-11-3065-2014,biogeochem_carbon; estuary_coastal; marine; microbial_coupling,4
2014,Enumeration of non-labile oxygen atoms in dissolved organic matter by use of 16O/18O exchange and Fourier transform ion-cyclotron resonance mass spectrometry,"Yury Kostyukevich, А. С. Кононихин, Alexander Zherebker et al. (n=6)",Yury Kostyukevich; А. С. Кононихин; Alexander Zherebker; Igor Popov; Irina V. Perminova; Е. Н. Николаев,Analytical and Bioanalytical Chemistry,https://doi.org/10.1007/s00216-014-8097-9,biogeochem_carbon,1
2014,Understanding molecular formula assignment of Fourier transform ion cyclotron resonance mass spectrometry data of natural organic matter from a chemical point of view,"Peter Herzsprung, Norbert Hertkorn, Wolf von Tümpling et al. (n=6)",Peter Herzsprung; Norbert Hertkorn; Wolf von Tümpling; Mourad Harir; Kurt Friese; Philippe Schmitt‐Kopplin,Analytical and Bioanalytical Chemistry,https://doi.org/10.1007/s00216-014-8249-y,biogeochem_carbon; estuary_coastal; marine,3
2014,Teachers Adapting Common Core Informational- text Writing Instruction for Students With Mild to Moderate Disabilities,Diana Hawley,Diana Hawley,Analytical and Bioanalytical Chemistry,https://doi.org/10.1007/s00216-014-8249-y,biogeochem_carbon; methods_instrumentation,2
2014,A Method Detection Limit for the Analysis of Natural Organic Matter via Fourier Transform Ion Cyclotron Resonance Mass Spectrometry,"Thomas Riedel, Thorsten Dittmar",Thomas Riedel; Thorsten Dittmar,Analytical Chemistry,https://doi.org/10.1021/ac501946m,biogeochem_carbon; methods_instrumentation,2
2014,Origin-specific molecular signatures of dissolved organic matter in the Lena Delta,"Ivan Dubinenkov, Ruth Flerus, Philippe Schmitt‐Kopplin et al. (n=5)",Ivan Dubinenkov; Ruth Flerus; Philippe Schmitt‐Kopplin; Gerhard Kattner; Boris Koch,Biogeochemistry,https://doi.org/10.1007/s10533-014-0049-0,biogeochem_carbon; cryosphere; disturbance_anthropogenic; estuary_coastal; marine,5
2014,Molecular insights into the microbial formation of marine dissolved organic matter: recalcitrant or labile?,"Boris Koch, Gerhard Kattner, Matthias Witt et al. (n=4)",Boris Koch; Gerhard Kattner; Matthias Witt; Uta Passow,Biogeosciences,https://doi.org/10.5194/bg-11-4173-2014,biogeochem_carbon; estuary_coastal; marine; microbial_coupling,4
2014,Molecular-level characterization of fluorescent dissolved organic matter in 120 boreal lakes using ultrahigh resolution mass spectrometry,"Anne M. Kellerman, Dolly N. Kothawala, Thorsten Dittmar et al. (n=4)",Anne M. Kellerman; Dolly N. Kothawala; Thorsten Dittmar; Lars J. Tranvik,EGUGA,,biogeochem_carbon; freshwater_lake,2
2014,Continuous Summer Export of Nitrogen-Rich Organic Matter from the Greenland Ice Sheet Inferred by Ultrahigh Resolution Mass Spectrometry,"Emily Lawson, Maya P. Bhatia, Jemma L. Wadham et al. (n=4)",Emily Lawson; Maya P. Bhatia; Jemma L. Wadham; Elizabeth B. Kujawinski,Environmental Science & Technology,https://doi.org/10.1021/es501732h,biogeochem_carbon; cryosphere; marine; methods_instrumentation; microbial_coupling,5
2014,Photochemical Alterations of Natural and Anthropogenic Dissolved Organic Nitrogen in the York River,"Rajaa Mesfioui, Hussain Abdulla, Patrick G. Hatcher",Rajaa Mesfioui; Hussain Abdulla; Patrick G. Hatcher,Environmental Science & Technology,https://doi.org/10.1021/es504095c,biogeochem_carbon; estuary_coastal; freshwater_river; marine; soil_terrestrial,5
2014,Characterization of Unknown Brominated Disinfection Byproducts during Chlorination Using Ultrahigh Resolution Mass Spectrometry,"Haifeng Zhang, Yahe Zhang, Quan Shi et al. (n=5)",Haifeng Zhang; Yahe Zhang; Quan Shi; Hongdie Zheng; Min Yang,Environmental Science & Technology,https://doi.org/10.1021/es4057399,biogeochem_carbon; methods_instrumentation; wastewater_drinking,3
2014,What’s in an EEM? Molecular Signatures Associated with Dissolved Organic Fluorescence in Boreal Canada,"Aron Stubbins, Jean‐François Lapierre, Martin Berggren et al. (n=6)",Aron Stubbins; Jean‐François Lapierre; Martin Berggren; Yves T. Prairie; Thorsten Dittmar; Paul A. del Giorgio,Environmental Science & Technology,https://doi.org/10.1021/es502086e,biogeochem_carbon; estuary_coastal; freshwater_river; marine,4
2014,Origin and Sources of Dissolved Organic Matter in Snow on the East Antarctic Ice Sheet,"Runa Antony, Amanda M. Grannas, A. S. Willoughby et al. (n=6)",Runa Antony; Amanda M. Grannas; A. S. Willoughby; Rachel L. Sleighter; Meloth Thamban; Patrick G. Hatcher,Environmental Science & Technology,https://doi.org/10.1021/es405246a,atmosphere_aerosol; biochar_black_carbon; biogeochem_carbon; cryosphere; marine; microbial_coupling; soil_terrestrial,7
2014,Changes in Dissolved Organic Matter during the Treatment Processes of a Drinking Water Plant in Sweden and Formation of Previously Unknown Disinfection Byproducts,"Michael Gonsior, Philippe Schmitt‐Kopplin, Helena Stavklint et al. (n=6)",Michael Gonsior; Philippe Schmitt‐Kopplin; Helena Stavklint; Susan D. Richardson; Norbert Hertkorn; David Bastviken,Environmental Science & Technology,https://doi.org/10.1021/es504349p,biogeochem_carbon; wastewater_drinking,2
2014,Molecular signature of organic nitrogen in septic-impacted groundwater,"William A. Arnold, Krista Longnecker, Kevin D. Kroeger et al. (n=4)",William A. Arnold; Krista Longnecker; Kevin D. Kroeger; Elizabeth B. Kujawinski,Environmental Science Processes & Impacts,https://doi.org/10.1039/c4em00289j,biogeochem_carbon; disturbance_anthropogenic; estuary_coastal; groundwater,4
2014,Study of dissolved organic matter in peatlands : molecular characterisation of a dynamic carbon reservoir,Luke Ridley,Luke Ridley,ERA,,biogeochem_carbon; freshwater_lake; microbial_coupling; soil_terrestrial; wetland_peatland,5
2014,Bacterial Alteration and Removal of Dissolved Organic Matter in the Surface Ocean,Byron E. Pedler,Byron E. Pedler,eScholarship (California Digital Library),,biogeochem_carbon; freshwater_lake; marine; microbial_coupling,4
2014,Photochemistry of Dissolved Organic Matter: Reactivity and application in constructed treatment wetlands,Stephen A. Timko,Stephen A. Timko,eScholarship (California Digital Library),,biogeochem_carbon; estuary_coastal; marine; microbial_coupling; soil_terrestrial; wetland_peatland,6
2014,Organic matter and sediment properties of samples from site GeoB15105 from the Black Sea,"Frauke Schmidt, Boris Koch, Matthias Witt et al. (n=4)",Frauke Schmidt; Boris Koch; Matthias Witt; Kai‐Uwe Hinrichs,Figshare,https://doi.org/10.1594/pangaea.839450,biogeochem_carbon; marine; methods_instrumentation; microbial_coupling; sediment_porewater,5
2014,Dissolved organic matter in the Lena Delta in 2009,"Ivan Dubinenkov, Ruth Flerus, Philippe Schmitt‐Kopplin et al. (n=5)",Ivan Dubinenkov; Ruth Flerus; Philippe Schmitt‐Kopplin; Gerhard Kattner; Boris Koch,Figshare,https://doi.org/10.1594/pangaea.831765,biogeochem_carbon; cryosphere; estuary_coastal; freshwater_lake; freshwater_river; marine,6
2014,Biogeochemistry of dissolved organic matter in an anoxic intertidal creek bank,"Michael Seidel, Mélanie Beck, Thomas Riedel et al. (n=9)",Michael Seidel; Mélanie Beck; Thomas Riedel; Hannelore Waska; I Gusti Ngurah Agung Suryaputra; Bernhard Schnetger; Jutta Niggemann; Meinhard Simon; Thorsten Dittmar,Geochimica et Cosmochimica Acta,https://doi.org/10.1016/j.gca.2014.05.038,biogeochem_carbon; estuary_coastal; freshwater_river; groundwater; marine,5
2014,Extending the analytical window for water-soluble organic matter in sediments by aqueous Soxhlet extraction,"Frauke Schmidt, Boris Koch, Matthias Witt et al. (n=4)",Frauke Schmidt; Boris Koch; Matthias Witt; Kai‐Uwe Hinrichs,Geochimica et Cosmochimica Acta,https://doi.org/10.1016/j.gca.2014.06.009,biogeochem_carbon; estuary_coastal; marine; sediment_porewater,4
2014,Source and biolability of ancient dissolved organic matter in glacier and lake ecosystems on the Tibetan Plateau,"Robert G. M. Spencer, Weidong Guo, Peter A. Raymond et al. (n=7)",Robert G. M. Spencer; Weidong Guo; Peter A. Raymond; Thorsten Dittmar; Eran Hood; Jason B. Fellman; Aron Stubbins,Geochimica et Cosmochimica Acta,https://doi.org/10.1016/j.gca.2014.08.006,atmosphere_aerosol; biogeochem_carbon; cryosphere; disturbance_anthropogenic; estuary_coastal; freshwater_lake; marine,7
2014,Seasonal variability of dissolved organic matter in the Columbia River: In situ sensors elucidate spectroscopic and spectrometric analyses,Urban Wünsch,Urban Wünsch,Helmholtz-Zentrum für Polar-und Meeresforschung (Alfred-Wegener-Institut),,biogeochem_carbon; estuary_coastal; freshwater_river; marine,4
2014,Microbial formation of marine dissolved organic matter: Recalcitrant or labile? A chemist’s view,"Gerhard Kattner, Boris Koch",Gerhard Kattner; Boris Koch,Helmholtz-Zentrum für Polar-und Meeresforschung (Alfred-Wegener-Institut),,biogeochem_carbon; estuary_coastal; marine; microbial_coupling,4
2014,A coupled geochemical and biogeochemical approach to characterize the bioreactivity of dissolved organic matter from a headwater stream,"Rachel L. Sleighter, Rose M. Cory, Louis A. Kaplan et al. (n=5)",Rachel L. Sleighter; Rose M. Cory; Louis A. Kaplan; Hussain Abdulla; Patrick G. Hatcher,Journal of Geophysical Research Biogeosciences,https://doi.org/10.1002/2013jg002600,atmosphere_aerosol; biogeochem_carbon; estuary_coastal; freshwater_river; marine; microbial_coupling,6
2014,Dynamics of dissolved organic matter: A view from two dimensional correlation spectroscopy techniques,"Hussain Abdulla, Patrick G. Hatcher",Hussain Abdulla; Patrick G. Hatcher,Journal of Molecular Structure,https://doi.org/10.1016/j.molstruc.2014.03.038,,0
2014,Developing an understanding of dissolved organic matter dynamics in the giant Lake Baikal by ultrahigh resolution mass spectrometry,"Yuko Sugiyama, Patrick G. Hatcher, Rachel L. Sleighter et al. (n=13)",Yuko Sugiyama; Patrick G. Hatcher; Rachel L. Sleighter; Tomoyo Suzuki; Chizuru Wada; Tetsu Kumagai; Osamu Mitamura; Toshiya Katano; Shin‐ichi Nakano; Yuji Tanaka; Valentin Drucker; V. A. Fialkov; Masahito Sugiyama,Limnology,https://doi.org/10.1007/s10201-014-0424-5,biogeochem_carbon; estuary_coastal; freshwater_lake; marine; microbial_coupling,5
2014,Novel insights into the molecular structure of non-volatile marine dissolved organic sulfur,"Anika M. Pohlabeln, Thorsten Dittmar",Anika M. Pohlabeln; Thorsten Dittmar,Marine Chemistry,https://doi.org/10.1016/j.marchem.2014.10.018,atmosphere_aerosol; biogeochem_carbon; marine,3
2014,Investigating the potential of solid-phase extraction and Fourier-transform ion cyclotron resonance mass spectrometry (FT-ICR-MS) for the isolation and identification of dissolved metal–organic complexes from natural waters,"Hannelore Waska, Andrea Koschinsky, Maria Jose Ruiz Chancho et al. (n=4)",Hannelore Waska; Andrea Koschinsky; Maria Jose Ruiz Chancho; Thorsten Dittmar,Marine Chemistry,https://doi.org/10.1016/j.marchem.2014.10.001,biogeochem_carbon; marine,2
2014,Molecular evidence for rapid dissolved organic matter turnover in Arctic fjords,"Helena Osterholz, Thorsten Dittmar, Jutta Niggemann",Helena Osterholz; Thorsten Dittmar; Jutta Niggemann,Marine Chemistry,https://doi.org/10.1016/j.marchem.2014.01.002,biogeochem_carbon; estuary_coastal; marine; microbial_coupling,4
2014,Ultrahigh resolution mass spectrometric differentiation of dissolved organic matter isolated by coupled reverse osmosis-electrodialysis from various major oceanic water masses,"Hongmei Chen, Aron Stubbins, E. Michael Perdue et al. (n=7)",Hongmei Chen; Aron Stubbins; E. Michael Perdue; Nelson W. Green; John R. Helms; Kenneth Mopper; Patrick G. Hatcher,Marine Chemistry,https://doi.org/10.1016/j.marchem.2014.06.002,biogeochem_carbon; estuary_coastal; marine; wastewater_drinking,4
2014,Photochemical production of polyols arising from significant photo-transformation of dissolved organic matter in the oligotrophic surface ocean,"Michael Gonsior, Norbert Hertkorn, Henri Conte et al. (n=7)",Michael Gonsior; Norbert Hertkorn; Henri Conte; William J. Cooper; David Bastviken; Ellen R. M. Druffel; Philippe Schmitt‐Kopplin,Marine Chemistry,https://doi.org/10.1016/j.marchem.2014.04.002,atmosphere_aerosol; estuary_coastal; marine,3
2014,Chemodiversity of dissolved organic matter in lakes driven by climate and hydrology,"Anne M. Kellerman, Thorsten Dittmar, Dolly N. Kothawala et al. (n=4)",Anne M. Kellerman; Thorsten Dittmar; Dolly N. Kothawala; Lars J. Tranvik,Nature Communications,https://doi.org/10.1038/ncomms4804,atmosphere_aerosol; biogeochem_carbon; disturbance_anthropogenic; estuary_coastal; freshwater_lake; marine,6
2014,A Coupled Geochemical and Biogeochemical Approach to Characterize the Bioreactivity of Dissolved Organic Matter From a Headwater Stream,"Rachel L. Sleighter, Rose M. Cory, Louis A. Kaplan et al. (n=5)",Rachel L. Sleighter; Rose M. Cory; Louis A. Kaplan; Hussain Abdulla; Patrick G. Hatcher,ODU Digital Commons (Old Dominion University),,biogeochem_carbon; disturbance_anthropogenic; freshwater_river; microbial_coupling,4
2014,Molecular Characterization and Photochemical Transformation of Dissolved Organic Matter From Land to Ocean,Hongmei Chen,Hongmei Chen,ODU Digital Commons (Old Dominion University),https://doi.org/10.25777/ptez-ew82,biochar_black_carbon; biogeochem_carbon; estuary_coastal; freshwater_river; marine; microbial_coupling; sediment_porewater; soil_terrestrial; wastewater_drinking,9
2014,Molecular characterization of dissolved black nitrogen via electrospray ionization Fourier transform ion cyclotron resonance mass spectrometry,"Sasha Wagner, Thorsten Dittmar, Rudolf Jaffé",Sasha Wagner; Thorsten Dittmar; Rudolf Jaffé,Organic Geochemistry,https://doi.org/10.1016/j.orggeochem.2014.12.002,atmosphere_aerosol; biogeochem_carbon; methods_instrumentation,3
2014,Changes in the molecular composition of organic matter leached from an agricultural topsoil following addition of biomass-derived black carbon (biochar),"Thomas Riedel, Sascha C. Iden, Jennifer Geilich et al. (n=6)",Thomas Riedel; Sascha C. Iden; Jennifer Geilich; Katja Wiedner; Wolfgang Durner; Harald Biester,Organic Geochemistry,https://doi.org/10.1016/j.orggeochem.2014.02.003,biochar_black_carbon; disturbance_anthropogenic; soil_terrestrial,3
2014,Uncoupling of Bacterial and Terrigenous Dissolved Organic Matter Dynamics in Decomposition Experiments,"Daniel P. R. Herlemann, Marcus Manecki, Christian Meeske et al. (n=8)",Daniel P. R. Herlemann; Marcus Manecki; Christian Meeske; Falk Pollehne; Matthias Labrenz; Detlef E. Schulz‐Bull; Thorsten Dittmar; Klaus Jürgens,PLoS ONE,https://doi.org/10.1371/journal.pone.0093945,biogeochem_carbon; estuary_coastal; freshwater_river; marine; microbial_coupling; sediment_porewater,6
2014,Exo-Metabolome of Pseudovibrio sp. FO-BEG1 Analyzed by Ultra-High Resolution Mass Spectrometry and the Effect of Phosphate Limitation,"Stefano Romano, Thorsten Dittmar, Vladimir Bondarev et al. (n=6)",Stefano Romano; Thorsten Dittmar; Vladimir Bondarev; Ralf J. M. Weber; Mark R. Viant; Heide N. Schulz‐Vogt,PLoS ONE,https://doi.org/10.1371/journal.pone.0096038,biogeochem_carbon; marine; microbial_coupling,3
2014,Towards an Understanding of Dissolved Organic Matter Molecular Composition and Reactivity in the Environment,Barbara A. Cottrell,Barbara A. Cottrell,TSpace (University of Toronto),,atmosphere_aerosol; biogeochem_carbon; freshwater_river; marine,4
2014,Ecosystem‐Specific Composition of Dissolved Organic Matter,"Vanessa-Nina Roth, Thorsten Dittmar, Reinhard Gaupp et al. (n=4)",Vanessa-Nina Roth; Thorsten Dittmar; Reinhard Gaupp; Gerd Gleixner,Vadose Zone Journal,https://doi.org/10.2136/vzj2013.09.0162,biogeochem_carbon; estuary_coastal; freshwater_river; marine; methods_instrumentation; microbial_coupling; soil_terrestrial,7
2014,Fluid drag-reducing effect and mechanism of superhydrophobic,"J Zhang, Z.F. Yao, Pengfei Hao et al. (n=6)",J Zhang; Z.F. Yao; Pengfei Hao; Hongmiao Tian; Ningyi Jiang; th Micro,Water Research,https://doi.org/10.1016/j.watres.2020.116406,biogeochem_carbon; wastewater_drinking,2
2014,Molecular and structural characterization of dissolved organic matter during and post cyanobacterial bloom in Taihu by combination of NMR spectroscopy and FTICR mass spectrometry,"Fenfen Zhang, Mourad Harir, Franco Moritz et al. (n=10)",Fenfen Zhang; Mourad Harir; Franco Moritz; Jing Zhang; Michael Witting; Ying Wu; Philippe Schmitt‐Kopplin; Ágnes Fekete; Andras Gaspar; Norbert Hertkorn,Water Research,https://doi.org/10.1016/j.watres.2014.02.051,biogeochem_carbon; estuary_coastal; marine,3
2014,High-field FT-ICR mass spectrometry and NMR spectroscopy to characterize DOM removal through a nanofiltration pilot plant,"Núria Cortés-Francisco, Mourad Harir, Marianna Lucio et al. (n=9)",Núria Cortés-Francisco; Mourad Harir; Marianna Lucio; Gemma Ribera; Xavier Martínez‐Lladó; Miquel Rovira; Philippe Schmitt‐Kopplin; Norbert Hertkorn; Josep Caixach,Water Research,https://doi.org/10.1016/j.watres.2014.08.046,biogeochem_carbon; wastewater_drinking,2
2014,Molecular characterization of dissolved organic matter in various urban water resources using Orbitrap Fourier transform mass spectrometry,"Makoto Urai, Ikuro Kasuga, Futoshi Kurisu et al. (n=4)",Makoto Urai; Ikuro Kasuga; Futoshi Kurisu; Hiroaki Furumai,Water Science & Technology Water Supply,https://doi.org/10.2166/ws.2014.006,atmosphere_aerosol; biogeochem_carbon; freshwater_river; groundwater; microbial_coupling; wastewater_drinking,6
2015,"Black Carbon: Sources, Mobility and Fate in Freshwater Systems",Sasha Wagner,Sasha Wagner,,https://doi.org/10.25148/etd.fidc000086,atmosphere_aerosol; biochar_black_carbon; biogeochem_carbon; disturbance_anthropogenic; estuary_coastal; freshwater_river; marine; sediment_porewater; soil_terrestrial,9
2015,"Molecular characterization of dissolved organic matter from subtropical wetlands: a comparative study through the analysis of optical properties, NMR and FTICR/MS","Norbert Hertkorn, Mourad Harir, K. M. Cawley et al. (n=5)",Norbert Hertkorn; Mourad Harir; K. M. Cawley; Philippe Schmitt‐Kopplin; Rudolf Jaffé,,https://doi.org/10.5194/bgd-12-13711-2015,biochar_black_carbon; biogeochem_carbon; disturbance_anthropogenic; estuary_coastal; marine; microbial_coupling; wetland_peatland,7
2015,Do we have a weight problem? The discrepancy between actual and apparent molecular weight of dissolved organic matter in lakes,"Anne M. Kellerman, Dolly N. Kothawala, Thorsten Dittmar et al. (n=4)",Anne M. Kellerman; Dolly N. Kothawala; Thorsten Dittmar; Lars J. Tranvik,,,atmosphere_aerosol; biogeochem_carbon; disturbance_anthropogenic; estuary_coastal; freshwater_lake; marine; microbial_coupling; soil_terrestrial,8
2015,Excitation–Emission Matrices of Fluorescence – EEMF – for the Characterization of Organic Matter of Surface Waters,"Christian Coelho, Ghislain Guyot",Christian Coelho; Ghislain Guyot,,https://doi.org/10.1039/9781782622154-00097,biogeochem_carbon; estuary_coastal; marine; methods_instrumentation,4
2015,Comprehensive characterization of natural organic matter by MALDI- and ESI-Fourier transform ion cyclotron resonance mass spectrometry,"Dong Cao, Huogao Huang, Ming Hu et al. (n=9)",Dong Cao; Huogao Huang; Ming Hu; Lin Cui; Fanglan Geng; Ziyu Rao; Hongyun Niu; Yaqi Cai; Yuehui Kang,Analytica Chimica Acta,https://doi.org/10.1016/j.aca.2015.01.051,biogeochem_carbon,1
2015,Fragmentation studies for the structural characterization of marine dissolved organic matter,"Núria Cortés-Francisco, Josep Caixach",Núria Cortés-Francisco; Josep Caixach,Analytical and Bioanalytical Chemistry,https://doi.org/10.1007/s00216-015-8499-3,estuary_coastal; marine,2
2015,High-Field FTICR-MS Data Evaluation of Natural Organic Matter: Are CHON<sub>5</sub>S<sub>2</sub> Molecular Class Formulas Assigned to <sup>13</sup>C Isotopic <i>m</i>/<i>z</i> and in Reality CHO Components?,"Peter Herzsprung, Wolf von Tümpling, Norbert Hertkorn et al. (n=6)",Peter Herzsprung; Wolf von Tümpling; Norbert Hertkorn; Mourad Harir; Kurt Friese; Philippe Schmitt‐Kopplin,Analytical Chemistry,https://doi.org/10.1021/acs.analchem.5b02549,biogeochem_carbon; freshwater_lake; freshwater_river; methods_instrumentation; sediment_porewater,5
2015,Characterization of CHOS compounds in rainwater from continental and coastal storms by ultrahigh resolution mass spectrometry,"Ralph N. Mead, J. David Felix, G. Brooks Avery et al. (n=6)",Ralph N. Mead; J. David Felix; G. Brooks Avery; Robert J. Kieber; Joan D. Willey; David C. Podgorski,Atmospheric Environment,https://doi.org/10.1016/j.atmosenv.2015.01.057,atmosphere_aerosol; biogeochem_carbon; estuary_coastal; marine,4
2015,Longitudinal shifts in dissolved organic matter chemogeography and chemodiversity within headwater streams: a river continuum reprise,"Jennifer J. Mosher, Louis A. Kaplan, David C. Podgorski et al. (n=5)",Jennifer J. Mosher; Louis A. Kaplan; David C. Podgorski; Amy M. McKenna; Alan G. Marshall,Biogeochemistry,https://doi.org/10.1007/s10533-015-0103-6,biogeochem_carbon; disturbance_anthropogenic; estuary_coastal; freshwater_river; marine; soil_terrestrial,6
2015,Depth-dependent variations of sedimentary dissolved organic matter composition in a eutrophic lake: Implications for lake restoration,"Huacheng Xu, Laodong Guo, Helong Jiang",Huacheng Xu; Laodong Guo; Helong Jiang,Chemosphere,https://doi.org/10.1016/j.chemosphere.2015.09.015,biogeochem_carbon; estuary_coastal; freshwater_lake; marine; sediment_porewater,5
2015,Molecular Characterization and Transformation of Dissolved Organic Matter in Refinery Wastewater from Water Treatment Processes: Characterization by Fourier Transform Ion Cyclotron Resonance Mass Spectrometry,"Yongyong Li, Zhi Fang, Chen He et al. (n=7)",Yongyong Li; Zhi Fang; Chen He; Yahe Zhang; Chunming Xu; Keng H. Chung; Quan Shi,Energy & Fuels,https://doi.org/10.1021/acs.energyfuels.5b01446,biogeochem_carbon; freshwater_river; marine; wastewater_drinking,4
2015,Molecular Characterization of Dissolved Organic Matter and Its Subfractions in Refinery Process Water by Fourier Transform Ion Cyclotron Resonance Mass Spectrometry,"Yongyong Li, Chunming Xu, Keng H. Chung et al. (n=4)",Yongyong Li; Chunming Xu; Keng H. Chung; Quan Shi,Energy & Fuels,https://doi.org/10.1021/acs.energyfuels.5b00333,biogeochem_carbon; methods_instrumentation,2
2015,Linking the Molecular Signature of Heteroatomic Dissolved Organic Matter to Watershed Characteristics in World Rivers,"Sasha Wagner, Thomas Riedel, Jutta Niggemann et al. (n=6)",Sasha Wagner; Thomas Riedel; Jutta Niggemann; Anssi V. Vähätalo; Thorsten Dittmar; Rudolf Jaffé,Environmental Science & Technology,https://doi.org/10.1021/acs.est.5b00525,biochar_black_carbon; biogeochem_carbon; disturbance_anthropogenic; estuary_coastal; freshwater_river; marine; soil_terrestrial,7
2015,Chemical Force Spectroscopy Evidence Supporting the Layer-by-Layer Model of Organic Matter Binding to Iron (oxy)Hydroxide Mineral Surfaces,"Alexander W. Chassé, Tsutomu Ohno, Steven R. Higgins et al. (n=6)",Alexander W. Chassé; Tsutomu Ohno; Steven R. Higgins; Aria Amirbahman; Nadir Yildirim; Thomas B. Parr,Environmental Science & Technology,https://doi.org/10.1021/acs.est.5b01877,biogeochem_carbon; methods_instrumentation; soil_terrestrial; wetland_peatland,4
2015,Direct Identification of Diverse Alicyclic Terpenoids in Suwannee River Fulvic Acid,"Neal Arakawa, Lihini I. Aluwihare",Neal Arakawa; Lihini I. Aluwihare,Environmental Science & Technology,https://doi.org/10.1021/es5055176,biogeochem_carbon; freshwater_river; soil_terrestrial,3
2015,Tracking changes in dissolved natural organic matter composition,Elin Lavonen,Elin Lavonen,Epsilon Open Archive (Sveriges lantbruksuniversitet biblioteket (Swedish University of Agricultural Sciences)),,biogeochem_carbon; freshwater_lake; microbial_coupling; soil_terrestrial; wastewater_drinking,5
2015,Molecular dissolved organic matter composition in lakes across Sweden as relative intensities of FT-ICR-MS peaks,Anne M. Kellerman,Anne M. Kellerman,Figshare,https://doi.org/10.1594/pangaea.844892,biogeochem_carbon; estuary_coastal; freshwater_lake; marine,4
2015,Molecular dissolved organic matter composition in lakes across Sweden as relative intensities of FT-ICR-MS peaks and PARAFAC components and optical indices,"Anne M. Kellerman, Dolly N. Kothawala, Thorsten Dittmar et al. (n=4)",Anne M. Kellerman; Dolly N. Kothawala; Thorsten Dittmar; Lars J. Tranvik,Figshare,https://doi.org/10.1594/pangaea.844884,biogeochem_carbon; estuary_coastal; freshwater_lake; marine; soil_terrestrial,5
2015,(Appendix 1) Dissolved organic matter composition of mesocosm experiments given as FT-ICR-MS peak intensities,"Helena Osterholz, Jutta Niggemann, Helge‐Ansgar Giebel et al. (n=5)",Helena Osterholz; Jutta Niggemann; Helge‐Ansgar Giebel; Meinhard Simon; Thorsten Dittmar,Figshare,https://doi.org/10.1594/pangaea.840594,biogeochem_carbon; freshwater_lake,2
2015,Changes of dissolved organic matter compositions in artifical and natural seawater during Pseudovibrio growth experiment,"Anne Schwedt, Michael Seidel, Thorsten Dittmar",Anne Schwedt; Michael Seidel; Thorsten Dittmar,Figshare,https://doi.org/10.1594/pangaea.841837,biogeochem_carbon; marine; methods_instrumentation; microbial_coupling; wastewater_drinking,5
2015,Hydrothermal iron - DOM interaction in a shallow-water hydrothermal system off Dominica Island,"Gonzalo V. Gomez‐Saez, Thomas Riedel, Jutta Niggemann et al. (n=6)",Gonzalo V. Gomez‐Saez; Thomas Riedel; Jutta Niggemann; Thomas Pichler; Thorsten Dittmar; Solveig I Bühring,Figshare,https://doi.org/10.1594/pangaea.874263,atmosphere_aerosol; biogeochem_carbon; marine; sediment_porewater; soil_terrestrial; wastewater_drinking,6
2015,"Associations Between the Molecular and Optical Properties of Dissolved Organic Matter in the Florida Everglades, a Model Coastal Wetland System","Sasha Wagner, Rudolf Jaffé, Kaelin M. Cawley et al. (n=5)",Sasha Wagner; Rudolf Jaffé; Kaelin M. Cawley; Thorsten Dittmar; Aron Stubbins,Frontiers in Chemistry,https://doi.org/10.3389/fchem.2015.00066,biogeochem_carbon; disturbance_anthropogenic; estuary_coastal; marine; microbial_coupling; soil_terrestrial; wetland_peatland,7
2015,Depth-dependent photodegradation of marine dissolved organic matter,"Stephen A. Timko, Anastasia Maydanov, Sandra L. Pittelli et al. (n=8)",Stephen A. Timko; Anastasia Maydanov; Sandra L. Pittelli; Henri Conte; William J. Cooper; Boris Koch; Philippe Schmitt‐Kopplin; Michael Gonsior,Frontiers in Marine Science,https://doi.org/10.3389/fmars.2015.00066,atmosphere_aerosol; biogeochem_carbon; estuary_coastal; marine; soil_terrestrial,5
2015,Molecular alteration of marine dissolved organic matter under experimental hydrothermal conditions,"Jeffrey A. Hawkes, Christian T. Hansen, Tobias Goldhammer et al. (n=5)",Jeffrey A. Hawkes; Christian T. Hansen; Tobias Goldhammer; Wolfgang Bach; Thorsten Dittmar,Geochimica et Cosmochimica Acta,https://doi.org/10.1016/j.gca.2015.11.025,biogeochem_carbon; marine,2
2015,Chemical composition of dissolved organic matter draining permafrost soils,"Collin P. Ward, Rose M. Cory",Collin P. Ward; Rose M. Cory,Geochimica et Cosmochimica Acta,https://doi.org/10.1016/j.gca.2015.07.001,biogeochem_carbon; cryosphere; marine; microbial_coupling; soil_terrestrial,5
2015,Dissolved organic matter composition and photochemical transformations in the northern North Pacific Ocean,"Patricia M. Medeiros, Michael Seidel, Leanne C. Powers et al. (n=6)",Patricia M. Medeiros; Michael Seidel; Leanne C. Powers; Thorsten Dittmar; Dennis A. Hansell; William L. Miller,Geophysical Research Letters,https://doi.org/10.1002/2014gl062663,biogeochem_carbon; estuary_coastal; marine,3
2015,Drought‐induced variability in dissolved organic matter composition in a marsh‐dominated estuary,"Patricia M. Medeiros, Michael Seidel, Thorsten Dittmar et al. (n=5)",Patricia M. Medeiros; Michael Seidel; Thorsten Dittmar; William B. Whitman; Mary Ann Moran,Geophysical Research Letters,https://doi.org/10.1002/2015gl064653,biogeochem_carbon; disturbance_anthropogenic; estuary_coastal; freshwater_river; marine; sediment_porewater; wetland_peatland,7
2015,Fate of the Amazon River dissolved organic matter in the tropical Atlantic Ocean,"Patricia M. Medeiros, Michael Seidel, Nicholas Ward et al. (n=10)",Patricia M. Medeiros; Michael Seidel; Nicholas Ward; Edward J. Carpenter; Helga do Rosário Gomes; Jutta Niggemann; Alex V. Krusche; Jeffrey E. Richey; Patricia L. Yager; Thorsten Dittmar,Global Biogeochemical Cycles,https://doi.org/10.1002/2015gb005115,biogeochem_carbon; estuary_coastal; freshwater_river; marine; microbial_coupling; sediment_porewater,6
2015,Molecular biogeochemistry of dissolved organic matter in the permafrost-influenced Lena Delta and the coastal Laptev Sea,Ivan Dubinenkov,Ivan Dubinenkov,Helmholtz-Zentrum für Polar-und Meeresforschung (Alfred-Wegener-Institut),,biogeochem_carbon; cryosphere; disturbance_anthropogenic; estuary_coastal; freshwater_river; marine; soil_terrestrial,7
2015,Quantification and chemical characterization of dissolved organic sulfur (DOS) in the East Atlantic and Southern Ocean,"Kerstin B. Ksionzek, Oliver J. Lechtenfeld, Boris Koch et al. (n=4)",Kerstin B. Ksionzek; Oliver J. Lechtenfeld; Boris Koch; S. Leigh McCallister,Helmholtz-Zentrum für Polar-und Meeresforschung (Alfred-Wegener-Institut),,atmosphere_aerosol; biogeochem_carbon; estuary_coastal; marine; wetland_peatland,5
2015,NADW Photodegradation FTICR-MS,"Aron Stubbins, Thorsten Dittmar",Aron Stubbins; Thorsten Dittmar,Helmholtz-Zentrum für Polar-und Meeresforschung (Alfred-Wegener-Institut),https://doi.org/10.1594/pangaea.846492,biogeochem_carbon; marine; methods_instrumentation,3
2015,Quantification and molecular characterisation of dissolved organic sulphur at the benthopelagic interface in the Weddell Sea,Jana K. Geuer,Jana K. Geuer,Helmholtz-Zentrum für Polar-und Meeresforschung (Alfred-Wegener-Institut),,biogeochem_carbon; estuary_coastal; marine; sediment_porewater,4
2015,A non-thermogenic source of black carbon in peat and coal,"Blaine E. Hartman, Hongmei Chen, Patrick G. Hatcher",Blaine E. Hartman; Hongmei Chen; Patrick G. Hatcher,International Journal of Coal Geology,https://doi.org/10.1016/j.coal.2015.03.011,biochar_black_carbon; biogeochem_carbon; freshwater_lake; petroleum_fossil; wetland_peatland,5
2015,Chemical differences of aquatic humic substances extracted by XAD-8 and DEAE-cellulose,"Patrick L. Brezonik, Paul R. Bloom, Rachel L. Sleighter et al. (n=6)",Patrick L. Brezonik; Paul R. Bloom; Rachel L. Sleighter; Rose M. Cory; A. R. Khwaja; Patrick G. Hatcher,Journal of environmental chemical engineering,https://doi.org/10.1016/j.jece.2015.03.004,biogeochem_carbon; estuary_coastal; marine; microbial_coupling; soil_terrestrial,5
2015,Investigation of drinking water bacterial community through high-throughput sequencing,"Tsz Wai Ng, Guocheng Huang, Po Keung Wong",Tsz Wai Ng; Guocheng Huang; Po Keung Wong,Journal of Environmental Sciences,https://doi.org/10.1016/j.jes.2015.08.003,biogeochem_carbon; microbial_coupling; wastewater_drinking,3
2015,Molecular-level dissolved organic matter dynamics in lakes : Constraints on reactivity and persistence,Anne M. Kellerman,Anne M. Kellerman,KTH Publication Database DiVA (KTH Royal Institute of Technology),,atmosphere_aerosol; biogeochem_carbon; disturbance_anthropogenic; estuary_coastal; freshwater_lake; marine; microbial_coupling; soil_terrestrial,8
2015,Competition between photochemical and biological degradation of dissolved organic matter from the cyanobacteria <i>Microcystis aeruginosa</i>,"Thais B. Bittar, Armando Augusto Henriques Vieira, Aron Stubbins et al. (n=4)",Thais B. Bittar; Armando Augusto Henriques Vieira; Aron Stubbins; Kenneth Mopper,Limnology and Oceanography,https://doi.org/10.1002/lno.10090,biogeochem_carbon; estuary_coastal; marine; microbial_coupling,4
2015,Molecular-level changes of dissolved organic matter along the Amazon River-to-ocean continuum,"Michael Seidel, Patricia L. Yager, Nicholas Ward et al. (n=9)",Michael Seidel; Patricia L. Yager; Nicholas Ward; Edward J. Carpenter; Helga do Rosário Gomes; Alex V. Krusche; Jeffrey E. Richey; Thorsten Dittmar; Patricia M. Medeiros,Marine Chemistry,https://doi.org/10.1016/j.marchem.2015.06.019,biogeochem_carbon; estuary_coastal; freshwater_river; marine; microbial_coupling; sediment_porewater,6
2015,Bioavailability and molecular composition of dissolved organic matter from a diffuse hydrothermal system,"Pamela E. Rossel, Aron Stubbins, Philipp F. Hach et al. (n=4)",Pamela E. Rossel; Aron Stubbins; Philipp F. Hach; Thorsten Dittmar,Marine Chemistry,https://doi.org/10.1016/j.marchem.2015.07.002,biogeochem_carbon; estuary_coastal; freshwater_lake; marine; microbial_coupling,5
2015,Interaction between iron and dissolved organic matter in a marine shallow hydrothermal system off Dominica Island (Lesser Antilles),"Gonzalo V. Gomez‐Saez, Thomas Riedel, Jutta Niggemann et al. (n=6)",Gonzalo V. Gomez‐Saez; Thomas Riedel; Jutta Niggemann; Thomas Pichler; Thorsten Dittmar; Solveig I Bühring,Marine Chemistry,https://doi.org/10.1016/j.marchem.2015.10.003,biogeochem_carbon; estuary_coastal; marine,3
2015,Illuminating the deep: Molecular signatures of photochemical alteration of dissolved organic matter from North Atlantic Deep Water,"Aron Stubbins, Thorsten Dittmar",Aron Stubbins; Thorsten Dittmar,Marine Chemistry,https://doi.org/10.1016/j.marchem.2015.06.020,atmosphere_aerosol; biogeochem_carbon; estuary_coastal; marine,4
2015,Conservation of dissolved organic matter molecular composition during mixing of the deep water masses of the northeast Atlantic Ocean,"Roberta L. Hansman, Thorsten Dittmar, Gerhard J. Herndl",Roberta L. Hansman; Thorsten Dittmar; Gerhard J. Herndl,Marine Chemistry,https://doi.org/10.1016/j.marchem.2015.06.001,biogeochem_carbon; estuary_coastal; groundwater; marine; microbial_coupling,5
2015,Benthic-pelagic coupling of nutrients and dissolved organic matter composition in an intertidal sandy beach,"Michael Seidel, Mélanie Beck, Janek Greskowiak et al. (n=10)",Michael Seidel; Mélanie Beck; Janek Greskowiak; Thomas Riedel; Hannelore Waska; I Gusti Ngurah Agung Suryaputra; Bernhard Schnetger; Jutta Niggemann; Meinhard Simon; Thorsten Dittmar,Marine Chemistry,https://doi.org/10.1016/j.marchem.2015.08.011,biogeochem_carbon; estuary_coastal; groundwater; marine; sediment_porewater,5
2015,Metabolic characterization of a model heterotrophic bacterium capable of significant chemical alteration of marine dissolved organic matter,"Byron E. Pedler, Emily A. Shaffer, Kalani Reyes et al. (n=6)",Byron E. Pedler; Emily A. Shaffer; Kalani Reyes; Krista Longnecker; Lihini I. Aluwihare; Farooq Azam,Marine Chemistry,https://doi.org/10.1016/j.marchem.2015.06.027,biogeochem_carbon; cryosphere; estuary_coastal; marine; microbial_coupling,5
2015,Persistence of dissolved organic matter in lakes related to its molecular characteristics.,"Anne M. Kellerman, Dolly N. Kothawala, Thorsten Dittmar et al. (n=4)",Anne M. Kellerman; Dolly N. Kothawala; Thorsten Dittmar; Lars J. Tranvik,Max Planck Digital Library,,biogeochem_carbon; estuary_coastal; freshwater_lake; marine; soil_terrestrial,5
2015,Persistence of dissolved organic matter in lakes related to its molecular characteristics,"Anne M. Kellerman, Dolly N. Kothawala, Thorsten Dittmar et al. (n=4)",Anne M. Kellerman; Dolly N. Kothawala; Thorsten Dittmar; Lars J. Tranvik,Nature Geoscience,https://doi.org/10.1038/ngeo2440,atmosphere_aerosol; biogeochem_carbon; estuary_coastal; freshwater_lake; marine,5
2015,Utilization of <scp>PARAFAC</scp>‐Modeled Excitation‐Emission Matrix (<scp>EEM</scp>) Fluorescence Spectroscopy to Identify Biogeochemical Processing of Dissolved Organic Matter in a Northern Peatland,"Malak Tfaily, J. E. Corbett, Rachel Wilson et al. (n=8)",Malak Tfaily; J. E. Corbett; Rachel Wilson; Jeffrey P. Chanton; Paul H. Glaser; Kaelin M. Cawley; Rudolf Jaffé; William Cooper,Photochemistry and Photobiology,https://doi.org/10.1111/php.12448,biogeochem_carbon; estuary_coastal; soil_terrestrial; wetland_peatland,4
2015,The Molecular Composition of Dissolved Organic Matter in Forest Soils as a Function of pH and Temperature,"Vanessa-Nina Roth, Thorsten Dittmar, Reinhard Gaupp et al. (n=4)",Vanessa-Nina Roth; Thorsten Dittmar; Reinhard Gaupp; Gerd Gleixner,PLoS ONE,https://doi.org/10.1371/journal.pone.0119188,biogeochem_carbon; freshwater_river; methods_instrumentation; soil_terrestrial; wetland_peatland,5
2015,Substrate Use of Pseudovibrio sp. Growing in Ultra-Oligotrophic Seawater,"Anne Schwedt, Michael Seidel, Thorsten Dittmar et al. (n=8)",Anne Schwedt; Michael Seidel; Thorsten Dittmar; Meinhard Simon; Vladimir Bondarev; Stefano Romano; Gaute Lavik; Heide N. Schulz‐Vogt,PLoS ONE,https://doi.org/10.1371/journal.pone.0121675,biogeochem_carbon; estuary_coastal; marine; methods_instrumentation; microbial_coupling,5
2015,Use of ESI-FTICR-MS to Characterize Dissolved Organic Matter in Headwater Streams Draining Forest-Dominated and Pasture-Dominated Watersheds,"YueHan Lu, Xiaping Li, Rajaa Mesfioui et al. (n=7)",YueHan Lu; Xiaping Li; Rajaa Mesfioui; James E. Bauer; Randolph M. Chambers; Elizabeth A. Canuel; Patrick G. Hatcher,PLoS ONE,https://doi.org/10.1371/journal.pone.0145639,biochar_black_carbon; biogeochem_carbon; disturbance_anthropogenic; estuary_coastal; freshwater_river; marine; methods_instrumentation; microbial_coupling; soil_terrestrial,9
2015,Dissolved organic matter molecular composition and concentrations from a large scale mesocosm study KOSMOS 2013 Kristineberg) on ocean acidification,"Maren Zark, Thorsten Dittmar, Ulf Riebesell",Maren Zark; Thorsten Dittmar; Ulf Riebesell,Publishing Network for Geoscientific and Environmental Data (PANGAEA) (Alfred Wegener Institute for Polar and Marine Research),https://doi.org/10.1594/pangaea.846137,atmosphere_aerosol; biogeochem_carbon; estuary_coastal; freshwater_lake; marine,5
2015,Effects of ocean acidification on marine dissolved organic matter are not detectable over the succession of phytoplankton blooms,"Maren Zark, Ulf Riebesell, Thorsten Dittmar",Maren Zark; Ulf Riebesell; Thorsten Dittmar,Science Advances,https://doi.org/10.1126/sciadv.1500531,biogeochem_carbon; estuary_coastal; freshwater_lake; marine,4
2015,"Characterization of organic composition in snow and surface waters in the Athabasca Oil Sands Region, using ultrahigh resolution Fourier transform mass spectrometry","Yuanbi Yi, S. J. Birks, S. Cho et al. (n=4)",Yuanbi Yi; S. J. Birks; S. Cho; J. J. Gibson,The Science of The Total Environment,https://doi.org/10.1016/j.scitotenv.2015.02.018,atmosphere_aerosol; biogeochem_carbon; cryosphere; disturbance_anthropogenic; freshwater_lake; petroleum_fossil; sediment_porewater,7
2015,Tracking changes in the optical properties and molecular composition of dissolved organic matter during drinking water production,"Elin Lavonen, Dolly N. Kothawala, Lars J. Tranvik et al. (n=6)",Elin Lavonen; Dolly N. Kothawala; Lars J. Tranvik; Michael Gonsior; Philippe Schmitt‐Kopplin; Stephan Köhler,Water Research,https://doi.org/10.1016/j.watres.2015.08.024,biogeochem_carbon; estuary_coastal; marine; methods_instrumentation; soil_terrestrial; wastewater_drinking,6
2015,Upgrading coagulation with hollow-fibre nanofiltration for improved organic matter removal during surface water treatment,"Stephan Köhler, Elin Lavonen, Alexander Keucken et al. (n=6)",Stephan Köhler; Elin Lavonen; Alexander Keucken; Philippe Schmitt‐Kopplin; Tom Spanjer; Kenneth M. Persson,Water Research,https://doi.org/10.1016/j.watres.2015.11.048,biogeochem_carbon; wastewater_drinking,2
2016,Seasonal variability of dissolved organic matter in the ColumbiaRiver: In situ sensors elucidate biogeochemical and molecularanalyses,"Urban Wünsch, Boris Koch, Matthias Witt et al. (n=4)",Urban Wünsch; Boris Koch; Matthias Witt; Joseph A. Needoba,,https://doi.org/10.5194/bg-2016-263,biogeochem_carbon; estuary_coastal; freshwater_river; marine; methods_instrumentation,5
2016,Chemodiversity of Dissolved Organic Matter in the Amazon Basin,"Michael Gonsior, Juliana Silveira do Valle, Philippe Schmitt‐Kopplin et al. (n=9)",Michael Gonsior; Juliana Silveira do Valle; Philippe Schmitt‐Kopplin; Norbert Hertkorn; David Bastviken; Jenna Luek; Mourad Harir; Wanderley Rodrigues Bastos; Alex Enrich‐Prast,,https://doi.org/10.5194/bg-2016-72,biogeochem_carbon; estuary_coastal; freshwater_river; marine,4
2016,Plutonium Immobilization and Mobilization by Soil Organic Matter,"Peter H. Santschi, Kathleen A. Schwehr, Chen Xu et al. (n=8)",Peter H. Santschi; Kathleen A. Schwehr; Chen Xu; Matthew Athon; Yi‐Fang Ho; Patrick G. Hatcher; Nicole DiDonato; Daniel I. Kaplan,,https://doi.org/10.2172/1240745,biogeochem_carbon; groundwater; sediment_porewater; soil_terrestrial; wetland_peatland,5
2016,Chemical Composition of Microbe-derived Dissolved Organic Matter in Cryoconite in Tibetan Plateau Glaciers: Insights from Fourier Transform Ion Cyclotron Resonance Mass Spectrometry Analysis,"Lin Fang, X. J. Zhong, Shichang Kang et al. (n=7)",Lin Fang; X. J. Zhong; Shichang Kang; Xiaofei Li; Liang Yang; Quan Shi; Bin Jiang,AGU Fall Meeting Abstracts,,biogeochem_carbon; cryosphere; microbial_coupling,3
2016,Molecular Alteration of Marine Dissolved Organic Matter under Experimental Hydrothermal Conditions,"Jeffrey A. Hawkes, Christian T. Hansen, Tobias Goldhammer et al. (n=5)",Jeffrey A. Hawkes; Christian T. Hansen; Tobias Goldhammer; Wolfgang Bach; T. Dittmar,American Geophysical Union eBooks,,biogeochem_carbon; estuary_coastal; freshwater_lake; marine,4
2016,Solid-phase extraction-stepwise elution (SPE-SE) procedure for isolation of dissolved organic matter prior to ESI-FT-ICR-MS analysis,"Jitao Lv, Shuzhen Zhang, Lei Luo et al. (n=4)",Jitao Lv; Shuzhen Zhang; Lei Luo; Dong Cao,Analytica Chimica Acta,https://doi.org/10.1016/j.aca.2016.10.038,biogeochem_carbon; estuary_coastal; marine; methods_instrumentation,4
2016,Molecular formula assignment for dissolved organic matter (DOM) using high-field FT-ICR-MS: chemical perspective and validation of sulphur-rich organic components (CHOS) in pit lake samples,"Peter Herzsprung, Norbert Hertkorn, Wolf von Tümpling et al. (n=6)",Peter Herzsprung; Norbert Hertkorn; Wolf von Tümpling; Mourad Harir; Kurt Friese; Philippe Schmitt‐Kopplin,Analytical and Bioanalytical Chemistry,https://doi.org/10.1007/s00216-016-9341-2,biogeochem_carbon; freshwater_lake,2
2016,Comparative study of organic matter chemical characterization using negative and positive mode electrospray ionization ultrahigh-resolution mass spectrometry,"Tsutomu Ohno, Rachel L. Sleighter, Patrick G. Hatcher",Tsutomu Ohno; Rachel L. Sleighter; Patrick G. Hatcher,Analytical and Bioanalytical Chemistry,https://doi.org/10.1007/s00216-016-9346-x,biogeochem_carbon; methods_instrumentation,2
2016,Structural and compositional changes of dissolved organic matter upon solid-phase extraction tracked by multiple analytical tools,"Meilian Chen, Sunghwan Kim, Jae-Eun Park et al. (n=5)",Meilian Chen; Sunghwan Kim; Jae-Eun Park; Heon-Jae Jung; Jin Hur,Analytical and Bioanalytical Chemistry,https://doi.org/10.1007/s00216-016-9728-0,biogeochem_carbon; estuary_coastal; marine,3
2016,Effects of dissolved organic matter (DOM) sources and nature of solid extraction sorbent on recoverable DOM composition: Implication into potential lability of different compound groups,"Meilian Chen, Sunghwan Kim, Jae-Eun Park et al. (n=5)",Meilian Chen; Sunghwan Kim; Jae-Eun Park; Hyun Sik Kim; Jin Hur,Analytical and Bioanalytical Chemistry,https://doi.org/10.1007/s00216-016-9569-x,biogeochem_carbon; estuary_coastal; marine; soil_terrestrial,4
2016,Molecular characterization of phytoplankton dissolved organic matter (DOM) and sulfur components using high resolution Orbitrap mass spectrometry,"Vaughn Mangal, Naomi L. Stock, Céline Guéguen",Vaughn Mangal; Naomi L. Stock; Céline Guéguen,Analytical and Bioanalytical Chemistry,https://doi.org/10.1007/s00216-015-9295-9,biogeochem_carbon; estuary_coastal; marine,3
2016,Evaluation of the Orbitrap Mass Spectrometer for the Molecular Fingerprinting Analysis of Natural Dissolved Organic Matter,"Jeffrey A. Hawkes, Thorsten Dittmar, Claudia Patriarca et al. (n=5)",Jeffrey A. Hawkes; Thorsten Dittmar; Claudia Patriarca; Lars J. Tranvik; Jonas Bergquist,Analytical Chemistry,https://doi.org/10.1021/acs.analchem.6b01624,biogeochem_carbon,1
2016,Proposed Guidelines for Solid Phase Extraction of Suwannee River Dissolved Organic Matter,"Yan Li, Mourad Harir, Marianna Lucio et al. (n=9)",Yan Li; Mourad Harir; Marianna Lucio; Basem Kanawati; Kirill S. Smirnov; Ruth Flerus; Boris Koch; Philippe Schmitt‐Kopplin; Norbert Hertkorn,Analytical Chemistry,https://doi.org/10.1021/acs.analchem.5b04501,biogeochem_carbon; freshwater_river,2
2016,Ion Accumulation Time Dependent Molecular Characterization of Natural Organic Matter Using Electrospray Ionization-Fourier Transform Ion Cyclotron Resonance Mass Spectrometry,"Dong Cao, Jitao Lv, Fanglan Geng et al. (n=8)",Dong Cao; Jitao Lv; Fanglan Geng; Ziyu Rao; Hongyun Niu; Yali Shi; Yaqi Cai; Yuehui Kang,Analytical Chemistry,https://doi.org/10.1021/acs.analchem.6b03198,biogeochem_carbon; methods_instrumentation,2
2016,Ultrahigh-resolution FT-ICR mass spectrometry for molecular characterisation of pressurised hot water-extractable organic matter in soils,"Julien Guigue, Mourad Harir, Olivier Mathieu et al. (n=7)",Julien Guigue; Mourad Harir; Olivier Mathieu; Marianna Lucio; Lionel Ranjard; Jean‐Christophe Leveque; Philippe Schmitt‐Kopplin,Biogeochemistry,https://doi.org/10.1007/s10533-016-0209-5,biogeochem_carbon; soil_terrestrial,2
2016,Seasonal and spatial variability of dissolved organic matter composition in the lower Amazon River,"Michael Seidel, Thorsten Dittmar, Nicholas Ward et al. (n=7)",Michael Seidel; Thorsten Dittmar; Nicholas Ward; Alex V. Krusche; Jeffrey E. Richey; Patricia L. Yager; Patricia M. Medeiros,Biogeochemistry,https://doi.org/10.1007/s10533-016-0279-4,biogeochem_carbon; disturbance_anthropogenic; estuary_coastal; freshwater_river; marine; sediment_porewater,6
2016,Chemodiversity of dissolved organic matter in the Amazon Basin,"Michael Gonsior, Juliana Valle, Philippe Schmitt‐Kopplin et al. (n=9)",Michael Gonsior; Juliana Valle; Philippe Schmitt‐Kopplin; Norbert Hertkorn; David Bastviken; Jenna Luek; Mourad Harir; Wanderley Rodrigues Bastos; Alex Enrich‐Prast,Biogeosciences,https://doi.org/10.5194/bg-13-4279-2016,biogeochem_carbon; estuary_coastal; freshwater_river; marine,4
2016,"Molecular characterization of dissolved organic matter from subtropical wetlands: a comparative study through the analysis of optical properties, NMR and FTICR/MS","Norbert Hertkorn, Mourad Harir, Kaelin M. Cawley et al. (n=5)",Norbert Hertkorn; Mourad Harir; Kaelin M. Cawley; Philippe Schmitt‐Kopplin; Rudolf Jaffé,Biogeosciences,https://doi.org/10.5194/bg-13-2257-2016,biochar_black_carbon; biogeochem_carbon; disturbance_anthropogenic; estuary_coastal; marine; microbial_coupling; wetland_peatland,7
2016,The impact of ocean acidification on marine dissolved organic matter,Maren Zark,Maren Zark,Carl von Ossiezky University of Oldenburg,,atmosphere_aerosol; biogeochem_carbon; estuary_coastal; marine,4
2016,Sunlight photolysis of benzotriazoles – Identification of transformation products and pathways,"Cindy Weidauer, Caroline A. Davis, Julia Raeke et al. (n=5)",Cindy Weidauer; Caroline A. Davis; Julia Raeke; Bettina Seiwert; Thorsten Reemtsma,Chemosphere,https://doi.org/10.1016/j.chemosphere.2016.03.090,biogeochem_carbon,1
2016,Characterization of dissolved organic nitrogen in wet deposition from Lake Erhai basin by using ultrahigh resolution FT-ICR mass spectrometry,"Shuang Feng, Li Zhang, Shengrui Wang et al. (n=8)",Shuang Feng; Li Zhang; Shengrui Wang; Alexey B. Nadykto; Yisheng Xu; Quan Shi; Bin Jiang; Qian Weibin,Chemosphere,https://doi.org/10.1016/j.chemosphere.2016.04.039,atmosphere_aerosol; biogeochem_carbon; freshwater_lake; methods_instrumentation,4
2016,Molecular-Scale Investigation with ESI-FT-ICR-MS on Fractionation of Dissolved Organic Matter Induced by Adsorption on Iron Oxyhydroxides,"Jitao Lv, Shuzhen Zhang, Songshan Wang et al. (n=6)",Jitao Lv; Shuzhen Zhang; Songshan Wang; Lei Luo; Dong Cao; Peter Christie,Environmental Science & Technology,https://doi.org/10.1021/acs.est.5b04996,biogeochem_carbon; groundwater; methods_instrumentation,3
2016,Geochemistry of Dissolved Organic Matter in a Spatially Highly Resolved Groundwater Petroleum Hydrocarbon Plume Cross-Section,"Sabine E.-M. Dvorski, Michael Gonsior, Norbert Hertkorn et al. (n=7)",Sabine E.-M. Dvorski; Michael Gonsior; Norbert Hertkorn; Jenny Uhl; Hubert Müller; Christian Griebler; Philippe Schmitt‐Kopplin,Environmental Science & Technology,https://doi.org/10.1021/acs.est.6b00849,atmosphere_aerosol; biogeochem_carbon; estuary_coastal; freshwater_lake; groundwater; marine; microbial_coupling; petroleum_fossil,8
2016,Chemical Composition of Microbe-Derived Dissolved Organic Matter in Cryoconite in Tibetan Plateau Glaciers: Insights from Fourier Transform Ion Cyclotron Resonance Mass Spectrometry Analysis,"Lin Feng, Jianzhong Xu, Shichang Kang et al. (n=7)",Lin Feng; Jianzhong Xu; Shichang Kang; Xiaofei Li; Yang Li; Bin Jiang; Quan Shi,Environmental Science & Technology,https://doi.org/10.1021/acs.est.6b03971,biogeochem_carbon; cryosphere; microbial_coupling,3
2016,Molecular Fractionation of Dissolved Organic Matter in a Shallow Subterranean Estuary: The Role of the Iron Curtain,"Annika Linkhorst, Thorsten Dittmar, Hannelore Waska",Annika Linkhorst; Thorsten Dittmar; Hannelore Waska,Environmental Science & Technology,https://doi.org/10.1021/acs.est.6b03608,biogeochem_carbon; estuary_coastal; groundwater; marine; methods_instrumentation; sediment_porewater; soil_terrestrial; wastewater_drinking,8
2016,Biodegradability and Molecular Composition of Dissolved Organic Nitrogen in Urban Stormwater Runoff and Outflow Water from a Stormwater Retention Pond,"Mary G. Lusk, Gurpal S. Toor",Mary G. Lusk; Gurpal S. Toor,Environmental Science & Technology,https://doi.org/10.1021/acs.est.5b05714,biogeochem_carbon; disturbance_anthropogenic; estuary_coastal; freshwater_lake; marine; microbial_coupling,6
2016,Effect of Lipid Partitioning on Predictions of Acute Toxicity of Oil Sands Process Affected Water to Embryos of Fathead Minnow (<i>Pimephales promelas</i>),"Garrett Morandi, Kun Zhang, Steve Wiseman et al. (n=6)",Garrett Morandi; Kun Zhang; Steve Wiseman; Alberto dos Santos Pereira; Jonathan W. Martin; John P. Giesy,Environmental Science & Technology,https://doi.org/10.1021/acs.est.6b01481,biogeochem_carbon; freshwater_lake; methods_instrumentation; microbial_coupling; petroleum_fossil,5
2016,Identification of Mercury and Dissolved Organic Matter Complexes Using Ultrahigh Resolution Mass Spectrometry,"Hongmei Chen, Ryne C. Johnston, Benjamin F. Mann et al. (n=7)",Hongmei Chen; Ryne C. Johnston; Benjamin F. Mann; Rosalie Chu; Nikola Tolić; Jerry M. Parks; Baohua Gu,Environmental Science & Technology Letters,https://doi.org/10.1021/acs.estlett.6b00460,biogeochem_carbon; methods_instrumentation,2
2016,Selectivity of solid phase extraction of freshwater dissolved organic matter and its effect on ultrahigh resolution mass spectra,"Julia Raeke, Oliver J. Lechtenfeld, Martin Wagner et al. (n=5)",Julia Raeke; Oliver J. Lechtenfeld; Martin Wagner; Peter Herzsprung; Thorsten Reemtsma,Environmental Science Processes & Impacts,https://doi.org/10.1039/c6em00200e,biogeochem_carbon; estuary_coastal; marine; methods_instrumentation,4
2016,Dissolved organic matter composition derived from FT-ICR-MS analyses,"Helena Osterholz, Gabriel Singer, Bernd Wemheuer et al. (n=7)",Helena Osterholz; Gabriel Singer; Bernd Wemheuer; Rolf Daniel; Meinhard Simon; Jutta Niggemann; Thorsten Dittmar,Figshare,https://doi.org/10.1594/pangaea.848881,,0
2016,Dissolved organic matter composition given as FT-ICR-MS peak intensities measured on water bottle samples during HEINCKE cruise HE361,"Helena Osterholz, Gabriel Singer, Bernd Wemheuer et al. (n=7)",Helena Osterholz; Gabriel Singer; Bernd Wemheuer; Rolf Daniel; Meinhard Simon; Jutta Niggemann; Thorsten Dittmar,Figshare,https://doi.org/10.1594/pangaea.848880,marine,1
2016,Dissolved organic matter composition derived from FT-ICR-MS analyses during HEINCKE cruise HE361,"Helena Osterholz, Gabriel Singer, Bernd Wemheuer et al. (n=7)",Helena Osterholz; Gabriel Singer; Bernd Wemheuer; Rolf Daniel; Meinhard Simon; Jutta Niggemann; Thorsten Dittmar,Figshare,https://doi.org/10.1594/pangaea.848886,atmosphere_aerosol; biogeochem_carbon; marine; microbial_coupling,4
2016,Dissolved organic carbon in sediments of the central Arctic Ocean collected during POLARSTERN cruise ARK-XXVII/3 from August-September 2012,"Pamela E. Rossel, Christina Bienhold, Antje Boëtius et al. (n=4)",Pamela E. Rossel; Christina Bienhold; Antje Boëtius; Thorsten Dittmar,Figshare,https://doi.org/10.1594/pangaea.849056,atmosphere_aerosol; biogeochem_carbon; freshwater_river; marine; sediment_porewater,5
2016,Environmental Drivers of Dissolved Organic Matter Molecular Composition in the Delaware Estuary,"Helena Osterholz, David L. Kirchman, Jutta Niggemann et al. (n=4)",Helena Osterholz; David L. Kirchman; Jutta Niggemann; Thorsten Dittmar,Frontiers in Earth Science,https://doi.org/10.3389/feart.2016.00095,biogeochem_carbon; estuary_coastal; freshwater_river; marine; soil_terrestrial,5
2016,Molecular Signatures of Biogeochemical Transformations in Dissolved Organic Matter from Ten World Rivers,"Thomas Riedel, Maren Zark, Anssi V. Vähätalo et al. (n=7)",Thomas Riedel; Maren Zark; Anssi V. Vähätalo; Jutta Niggemann; Robert G. M. Spencer; Peter J. Hernes; Thorsten Dittmar,Frontiers in Earth Science,https://doi.org/10.3389/feart.2016.00085,atmosphere_aerosol; biochar_black_carbon; biogeochem_carbon; estuary_coastal; freshwater_river; marine; microbial_coupling; sediment_porewater; soil_terrestrial,9
2016,Microbial Community Structure Affects Marine Dissolved Organic Matter Composition,"Elizabeth B. Kujawinski, Krista Longnecker, Katie L. Barott et al. (n=5)",Elizabeth B. Kujawinski; Krista Longnecker; Katie L. Barott; Ralf J. M. Weber; Melissa C. Kido Soule,Frontiers in Marine Science,https://doi.org/10.3389/fmars.2016.00045,biogeochem_carbon; estuary_coastal; marine; methods_instrumentation; microbial_coupling,5
2016,Short-Term Dynamics of North Sea Bacterioplankton-Dissolved Organic Matter Coherence on Molecular Level,"Judith Lucas, Irina Koester, Antje Wichels et al. (n=8)",Judith Lucas; Irina Koester; Antje Wichels; Jutta Niggemann; Thorsten Dittmar; Ulrich Callies; Karen Helen Wiltshire; Gunnar Gerdts,Frontiers in Microbiology,https://doi.org/10.3389/fmicb.2016.00321,biogeochem_carbon; estuary_coastal; marine; microbial_coupling,4
2016,Elemental composition and optical properties reveal changes in dissolved organic matter along a permafrost thaw chronosequence in a subarctic peatland,"Suzanne B. Hodgkins, Malak Tfaily, David C. Podgorski et al. (n=9)",Suzanne B. Hodgkins; Malak Tfaily; David C. Podgorski; C. K. McCalley; S. R. Saleska; Patrick Crill; Virginia I. Rich; Jeffrey P. Chanton; William Cooper,Geochimica et Cosmochimica Acta,https://doi.org/10.1016/j.gca.2016.05.015,biogeochem_carbon; cryosphere; marine; wetland_peatland,4
2016,Molecular evidence for abiotic sulfurization of dissolved organic matter in marine shallow hydrothermal systems,"Gonzalo V. Gomez‐Saez, Jutta Niggemann, Thorsten Dittmar et al. (n=9)",Gonzalo V. Gomez‐Saez; Jutta Niggemann; Thorsten Dittmar; Anika M. Pohlabeln; Susan Q. Lang; Ann Noowong; Thomas Pichler; Lars Wörmer; Solveig I Bühring,Geochimica et Cosmochimica Acta,https://doi.org/10.1016/j.gca.2016.06.027,biogeochem_carbon; estuary_coastal; marine,3
2016,"Characterization of dissolved organic material in the interstitial brine of Lake Vida, Antarctica","Kaelin M. Cawley, Alison E. Murray, Peter T. Doran et al. (n=8)",Kaelin M. Cawley; Alison E. Murray; Peter T. Doran; Fabien Kenig; Aron Stubbins; Hongmei Chen; Patrick G. Hatcher; Diane M. McKnight,Geochimica et Cosmochimica Acta,https://doi.org/10.1016/j.gca.2016.03.023,biogeochem_carbon; estuary_coastal; freshwater_lake; marine; microbial_coupling,5
2016,A novel molecular approach for tracing terrigenous dissolved organic matter into the deep ocean,"Patricia M. Medeiros, Michael Seidel, Jutta Niggemann et al. (n=9)",Patricia M. Medeiros; Michael Seidel; Jutta Niggemann; Robert G. M. Spencer; Peter J. Hernes; Patricia L. Yager; William L. Miller; Thorsten Dittmar; Dennis A. Hansell,Global Biogeochemical Cycles,https://doi.org/10.1002/2015gb005320,biogeochem_carbon; estuary_coastal; freshwater_lake; freshwater_river; marine; sediment_porewater; soil_terrestrial,7
2016,Investigating Molecular-Level Changes of Dissolved Organic Matter during Drinking and Reclaimed Water Treatment Processes Using Orbitrap Mass Spectrometry,Phanwatt Phungsai,Phanwatt Phungsai,Institutional Repositories DataBase (IRDB),https://doi.org/10.15083/00075255,biogeochem_carbon; wastewater_drinking,2
2016,DOM composition and transformation in boreal forest soils: The effects of temperature and organic‐horizon decomposition state,"Jonathan A. O’Donnell, George R. Aiken, Kenna D. Butler et al. (n=6)",Jonathan A. O’Donnell; George R. Aiken; Kenna D. Butler; François Guillemette; David C. Podgorski; Robert G. M. Spencer,Journal of Geophysical Research Biogeosciences,https://doi.org/10.1002/2016jg003431,biogeochem_carbon; estuary_coastal; marine; microbial_coupling; soil_terrestrial,5
2016,Low photolability of yedoma permafrost dissolved organic carbon,"Aron Stubbins, P. J. Mann, Leanne C. Powers et al. (n=9)",Aron Stubbins; P. J. Mann; Leanne C. Powers; Thais B. Bittar; Thorsten Dittmar; Cameron McIntyre; Timothy I. Eglinton; N. Zimov; Robert G. M. Spencer,Journal of Geophysical Research Biogeosciences,https://doi.org/10.1002/2016jg003688,atmosphere_aerosol; biogeochem_carbon; cryosphere; disturbance_anthropogenic; estuary_coastal; freshwater_river; marine,7
2016,Rubella antibody titration according to generations: Un-vaccinated generation in Japan,"Shogo Imanaka, Hiroko Kaniwa, Shoichiro Yamanaka et al. (n=9)",Shogo Imanaka; Hiroko Kaniwa; Shoichiro Yamanaka; Yoshikazu Sasaki; Mika Nagayasu; Juria Akasaka; Taihei Tsunemi; Toshiyuki Sado; Hiroshi Kobayashi,Journal of Reproductive Immunology,https://doi.org/10.1016/j.jri.2016.10.027,biogeochem_carbon; microbial_coupling,2
2016,Comparison of hydrophobic and amphiphilic fractions of dissolved organic matter from a water reservoir by Fourier transform ion cyclotron resonance mass spectrometry,"Guixue Song, Rajaa Mesfioui, Aaron Dotson et al. (n=5)",Guixue Song; Rajaa Mesfioui; Aaron Dotson; Paul Westerhoff; Patrick G. Hatcher,Journal of Soils and Sediments,https://doi.org/10.1007/s11368-016-1582-3,biogeochem_carbon; freshwater_lake; methods_instrumentation,3
2016,21 Tesla Fourier Transform Ion Cyclotron Resonance Mass Spectrometer Greatly Expands Mass Spectrometry Toolbox,"Jared Shaw, Tzu‐Yung Lin, Franklin E. Leach et al. (n=8)",Jared Shaw; Tzu‐Yung Lin; Franklin E. Leach; Aleksey V. Tolmachev; Nikola Tolić; Errol Robinson; David Koppenaal; Ljiljana Paša‐Tolić,Journal of the American Society for Mass Spectrometry,https://doi.org/10.1007/s13361-016-1507-9,biogeochem_carbon; freshwater_river,2
2016,Opening the Box: Highlights from OSM's Biogeochemistry of DOM Sessions,Sarah Harrison,Sarah Harrison,Limnology and Oceanography Bulletin,https://doi.org/10.1002/lob.10111,atmosphere_aerosol; biogeochem_carbon; estuary_coastal; freshwater_river; groundwater; marine; microbial_coupling; soil_terrestrial,8
2016,Adsorptive fractionation of dissolved organic matter (DOM) by mineral soil: Macroscale approach and molecular insight,"Shani Avneri-Katz, Robert B. Young, Amy M. McKenna et al. (n=8)",Shani Avneri-Katz; Robert B. Young; Amy M. McKenna; Huan Chen; Yuri Corilo; Tamara Polubesova; Thomas Borch; Benny Chefetz,Organic Geochemistry,https://doi.org/10.1016/j.orggeochem.2016.11.004,biogeochem_carbon; estuary_coastal; freshwater_lake; groundwater; marine; soil_terrestrial,6
2016,"Characterization and comparison of riverine, lacustrine, marine and estuarine dissolved organic matter by ultra-high resolution and accuracy Fourier transform mass spectrometry","Jose J. Melendez‐Perez, Mónica J. Martínez-Mejía, Almas Taj Awan et al. (n=6)",Jose J. Melendez‐Perez; Mónica J. Martínez-Mejía; Almas Taj Awan; Pedro S. Fadini; Antônio A. Mozeto; Marcos N. Eberlin,Organic Geochemistry,https://doi.org/10.1016/j.orggeochem.2016.08.005,biogeochem_carbon; estuary_coastal; freshwater_lake; marine,4
2016,Using network analysis to discern compositional patterns in ultrahigh‐resolution mass spectrometry data of dissolved organic matter,"Krista Longnecker, Elizabeth B. Kujawinski",Krista Longnecker; Elizabeth B. Kujawinski,Rapid Communications in Mass Spectrometry,https://doi.org/10.1002/rcm.7719,atmosphere_aerosol; biogeochem_carbon; estuary_coastal; marine; methods_instrumentation,5
2016,Fractionation and characterization of dissolved organic matter (DOM) in refinery wastewater by revised phase retention and ion-exchange adsorption solid phase extraction followed by ESI FT-ICR MS,"Zhi Fang, Chen He, Yongyong Li et al. (n=6)",Zhi Fang; Chen He; Yongyong Li; Keng H. Chung; Chunming Xu; Quan Shi,Talanta,https://doi.org/10.1016/j.talanta.2016.10.064,biogeochem_carbon; petroleum_fossil; wastewater_drinking,3
2016,Deciphering associations between dissolved organic molecules and bacterial communities in a pelagic marine system,"Helena Osterholz, Gabriel Singer, Bernd Wemheuer et al. (n=7)",Helena Osterholz; Gabriel Singer; Bernd Wemheuer; Rolf Daniel; Meinhard Simon; Jutta Niggemann; Thorsten Dittmar,The ISME Journal,https://doi.org/10.1038/ismej.2015.231,biogeochem_carbon; marine; microbial_coupling; sediment_porewater,4
2016,Comparing molecular composition of dissolved organic matter in soil and stream water: Influence of land use and chemical characteristics,"Anne-Gret Seifert, Vanessa-Nina Roth, Thorsten Dittmar et al. (n=7)",Anne-Gret Seifert; Vanessa-Nina Roth; Thorsten Dittmar; Gerd Gleixner; Lutz Breuer; Tobias Houska; Jürgen Marxsen,The Science of The Total Environment,https://doi.org/10.1016/j.scitotenv.2016.07.033,disturbance_anthropogenic; estuary_coastal; freshwater_river; marine; soil_terrestrial; wetland_peatland,6
2016,Characterization of natural organic matter in drinking water: Sample preparation and analytical approaches,"Yang Pan, Huan Li, Xiangru Zhang et al. (n=4)",Yang Pan; Huan Li; Xiangru Zhang; Aimin Li,Trends in Environmental Analytical Chemistry,https://doi.org/10.1016/j.teac.2016.11.002,biogeochem_carbon; wastewater_drinking,2
2016,Comprehensive structure-selective characterization of dissolved organic matter by reducing molecular complexity and increasing analytical dimensions,"Yan Li, Mourad Harir, Marianna Lucio et al. (n=7)",Yan Li; Mourad Harir; Marianna Lucio; Michael Gonsior; Boris Koch; Philippe Schmitt‐Kopplin; Norbert Hertkorn,Water Research,https://doi.org/10.1016/j.watres.2016.10.034,atmosphere_aerosol; biogeochem_carbon; estuary_coastal; marine,4
2016,Dissolved organic nitrogen in urban streams: Biodegradability and molecular composition studies,"Mary G. Lusk, Gurpal S. Toor",Mary G. Lusk; Gurpal S. Toor,Water Research,https://doi.org/10.1016/j.watres.2016.03.060,biogeochem_carbon; estuary_coastal; freshwater_river; marine; microbial_coupling; soil_terrestrial,6
2016,Molecular characterization of low molecular weight dissolved organic matter in water reclamation processes using Orbitrap mass spectrometry,"Phanwatt Phungsai, Futoshi Kurisu, Ikuro Kasuga et al. (n=4)",Phanwatt Phungsai; Futoshi Kurisu; Ikuro Kasuga; Hiroaki Furumai,Water Research,https://doi.org/10.1016/j.watres.2016.05.047,biogeochem_carbon; wastewater_drinking,2
2017,Physical and chemical evolution of dissolved organic matter across the ablation season on a glacier in the central Tibetan Plateau,"Lin Feng, Yanqing An, Jianzhong Xu et al. (n=9)",Lin Feng; Yanqing An; Jianzhong Xu; Shichang Kang; Xiaofei Li; Yongqiang Zhou; Yunlin Zhang; Bin Jiang; Yuhong Liao,,https://doi.org/10.5194/bg-2017-507,biogeochem_carbon; cryosphere; estuary_coastal; marine; microbial_coupling,5
2017,Author response to RC2,Ji‐Hyung Park,Ji‐Hyung Park,,https://doi.org/10.5194/bg-2017-93-ac3,biogeochem_carbon; freshwater_river,2
2017,Caracterização e comparação da composição da matéria orgânica dissolvida de sistemas aquáticos do estado de São Paulo pela espectrometria de massas de alta resolução e exatidão,José Javier Melendez Pérez,José Javier Melendez Pérez,,https://doi.org/10.47749/t/unicamp.2017.983019,biogeochem_carbon; estuary_coastal; freshwater_lake; marine,4
2017,Sources of reactive nitrogen in marine aerosol over the Northwest Pacific Ocean in spring,"Luo Li, Shuh‐Ji Kao, Hongyan Bao et al. (n=9)",Luo Li; Shuh‐Ji Kao; Hongyan Bao; Hua-Yun Xiao; Hong‐Wei Xiao; Xiaohong Yao; Huiwang Gao; Jiawei Li; Yangyang Lu,,https://doi.org/10.5194/acp-2017-846,atmosphere_aerosol; biogeochem_carbon; estuary_coastal; marine,4
2017,Optical and molecular-level characterization of fluvial organic matter biodegradation in a highly urbanized river system,"Most Shirina Begum, Hyojin Jin, Inae Jang et al. (n=6)",Most Shirina Begum; Hyojin Jin; Inae Jang; Jung-Min Lee; Han Bin Oh; Ji‐Hyung Park,,https://doi.org/10.5194/bg-2017-93,biogeochem_carbon; disturbance_anthropogenic; estuary_coastal; freshwater_river; marine; microbial_coupling; wastewater_drinking,7
2017,"Biogenic, urban, and wildfire influences on the molecular compositionof dissolved organic compounds in cloud water","Ryan D. Cook, Ying‐Hsuan Lin, Zhuoyu Peng et al. (n=11)",Ryan D. Cook; Ying‐Hsuan Lin; Zhuoyu Peng; Eric Boone; Rosalie Chu; James E. Dukett; Matthew J. Gunsch; Wuliang Zhang; Nikola Tolić; Alexander Laskin; Kerri A. Pratt,,https://doi.org/10.5194/acp-2017-628,atmosphere_aerosol; biogeochem_carbon; disturbance_anthropogenic,3
2017,Analytical Methods for the Characterisation of Volatile and Water-Soluble Organic Compounds in Biochar. Relationships with Thermal Stability and Seed Germination,Michele Ghidotti,Michele Ghidotti,AMS Dottorato Institutional Doctoral Theses Repository (University of Bologna),https://doi.org/10.6092/unibo/amsdottorato/8038,biochar_black_carbon; biogeochem_carbon; soil_terrestrial,3
2017,Formularity: Software for Automated Formula Assignment of Natural and Other Organic Matter from Ultrahigh-Resolution Mass Spectra,"Nikola Tolić, Yina Liu, Andrey Liyu et al. (n=11)",Nikola Tolić; Yina Liu; Andrey Liyu; Yufeng Shen; Malak Tfaily; Elizabeth B. Kujawinski; Krista Longnecker; Li‐Jung Kuo; Errol Robinson; Ljiljana Paša‐Tolić; Nancy Hess,Analytical Chemistry,https://doi.org/10.1021/acs.analchem.7b03318,biogeochem_carbon; freshwater_river; methods_instrumentation,3
2017,Laser Desorption/Ionization Coupled to FTICR Mass Spectrometry for Studies of Natural Organic Matter,"John W. T. Blackburn, William Kew, Margaret C. Graham et al. (n=4)",John W. T. Blackburn; William Kew; Margaret C. Graham; Dušan Uhrı́n,Analytical Chemistry,https://doi.org/10.1021/acs.analchem.6b04817,biogeochem_carbon; freshwater_river; methods_instrumentation,3
2017,"Molecular composition and bioavailability of dissolved organic nitrogen in a lake flow-influenced river in south Florida, USA","Oliva Pisani, Joseph N. Boyer, David C. Podgorski et al. (n=6)",Oliva Pisani; Joseph N. Boyer; David C. Podgorski; Cassondra R. Thomas; Teresa L. Coley; Rudolf Jaffé,Aquatic Sciences,https://doi.org/10.1007/s00027-017-0540-5,biogeochem_carbon; estuary_coastal; freshwater_lake; freshwater_river; marine; microbial_coupling,6
2017,"Biogenic, urban, and wildfire influences on the molecular composition of dissolved organic compounds in cloud water","Ryan D. Cook, Ying‐Hsuan Lin, Zhuoyu Peng et al. (n=11)",Ryan D. Cook; Ying‐Hsuan Lin; Zhuoyu Peng; Eric Boone; Rosalie Chu; James E. Dukett; Matthew J. Gunsch; Wuliang Zhang; Nikola Tolić; Alexander Laskin; Kerri A. Pratt,Atmospheric chemistry and physics,https://doi.org/10.5194/acp-17-15167-2017,atmosphere_aerosol; biogeochem_carbon; disturbance_anthropogenic,3
2017,Bottled aqua incognita: Microbiota assembly and dissolved organic matter diversity in natural mineral waters,"Céline Lesaulnier, Craig W. Herbold, Claus Pelikan et al. (n=11)",Céline Lesaulnier; Craig W. Herbold; Claus Pelikan; David Berry; Cédric Gérard; Xavier Le Coz; Sophie Gagnot; Jutta Niggemann; Thorsten Dittmar; Gabriel Singer; Alexander Loy,bioRxiv (Cold Spring Harbor Laboratory),https://doi.org/10.1101/154732,biogeochem_carbon; microbial_coupling; soil_terrestrial; wastewater_drinking,4
2017,Chemical characterization of dissolved organic matter in moist acidic tussock tundra soil using ultra-high resolution 15T FT-ICR mass spectrometry,"Jung Hoon Choi, Yun‐Gon Kim, Yoo Kyung Lee et al. (n=6)",Jung Hoon Choi; Yun‐Gon Kim; Yoo Kyung Lee; Seung Pil Pack; Ji Young Jung; Kyoung‐Soon Jang,Biotechnology and Bioprocess Engineering,https://doi.org/10.1007/s12257-017-0121-4,atmosphere_aerosol; biogeochem_carbon; cryosphere; marine; soil_terrestrial,5
2017,"Marine dissolved organic sulfur: sources, fate, and structural characteristics",Anika M. Pohlabeln,Anika M. Pohlabeln,Carl von Ossiezky University of Oldenburg,,biogeochem_carbon; disturbance_anthropogenic; estuary_coastal; marine; sediment_porewater,5
2017,Optical properties and molecular diversity of dissolved organic matter in the Bering Strait and Chukchi Sea,"Michael Gonsior, Jenna Luek, Philippe Schmitt‐Kopplin et al. (n=5)",Michael Gonsior; Jenna Luek; Philippe Schmitt‐Kopplin; Jacqueline M. Grebmeier; Lee W. Cooper,Deep Sea Research Part II Topical Studies in Oceanography,https://doi.org/10.1016/j.dsr2.2017.01.003,atmosphere_aerosol; estuary_coastal; marine,3
2017,Characterization and treatment of water for unconventional oil wells with temporal variability and fracturing fluid type,"Seongyun Kim, Omur-Ozbek, Pinar, Carlson, Kenneth et al. (n=5)","Seongyun Kim; Omur-Ozbek, Pinar; Carlson, Kenneth; Catton, Kimberly; Dooley, Gregory",Digital Collections of Colorado (Colorado State University),https://doi.org/10.25675/3.019188,atmosphere_aerosol; biogeochem_carbon; freshwater_lake; groundwater; methods_instrumentation; petroleum_fossil; wastewater_drinking,7
2017,Transformation of dissolved organic matter in engineered ultraviolet (UV) photolysis and UV-based advanced oxidation processes,"Lathika Varanasi, Erica Coscarelli, Maryam Khaksari et al. (n=5)",Lathika Varanasi; Erica Coscarelli; Maryam Khaksari; Lynn Mazzoleni; Daisuke Minakata,Digital Commons - Michigan Tech (Michigan Technological University),,biogeochem_carbon; freshwater_river; wastewater_drinking,3
2017,Profiling of dissolved organic compounds in the oil sands region using complimentary liquid–liquid extraction and ultrahigh resolution Fourier transform mass spectrometry,"Yi Yi, Jun Han, S. J. Birks et al. (n=5)",Yi Yi; Jun Han; S. J. Birks; Christoph H. Borchers; J. J. Gibson,Environmental Earth Sciences,https://doi.org/10.1007/s12665-017-7161-0,biogeochem_carbon; freshwater_lake; petroleum_fossil,3
2017,"Differential responses of marine, mesohaline and oligohaline bacterial communities to the addition of terrigenous carbon","Daniel P. R. Herlemann, Marcus Manecki, Thorsten Dittmar et al. (n=4)",Daniel P. R. Herlemann; Marcus Manecki; Thorsten Dittmar; Klaus Jürgens,Environmental Microbiology,https://doi.org/10.1111/1462-2920.13784,biogeochem_carbon; estuary_coastal; marine; microbial_coupling; sediment_porewater,5
2017,Molecular Insights into the Transformation of Dissolved Organic Matter in Landfill Leachate Concentrate during Biodegradation and Coagulation Processes Using ESI FT-ICR MS,"Ziwen Yuan, Chen He, Quan Shi et al. (n=8)",Ziwen Yuan; Chen He; Quan Shi; Chunming Xu; Zhenshan Li; Chengzhai Wang; Huazhang Zhao; Jinren Ni,Environmental Science & Technology,https://doi.org/10.1021/acs.est.7b02194,biogeochem_carbon; freshwater_river; methods_instrumentation; microbial_coupling; wastewater_drinking,5
2017,Relationships Between Dissolved Organic Matter Composition and Photochemistry in Lakes of Diverse Trophic Status,"Andrew C. Maizel, Jing Li, Christina K. Remucal",Andrew C. Maizel; Jing Li; Christina K. Remucal,Environmental Science & Technology,https://doi.org/10.1021/acs.est.7b01270,biogeochem_carbon; estuary_coastal; freshwater_lake; marine,4
2017,Halogenated Organic Compounds Identified in Hydraulic Fracturing Wastewaters Using Ultrahigh Resolution Mass Spectrometry,"Jenna L. Luek, Philippe Schmitt‐Kopplin, Paula Mouser et al. (n=6)",Jenna L. Luek; Philippe Schmitt‐Kopplin; Paula Mouser; William Tyler Petty; Susan D. Richardson; Michael Gonsior,Environmental Science & Technology,https://doi.org/10.1021/acs.est.6b06213,atmosphere_aerosol; biogeochem_carbon; groundwater; petroleum_fossil; wastewater_drinking,5
2017,New Insights into Trihalomethane and Haloacetic Acid Formation Potentials: Correlation with the Molecular Composition of Natural Organic Matter in Source Water,"Xin Wang, Haifeng Zhang, Yahe Zhang et al. (n=7)",Xin Wang; Haifeng Zhang; Yahe Zhang; Quan Shi; Juan Wang; Jianwei Yu; Min Yang,Environmental Science & Technology,https://doi.org/10.1021/acs.est.6b04817,biogeochem_carbon; methods_instrumentation; wastewater_drinking,3
2017,Toward Quantitative Understanding of the Bioavailability of Dissolved Organic Matter in Freshwater Lake during Cyanobacteria Blooming,"Leilei Bai, Chicheng Cao, Changhui Wang et al. (n=7)",Leilei Bai; Chicheng Cao; Changhui Wang; Huacheng Xu; Hui Zhang; Vera I. Slaveykova; Helong Jiang,Environmental Science & Technology,https://doi.org/10.1021/acs.est.7b00826,biogeochem_carbon; estuary_coastal; freshwater_lake; marine; microbial_coupling,5
2017,Photochemically Induced Bound Residue Formation of Carbamazepine with Dissolved Organic Matter,"Julia Raeke, Oliver J. Lechtenfeld, Bettina Seiwert et al. (n=6)",Julia Raeke; Oliver J. Lechtenfeld; Bettina Seiwert; Till Meier; Christina Riemenschneider; Thorsten Reemtsma,Environmental Science & Technology,https://doi.org/10.1021/acs.est.7b00823,biogeochem_carbon,1
2017,Probing and Comparing the Photobromination and Photoiodination of Dissolved Organic Matter by Using Ultra-High-Resolution Mass Spectrometry,"Zhineng Hao, Yongguang Yin, Dong Cao et al. (n=4)",Zhineng Hao; Yongguang Yin; Dong Cao; Jingfu Liu,Environmental Science & Technology,https://doi.org/10.1021/acs.est.6b03887,biogeochem_carbon; estuary_coastal; marine; methods_instrumentation,4
2017,Redox Conditions Affect Dissolved Organic Carbon Quality in Stratified Freshwaters,"Tallent Dadi, Mourad Harir, Norbert Hertkorn et al. (n=6)",Tallent Dadi; Mourad Harir; Norbert Hertkorn; Matthias Koschorreck; Philippe Schmitt‐Kopplin; Peter Herzsprung,Environmental Science & Technology,https://doi.org/10.1021/acs.est.7b04194,biogeochem_carbon; estuary_coastal; freshwater_lake; marine; sediment_porewater; wastewater_drinking,6
2017,Molecular Insights on Dissolved Organic Matter Transformation by Supraglacial Microbial Communities,"Runa Antony, A. S. Willoughby, Amanda M. Grannas et al. (n=8)",Runa Antony; A. S. Willoughby; Amanda M. Grannas; Victoria Catanzano; Rachel L. Sleighter; Meloth Thamban; Patrick G. Hatcher; Shanta Nair,Environmental Science & Technology,https://doi.org/10.1021/acs.est.6b05780,biochar_black_carbon; biogeochem_carbon; cryosphere; estuary_coastal; marine; microbial_coupling,6
2017,Spatial Dependence of Reduced Sulfur in Everglades Dissolved Organic Matter Controlled by Sulfate Enrichment,"Brett A. Poulin, Joseph N. Ryan, Kathryn L. Nagy et al. (n=8)",Brett A. Poulin; Joseph N. Ryan; Kathryn L. Nagy; Aron Stubbins; Thorsten Dittmar; William H. Orem; David P. Krabbenhoft; George R. Aiken,Environmental Science & Technology,https://doi.org/10.1021/acs.est.6b04142,biogeochem_carbon; estuary_coastal; marine; sediment_porewater; wetland_peatland,5
2017,Photochemical Alteration of Dissolved Organic Sulfur from Sulfidic Porewater,"Gonzalo V. Gomez‐Saez, Anika M. Pohlabeln, Aron Stubbins et al. (n=5)",Gonzalo V. Gomez‐Saez; Anika M. Pohlabeln; Aron Stubbins; Chris M. Marsay; Thorsten Dittmar,Environmental Science & Technology,https://doi.org/10.1021/acs.est.7b03713,atmosphere_aerosol; biogeochem_carbon; estuary_coastal; marine; sediment_porewater,5
2017,Investigation of the ozonation products of natural complex mixtures using Fourier transform ion cyclotron resonance mass spectrometry,"Yury Kostyukevich, Anna Stavitskaya, Alexander Zherebker et al. (n=9)",Yury Kostyukevich; Anna Stavitskaya; Alexander Zherebker; М. Л. Константинова; Mikhail S. Vlaskin; Ludmila Borisova; А. С. Кононихин; Igor Popov; Е. Н. Николаев,European Journal of Mass Spectrometry,https://doi.org/10.1177/1469066717718836,biogeochem_carbon; petroleum_fossil; wastewater_drinking,3
2017,Application of phase correction to improve the characterization of photooxidation products of lignin using 7 Tesla Fourier-transform ion cyclotron resonance mass spectrometry,"Yulin Qi, Ruoji Luo, Wolfgang Schräder et al. (n=4)",Yulin Qi; Ruoji Luo; Wolfgang Schräder; Dietrich A. Volmer,FACETS,https://doi.org/10.1139/facets-2016-0069,biogeochem_carbon,1
2017,Geochemistry and dissolved organic matter in marine shallow hydrothermal systems,"Gonzalo V. Gomez‐Saez, Jutta Niggemann, Thorsten Dittmar et al. (n=9)",Gonzalo V. Gomez‐Saez; Jutta Niggemann; Thorsten Dittmar; Anika M. Pohlabeln; Susan Q. Lang; Ann Noowong; Thomas Pichler; Lars Wörmer; Solveig I Bühring,Figshare,https://doi.org/10.1594/pangaea.874298,biogeochem_carbon; freshwater_lake; marine,3
2017,"DOC, CDOM, FDOM and FTICR data of Arctic tundra soil leaching experiment","Zhang, Xiaowen, Jack Hutchings, Thomas S. Bianchi et al. (n=6)","Zhang, Xiaowen; Jack Hutchings; Thomas S. Bianchi; Yina Liu; A. R. Arellano; Edward A. G. Schuur",Figshare,https://doi.org/10.1594/pangaea.874153,atmosphere_aerosol; biogeochem_carbon; cryosphere; freshwater_river; marine; soil_terrestrial,6
2017,Software Assisted Molecular Elucidation Based on TIMSFT- ICR MS/MS Analysis of Complex Mixtures,Carlos Roberto Egas Acosta,Carlos Roberto Egas Acosta,Florida International University Digital Commons (Florida International University),,biogeochem_carbon; methods_instrumentation,2
2017,Molecular Determinants of Dissolved Organic Matter Reactivity in Lake Water,"Alina Mostovaya, Jeffrey A. Hawkes, Thorsten Dittmar et al. (n=4)",Alina Mostovaya; Jeffrey A. Hawkes; Thorsten Dittmar; Lars J. Tranvik,Frontiers in Earth Science,https://doi.org/10.3389/feart.2017.00106,biogeochem_carbon; estuary_coastal; freshwater_lake; marine; microbial_coupling; wastewater_drinking,6
2017,Composition and Transformation of Dissolved Organic Matter in the Baltic Sea,"Michael Seidel, Marcus Manecki, Daniel P. R. Herlemann et al. (n=7)",Michael Seidel; Marcus Manecki; Daniel P. R. Herlemann; Barbara Deutsch; Detlef E. Schulz‐Bull; Klaus Jürgens; Thorsten Dittmar,Frontiers in Earth Science,https://doi.org/10.3389/feart.2017.00031,biogeochem_carbon; estuary_coastal; freshwater_river; marine; soil_terrestrial,5
2017,Molecular and Optical Properties of Tree-Derived Dissolved Organic Matter in Throughfall and Stemflow from Live Oaks and Eastern Red Cedar,"Aron Stubbins, Leticia Mirella da Silva, Thorsten Dittmar et al. (n=4)",Aron Stubbins; Leticia Mirella da Silva; Thorsten Dittmar; John T. Van Stan,Frontiers in Earth Science,https://doi.org/10.3389/feart.2017.00022,atmosphere_aerosol; biogeochem_carbon; disturbance_anthropogenic; estuary_coastal; freshwater_river; marine; soil_terrestrial,7
2017,Ocean Acidification Experiments in Large-Scale Mesocosms Reveal Similar Dynamics of Dissolved Organic Matter Production and Biotransformation,"Maren Zark, Nadine K. Broda, Thomas Hornick et al. (n=6)",Maren Zark; Nadine K. Broda; Thomas Hornick; Hans‐Peter Grossart; Ulf Riebesell; Thorsten Dittmar,Frontiers in Marine Science,https://doi.org/10.3389/fmars.2017.00271,biogeochem_carbon; estuary_coastal; freshwater_lake; marine; microbial_coupling,5
2017,Experimental Evidence for Abiotic Sulfurization of Marine Dissolved Organic Matter,"Anika M. Pohlabeln, Gonzalo V. Gomez‐Saez, Beatriz E. Noriega‐Ortega et al. (n=4)",Anika M. Pohlabeln; Gonzalo V. Gomez‐Saez; Beatriz E. Noriega‐Ortega; Thorsten Dittmar,Frontiers in Marine Science,https://doi.org/10.3389/fmars.2017.00364,biogeochem_carbon; estuary_coastal; freshwater_river; marine; microbial_coupling; sediment_porewater,6
2017,Microbially-Mediated Transformations of Estuarine Dissolved Organic Matter,"Patricia M. Medeiros, Michael Seidel, Scott Gifford et al. (n=7)",Patricia M. Medeiros; Michael Seidel; Scott Gifford; Ford Ballantyne; Thorsten Dittmar; William B. Whitman; Mary Ann Moran,Frontiers in Marine Science,https://doi.org/10.3389/fmars.2017.00069,biogeochem_carbon; estuary_coastal; marine; microbial_coupling; sediment_porewater; soil_terrestrial; wetland_peatland,7
2017,Functional Molecular Diversity of Marine Dissolved Organic Matter Is Reduced during Degradation,"Andrea Mentges, Christoph Feenders, Maren Seibt et al. (n=5)",Andrea Mentges; Christoph Feenders; Maren Seibt; Bernd Blasius; Thorsten Dittmar,Frontiers in Marine Science,https://doi.org/10.3389/fmars.2017.00194,biogeochem_carbon; estuary_coastal; marine; microbial_coupling,4
2017,Linking Optical and Chemical Properties of Dissolved Organic Matter in Natural Waters,,,Frontiers research topics,https://doi.org/10.3389/978-2-88945-081-7,biogeochem_carbon; estuary_coastal; marine,3
2017,Accumulation of deaminated peptides in anoxic sediments of Santa Barbara Basin,"Hussain Abdulla, David J. Burdige, Tomoko Komada",Hussain Abdulla; David J. Burdige; Tomoko Komada,Geochimica et Cosmochimica Acta,https://doi.org/10.1016/j.gca.2017.11.021,biogeochem_carbon; microbial_coupling; sediment_porewater,3
2017,Unraveling signatures of biogeochemical processes and the depositional setting in the molecular composition of pore water DOM across different marine environments,"Frauke Schmidt, Boris Koch, Tobias Goldhammer et al. (n=10)",Frauke Schmidt; Boris Koch; Tobias Goldhammer; Marcus Elvert; Matthias Witt; Yu‐Shih Lin; Jenny Wendt; Matthias Zabel; Verena B. Heuer; Kai‐Uwe Hinrichs,Geochimica et Cosmochimica Acta,https://doi.org/10.1016/j.gca.2017.03.005,biogeochem_carbon; estuary_coastal; marine; sediment_porewater,4
2017,The role of reactive oxygen species in the degradation of lignin derived dissolved organic matter,"Derek C. Waggoner, Andrew S. Wozniak, Rose M. Cory et al. (n=4)",Derek C. Waggoner; Andrew S. Wozniak; Rose M. Cory; Patrick G. Hatcher,Geochimica et Cosmochimica Acta,https://doi.org/10.1016/j.gca.2017.03.036,atmosphere_aerosol; biogeochem_carbon; estuary_coastal; marine; microbial_coupling,5
2017,Molecular characterization of effluent organic matter in secondary effluent and reclaimed water: Comparison to natural organic matter in source water,"Xin Wang, Juan Wang, Kuixiao Li et al. (n=5)",Xin Wang; Juan Wang; Kuixiao Li; Haifeng Zhang; Min Yang,Journal of Environmental Sciences,https://doi.org/10.1016/j.jes.2017.03.020,biogeochem_carbon; wastewater_drinking,2
2017,"The Optical, Chemical, and Molecular Dissolved Organic Matter Succession Along a Boreal Soil‐Stream‐River Continuum","Ryan Hutchins, Pieter J. K. Aukes, Sherry L. Schiff et al. (n=6)",Ryan Hutchins; Pieter J. K. Aukes; Sherry L. Schiff; Thorsten Dittmar; Yves T. Prairie; Paul A. del Giorgio,Journal of Geophysical Research Biogeosciences,https://doi.org/10.1002/2017jg004094,biogeochem_carbon; disturbance_anthropogenic; estuary_coastal; freshwater_river; marine; microbial_coupling; soil_terrestrial,7
2017,Importance of lateral flux and its percolation depth on organic carbon export in Arctic tundra soil: Implications from a soil leaching experiment,"Xiaowen Zhang, Jack Hutchings, Thomas S. Bianchi et al. (n=6)",Xiaowen Zhang; Jack Hutchings; Thomas S. Bianchi; Yina Liu; A. R. Arellano; Edward A. G. Schuur,Journal of Geophysical Research Biogeosciences,https://doi.org/10.1002/2016jg003754,atmosphere_aerosol; biogeochem_carbon; cryosphere; freshwater_river; marine; soil_terrestrial; wetland_peatland,7
2017,Comparison of Low Molecular Weight Dissolved Organic Matter Compositions in Lake Inba and Kashima River by Orbitrap Mass Spectrometry,"Vitharuch Yuthawong, Ikuro Kasuga, Futoshi Kurisu et al. (n=4)",Vitharuch Yuthawong; Ikuro Kasuga; Futoshi Kurisu; Hiroaki Furumai,Journal of Water and Environment Technology,https://doi.org/10.2965/jwet.16-054,biogeochem_carbon; disturbance_anthropogenic; freshwater_lake; freshwater_river; methods_instrumentation; wastewater_drinking,6
2017,Molecular composition of dissolved organic matter in the Mediterranean Sea,"Alba María Martínez–Pérez, Helena Osterholz, Mar Nieto‐Cid et al. (n=6)",Alba María Martínez–Pérez; Helena Osterholz; Mar Nieto‐Cid; Marta Álvarez; Thorsten Dittmar; Xosé Antón Álvarez‐Salgado,Limnology and Oceanography,https://doi.org/10.1002/lno.10600,biogeochem_carbon; estuary_coastal; marine; sediment_porewater,4
2017,Export of terrigenous dissolved organic matter in a broad continental shelf,"Patricia M. Medeiros, Lydia Babcock‐Adams, Michael Seidel et al. (n=7)",Patricia M. Medeiros; Lydia Babcock‐Adams; Michael Seidel; Renato M. Castelao; Daniela Di Iorio; James T. Hollibaugh; Thorsten Dittmar,Limnology and Oceanography,https://doi.org/10.1002/lno.10528,atmosphere_aerosol; biogeochem_carbon; estuary_coastal; freshwater_river; marine; sediment_porewater,6
2017,Molecular properties of deep-sea dissolved organic matter are predictable by the central limit theorem: Evidence from tandem FT-ICR-MS,"Maren Zark, Jens Christoffers, Thorsten Dittmar",Maren Zark; Jens Christoffers; Thorsten Dittmar,Marine Chemistry,https://doi.org/10.1016/j.marchem.2017.02.005,biogeochem_carbon; estuary_coastal; marine,3
2017,From the peat bog to the estuarine mixing zone: Common features and variances in riverine dissolved organic matter determined by non-targeted analysis,"Anna Rathgeb, Tim Causon, Regina Krachler et al. (n=4)",Anna Rathgeb; Tim Causon; Regina Krachler; Stephan Hann,Marine Chemistry,https://doi.org/10.1016/j.marchem.2017.06.012,biogeochem_carbon; disturbance_anthropogenic; estuary_coastal; marine; microbial_coupling; wetland_peatland,6
2017,Linking the sulfur and carbon cycle by ultrahigh resolution characterization of dissolved organic matter,Sabine E.-M. Dvorski,Sabine E.-M. Dvorski,mediaTUM – the media and publications repository of the Technical University Munich (Technical University Munich),,biogeochem_carbon; groundwater; microbial_coupling,3
2017,Bottled aqua incognita: microbiota assembly and dissolved organic matter diversity in natural mineral waters,"Céline Lesaulnier, Craig W. Herbold, Claus Pelikan et al. (n=11)",Céline Lesaulnier; Craig W. Herbold; Claus Pelikan; David Berry; Cédric Gérard; Xavier Le Coz; Sophie Gagnot; Jutta Niggemann; Thorsten Dittmar; Gabriel Singer; Alexander Loy,Microbiome,https://doi.org/10.1186/s40168-017-0344-9,biogeochem_carbon; microbial_coupling; soil_terrestrial,3
2017,Picocyanobacteria and deep-ocean fluorescent dissolved organic matter share similar optical properties,"Zhao Zhao, Michael Gonsior, Jenna Luek et al. (n=11)",Zhao Zhao; Michael Gonsior; Jenna Luek; Stephen A. Timko; Hope L. Ianiri; Norbert Hertkorn; Philippe Schmitt‐Kopplin; Xiaoting Fang; Qinglu Zeng; Nianzhi Jiao; Feng Chen,Nature Communications,https://doi.org/10.1038/ncomms15284,biogeochem_carbon; estuary_coastal; marine; microbial_coupling,4
2017,Lignin Contribution to the Global Carbon Pool: Investigating the Abiotic Modification of Lignin by Reactive Oxygen Species,Derek C. Waggoner,Derek C. Waggoner,ODU Digital Commons (Old Dominion University),https://doi.org/10.25777/74m6-z498,biochar_black_carbon; biogeochem_carbon; marine; soil_terrestrial,4
2017,Thermally altered marine dissolved organic matter in hydrothermal fluids,"Pamela E. Rossel, Aron Stubbins, Tammo Rebling et al. (n=6)",Pamela E. Rossel; Aron Stubbins; Tammo Rebling; Andrea Koschinsky; Jeffrey A. Hawkes; Thorsten Dittmar,Organic Geochemistry,https://doi.org/10.1016/j.orggeochem.2017.05.003,biogeochem_carbon; estuary_coastal; marine,3
2017,High field FT-ICR mass spectrometry data sets enlighten qualitative DOM alteration in lake sediment porewater profiles,"Peter Herzsprung, Wolf von Tümpling, Katrin Wendt‐Potthoff et al. (n=7)",Peter Herzsprung; Wolf von Tümpling; Katrin Wendt‐Potthoff; Norbert Hertkorn; Mourad Harir; Philippe Schmitt‐Kopplin; Kurt Friese,Organic Geochemistry,https://doi.org/10.1016/j.orggeochem.2017.03.010,biogeochem_carbon; freshwater_lake; groundwater; sediment_porewater,4
2017,Molecular signatures of dissolved organic matter in a tropical karst system,"Franziska A. Lechleitner, Thorsten Dittmar, James U.L. Baldini et al. (n=5)",Franziska A. Lechleitner; Thorsten Dittmar; James U.L. Baldini; Keith M. Prufer; Timothy I. Eglinton,Organic Geochemistry,https://doi.org/10.1016/j.orggeochem.2017.07.015,disturbance_anthropogenic; estuary_coastal; groundwater; marine,4
2017,Characterization of natural organic matter in low-carbon sediments: Extraction and analytical approaches,"Patricia Fox, Peter Nico, Malak Tfaily et al. (n=5)",Patricia Fox; Peter Nico; Malak Tfaily; Katherine Heckman; James Davis,Organic Geochemistry,https://doi.org/10.1016/j.orggeochem.2017.08.009,groundwater; methods_instrumentation; sediment_porewater,3
2017,Photodissolution of charcoal and fire-impacted soil as a potential source of dissolved black carbon in aquatic environments,"Alan Roebuck, David C. Podgorski, Sasha Wagner et al. (n=4)",Alan Roebuck; David C. Podgorski; Sasha Wagner; Rudolf Jaffé,Organic Geochemistry,https://doi.org/10.1016/j.orggeochem.2017.06.018,biochar_black_carbon; microbial_coupling; soil_terrestrial,3
2017,Identification of organic compounds in ocean basement fluids,"Douglas E. LaRowe, Boris Koch, Alberto Robador et al. (n=6)",Douglas E. LaRowe; Boris Koch; Alberto Robador; Matthias Witt; Kerstin B. Ksionzek; Jan P. Amend,Organic Geochemistry,https://doi.org/10.1016/j.orggeochem.2017.07.017,biogeochem_carbon; estuary_coastal; marine,3
2017,Hydroxyl radical alteration of HPLC fractionated lignin: Formation of new compounds from terrestrial organic matter,"Derek C. Waggoner, Patrick G. Hatcher",Derek C. Waggoner; Patrick G. Hatcher,Organic Geochemistry,https://doi.org/10.1016/j.orggeochem.2017.07.011,estuary_coastal; marine; microbial_coupling; sediment_porewater; soil_terrestrial,5
2017,SPRUCE Geochemical Changes in Porewater from Northern Peatlands at Multiple Depths in Field Samples and over Time in Peat Incubations,"R.M. Wilson, M.M. Tfaily, J.K. Keller et al. (n=9)",R.M. Wilson; M.M. Tfaily; J.K. Keller; S.D. Bridgham; C. Medvedeff Zalman; P.J. Hanson; L. Pfeifer-Meister; J.P. Chanton; J.E. Kostka,OSTI OAI (U.S. Department of Energy Office of Scientific and Technical Information),https://doi.org/10.3334/cdiac/spruce.042,biogeochem_carbon; cryosphere; disturbance_anthropogenic; microbial_coupling; sediment_porewater; soil_terrestrial; wetland_peatland,7
2017,Spatial variations in the molecular diversity of dissolved organic matter in water moving through a boreal forest in eastern Finland,"Jun’ichiro Ide, Mizue Ohashi, Katsutoshi Takahashi et al. (n=12)",Jun’ichiro Ide; Mizue Ohashi; Katsutoshi Takahashi; Yuko Sugiyama; Sirpa Piirainen; Pirkko Kortelainen; Nobuhide Fujitake; Keitaro Yamase; Nobuhito Ohte; Mina Moritani; Miyako Hara; Leena Finér,Scientific Reports,https://doi.org/10.1038/srep42102,atmosphere_aerosol; biogeochem_carbon; estuary_coastal; freshwater_river; groundwater; marine; soil_terrestrial,7
2017,Linking optical and molecular signatures of dissolved organic matter in the Mediterranean Sea,"Alba María Martínez–Pérez, Mar Nieto‐Cid, Helena Osterholz et al. (n=7)",Alba María Martínez–Pérez; Mar Nieto‐Cid; Helena Osterholz; Teresa S. Catalá; Isabel Reche; Thorsten Dittmar; Xosé Antón Álvarez‐Salgado,Scientific Reports,https://doi.org/10.1038/s41598-017-03735-4,biogeochem_carbon; estuary_coastal; marine,3
2017,Land-based salmon aquacultures change the quality and bacterial degradation of riverine dissolved organic matter,"Norbert Kamjunke, Jorge Nimptsch, Mourad Harir et al. (n=12)",Norbert Kamjunke; Jorge Nimptsch; Mourad Harir; Peter Herzsprung; Philippe Schmitt‐Kopplin; Thomas R. Neu; Daniel Graeber; Sebastián Osorio; José Valenzuela; Juan Carlos Reyes; Stefan Woelfl; Norbert Hertkorn,Scientific Reports,https://doi.org/10.1038/srep43739,biogeochem_carbon; estuary_coastal; freshwater_lake; freshwater_river; marine; microbial_coupling; sediment_porewater,7
2017,Differences in DOM of rewetted and natural peatlands – Results from high-field FT-ICR-MS and bulk optical parameters,"Peter Herzsprung, Katja Osterloh, Wolf von Tümpling et al. (n=9)",Peter Herzsprung; Katja Osterloh; Wolf von Tümpling; Mourad Harir; Norbert Hertkorn; Philippe Schmitt‐Kopplin; Richard Meissner; Sabine Bernsdorf; Kurt Friese,The Science of The Total Environment,https://doi.org/10.1016/j.scitotenv.2017.02.054,biogeochem_carbon; disturbance_anthropogenic; estuary_coastal; wetland_peatland,4
2017,Assigned formula of complex mixture FT-ICR MS datasets,"John W. T. Blackburn, Dušan Uhrı́n",John W. T. Blackburn; Dušan Uhrı́n,University of Edinburgh,https://doi.org/10.7488/ds/1984,freshwater_river,1
2017,Halogenated Organic Compounds Identified in Hydraulic Fracturing Wastewaters Using Ultrahigh Resolution Mass Spectrometry,"Jenna L. Luek, Philippe Schmitt-Kopplin, Paula Mouser et al. (n=6)",Jenna L. Luek; Philippe Schmitt-Kopplin; Paula Mouser; William Tyler Petty; Susan D. Richardson; Michael Gonsior,University of New Hampshire Scholars Repository (University of New Hampshire at Manchester),"https://doi.org/10.1021/acs.est.6b06213"">https://dx.doi.org/10.1021/acs.est.6b06213</a",atmosphere_aerosol; biogeochem_carbon; freshwater_lake; groundwater; petroleum_fossil; wastewater_drinking,6
2017,Comparing the Spectroscopic and Molecular Characteristics of Different Dissolved Organic Matter Fractions Isolated by Hydrophobic and Anionic Exchange Resins Using Fluorescence Spectroscopy and FT-ICR-MS,"Morgane Derrien, Yun-Kyung Lee, Jin Hur",Morgane Derrien; Yun-Kyung Lee; Jin Hur,Water,https://doi.org/10.3390/w9080555,biogeochem_carbon; estuary_coastal; marine; microbial_coupling,4
2017,A new approach for evaluating transformations of dissolved organic matter (DOM) via high-resolution mass spectrometry and relating it to bacterial activity,"Norbert Kamjunke, Wolf von Tümpling, Norbert Hertkorn et al. (n=8)",Norbert Kamjunke; Wolf von Tümpling; Norbert Hertkorn; Mourad Harir; Philippe Schmitt‐Kopplin; Helge Norf; Markus Weitere; Peter Herzsprung,Water Research,https://doi.org/10.1016/j.watres.2017.07.008,biogeochem_carbon; estuary_coastal; marine; microbial_coupling; sediment_porewater; soil_terrestrial,6
2017,The effect of advanced secondary municipal wastewater treatment on the molecular composition of dissolved organic matter,"Andrew C. Maizel, Christina K. Remucal",Andrew C. Maizel; Christina K. Remucal,Water Research,https://doi.org/10.1016/j.watres.2017.05.055,estuary_coastal; marine; wastewater_drinking,3
2017,Vertical Stratification Of Peat Pore Water Dissolved Organic Matter Composition In A Peat Bog In Northern Minnesota,"Malak Tfaily, Rachel Wilson, Cooper T William et al. (n=6)",Malak Tfaily; Rachel Wilson; Cooper T William; Joel E. Kostka; Paul J. Hanson; Jeffrey P. Chanton,Zenodo (CERN European Organization for Nuclear Research),https://doi.org/10.5281/zenodo.816210,atmosphere_aerosol; biochar_black_carbon; biogeochem_carbon; disturbance_anthropogenic; estuary_coastal; marine; microbial_coupling; petroleum_fossil; sediment_porewater; wetland_peatland,10
2017,Vertical Stratification Of Peat Pore Water Dissolved Organic Matter Composition In A Peat Bog In Northern Minnesota,"Malak Tfaily, Rachel Wilson, Cooper T William et al. (n=6)",Malak Tfaily; Rachel Wilson; Cooper T William; Joel E. Kostka; Paul J. Hanson; Jeffrey P. Chanton,Zenodo (CERN European Organization for Nuclear Research),https://doi.org/10.5281/zenodo.816209,atmosphere_aerosol; biochar_black_carbon; biogeochem_carbon; disturbance_anthropogenic; estuary_coastal; microbial_coupling; petroleum_fossil; sediment_porewater; wetland_peatland,9
2018,"Dissolved organic matter characteristics of deciduous and coniferous forests with variable management: different at the source, aligned in the soil","Lisa Thieme, Daniel Graeber, Diana Hofmann et al. (n=11)",Lisa Thieme; Daniel Graeber; Diana Hofmann; Sebastian Bischoff; M. Schwarz; Bernhard Steffen; Ulf-Niklas Meyer; Martin Kaupenjohann; Wolfgang Wilcke; Beate Michalzik; Jan Siemens,,https://doi.org/10.5194/bg-2018-478,biogeochem_carbon; microbial_coupling; soil_terrestrial,3
2018,Spatiotemporal transformation of dissolved organic matter along an alpine stream flowpath on the Qinghai-Tibetan Plateau: importance of source and permafrost degradation,"Yinghui Wang, Robert G. M. Spencer, David C. Podgorski et al. (n=10)",Yinghui Wang; Robert G. M. Spencer; David C. Podgorski; Anne M. Kellerman; Harunur Rashid; Phoebe Zito; Wenjie Xiao; Dandan Wei; Yuanhe Yang; Yunping Xu,,https://doi.org/10.5194/bg-2018-182,biogeochem_carbon; cryosphere; disturbance_anthropogenic; freshwater_river; marine,5
2018,The impact of biogeochemical processes on the composition of dissolved organic matter in marine subsurface sediments,Shuchai Gan,Shuchai Gan,,,biogeochem_carbon; groundwater; marine; microbial_coupling; sediment_porewater,5
2018,Review of manuscript ‘Physical and chemical evolution of dissolved organic matter across the ablation season on a glacier in the central Tibetan Plateau’ by Feng et al.,Anonymous,Anonymous,,https://doi.org/10.5194/bg-2017-507-rc3,biogeochem_carbon; cryosphere; estuary_coastal; marine,4
2018,Aphotic N <sub>2</sub> fixation along an oligotrophic to ultraoligotrophic transect in the Western Tropical South Pacific Ocean,"Mar Benavides, Katyanne M. Shoemaker, Pia H. Moisander et al. (n=10)",Mar Benavides; Katyanne M. Shoemaker; Pia H. Moisander; Jutta Niggemann; Thorsten Dittmar; Solange Duhamel; Olivier Grosso; Mireille Pujo‐Pay; Sandra Hélias-Nunige; Sophie Bonnet,,https://doi.org/10.5194/bg-2017-542,biogeochem_carbon; estuary_coastal; marine; microbial_coupling,4
2018,Biochemical Characterization of the Influences of Pump-and-Treat Remediation on Aquifer Conditions on the Central Plateau of the Hanford Site,"Lucinda Cort, Christopher E. Bagwell, Danielle Saunders et al. (n=5)",Lucinda Cort; Christopher E. Bagwell; Danielle Saunders; Jacqueline Wells; Michelle Valenta-Snyder,,https://doi.org/10.2172/1592754,biogeochem_carbon; groundwater,2
2018,Environmental Dynamics of Dissolved Organic Matter and Dissolved Black Carbon in Fluvial Systems: Effects of Biogeochemistry and Land Use,Alan Roebuck,Alan Roebuck,,https://doi.org/10.25148/etd.fidc006880,atmosphere_aerosol; biochar_black_carbon; biogeochem_carbon; disturbance_anthropogenic; estuary_coastal; freshwater_river; marine; soil_terrestrial,8
2018,Relationship between Molecular Components and Reducing Capacities of Humic Substances,"Jitao Lv, Ruixia Han, Zaoquan Huang et al. (n=6)",Jitao Lv; Ruixia Han; Zaoquan Huang; Lei Luo; Dong Cao; Shuzhen Zhang,ACS Earth and Space Chemistry,https://doi.org/10.1021/acsearthspacechem.7b00155,atmosphere_aerosol; biogeochem_carbon; methods_instrumentation,3
2018,Comment on “Laser Desorption/Ionization Coupled to FTICR Mass Spectrometry for Studies of Natural Organic Matter”,"Chen He, Bin Jiang, Quan Shi et al. (n=4)",Chen He; Bin Jiang; Quan Shi; Chang Samuel Hsu,Analytical Chemistry,https://doi.org/10.1021/acs.analchem.7b05023,biogeochem_carbon; methods_instrumentation; petroleum_fossil,3
2018,Response to Comment on “Laser Desorption/Ionization Coupled to FTICR Mass Spectrometry for Studies of Natural Organic Matter”,"William Kew, John W. T. Blackburn, Dušan Uhrı́n",William Kew; John W. T. Blackburn; Dušan Uhrı́n,Analytical Chemistry,https://doi.org/10.1021/acs.analchem.8b00332,biogeochem_carbon; freshwater_river; methods_instrumentation,3
2018,Characteristics and sources of dissolved organic matter in a glacier in the northern Tibetan Plateau: differences between different snow categories,"Lin Feng, Yanqing An, Jianzhong Xu et al. (n=4)",Lin Feng; Yanqing An; Jianzhong Xu; Shichang Kang,Annals of Glaciology,https://doi.org/10.1017/aog.2018.20,biogeochem_carbon; cryosphere; estuary_coastal; marine; soil_terrestrial,5
2018,Molecular composition and origin of water-soluble organic matter in marine aerosols in the Pacific off China,"Hongyan Bao, Jutta Niggemann, Li Luo et al. (n=5)",Hongyan Bao; Jutta Niggemann; Li Luo; Thorsten Dittmar; Shuh‐Ji Kao,Atmospheric Environment,https://doi.org/10.1016/j.atmosenv.2018.07.059,atmosphere_aerosol; marine,2
2018,Photo-biochemical transformation of dissolved organic matter on the surface of the coastal East Antarctic ice sheet,"Runa Antony, A. S. Willoughby, Amanda M. Grannas et al. (n=7)",Runa Antony; A. S. Willoughby; Amanda M. Grannas; Victoria Catanzano; Rachel L. Sleighter; Meloth Thamban; Patrick G. Hatcher,Biogeochemistry,https://doi.org/10.1007/s10533-018-0516-0,biogeochem_carbon; cryosphere; estuary_coastal; marine,4
2018,Spatiotemporal transformation of dissolved organic matter along an alpine stream flow path on the Qinghai–Tibet Plateau: importance of source and permafrost degradation,"Yinghui Wang, Robert G. M. Spencer, David C. Podgorski et al. (n=10)",Yinghui Wang; Robert G. M. Spencer; David C. Podgorski; Anne M. Kellerman; Harunur Rashid; Phoebe Zito; Wenjie Xiao; Dandan Wei; Yuanhe Yang; Yunping Xu,Biogeosciences,https://doi.org/10.5194/bg-15-6637-2018,biogeochem_carbon; cryosphere; disturbance_anthropogenic; freshwater_river; marine,5
2018,Aphotic N <sub>2</sub> fixation along an oligotrophic to ultraoligotrophic transect in the western tropical South Pacific Ocean,"Mar Benavides, Katyanne M. Shoemaker, Pia H. Moisander et al. (n=11)",Mar Benavides; Katyanne M. Shoemaker; Pia H. Moisander; Jutta Niggemann; Thorsten Dittmar; Solange Duhamel; Olivier Grosso; Mireille Pujo‐Pay; Sandra Hélias-Nunige; Alain Fumenia; Sophie Bonnet,Biogeosciences,https://doi.org/10.5194/bg-15-3107-2018,biogeochem_carbon; estuary_coastal; marine; microbial_coupling,4
2018,"Fourier transform ion cyclotron resonance mass spectrometer (FT-ICRMS) data from seasonal collections, Doboy Sound, Sapelo Island, GA, July and October 2014","Mary Ann Moran, Patricia M. Medeiros",Mary Ann Moran; Patricia M. Medeiros,Biological and Chemical Oceanography Data Management Office,https://doi.org/10.1575/1912/bco-dmo.735751.1,biogeochem_carbon; estuary_coastal; marine,3
2018,Removal of bioavailable dissolved organic nitrogen in wastewater by membrane bioreactors as posttreatment: Implications for eutrophication control,"Haidong Hu, Hongqiang Ren",Haidong Hu; Hongqiang Ren,Bioresource Technology,https://doi.org/10.1016/j.biortech.2018.09.009,biogeochem_carbon; estuary_coastal; marine; wastewater_drinking,4
2018,Further insight into the roles of the chemical composition of dissolved organic matter (DOM) on ultrafiltration membranes as revealed by multiple advanced DOM characterization tools,"Quang Viet Ly, Jin Hur",Quang Viet Ly; Jin Hur,Chemosphere,https://doi.org/10.1016/j.chemosphere.2018.02.181,biogeochem_carbon; wastewater_drinking,2
2018,Dissolved organic matter in differently managed forest ecosystems,Lisa Thieme,Lisa Thieme,DepositOnce,https://doi.org/10.14279/depositonce-6870,biogeochem_carbon; microbial_coupling; soil_terrestrial,3
2018,Delineating Drivers of Dissolved Organic Matter Composition in a Major Freshwater Spring,,,DigiNole (Florida State University),,atmosphere_aerosol; biogeochem_carbon; disturbance_anthropogenic; estuary_coastal; freshwater_river; groundwater; marine; soil_terrestrial; wastewater_drinking,9
2018,Dissolved Organic Carbon in Organic-Rich Aquatic Ecosystems: Biodegradability and an Assessment of the Priming Effect,,,DigiNole (Florida State University),,atmosphere_aerosol; biogeochem_carbon; cryosphere; estuary_coastal; freshwater_river; marine; microbial_coupling; soil_terrestrial,8
2018,Ultrahigh resolution FT-ICR MS data for biomass burning emissions-influenced fog and aerosol from the Po Valley,"Matthew Brege, Lynn Mazzoleni",Matthew Brege; Lynn Mazzoleni,Digital Commons - Michigan Tech (Michigan Technological University),,atmosphere_aerosol; biogeochem_carbon; methods_instrumentation,3
2018,Identification of ecosystem-specific markers in dissolved organic matter by Orbitrap tandem mass spectrometry,"Carsten Simon, Vanessa-Nina Roth, Thorsten Dittmar et al. (n=4)",Carsten Simon; Vanessa-Nina Roth; Thorsten Dittmar; Gerd Gleixner,EGU General Assembly Conference Abstracts,,biogeochem_carbon,1
2018,Molecular transformation of dissolved organic matter in high-temperature hydrogen peroxide oxidation of a refinery wastewater,"Xiaocun Zhuo, Haiyan Huang, Fang Lan et al. (n=7)",Xiaocun Zhuo; Haiyan Huang; Fang Lan; Chen He; Qiong Pan; Yahe Zhang; Quan Shi,Environmental Chemistry Letters,https://doi.org/10.1007/s10311-018-00837-x,biogeochem_carbon; wastewater_drinking,2
2018,Identifying labile DOM components in a coastal ocean through depleted bacterial transcripts and chemical signals,"Alexey Vorobev, Shalabh Sharma, Mengyun Yu et al. (n=9)",Alexey Vorobev; Shalabh Sharma; Mengyun Yu; Juhyung Lee; Benjamin J. Washington; William B. Whitman; Ford Ballantyne; Patricia M. Medeiros; Mary Ann Moran,Environmental Microbiology,https://doi.org/10.1111/1462-2920.14344,biogeochem_carbon; estuary_coastal; marine; microbial_coupling; soil_terrestrial,5
2018,Abiotic formation of organoiodine compounds by manganese dioxide induced iodination of dissolved organic matter,"Zhineng Hao, Juan Wang, Yongguang Yin et al. (n=5)",Zhineng Hao; Juan Wang; Yongguang Yin; Dong Cao; Jingfu Liu,Environmental Pollution,https://doi.org/10.1016/j.envpol.2018.02.001,biogeochem_carbon; methods_instrumentation,2
2018,Adsorption and Molecular Fractionation of Dissolved Organic Matter on Iron-Bearing Mineral Matrices of Varying Crystallinity,"Elizabeth K. Coward, Tsutomu Ohno, Alain F. Plante",Elizabeth K. Coward; Tsutomu Ohno; Alain F. Plante,Environmental Science & Technology,https://doi.org/10.1021/acs.est.7b04953,atmosphere_aerosol; biogeochem_carbon; freshwater_lake; petroleum_fossil; soil_terrestrial,5
2018,Facet-Mediated Adsorption and Molecular Fractionation of Humic Substances on Hematite Surfaces,"Jitao Lv, Yuexia Miao, Zaoquan Huang et al. (n=5)",Jitao Lv; Yuexia Miao; Zaoquan Huang; Ruixia Han; Shuzhen Zhang,Environmental Science & Technology,https://doi.org/10.1021/acs.est.8b03940,biochar_black_carbon; biogeochem_carbon; methods_instrumentation; sediment_porewater; soil_terrestrial,5
2018,Land Use Controls on the Spatial Variability of Dissolved Black Carbon in a Subtropical Watershed,"Alan Roebuck, Michael Seidel, Thorsten Dittmar et al. (n=4)",Alan Roebuck; Michael Seidel; Thorsten Dittmar; Rudolf Jaffé,Environmental Science & Technology,https://doi.org/10.1021/acs.est.8b00190,atmosphere_aerosol; biochar_black_carbon; biogeochem_carbon; disturbance_anthropogenic; estuary_coastal; freshwater_river; marine,7
2018,The Impact of Carbon Source as Electron Donor on Composition and Concentration of Dissolved Organic Nitrogen in Biosorption-Activated Media for Stormwater and Groundwater Co-Treatment,"Ni‐Bin Chang, Dan Wen, Amy M. McKenna et al. (n=4)",Ni‐Bin Chang; Dan Wen; Amy M. McKenna; Martin P. Wanielista,Environmental Science & Technology,https://doi.org/10.1021/acs.est.8b01788,biogeochem_carbon; groundwater; microbial_coupling; wastewater_drinking; wetland_peatland,5
2018,Discrete Organic Phosphorus Signatures are Evident in Pollutant Sources within a Lake Erie Tributary,"Michael R. Brooker, Krista Longnecker, Elizabeth B. Kujawinski et al. (n=5)",Michael R. Brooker; Krista Longnecker; Elizabeth B. Kujawinski; Mary H Evert; Paula Mouser,Environmental Science & Technology,https://doi.org/10.1021/acs.est.7b05703,biogeochem_carbon; disturbance_anthropogenic; estuary_coastal; freshwater_lake; freshwater_river; marine; soil_terrestrial; wastewater_drinking,8
2018,Changes in Dissolved Organic Matter Composition and Disinfection Byproduct Precursors in Advanced Drinking Water Treatment Processes,"Phanwatt Phungsai, Futoshi Kurisu, Ikuro Kasuga et al. (n=4)",Phanwatt Phungsai; Futoshi Kurisu; Ikuro Kasuga; Hiroaki Furumai,Environmental Science & Technology,https://doi.org/10.1021/acs.est.7b04765,biogeochem_carbon; wastewater_drinking,2
2018,In-depth molecular characterization and biodegradability of water-extractable organic nitrogen in Erhai Lake sediment,"Li Zhang, Shengrui Wang, Jiachun Yang et al. (n=4)",Li Zhang; Shengrui Wang; Jiachun Yang; Kechen Xu,Environmental Science and Pollution Research,https://doi.org/10.1007/s11356-018-2122-z,biogeochem_carbon; estuary_coastal; freshwater_lake; marine; sediment_porewater; wastewater_drinking,6
2018,Organic sulfur fingerprint indicates continued injection fluid signature 10 months after hydraulic fracturing,"Jenna L. Luek, Mourad Harir, Philippe Schmitt‐Kopplin et al. (n=5)",Jenna L. Luek; Mourad Harir; Philippe Schmitt‐Kopplin; Paula Mouser; Michael Gonsior,Environmental Science Processes & Impacts,https://doi.org/10.1039/c8em00331a,atmosphere_aerosol; biogeochem_carbon; microbial_coupling; petroleum_fossil,4
2018,High-resolution Fourier transform ion cyclotron resonance mass spectrometry and nuclear magnetic resonance spectroscopy of humic substances,John William Teasdale Blackburn,John William Teasdale Blackburn,ERA,,biogeochem_carbon; freshwater_river; methods_instrumentation; microbial_coupling; soil_terrestrial; wetland_peatland,6
2018,Diversity of bacterial communities and dissolved organic matter in a temperate estuary,"Helena Osterholz, David L. Kirchman, Jutta Niggemann et al. (n=4)",Helena Osterholz; David L. Kirchman; Jutta Niggemann; Thorsten Dittmar,FEMS Microbiology Ecology,https://doi.org/10.1093/femsec/fiy119,biogeochem_carbon; estuary_coastal; marine; microbial_coupling,4
2018,Dissolved Organic Matter molecular composition in the Mediterranean Sea derived from FT-ICR-MS analysis,"Alba María Martínez–Pérez, Helena Osterholz, Mar Nieto‐Cid et al. (n=6)",Alba María Martínez–Pérez; Helena Osterholz; Mar Nieto‐Cid; Marta Álvarez; Thorsten Dittmar; Xosé Antón Álvarez–Salgado,Figshare,https://doi.org/10.1594/pangaea.887676,biogeochem_carbon; marine,2
2018,MATLAB code and raw data (mzXML) for Regional diversity of complex dissolved organic matter across forested hemiboreal headwater streams,Jeffrey A. Hawkes,Jeffrey A. Hawkes,Figshare,https://doi.org/10.1594/pangaea.895543,biogeochem_carbon; freshwater_river,2
2018,"MATLAB code and raw data (mzXML) for one headwater stream, three rivers, one fjord and one seawater sample",Jeffrey A. Hawkes,Jeffrey A. Hawkes,Figshare,https://doi.org/10.1594/pangaea.885274,biogeochem_carbon; disturbance_anthropogenic; freshwater_river; marine,4
2018,Molecular Signals of Heterogeneous Terrestrial Environments Identified in Dissolved Organic Matter: A Comparative Analysis of Orbitrap and Ion Cyclotron Resonance Mass Spectrometers,"Carsten Simon, Vanessa-Nina Roth, Thorsten Dittmar et al. (n=4)",Carsten Simon; Vanessa-Nina Roth; Thorsten Dittmar; Gerd Gleixner,Frontiers in Earth Science,https://doi.org/10.3389/feart.2018.00138,biogeochem_carbon; estuary_coastal; freshwater_lake; freshwater_river; groundwater; marine; sediment_porewater; soil_terrestrial; wetland_peatland,9
2018,Lignin Dimers as Potential Markers for 14C-young Terrestrial Dissolved Organic Matter in the Critical Zone,"Simon Benk, Yan Li, Vanessa-Nina Roth et al. (n=4)",Simon Benk; Yan Li; Vanessa-Nina Roth; Gerd Gleixner,Frontiers in Earth Science,https://doi.org/10.3389/feart.2018.00168,biogeochem_carbon; estuary_coastal; groundwater; marine; microbial_coupling; soil_terrestrial,6
2018,Microbial Interactions With Dissolved Organic Matter Drive Carbon Dynamics and Community Succession,"Xiaoqin Wu, Liyou Wu, Yina Liu et al. (n=10)",Xiaoqin Wu; Liyou Wu; Yina Liu; Ping Zhang; Qinghao Li; Jizhong Zhou; Nancy Hess; Terry C. Hazen; Wanli Yang; Romy Chakraborty,Frontiers in Microbiology,https://doi.org/10.3389/fmicb.2018.01234,biogeochem_carbon; estuary_coastal; groundwater; marine; microbial_coupling; sediment_porewater,6
2018,The Ephemeral Signature of Permafrost Carbon in an Arctic Fluvial Network,"Travis W. Drake, François Guillemette, Jordon Hemingway et al. (n=7)",Travis W. Drake; François Guillemette; Jordon Hemingway; Jeffrey P. Chanton; David C. Podgorski; N. Zimov; Robert G. M. Spencer,Journal of Geophysical Research Biogeosciences,https://doi.org/10.1029/2017jg004311,atmosphere_aerosol; biogeochem_carbon; cryosphere; disturbance_anthropogenic; freshwater_river; marine; microbial_coupling; soil_terrestrial,8
2018,Selective Leaching of Dissolved Organic Matter From Alpine Permafrost Soils on the Qinghai‐Tibetan Plateau,"Yinghui Wang, Yunping Xu, Robert G. M. Spencer et al. (n=10)",Yinghui Wang; Yunping Xu; Robert G. M. Spencer; Phoebe Zito; Anne M. Kellerman; David C. Podgorski; Wenjie Xiao; Dandan Wei; Harunur Rashid; Yuanhe Yang,Journal of Geophysical Research Biogeosciences,https://doi.org/10.1002/2017jg004343,biogeochem_carbon; cryosphere; estuary_coastal; freshwater_river; marine; microbial_coupling; soil_terrestrial,7
2018,An Assessment of Dissolved Organic Carbon Biodegradability and Priming in Blackwater Systems,"Sadie R. Textor, François Guillemette, Phoebe Zito et al. (n=4)",Sadie R. Textor; François Guillemette; Phoebe Zito; Robert G. M. Spencer,Journal of Geophysical Research Biogeosciences,https://doi.org/10.1029/2018jg004470,biogeochem_carbon; estuary_coastal; freshwater_river; marine; microbial_coupling,5
2018,"Flux and Seasonality of Dissolved Organic Matter From the Northern Dvina (Severnaya Dvina) River, Russia","Sarah Ellen Johnston, Н. В. Шорина, E. B. Bulygina et al. (n=11)",Sarah Ellen Johnston; Н. В. Шорина; E. B. Bulygina; Taisya Vorobjeva; Anna А. Chupakova; Sergey I. Klimov; Anne M. Kellerman; François Guillemette; A. I. Shiklomanov; David C. Podgorski; Robert G. M. Spencer,Journal of Geophysical Research Biogeosciences,https://doi.org/10.1002/2017jg004337,biogeochem_carbon; cryosphere; estuary_coastal; freshwater_river; marine; soil_terrestrial,6
2018,Comparison of different solid phase extraction sorbents for the qualitative assessment of dissolved organic nitrogen in freshwater samples using FT-ICR-MS,"Patrick E. Stücheli, Jutta Niggemann, Carsten J. Schubert",Patrick E. Stücheli; Jutta Niggemann; Carsten J. Schubert,Journal of Limnology,https://doi.org/10.4081/jlimnol.2018.1791,biogeochem_carbon; freshwater_lake,2
2018,Characterization of dissolved organic matter : An analytical challenge,Claudia Patriarca,Claudia Patriarca,KTH Publication Database DiVA (KTH Royal Institute of Technology),,biogeochem_carbon; estuary_coastal; marine; methods_instrumentation,4
2018,High resolution mass spectrometry coupled to ion mobility spectrometry for the analysis of complex matrix,Lilian Valadares Tose,Lilian Valadares Tose,LA Referencia (Red Federada de Repositorios Institucionales de Publicaciones Científicas),,atmosphere_aerosol; biogeochem_carbon; methods_instrumentation; petroleum_fossil,4
2018,The study of carbon in inland waters—from isolated ecosystems to players in the global carbon cycle,"Lars J. Tranvik, Jonathan J. Cole, Yves T. Prairie",Lars J. Tranvik; Jonathan J. Cole; Yves T. Prairie,Limnology and Oceanography Letters,https://doi.org/10.1002/lol2.10068,atmosphere_aerosol; biogeochem_carbon; cryosphere; disturbance_anthropogenic; estuary_coastal; freshwater_lake; freshwater_river; marine; microbial_coupling; sediment_porewater; soil_terrestrial; wetland_peatland,12
2018,Extraction and cleansing of data for a non-targeted analysis of high-resolution mass spectrometry data of wastewater,"Yaroslav Verkh, Marko Rožman, Mira Petrović",Yaroslav Verkh; Marko Rožman; Mira Petrović,MethodsX,https://doi.org/10.1016/j.mex.2018.04.008,biogeochem_carbon; methods_instrumentation; wastewater_drinking,3
2018,The chemodiversity of paddy soil dissolved organic matter correlates with microbial community at continental scales,"Hong‐Yi Li, Hang Wang, Haitao Wang et al. (n=16)",Hong‐Yi Li; Hang Wang; Haitao Wang; Peiyong Xin; Xinhua Xu; Yun Ma; Weiping Liu; Chang-Yun Teng; Cheng‐Liang Jiang; Liping Lou; Wyatt Arnold; Lauren Cralle; Yong‐Guan Zhu; Jinfang Chu; Jack A. Gilbert; Zhijian Zhang,Microbiome,https://doi.org/10.1186/s40168-018-0561-x,atmosphere_aerosol; biogeochem_carbon; microbial_coupling; soil_terrestrial; wetland_peatland,5
2018,Extensive processing of sediment pore water dissolved organic matter during anoxic incubation as observed by high-field mass spectrometry (FTICR-MS),"Juliana Valle, Michael Gonsior, Mourad Harir et al. (n=8)",Juliana Valle; Michael Gonsior; Mourad Harir; Alex Enrich‐Prast; Philippe Schmitt‐Kopplin; David Bastviken; Ralf Conrad; Norbert Hertkorn,MPG.PuRe (Max Planck Society),,atmosphere_aerosol; biogeochem_carbon; estuary_coastal; freshwater_lake; marine; microbial_coupling; sediment_porewater; soil_terrestrial,8
2018,Gelöste organische Substanz in Wäldern mit unterschiedlichem Management,Lisa Thieme,Lisa Thieme,Open MIND,,biogeochem_carbon; microbial_coupling; soil_terrestrial; wetland_peatland,4
2018,"Dissolved organic matter compositions in 0.6–3.4 km deep fracture waters, Kaapvaal Craton, South Africa","Thomas L. Kieft, Clifford C. Walters, Meytal B. Higgins et al. (n=12)",Thomas L. Kieft; Clifford C. Walters; Meytal B. Higgins; Anthony S. Mennito; Catherine F. M. Clewett; Verena B. Heuer; Michael J. Pullin; Sarah Hendrickson; Esta van Heerden; Barbara Sherwood Lollar; Maggie C. Y. Lau; T. C. Onstott,Organic Geochemistry,https://doi.org/10.1016/j.orggeochem.2018.02.003,atmosphere_aerosol; biogeochem_carbon; freshwater_lake,3
2018,"ESI-FTICR-MS Molecular Characterization of DOM Degradation under Warming in Tundra Soils from Utqiagvik (Barrow), Alaska","Hongmei Chen, Ziming Yang, Rosalie Chu et al. (n=8)",Hongmei Chen; Ziming Yang; Rosalie Chu; Nikola Tolić; Liyuan Liang; David E. Graham; Stan D. Wullschleger; Baohua Gu,OSTI OAI (U.S. Department of Energy Office of Scientific and Technical Information),https://doi.org/10.5440/1410297,biogeochem_carbon; cryosphere; estuary_coastal; groundwater; marine; methods_instrumentation; soil_terrestrial,7
2018,The Role of Dissolved Organic Matter (DOM) in Biogeochemical Cycling of Iron within Estuarine and Coastal Waters,Abida Mahmood,Abida Mahmood,Otago University Research Archive (University of Otago),,biogeochem_carbon; disturbance_anthropogenic; estuary_coastal; freshwater_river; marine; methods_instrumentation; microbial_coupling; soil_terrestrial,8
2018,"Dissolved Organic Matter in Marine Environments: A Study of the Origin, Lability and Molecular Composition",Aprami Jaggi,Aprami Jaggi,PRISM (University of Calgary),https://doi.org/10.11575/prism/31770,atmosphere_aerosol; biogeochem_carbon; estuary_coastal; marine; sediment_porewater,5
2018,UltraMassExplorer: a browser‐based application for the evaluation of high‐resolution mass spectrometric data,"Tim Leefmann, Stephan Frickenhaus, Boris Koch",Tim Leefmann; Stephan Frickenhaus; Boris Koch,Rapid Communications in Mass Spectrometry,https://doi.org/10.1002/rcm.8315,biogeochem_carbon; estuary_coastal; marine; methods_instrumentation,4
2018,The Ephemeral Signature of Permafrost Carbon in an Arctic Fluvial Network,"Travis W. Drake, François Guillemette, Jordon Hemingway et al. (n=7)",Travis W. Drake; François Guillemette; Jordon Hemingway; Jeffery P. Chanton; David C. Podgorski; N. Zimov; Robert G. M. Spencer,Repository for Publications and Research Data (ETH Zurich),https://doi.org/10.3929/ethz-c-000794665,biogeochem_carbon; cryosphere; freshwater_river; microbial_coupling; soil_terrestrial,5
2018,High-resolution mass spectrometric characterization of dissolved organic matter from warm and cold periods in the NEEM ice core,"Jianzhong Xu, Amanda M. Grannas, Cunde Xiao et al. (n=7)",Jianzhong Xu; Amanda M. Grannas; Cunde Xiao; Zhiheng Du; A. S. Willoughby; Patrick G. Hatcher; Yanqing An,Sciences in Cold and Arid Regions,https://doi.org/10.3724/sp.j.1226.2018.00038,biogeochem_carbon; cryosphere; marine; methods_instrumentation; soil_terrestrial,5
2018,Yellowstone Hot Springs are Organic Chemodiversity Hot Spots,"Michael Gonsior, Norbert Hertkorn, Nancy W. Hinman et al. (n=7)",Michael Gonsior; Norbert Hertkorn; Nancy W. Hinman; Sabine E.-M. Dvorski; Mourad Harir; William J. Cooper; Philippe Schmitt‐Kopplin,Scientific Reports,https://doi.org/10.1038/s41598-018-32593-x,biogeochem_carbon; estuary_coastal; groundwater; marine,4
2018,Composition-Dependent Sorptive Fractionation of Anthropogenic Dissolved Organic Matter by Fe(III)-Montmorillonite,"Robert B. Young, Shani Avneri-Katz, Amy M. McKenna et al. (n=8)",Robert B. Young; Shani Avneri-Katz; Amy M. McKenna; Huan Chen; William Bahureksa; Tamara Polubesova; Benny Chefetz; Thomas Borch,Soil Systems,https://doi.org/10.3390/soilsystems2010014,biogeochem_carbon; soil_terrestrial,2
2018,Bacterioplankton drawdown of coral mass-spawned organic matter,"Ryan Guillemette, Ryo Kaneko, Jessica M. Blanton et al. (n=11)",Ryan Guillemette; Ryo Kaneko; Jessica M. Blanton; Jasmine Tan; Matthias Witt; Samantha Hamilton; Eric E. Allen; Mónica Medina; Koji Hamasaki; Boris Koch; Farooq Azam,The ISME Journal,https://doi.org/10.1038/s41396-018-0197-7,biogeochem_carbon; estuary_coastal; marine; microbial_coupling,4
2018,"Optical and molecular signatures of dissolved organic matter in Xiangxi Bay and mainstream of Three Gorges Reservoir, China: Spatial variations and environmental implications","Kai Wang, Yu Pang, Chen He et al. (n=10)",Kai Wang; Yu Pang; Chen He; Penghui Li; Shangbin Xiao; Yongge Sun; Qiong Pan; Yahe Zhang; Quan Shi; Ding He,The Science of The Total Environment,https://doi.org/10.1016/j.scitotenv.2018.12.117,biogeochem_carbon; disturbance_anthropogenic; estuary_coastal; freshwater_lake; marine,5
2018,"Optical and molecular characterization of dissolved organic matter (DOM) in the Arctic ice core and the underlying seawater (Cambridge Bay, Canada): Implication for increased autochthonous DOM during ice melting","Simona Retelletti Brogi, Sun‐Yong Ha, Kwanwoo Kim et al. (n=6)",Simona Retelletti Brogi; Sun‐Yong Ha; Kwanwoo Kim; Morgane Derrien; Yun-Kyung Lee; Jin Hur,The Science of The Total Environment,https://doi.org/10.1016/j.scitotenv.2018.01.251,atmosphere_aerosol; biogeochem_carbon; cryosphere; estuary_coastal; marine,5
2018,Compositional changes of dissolved organic carbon during its dynamic desorption from hyporheic zone sediments,"Chenxin Zhou, Yunde Liu, Chongxuan Liu et al. (n=5)",Chenxin Zhou; Yunde Liu; Chongxuan Liu; Yuanyuan Liu; Malak Tfaily,The Science of The Total Environment,https://doi.org/10.1016/j.scitotenv.2018.12.189,biogeochem_carbon; estuary_coastal; groundwater; marine; microbial_coupling; sediment_porewater; soil_terrestrial,7
2018,Characterisation of dissolved organic matter using Fourier-transform ion cyclotron resonance mass spectrometry: Type-specific unique signatures and implications for reactivity,"Xi-Zhi Niu, Mourad Harir, Philippe Schmitt‐Kopplin et al. (n=4)",Xi-Zhi Niu; Mourad Harir; Philippe Schmitt‐Kopplin; Jean‐Philippe Croué,The Science of The Total Environment,https://doi.org/10.1016/j.scitotenv.2018.06.351,biogeochem_carbon; estuary_coastal; marine,3
2018,Nonthermal air plasma dehydration of hydrochar improves its carbon sequestration potential and dissolved organic matter molecular characteristics,"Xiangdong Zhu, Yuchen Liu, Lijie Li et al. (n=8)",Xiangdong Zhu; Yuchen Liu; Lijie Li; Quan Shi; Jianyuan Hou; Renxi Zhang; Shicheng Zhang; Jianmin Chen,The Science of The Total Environment,https://doi.org/10.1016/j.scitotenv.2018.12.399,biogeochem_carbon,1
2018,Spatial-temporal variations of dissolved organic nitrogen molecular composition in agricultural runoff water,"Liguang Li, Zhenli He, Malak Tfaily et al. (n=5)",Liguang Li; Zhenli He; Malak Tfaily; Patrick W. Inglett; Peter J. Stoffella,Water Research,https://doi.org/10.1016/j.watres.2018.01.035,biogeochem_carbon; disturbance_anthropogenic; estuary_coastal; marine; soil_terrestrial; wastewater_drinking,6
2018,Temporal dynamics of halogenated organic compounds in Marcellus Shale flowback,"Jenna L. Luek, Mourad Harir, Philippe Schmitt‐Kopplin et al. (n=5)",Jenna L. Luek; Mourad Harir; Philippe Schmitt‐Kopplin; Paula Mouser; Michael Gonsior,Water Research,https://doi.org/10.1016/j.watres.2018.02.055,atmosphere_aerosol; biogeochem_carbon; petroleum_fossil,3
2018,pH对SPE-HPLC-ESI-Q-TOF-MS检测海水中小分子活性物质的影响研究,"Qian Zhang, Qian Zhang, 宋金明 et al. (n=14)",Qian Zhang; Qian Zhang; 宋金明; Song Jin-ming; 李学刚; Xuegang Li; 彭全材; Peng Quan-cai; 袁华茂; Huamao Yuan; Ning Li; Ning Li; 段丽琴; Liqin Duan,海洋与湖沼,https://doi.org/10.11693/hyhz20180300056,estuary_coastal; marine,2
2019,Review of bg-2018-478,John T. Van Stan,John T. Van Stan,,https://doi.org/10.5194/bg-2018-478-rc2,biogeochem_carbon; soil_terrestrial,2
2019,Applications of FTICR-MS in Oil Spill Studies,"Jagoš R. Radović, Aprami Jaggi, Renzo C. Silva et al. (n=8)",Jagoš R. Radović; Aprami Jaggi; Renzo C. Silva; Ryan W. Snowdon; Derek C. Waggoner; Patrick G. Hatcher; Steve Larter; Thomas B. P. Oldenburg,,https://doi.org/10.1007/978-3-030-11605-7_15,biogeochem_carbon; petroleum_fossil,2
2019,Status and remediation of mercury in fish and aquatic ecosystems,G. Millard,G. Millard,,,biogeochem_carbon; freshwater_lake; freshwater_river; wetland_peatland,4
2019,CHARACTERIZATION AND TRANSFORMATION OF DISSOLVED ORGANIC MATTER (DOM) IN ENGINEERED ULTRAVIOLET (UV) PHOTOLYSIS AND UV-BASED ADVANCED OXIDATION PROCESSES,Padmalathika Varanasi,Padmalathika Varanasi,,https://doi.org/10.37099/mtu.dc.etdr/973,biogeochem_carbon; freshwater_river; microbial_coupling; wastewater_drinking,4
2019,"Biogeochemistry of marine dissolved organic Sulfur : quantification, distribution, molecular composition, and reactivity",Kerstin B. Ksionzek,Kerstin B. Ksionzek,,,atmosphere_aerosol; biogeochem_carbon; estuary_coastal; freshwater_lake; freshwater_river; marine; microbial_coupling,7
2019,ALGAL TOXICITY AND FORMATION OF HALOGENATED ORGANIC COMPOUNDS IN BALLAST WATER AFTER OXIDATIVE TREATMENT,Gregory P. Ziegler,Gregory P. Ziegler,,https://doi.org/10.13016/a4ct-5kzi,biogeochem_carbon; estuary_coastal; freshwater_river,3
2019,Spectroscopic and Molecular-Level Characteristics of Dissolved Organic Matter in a Highly Polluted Urban River in South China,"Quanhui Ye, Ziting Zhang, Yuchen Liu et al. (n=9)",Quanhui Ye; Ziting Zhang; Yuchen Liu; Yinghui Wang; Song Zhang; Chen He; Quan Shi; Hai‐Xiang Zeng; Junjian Wang,ACS Earth and Space Chemistry,https://doi.org/10.1021/acsearthspacechem.9b00151,biogeochem_carbon; disturbance_anthropogenic; estuary_coastal; freshwater_lake; freshwater_river; marine; microbial_coupling; soil_terrestrial; wastewater_drinking,9
2019,Chemical Characterization of Cloudwater Collected at Puy de Dôme by FT-ICR MS Reveals the Presence of SOA Components,"Angelica Bianco, Matthieu Riva, Jean‐Luc Baray et al. (n=8)",Angelica Bianco; Matthieu Riva; Jean‐Luc Baray; Mickaël Ribeiro; Nadine Chaumerliac; C. George; Maxime C. Bridoux; Laurent Deguillaume,ACS Earth and Space Chemistry,https://doi.org/10.1021/acsearthspacechem.9b00153,atmosphere_aerosol; biogeochem_carbon,2
2019,Long-Term Nitrogen Addition Alters the Composition of Soil-Derived Dissolved Organic Matter,"Junjian Wang, Yina Liu, Richard D. Bowden et al. (n=7)",Junjian Wang; Yina Liu; Richard D. Bowden; Kate Lajtha; André J. Simpson; Wanling Huang; Myrna J. Simpson,ACS Earth and Space Chemistry,https://doi.org/10.1021/acsearthspacechem.9b00262,biochar_black_carbon; biogeochem_carbon; estuary_coastal; marine; microbial_coupling; soil_terrestrial,6
2019,Shedding Light on Photosensitized Reactions within Marine-Relevant Organic Thin Films,"Jonathan V. Trueblood, Michael R. Alves, Dylan Power et al. (n=7)",Jonathan V. Trueblood; Michael R. Alves; Dylan Power; Mitchell V. Santander; Richard E. Cochran; Kimberly A. Prather; Vicki H. Grassian,ACS Earth and Space Chemistry,https://doi.org/10.1021/acsearthspacechem.9b00066,atmosphere_aerosol; biogeochem_carbon; estuary_coastal; marine,4
2019,Spatial Variation in the Molecular Composition of Dissolved Organic Matter from the Podzol Soils of a Temperate Pine Forest,"Emmanuelle Maria, Pierre Crançon, Gaëtane Lespès et al. (n=4)",Emmanuelle Maria; Pierre Crançon; Gaëtane Lespès; Maxime C. Bridoux,ACS Earth and Space Chemistry,https://doi.org/10.1021/acsearthspacechem.9b00164,biogeochem_carbon; groundwater; methods_instrumentation; soil_terrestrial,4
2019,Real-Time Detection of Gas-Phase Organohalogens from Aqueous Photochemistry Using Orbitrap Mass Spectrometry,"Marie Roveretto, Mingchan Li, Nathalie Hayeck et al. (n=7)",Marie Roveretto; Mingchan Li; Nathalie Hayeck; Martin Brüggemann; C. Emmelin; S. Perrier; C. George,ACS Earth and Space Chemistry,https://doi.org/10.1021/acsearthspacechem.8b00209,atmosphere_aerosol; biogeochem_carbon; estuary_coastal; marine; methods_instrumentation,5
2019,Ramped PyrOx and Ultrahigh Resolution Mass Spectrometry Insights into the Age and Composition of Arctic River Dissolved Organic Matter,"Jennifer A. Rogers, Valier Galy, J. Chanton et al. (n=4)",Jennifer A. Rogers; Valier Galy; J. Chanton; Robert G. M. Spencer,AGU Fall Meeting Abstracts,,atmosphere_aerosol; biogeochem_carbon; freshwater_lake; freshwater_river; marine,5
2019,Photochemistry After Fire: Application of Ultrahigh Resolution Mass Spectrometry and Two-dimensional NMR to the study of Pyrogenic Dissolved Organic Matter,"Andrew R. Zimmerman, Aleksandar I. Goranov, Andrew S. Wozniak et al. (n=6)",Andrew R. Zimmerman; Aleksandar I. Goranov; Andrew S. Wozniak; Kyle W. Bostick; Siddhartha Mitra; Patrick G. Hatcher,AGU Fall Meeting Abstracts,,biochar_black_carbon; biogeochem_carbon,2
2019,Separation and characterization of marine dissolved organic matter (DOM) by combination of Fe(OH)3 co-precipitation and solid phase extraction followed by ESI FT-ICR MS,"Lijie Li, Zhi Fang, Chen He et al. (n=4)",Lijie Li; Zhi Fang; Chen He; Quan Shi,Analytical and Bioanalytical Chemistry,https://doi.org/10.1007/s00216-019-01663-y,atmosphere_aerosol; biogeochem_carbon; estuary_coastal; marine,4
2019,Fractionation and molecular characterization of natural organic matter (NOM) by solid-phase extraction followed by FT-ICR MS and ion mobility MS,"Yuan Gao, Wei Wang, Chen He et al. (n=6)",Yuan Gao; Wei Wang; Chen He; Zhi Fang; Yahe Zhang; Quan Shi,Analytical and Bioanalytical Chemistry,https://doi.org/10.1007/s00216-019-01943-7,biogeochem_carbon; estuary_coastal; marine; methods_instrumentation,4
2019,Application of Online Liquid Chromatography 7 T FT-ICR Mass Spectrometer Equipped with Quadrupolar Detection for Analysis of Natural Organic Matter,"Donghwi Kim, Sungjune Kim, Sungjune Kim et al. (n=7)",Donghwi Kim; Sungjune Kim; Sungjune Kim; Seungwoo Son; Maeng‐Joon Jung; Sunghwan Kim; Sunghwan Kim,Analytical Chemistry,https://doi.org/10.1021/acs.analchem.9b00689,biogeochem_carbon,1
2019,"Dissolved organic matter characteristics of deciduous and coniferous forests with variable management: different at the source, aligned in the soil","Lisa Thieme, Daniel Graeber, Diana Hofmann et al. (n=11)",Lisa Thieme; Daniel Graeber; Diana Hofmann; Sebastian Bischoff; M. Schwarz; Bernhard Steffen; Ulf-Niklas Meyer; Martin Kaupenjohann; Wolfgang Wilcke; Beate Michalzik; Jan Siemens,Biogeosciences,https://doi.org/10.5194/bg-16-1411-2019,biogeochem_carbon; disturbance_anthropogenic; microbial_coupling; soil_terrestrial,4
2019,Molecular insights into the transformation of dissolved organic matter during hyperthermophilic composting using ESI FT-ICR MS,"Zhen Yu, Xiaoming Liu, Changya Chen et al. (n=6)",Zhen Yu; Xiaoming Liu; Changya Chen; Hanpeng Liao; Zhi Chen; Shungui Zhou,Bioresource Technology,https://doi.org/10.1016/j.biortech.2019.122007,biogeochem_carbon; methods_instrumentation; soil_terrestrial,3
2019,Preferential molecular fractionation of dissolved organic matter by iron minerals with different oxidation states,"Yu Wang, Zheyun Zhang, Lanfang Han et al. (n=10)",Yu Wang; Zheyun Zhang; Lanfang Han; Ke Sun; Jie Jin; Yu Yang; Yan Yang; Zhineng Hao; Jingfu Liu; Baoshan Xing,Chemical Geology,https://doi.org/10.1016/j.chemgeo.2019.05.003,,0
2019,Molecular characteristics of leonardite humic acid and the effect of its fractionations on sulfamethoxazole photodegradation,"Yiyue Zhang, Furong Zhao, Fei Wang et al. (n=7)",Yiyue Zhang; Furong Zhao; Fei Wang; Yahe Zhang; Quan Shi; Xiaomin Han; Huanhuan Geng,Chemosphere,https://doi.org/10.1016/j.chemosphere.2019.125642,microbial_coupling,1
2019,Molecular insight into variations of dissolved organic matters in leachates along China’s largest A/O-MBR-NF process to improve the removal efficiency,"Hui Wang, Zhaowen Cheng, Zhiyi Sun et al. (n=7)",Hui Wang; Zhaowen Cheng; Zhiyi Sun; Nanwen Zhu; Haiping Yuan; Ziyang Lou; Xiaoliang Chen,Chemosphere,https://doi.org/10.1016/j.chemosphere.2019.125354,biogeochem_carbon; estuary_coastal; marine,3
2019,Data for: Molecular characterization of mobilized dissolved organic matter from coals identified by ultrahigh resolution mass spectrometry,Yaling Zhu,Yaling Zhu,Data Archiving and Networked Services (DANS),https://doi.org/10.17632/8rt5gzm2w4.1,biogeochem_carbon,1
2019,Analytical dataset on the molecular compositional changes of dissolved organic matter during hyperthermophilic composting,"Zhen Yu, Xiaoming Liu, Changya Chen et al. (n=6)",Zhen Yu; Xiaoming Liu; Changya Chen; Hanpeng Liao; Zhi Chen; Shungui Zhou,Data in Brief,https://doi.org/10.1016/j.dib.2019.104588,biogeochem_carbon; methods_instrumentation,2
2019,On factors controlling the mobility of organic compounds in water-rock interactions,Yaling Zhu,Yaling Zhu,DepositOnce,https://doi.org/10.14279/depositonce-8319,atmosphere_aerosol; biochar_black_carbon; biogeochem_carbon; freshwater_lake; marine; petroleum_fossil; sediment_porewater,7
2019,Spatial and Temporal Drivers of Arctic and Boreal Dissolved Organic Matter Composition across Latitudinal Gradients,,,DigiNole (Florida State University),,biogeochem_carbon; cryosphere; disturbance_anthropogenic; estuary_coastal; freshwater_lake; freshwater_river; marine; soil_terrestrial,8
2019,Characteristics of dissolved organic matter in shallow groundwater in the Hetao basin,"Wen Qiao, Huaming Guo, Quan Shi et al. (n=4)",Wen Qiao; Huaming Guo; Quan Shi; Bo Zhao,E3S Web of Conferences,https://doi.org/10.1051/e3sconf/20199802009,biogeochem_carbon; groundwater,2
2019,Lignin Dimers as Potential Markers for 14C-young Terrestrial Dissolved Organic Matter in the Critical Zone,"Simon Benk, Yan Li, Vanessa-Nina Roth et al. (n=4)",Simon Benk; Yan Li; Vanessa-Nina Roth; Gerd Gleixner,EGU General Assembly Conference Abstracts,,biogeochem_carbon; estuary_coastal; groundwater; marine; microbial_coupling; soil_terrestrial,6
2019,Mass differences in metabolome analyses of untargeted direct infusion ultra-high resolution MS data,"Franco Moritz, Daniel Hemmler, Basem Kanawati et al. (n=5)",Franco Moritz; Daniel Hemmler; Basem Kanawati; Jörg‐Peter Schnitzler; Philippe Schmitt‐Kopplin,Elsevier eBooks,https://doi.org/10.1016/b978-0-12-814013-0.00012-0,biogeochem_carbon,1
2019,Molecular Composition and Transformation of Dissolved Organic Matter (DOM) in Coal Gasification Wastewater,"Zhi Fang, Lijie Li, Bin Jiang et al. (n=7)",Zhi Fang; Lijie Li; Bin Jiang; Chen He; Yongyong Li; Chunming Xu; Quan Shi,Energy & Fuels,https://doi.org/10.1021/acs.energyfuels.8b04450,biogeochem_carbon; methods_instrumentation; petroleum_fossil; wastewater_drinking,4
2019,Comparison of the Effects of Extraction Techniques on Mass Spectrometry Profiles of Dissolved Organic Compounds in Oil Sand Process-Affected Water,"Hattan A. Alharbi, Garrett Morandi, Paul D. Jones et al. (n=5)",Hattan A. Alharbi; Garrett Morandi; Paul D. Jones; Steve Wiseman; John P. Giesy,Energy & Fuels,https://doi.org/10.1021/acs.energyfuels.9b00813,biogeochem_carbon; freshwater_lake; petroleum_fossil,3
2019,Fate of dissolved organic nitrogen during the Anammox process using ultra-high resolution mass spectrometry,"Li Zhang, Yongzhen Peng, Zheng Ge et al. (n=4)",Li Zhang; Yongzhen Peng; Zheng Ge; Kechen Xu,Environment International,https://doi.org/10.1016/j.envint.2019.105042,biogeochem_carbon; microbial_coupling; petroleum_fossil; wastewater_drinking,4
2019,Molecular traits of phenolic moieties in dissolved organic matter: Linkages with membrane fouling development,"Danyi Li, Xiaofang Yang, Zhongbo Zhou et al. (n=7)",Danyi Li; Xiaofang Yang; Zhongbo Zhou; Bin Jiang; Ahmed Tawfik; Shanshan Zhao; Fangang Meng,Environment International,https://doi.org/10.1016/j.envint.2019.105202,biogeochem_carbon; freshwater_river; methods_instrumentation; wastewater_drinking,4
2019,Formation of assimilable organic carbon (AOC) during drinking water disinfection: A microbiological prospect of disinfection byproducts,"Guocheng Huang, Tsz‐Wai Ng, Huan Chen et al. (n=6)",Guocheng Huang; Tsz‐Wai Ng; Huan Chen; Alex Chow; Shengwei Liu; Po Keung Wong,Environment International,https://doi.org/10.1016/j.envint.2019.105389,biogeochem_carbon; freshwater_lake; freshwater_river; methods_instrumentation; microbial_coupling; wastewater_drinking,6
2019,"Molecular composition and spatial distribution of dissolved organic matter (DOM) in the Pearl River Estuary, China","Chen He, Qiong Pan, Penghui Li et al. (n=7)",Chen He; Qiong Pan; Penghui Li; Wei Xie; Ding He; Chuanlun Zhang; Quan Shi,Environmental Chemistry,https://doi.org/10.1071/en19051,biogeochem_carbon; estuary_coastal; freshwater_river; marine; soil_terrestrial,5
2019,Molecular fractionation of dissolved organic matter on ferrihydrite: effects of dissolved cations,"Minqin Liu, Yang Ding, Shimeng Peng et al. (n=6)",Minqin Liu; Yang Ding; Shimeng Peng; Yang Lu; Zhi Dang; Zhenqing Shi,Environmental Chemistry,https://doi.org/10.1071/en18235,biogeochem_carbon; groundwater; wastewater_drinking,3
2019,Molecular-scale investigation of soil fulvic acid and water-extractable organic matter by high-resolution mass spectrometry and 1H NMR spectroscopy,"Ruixia Han, Jitao Lv, Lei Luo et al. (n=5)",Ruixia Han; Jitao Lv; Lei Luo; Bei Wen; Shuzhen Zhang,Environmental Chemistry,https://doi.org/10.1071/en18124,biogeochem_carbon; methods_instrumentation; soil_terrestrial,3
2019,Isolation and characterization of hydrophilic dissolved organic matter in waters by ion exchange solid phase extraction followed by high resolution mass spectrometry,"Wei Wang, Chen He, Yuan Gao et al. (n=5)",Wei Wang; Chen He; Yuan Gao; Yahe Zhang; Quan Shi,Environmental Chemistry Letters,https://doi.org/10.1007/s10311-019-00898-6,biogeochem_carbon; estuary_coastal; marine; methods_instrumentation,4
2019,Effects of dissolved organic carbon on desorption of aged phenanthrene from contaminated soils: A mechanistic study,"Lei Luo, Zien Chen, Yuan Cheng et al. (n=6)",Lei Luo; Zien Chen; Yuan Cheng; Jitao Lv; Dong Cao; Bei Wen,Environmental Pollution,https://doi.org/10.1016/j.envpol.2019.113016,microbial_coupling; soil_terrestrial,2
2019,Fate of Labile Organic Carbon in Paddy Soil Is Regulated by Microbial Ferric Iron Reduction,"Jianxin Xu, Xiao‐Ming Li, Guo‐Xin Sun et al. (n=10)",Jianxin Xu; Xiao‐Ming Li; Guo‐Xin Sun; Cui Li; Long‐Jun Ding; Chen He; Li-Guan Li; Quan Shi; Barth F. Smets; Yong‐Guan Zhu,Environmental Science & Technology,https://doi.org/10.1021/acs.est.9b01323,atmosphere_aerosol; biogeochem_carbon; microbial_coupling; soil_terrestrial,4
2019,Controls of Land Use and the River Continuum Concept on Dissolved Organic Matter Composition in an Anthropogenically Disturbed Subtropical Watershed,"Alan Roebuck, Michael Seidel, Thorsten Dittmar et al. (n=4)",Alan Roebuck; Michael Seidel; Thorsten Dittmar; Rudolf Jaffé,Environmental Science & Technology,https://doi.org/10.1021/acs.est.9b04605,biogeochem_carbon; disturbance_anthropogenic; estuary_coastal; freshwater_river; marine; sediment_porewater; soil_terrestrial,7
2019,Reactivity of Natural Organic Matter in Advanced Oxidation Processes and Implications for Catalytic Ceramic Membrane Application,Suona Zhang,Suona Zhang,eSpace (Curtin University),,biogeochem_carbon; wastewater_drinking,2
2019,Non‐target screening of leaf litter‐derived dissolved organic matter using liquid chromatography coupled to high‐resolution mass spectrometry (LC‐QTOF‐MS),"Olaf Brock, Rick Helmus, Karsten Kalbitz et al. (n=4)",Olaf Brock; Rick Helmus; Karsten Kalbitz; Boris Jansen,European Journal of Soil Science,https://doi.org/10.1111/ejss.12894,biogeochem_carbon; estuary_coastal; marine; soil_terrestrial,4
2019,Untargeted chemometric characterisation of high resolution orbitrap mass spectra of riverine and point source dissolved organic matter,Jonathan Pemberton,Jonathan Pemberton,Explore Bristol Research,,biogeochem_carbon,1
2019,Understanding the structural complexity of dissolved organic matter: isomeric diversity,"Dennys Leyva, Lílian V. Tose, Jacob Porter et al. (n=6)",Dennys Leyva; Lílian V. Tose; Jacob Porter; Jeremy J. Wolff; Rudolf Jaffé; Francisco Fernández-Lima,Faraday Discussions,https://doi.org/10.1039/c8fd00221e,biogeochem_carbon; estuary_coastal; marine,3
2019,Online supercritical fluid extraction mass spectrometry (SFE-LC-FTMS) for sensitive characterization of soil organic matter,"Yufeng Shen, Rui Zhao, Nikola Tolić et al. (n=8)",Yufeng Shen; Rui Zhao; Nikola Tolić; Malak Tfaily; Errol Robinson; Rene Boiteau; Ljiljana Paša‐Tolić; Nancy Hess,Faraday Discussions,https://doi.org/10.1039/c9fd00011a,biogeochem_carbon; methods_instrumentation; soil_terrestrial; wetland_peatland,4
2019,Dissolved Organic Carbon Turnover in Permafrost-Influenced Watersheds of Interior Alaska: Molecular Insights and the Priming Effect,"Sadie R. Textor, Kimberly P. Wickland, David C. Podgorski et al. (n=5)",Sadie R. Textor; Kimberly P. Wickland; David C. Podgorski; Sarah Ellen Johnston; Robert G. M. Spencer,Frontiers in Earth Science,https://doi.org/10.3389/feart.2019.00275,atmosphere_aerosol; biogeochem_carbon; cryosphere; disturbance_anthropogenic; freshwater_river; marine; microbial_coupling; soil_terrestrial,8
2019,Fueling Diversity in the Subsurface: Composition and Age of Dissolved Organic Matter in the Critical Zone,"Simon Benk, Lijuan Yan, Robert Lehmann et al. (n=8)",Simon Benk; Lijuan Yan; Robert Lehmann; Vanessa-Nina Roth; Valérie F. Schwab; Kai Uwe Totsche; Kirsten Küsel; Gerd Gleixner,Frontiers in Earth Science,https://doi.org/10.3389/feart.2019.00296,biogeochem_carbon; disturbance_anthropogenic; groundwater; marine; microbial_coupling; wastewater_drinking,6
2019,Molecular Characterization of Mercury Binding Ligands Released by Freshwater Algae Grown at Three Photoperiods,"Vaughn Mangal, Ta Phung, Thien Q. Nguyen et al. (n=4)",Vaughn Mangal; Ta Phung; Thien Q. Nguyen; Céline Guéguen,Frontiers in Environmental Science,https://doi.org/10.3389/fenvs.2018.00155,biogeochem_carbon; estuary_coastal; marine,3
2019,Dissolved Organic Matter Cycling in the Coastal Upwelling System Off Central Peru During an “El Niño” Year,"Maricarmen Igarza, Thorsten Dittmar, Michelle Graco et al. (n=4)",Maricarmen Igarza; Thorsten Dittmar; Michelle Graco; Jutta Niggemann,Frontiers in Marine Science,https://doi.org/10.3389/fmars.2019.00198,biogeochem_carbon; estuary_coastal; marine; microbial_coupling,4
2019,"Non-conservative Behavior of Dissolved Organic Matter and Trace Metals (Mn, Fe, Ba) Driven by Porewater Exchange in a Subtropical Mangrove-Estuary","Corinna Mori, Isaac R. Santos, Hans‐Jürgen Brumsack et al. (n=6)",Corinna Mori; Isaac R. Santos; Hans‐Jürgen Brumsack; Bernhard Schnetger; Thorsten Dittmar; Michael Seidel,Frontiers in Marine Science,https://doi.org/10.3389/fmars.2019.00481,atmosphere_aerosol; biogeochem_carbon; estuary_coastal; freshwater_river; marine; sediment_porewater; wetland_peatland,7
2019,Inorganic and organic iron and copper species of the subterranean estuary: Origins and fate,"Hannelore Waska, Hans‐Jürgen Brumsack, Gudrun Massmann et al. (n=7)",Hannelore Waska; Hans‐Jürgen Brumsack; Gudrun Massmann; Andrea Koschinsky; Bernhard Schnetger; Heike Simon; Thorsten Dittmar,Geochimica et Cosmochimica Acta,https://doi.org/10.1016/j.gca.2019.06.004,estuary_coastal; groundwater; marine,3
2019,<i>Sargassum</i> sp. Act as a Large Regional Source of Marine Dissolved Organic Carbon and Polyphenols,"Leanne C. Powers, Norbert Hertkorn, Natasha McDonald et al. (n=7)",Leanne C. Powers; Norbert Hertkorn; Natasha McDonald; Philippe Schmitt‐Kopplin; Rossana Del Vecchio; Neil V. Blough; Michael Gonsior,Global Biogeochemical Cycles,https://doi.org/10.1029/2019gb006225,biogeochem_carbon; estuary_coastal; marine; soil_terrestrial,4
2019,Molecular characterization of extracted dissolved organic matter from New Zealand coals identified by ultrahigh resolution mass spectrometry,"Yaling Zhu, Andrea Vieth‐Hillebrand, Mareike Noah et al. (n=4)",Yaling Zhu; Andrea Vieth‐Hillebrand; Mareike Noah; Stefanie Poetz,International Journal of Coal Geology,https://doi.org/10.1016/j.coal.2019.01.007,biogeochem_carbon; methods_instrumentation; petroleum_fossil,3
2019,"Optical and Molecular Signatures of Dissolved Organic Matter Reflect Anthropogenic Influence in a Coastal River, Northeast China","Ding He, Chen He, Penghui Li et al. (n=6)",Ding He; Chen He; Penghui Li; Xiaowen Zhang; Quan Shi; Yongge Sun,Journal of Environmental Quality,https://doi.org/10.2134/jeq2018.09.0330,biogeochem_carbon; disturbance_anthropogenic; estuary_coastal; freshwater_river; marine; soil_terrestrial; wastewater_drinking,7
2019,Identifying the Molecular Signatures of Agricultural Expansion in Amazonian Headwater Streams,"Robert G. M. Spencer, Anne M. Kellerman, David C. Podgorski et al. (n=7)",Robert G. M. Spencer; Anne M. Kellerman; David C. Podgorski; Márcia N. Macedo; Kathi Jo Jankowski; Darlisson Nunes; Christopher Neill,Journal of Geophysical Research Biogeosciences,https://doi.org/10.1029/2018jg004910,biogeochem_carbon; disturbance_anthropogenic; estuary_coastal; freshwater_river; marine; microbial_coupling; soil_terrestrial,7
2019,Molecular Hysteresis: Hydrologically Driven Changes in Riverine Dissolved Organic Matter Chemistry During a Storm Event,"Sasha Wagner, Jennifer H. Fair, Serena Matt et al. (n=9)",Sasha Wagner; Jennifer H. Fair; Serena Matt; Jacob D. Hosen; Peter A. Raymond; James E. Saiers; James B. Shanley; Thorsten Dittmar; Aron Stubbins,Journal of Geophysical Research Biogeosciences,https://doi.org/10.1029/2018jg004817,biogeochem_carbon; disturbance_anthropogenic; estuary_coastal; freshwater_river; marine; sediment_porewater; soil_terrestrial,7
2019,UPLC Orbitrap MS/MS-based fingerprints of dissolved organic matter in waste leachate driven by waste age,"Junjie Qiu, Fan Lü, Hua Zhang et al. (n=8)",Junjie Qiu; Fan Lü; Hua Zhang; Wanying Liu; Junlan Chen; Yingtao Deng; Liming Shao; Pinjing He,Journal of Hazardous Materials,https://doi.org/10.1016/j.jhazmat.2019.121205,biogeochem_carbon,1
2019,Long-term Carbon and Copper Impact on Nutrient Removal via Green Sorption Media in Dynamic Linear Ditch Environments,Diana Ordonez,Diana Ordonez,Journal of International Crisis and Risk Communication Research,,biogeochem_carbon; freshwater_lake; microbial_coupling; wastewater_drinking; wetland_peatland,5
2019,Single-throughput Complementary High-resolution Analytical Techniques for Characterizing Complex Natural Organic Matter Mixtures,"Malak Tfaily, Rachel Wilson, Heather M. Brewer et al. (n=8)",Malak Tfaily; Rachel Wilson; Heather M. Brewer; Rosalie Chu; Heino Heyman; David Hoyt; Jennifer Kyle; Samuel Purvine,Journal of Visualized Experiments,https://doi.org/10.3791/59035,atmosphere_aerosol; biogeochem_carbon; marine; microbial_coupling; sediment_porewater; soil_terrestrial; wetland_peatland,7
2019,Single-throughput Complementary High-resolution Analytical Techniques for Characterizing Complex Natural Organic Matter Mixtures,"Malak Tfaily, Rachel Wilson, Heather M. Brewer et al. (n=8)",Malak Tfaily; Rachel Wilson; Heather M. Brewer; Rosalie Chu; Heino Heyman; David Hoyt; Jennifer Kyle; Samuel Purvine,Journal of Visualized Experiments,https://doi.org/10.3791/59035-v,atmosphere_aerosol; biogeochem_carbon; marine; microbial_coupling; sediment_porewater; soil_terrestrial; wetland_peatland,7
2019,Molecular-Level Changes in Dissolved Organic Matter Compositions in Lake Inba Water during KMnO&lt;sub&gt;4&lt;/sub&gt; Oxidation: Assessment by Orbitrap Mass Spectrometry,"Vitharuch Yuthawong, Ikuro Kasuga, Futoshi Kurisu et al. (n=4)",Vitharuch Yuthawong; Ikuro Kasuga; Futoshi Kurisu; Hiroaki Furumai,Journal of Water and Environment Technology,https://doi.org/10.2965/jwet.18-043,biogeochem_carbon; freshwater_lake; freshwater_river,3
2019,Fundamental drivers of dissolved organic matter composition across an Arctic effective precipitation gradient,"Anne M. Kellerman, A. R. Arellano, David C. Podgorski et al. (n=8)",Anne M. Kellerman; A. R. Arellano; David C. Podgorski; E. E. Martin; Jonathan B. Martin; Kelly Deuerling; Thomas S. Bianchi; Robert G. M. Spencer,Limnology and Oceanography,https://doi.org/10.1002/lno.11385,atmosphere_aerosol; biogeochem_carbon; estuary_coastal; freshwater_river; marine; microbial_coupling; wetland_peatland,7
2019,Dry phase conditions prime wet‐phase dissolved organic matter dynamics in intermittent rivers,"Rubén del Campo, Rosa Gómez, Gabriel Singer",Rubén del Campo; Rosa Gómez; Gabriel Singer,Limnology and Oceanography,https://doi.org/10.1002/lno.11163,biogeochem_carbon; estuary_coastal; freshwater_river; marine; microbial_coupling; sediment_porewater; soil_terrestrial,7
2019,Biodegradability of hydrothermally altered deep-sea dissolved organic matter,"Christian T. Hansen, Jutta Niggemann, Helge‐Ansgar Giebel et al. (n=6)",Christian T. Hansen; Jutta Niggemann; Helge‐Ansgar Giebel; Meinhard Simon; Wolfgang Bach; Thorsten Dittmar,Marine Chemistry,https://doi.org/10.1016/j.marchem.2019.103706,biogeochem_carbon; estuary_coastal; marine; microbial_coupling,4
2019,Persistence of dissolved organic matter explained by molecular changes during its passage through soil,"Vanessa-Nina Roth, Markus Lange, Carsten Simon et al. (n=13)",Vanessa-Nina Roth; Markus Lange; Carsten Simon; Norbert Hertkorn; Sebastian Bucher; Tim Goodall; Robert I. Griffiths; Perla Griselle Mellado-Vázquez; Liesje Mommer; Natalie J. Oram; Alexandra Weigelt; Thorsten Dittmar; Gerd Gleixner,Nature Geoscience,https://doi.org/10.1038/s41561-019-0417-4,biogeochem_carbon; microbial_coupling; soil_terrestrial,3
2019,Mobilization of aged and biolabile soil carbon by tropical deforestation,"Travis W. Drake, Kristof Van Oost, Matti Barthel et al. (n=11)",Travis W. Drake; Kristof Van Oost; Matti Barthel; Marijn Bauters; Alison M. Hoyt; David C. Podgorski; Johan Six; Pascal Boeckx; Susan Trumbore; Landry Cizungu Ntaboba; Robert G. M. Spencer,Nature Geoscience,https://doi.org/10.1038/s41561-019-0384-9,biogeochem_carbon; disturbance_anthropogenic; estuary_coastal; soil_terrestrial; wetland_peatland,5
2019,Compositions and structures of particulate and colloidal organic matter in aquatic environment by advanced analytical techniques,"Yong Ran, Dainan Zhang, Shujie Hu et al. (n=5)",Yong Ran; Dainan Zhang; Shujie Hu; Yu Yang; Jingdong Mao,ODU Digital Commons (Old Dominion University),,biochar_black_carbon; biogeochem_carbon; freshwater_river; marine; soil_terrestrial,5
2019,Abiotic formation of dissolved organic sulfur in anoxic sediments of Santa Barbara Basin,"Hussain Abdulla, David J. Burdige, Tomoko Komada",Hussain Abdulla; David J. Burdige; Tomoko Komada,Organic Geochemistry,https://doi.org/10.1016/j.orggeochem.2019.05.009,atmosphere_aerosol; sediment_porewater,2
2019,"Riverine mixing at the molecular scale – An ultrahigh-resolution mass spectrometry study on dissolved organic matter and selected metals in the Amazon confluence zone (Manaus, Brazil)","Carsten Simon, Helena Osterholz, Andrea Koschinsky et al. (n=4)",Carsten Simon; Helena Osterholz; Andrea Koschinsky; Thorsten Dittmar,Organic Geochemistry,https://doi.org/10.1016/j.orggeochem.2019.01.013,biogeochem_carbon; disturbance_anthropogenic; estuary_coastal; groundwater; marine,5
2019,Composition of the dissolved organic matter produced during in situ burning of spilled oil,"Aprami Jaggi, Jagoš R. Radović, L R Snowdon et al. (n=5)",Aprami Jaggi; Jagoš R. Radović; L R Snowdon; Steve Larter; Thomas B. P. Oldenburg,Organic Geochemistry,https://doi.org/10.1016/j.orggeochem.2019.103926,,0
2019,WHONDRS 48 Hour Diel Cycling Study at HJ Andrews Experimental Forest Watershed 1 (WS1),"James Stegen, Amy Goldman, Rosalie Chu et al. (n=15)",James Stegen; Amy Goldman; Rosalie Chu; Robert Danczak; Vanessa Garayburu‐Caruso; Emily Graham; Xinming Lin; Joseph W Morad; Huiying Ren; Lupita Renteria; Charles T. Resch; Malak Tfaily; Nikola Tolić; Jason Toyoda; Jacqueline Wells,OSTI OAI (U.S. Department of Energy Office of Scientific and Technical Information),https://doi.org/10.15485/1509695,biogeochem_carbon; freshwater_river; groundwater; sediment_porewater; wastewater_drinking,5
2019,"WHONDRS 48 Hour Diel Cycling Study at the Erpe River, Germany","Jacqueline Wells, Amy Goldman, Rosalie Chu et al. (n=19)",Jacqueline Wells; Amy Goldman; Rosalie Chu; Robert Danczak; Vanessa Garayburu‐Caruso; Emily Graham; Jörg Lewandowski; Xinming Lin; Karin Meinikmann; Joseph W Morad; Birgit Maria Müller; Huiying Ren; Lupita Renteria; Charles T. Resch; H. D. Schulz; Malak Tfaily; Nikola Tolić; Jason Toyoda; James Stegen,OSTI OAI (U.S. Department of Energy Office of Scientific and Technical Information),https://doi.org/10.15485/1577260,biogeochem_carbon; freshwater_river; groundwater; marine; microbial_coupling; sediment_porewater; wastewater_drinking,7
2019,"WHONDRS 48 Hour Diel Cycling Study at the Altamaha River in Georgia, USA","Robert Danczak, Amy Goldman, Rosalie Chu et al. (n=20)",Robert Danczak; Amy Goldman; Rosalie Chu; Vanessa Garayburu‐Caruso; Emily Graham; Xiaojia He; Xinming Lin; Christof Meile; Joseph W Morad; Huiying Ren; Lupita Renteria; Charles T. Resch; Jurjen Rooze; John F. Schalles; Malak Tfaily; Jonathan Thomle; Nikola Tolić; Jason Toyoda; Jacqueline Wells; James Stegen,OSTI OAI (U.S. Department of Energy Office of Scientific and Technical Information),https://doi.org/10.15485/1577263,biogeochem_carbon; freshwater_river; groundwater; marine; microbial_coupling; sediment_porewater,6
2019,"WHONDRS 48 Hour Diel Cycling Study at the Jordan River, Israel","Amy Goldman, Shai Arnon, Edo Bar‐Zeev et al. (n=17)",Amy Goldman; Shai Arnon; Edo Bar‐Zeev; Rosalie Chu; Robert Danczak; Vanessa Garayburu‐Caruso; Emily Graham; Xinming Lin; Joseph W Morad; Huiying Ren; Lupita Renteria; Charles T. Resch; Malak Tfaily; Nikola Tolić; Jason Toyoda; Jacqueline Wells; James Stegen,OSTI OAI (U.S. Department of Energy Office of Scientific and Technical Information),https://doi.org/10.15485/1577266,biogeochem_carbon; freshwater_river; groundwater; marine; microbial_coupling; sediment_porewater,6
2019,"WHONDRS 48 Hour Diel Cycling Study at the Columbia River in Washington, USA","Vanessa Garayburu‐Caruso, Amy Goldman, Rosalie Chu et al. (n=15)",Vanessa Garayburu‐Caruso; Amy Goldman; Rosalie Chu; Robert Danczak; Emily Graham; Xinming Lin; Joseph W Morad; Huiying Ren; Lupita Renteria; Charles T. Resch; Malak Tfaily; Nikola Tolić; Jason Toyoda; Jacqueline Wells; James Stegen,OSTI OAI (U.S. Department of Energy Office of Scientific and Technical Information),https://doi.org/10.15485/1577265,biogeochem_carbon; freshwater_river; groundwater; marine; microbial_coupling; sediment_porewater,6
2019,"WHONDRS 48 Hour Diel Cycling Study at the East Fork Poplar Creek in Tennessee, USA","Rosalie Chu, Amy Goldman, Scott C. Brooks et al. (n=18)",Rosalie Chu; Amy Goldman; Scott C. Brooks; Robert Danczak; Vanessa Garayburu‐Caruso; Emily Graham; Michael Jones; Nikki Jones; Xinming Lin; Joseph W Morad; Huiying Ren; Lupita Renteria; Charles T. Resch; Malak Tfaily; Nikola Tolić; Jason Toyoda; Jacqueline Wells; James Stegen,OSTI OAI (U.S. Department of Energy Office of Scientific and Technical Information),https://doi.org/10.15485/1577278,biogeochem_carbon; freshwater_river; groundwater; marine; microbial_coupling; sediment_porewater; wastewater_drinking,7
2019,"WHONDRS 48 Hour Diel Cycling Study at the Nisqually River, WA","Lupita Renteria, Amy Goldman, Rosalie Chu et al. (n=16)",Lupita Renteria; Amy Goldman; Rosalie Chu; Robert Danczak; Vanessa Garayburu‐Caruso; Emily Graham; Xinming Lin; Joseph W Morad; Huiying Ren; Charles T. Resch; Malak Tfaily; Nikola Tolić; Jason Toyoda; Jacqueline Wells; Katherine R. Znotinas; James Stegen,OSTI OAI (U.S. Department of Energy Office of Scientific and Technical Information),https://doi.org/10.15485/1576995,biogeochem_carbon; cryosphere; freshwater_river; groundwater; microbial_coupling; sediment_porewater,6
2019,(Table S1) General information of solid phase extracted dissolved organic matter from porewater and overlying bottom water collected during Maria S. Merian cruise MSM29 and Polarstern cruise PS85 to the Fram Strait,"Pamela E. Rossel, Thorsten Dittmar",Pamela E. Rossel; Thorsten Dittmar,Publishing Network for Geoscientific and Environmental Data (PANGAEA) (Alfred Wegener Institute for Polar and Marine Research),https://doi.org/10.1594/pangaea.908707,biogeochem_carbon; marine; methods_instrumentation; sediment_porewater,4
2019,Spiekeroog beach subterranean estuary &amp; seawater: Dissolved organic matter (DOM) fingerprints,"Hannelore Waska, Hans‐Jürgen Brumsack, Gudrun Massmann et al. (n=7)",Hannelore Waska; Hans‐Jürgen Brumsack; Gudrun Massmann; Andrea Koschinsky; Bernhard Schnetger; Heike Simon; Thorsten Dittmar,Publishing Network for Geoscientific and Environmental Data (PANGAEA) (Alfred Wegener Institute for Polar and Marine Research),https://doi.org/10.1594/pangaea.902844,biogeochem_carbon; disturbance_anthropogenic; estuary_coastal; groundwater; marine; methods_instrumentation; sediment_porewater,7
2019,Microbial processing of sediment-derived dissolved organic matter,"Ruanhong Cai, Wenchu Zhou, Chen He et al. (n=6)","Ruanhong Cai; Wenchu Zhou; Chen He; Quan, Shi; Weidong Guo; Kai Tang",Publishing Network for Geoscientific and Environmental Data (PANGAEA) (Alfred Wegener Institute for Polar and Marine Research),https://doi.org/10.1594/pangaea.907703,biogeochem_carbon; marine; microbial_coupling; sediment_porewater,4
2019,Untargeted characterisation of dissolved organic matter contributions to rivers from anthropogenic point sources using direct‐infusion and high‐performance liquid chromatography/Orbitrap mass spectrometry,"Jonathan Pemberton, Charlotte Lloyd, Christopher J. Arthur et al. (n=7)",Jonathan Pemberton; Charlotte Lloyd; Christopher J. Arthur; Penny J Johnes; Michael Dickinson; Adrian J. Charlton; Richard P. Evershed,Rapid Communications in Mass Spectrometry,https://doi.org/10.1002/rcm.8618,biogeochem_carbon; estuary_coastal; freshwater_river; marine,4
2019,Effect of endogenous microbiota on the molecular composition of cloud water: a study by Fourier-transform ion cyclotron resonance mass spectrometry (FT-ICR MS),"Angelica Bianco, Laurent Deguillaume, Nadine Chaumerliac et al. (n=7)",Angelica Bianco; Laurent Deguillaume; Nadine Chaumerliac; Mickaël Vaïtilingom; Miao Wang; Anne‐Marie Delort; Maxime C. Bridoux,Scientific Reports,https://doi.org/10.1038/s41598-019-44149-8,atmosphere_aerosol; biogeochem_carbon; microbial_coupling,3
2019,Microbial transformation of virus-induced dissolved organic matter from picocyanobacteria: coupling of bacterial diversity and DOM chemodiversity,"Zhao Zhao, Michael Gonsior, Philippe Schmitt‐Kopplin et al. (n=7)",Zhao Zhao; Michael Gonsior; Philippe Schmitt‐Kopplin; Yuanchao Zhan; Rui Zhang; Nianzhi Jiao; Feng Chen,The ISME Journal,https://doi.org/10.1038/s41396-019-0449-1,biogeochem_carbon; estuary_coastal; marine; microbial_coupling,4
2019,Linking the molecular composition of autochthonous dissolved organic matter to source identification for freshwater lake ecosystems by combination of optical spectroscopy and FT-ICR-MS analysis,"Shasha Liu, Zhongqi He, Zhi Tang et al. (n=10)",Shasha Liu; Zhongqi He; Zhi Tang; Leizhen Liu; Junwen Hou; Tingting Li; Yahe Zhang; Quan Shi; John P. Giesy; Fengchang Wu,The Science of The Total Environment,https://doi.org/10.1016/j.scitotenv.2019.134764,estuary_coastal; freshwater_lake; marine; microbial_coupling,4
2019,"Spectroscopic and molecular-level characteristics of dissolved organic matter in the Pearl River Estuary, South China","Yuchen Liu, Quanhui Ye, Wanling Huang et al. (n=11)",Yuchen Liu; Quanhui Ye; Wanling Huang; Lian Feng; Yinghui Wang; Zheng Xie; Shanshan Yong; Song Zhang; Bin Jiang; Yan Zheng; Junjian Wang,The Science of The Total Environment,https://doi.org/10.1016/j.scitotenv.2019.136307,atmosphere_aerosol; biogeochem_carbon; disturbance_anthropogenic; estuary_coastal; freshwater_river; marine,6
2019,"Linking molecular and optical properties of dissolved organic matter across a soil-water interface on Akimiski Island (Nunavut, Canada)","Vaughn Mangal, Sherri L. DeGasparro, David Beresford et al. (n=4)",Vaughn Mangal; Sherri L. DeGasparro; David Beresford; Céline Guéguen,The Science of The Total Environment,https://doi.org/10.1016/j.scitotenv.2019.135415,atmosphere_aerosol; biogeochem_carbon; estuary_coastal; marine; soil_terrestrial,5
2019,Sunlight-induced phototransformation of transphilic and hydrophobic fractions of Suwannee River dissolved organic matter,"Xi-Zhi Niu, Mourad Harir, Philippe Schmitt‐Kopplin et al. (n=4)",Xi-Zhi Niu; Mourad Harir; Philippe Schmitt‐Kopplin; Jean‐Philippe Croué,The Science of The Total Environment,https://doi.org/10.1016/j.scitotenv.2019.133737,atmosphere_aerosol; biogeochem_carbon; estuary_coastal; freshwater_river; marine,5
2019,Anthropogenic influences on dissolved organic matter transport in high arsenic groundwater: Insights from stable carbon isotope analysis and electrospray ionization Fourier transform ion cyclotron resonance mass spectrometry,"Kai Yu, Yanhua Duan, Yiqun Gan et al. (n=5)",Kai Yu; Yanhua Duan; Yiqun Gan; Yanan Zhang; Ke Zhao,The Science of The Total Environment,https://doi.org/10.1016/j.scitotenv.2019.135162,biogeochem_carbon; groundwater; methods_instrumentation,3
2019,Iron plays an important role in molecular fractionation of dissolved organic matter at soil-water interface,"Zaoquan Huang, Jitao Lv, Dong Cao et al. (n=4)",Zaoquan Huang; Jitao Lv; Dong Cao; Shuzhen Zhang,The Science of The Total Environment,https://doi.org/10.1016/j.scitotenv.2019.03.214,biogeochem_carbon; estuary_coastal; marine; methods_instrumentation; soil_terrestrial,5
2019,A preparative method for the isolation and fractionation of dissolved organic acids from bitumen-influenced waters,"Anthony E. Bauer, Richard Frank, John V. Headley et al. (n=11)",Anthony E. Bauer; Richard Frank; John V. Headley; Craig B. Milestone; Suzanne P. Batchelor; Kerry M. Peru; Martina D. Rudy; Sophie E. Barrett; Ruth Vanderveen; D. George Dixon; L. Mark Hewitt,The Science of The Total Environment,https://doi.org/10.1016/j.scitotenv.2019.03.244,biogeochem_carbon; freshwater_lake; methods_instrumentation; petroleum_fossil,4
2019,Orbitrap molecular fingerprint of dissolved organic matter in natural waters and its relationship with NDMA formation potential,"María José Farré, Adrián Jaén-Gil, Jeffrey A. Hawkes et al. (n=5)",María José Farré; Adrián Jaén-Gil; Jeffrey A. Hawkes; Mira Petrović; Núria Catalán,The Science of The Total Environment,https://doi.org/10.1016/j.scitotenv.2019.03.280,biogeochem_carbon,1
2019,Oil Sands Process-Affected Water Toxicity Attribution and Evaluating Ageing as a Remediation Strategy,Ian G. M. Gault,Ian G. M. Gault,University of Alberta Library,https://doi.org/10.7939/r3-6rgc-mm37,biogeochem_carbon; freshwater_lake; petroleum_fossil,3
2019,The Contribution of Coniferous Canopy to the Molecular Diversity of Dissolved Organic Matter in Rainfall,"Jun’ichiro Ide, Naoki Makita, Seonghun Jeong et al. (n=5)",Jun’ichiro Ide; Naoki Makita; Seonghun Jeong; Keitaro Yamase; Mizue Ohashi,Water,https://doi.org/10.3390/w11010167,atmosphere_aerosol; biogeochem_carbon; disturbance_anthropogenic; estuary_coastal; marine; soil_terrestrial,6
2019,Investigating Influence of Hydrological Regime on Organic Matters Characteristic in a Korean Watershed,"Sang‐Soo Baek, Hyuk Lee, Jongkwan Park et al. (n=4)",Sang‐Soo Baek; Hyuk Lee; Jongkwan Park; Kyung Cho,Water,https://doi.org/10.3390/w11030512,biogeochem_carbon; disturbance_anthropogenic; estuary_coastal; freshwater_river; marine; soil_terrestrial,6
2019,Evaluating the contributions of different organic matter sources to urban river water during a storm event via optical indices and molecular composition,"Mi‐Hee Lee, Yun-Kyung Lee, Morgane Derrien et al. (n=7)",Mi‐Hee Lee; Yun-Kyung Lee; Morgane Derrien; Kwang‐Soon Choi; Kyung‐Hoon Shin; Kyoung‐Soon Jang; Jin Hur,Water Research,https://doi.org/10.1016/j.watres.2019.115006,disturbance_anthropogenic; estuary_coastal; freshwater_river; groundwater; marine; soil_terrestrial,6
2019,The chemodiversity of algal dissolved organic matter from lysed Microcystis aeruginosa cells and its ability to form disinfection by-products during chlorination,"Michael Gonsior, Leanne C. Powers, Ernest Williams et al. (n=8)",Michael Gonsior; Leanne C. Powers; Ernest Williams; Allen R. Place; Feng Chen; Alexander Ruf; Norbert Hertkorn; Philippe Schmitt‐Kopplin,Water Research,https://doi.org/10.1016/j.watres.2019.02.030,biogeochem_carbon; estuary_coastal; marine; methods_instrumentation; microbial_coupling,5
2019,Molecular differences between water column and sediment pore water SPE-DOM in ten Swedish boreal lakes,"Juliana Valle, Mourad Harir, Michael Gonsior et al. (n=7)",Juliana Valle; Mourad Harir; Michael Gonsior; Alex Enrich‐Prast; Philippe Schmitt‐Kopplin; David Bastviken; Norbert Hertkorn,Water Research,https://doi.org/10.1016/j.watres.2019.115320,biogeochem_carbon; disturbance_anthropogenic; estuary_coastal; freshwater_lake; groundwater; marine; sediment_porewater,7
2019,Molecular change of dissolved organic matter and patterns of bacterial activity in a stream along a land-use gradient,"Norbert Kamjunke, Norbert Hertkorn, Mourad Harir et al. (n=9)",Norbert Kamjunke; Norbert Hertkorn; Mourad Harir; Philippe Schmitt‐Kopplin; Christian Griebler; Mario Brauns; Wolf von Tümpling; Markus Weitere; Peter Herzsprung,Water Research,https://doi.org/10.1016/j.watres.2019.114919,biogeochem_carbon; disturbance_anthropogenic; estuary_coastal; freshwater_river; marine; microbial_coupling; soil_terrestrial,7
2019,Microbial production and consumption of dissolved organic matter in glacial ecosystems on the Tibetan Plateau,"Lei Zhou, Yongqiang Zhou, Yang Hu et al. (n=11)",Lei Zhou; Yongqiang Zhou; Yang Hu; Jian Cai; Xin Liu; Chengrong Bai; Xiangming Tang; Yunlin Zhang; Kyoung‐Soon Jang; Robert G. M. Spencer; Erik Jeppesen,Water Research,https://doi.org/10.1016/j.watres.2019.05.048,biogeochem_carbon; cryosphere; estuary_coastal; marine; microbial_coupling,5
2019,Molecular understanding of dissolved black carbon sorption in soil-water environment,"Lei Luo, Zien Chen, Jitao Lv et al. (n=6)",Lei Luo; Zien Chen; Jitao Lv; Yuan Cheng; Tong Wu; Rixiang Huang,Water Research,https://doi.org/10.1016/j.watres.2019.01.060,biochar_black_carbon; estuary_coastal; marine; soil_terrestrial,4
2019,Effect of temperature on the characterization of soluble microbial products in activated sludge system with special emphasis on dissolved organic nitrogen,"Haidong Hu, Yuanji Shi, Kewei Liao et al. (n=6)",Haidong Hu; Yuanji Shi; Kewei Liao; Haijun Ma; Ke Xu; Hongqiang Ren,Water Research,https://doi.org/10.1016/j.watres.2019.06.034,biogeochem_carbon; microbial_coupling; wastewater_drinking,3
2020,Use of FT ICR MS to characterize seasonal and spatial variability of dissolved organic matter in a small forested catchment,"Maria Paula da Silva, Thorsten Reemtsma, Katharina Blaurock et al. (n=5)",Maria Paula da Silva; Thorsten Reemtsma; Katharina Blaurock; Burkhard Beudert; Oliver J. Lechtenfeld,,https://doi.org/10.5194/egusphere-egu2020-19822,atmosphere_aerosol; biogeochem_carbon; disturbance_anthropogenic; estuary_coastal; freshwater_river; marine; microbial_coupling; wetland_peatland,8
2020,Replication Data for: Arctic cold seeps alter dissolved organic matter composition at the Svalbard continental margin and the Barents Sea,"Muhammed Fatih Sert, Juliana D’Andrilli, Friederike Gründger et al. (n=8)",Muhammed Fatih Sert; Juliana D’Andrilli; Friederike Gründger; Helge Niemann; Mats A. Granskog; Alexey K. Pavlov; Benedicte Ferré; Anna Silyakova,,https://doi.org/10.18710/jhb371,atmosphere_aerosol; biogeochem_carbon; cryosphere; marine; methods_instrumentation; microbial_coupling; petroleum_fossil; sediment_porewater,8
2020,The molecular composition of dissolved organic matter (DOM) and its effects on the greenhouse gas production in pristine subarctic rivers,"Taija Saarela, Helena Jäntti, Mizue Ohashi et al. (n=7)",Taija Saarela; Helena Jäntti; Mizue Ohashi; Jun’ichiro Ide; Frank Berninger; Anne Ojala; Jukka Pumpanen,,https://doi.org/10.5194/egusphere-egu2020-7936,atmosphere_aerosol; biogeochem_carbon; estuary_coastal; freshwater_river; marine; methods_instrumentation; microbial_coupling; soil_terrestrial; wetland_peatland,9
2020,Travel time and source variation explain the molecular transformation of dissolved organic matter in an Alpine stream network,"Hannes Peter, Gabriel Singer, Amber J. Ulseth et al. (n=6)",Hannes Peter; Gabriel Singer; Amber J. Ulseth; Thorsten Dittmar; Yves T. Prairie; Tom J. Battin,,https://doi.org/10.1002/essoar.10501959.1,biogeochem_carbon; disturbance_anthropogenic; estuary_coastal; freshwater_river; marine; sediment_porewater; soil_terrestrial,7
2020,Evaluating the potential of FT-ICR-MS to identify source-specific markers and trace molecular transformations in particulate organic matter,"Johanna Menges, Niels Hovius, Stefanie Poetz et al. (n=5)",Johanna Menges; Niels Hovius; Stefanie Poetz; Helena Osterholz; Dirk Sachse,,https://doi.org/10.5194/egusphere-egu2020-18089,atmosphere_aerosol; biogeochem_carbon; estuary_coastal; freshwater_lake; freshwater_river; marine; sediment_porewater; soil_terrestrial,8
2020,Shedding light into the forest: improved understanding of DOM processing in freshwater using complementary experimental and machine learning approaches,"Oliver J. Lechtenfeld, Valerie Carolin Wentzky, Karsten Rinke et al. (n=10)",Oliver J. Lechtenfeld; Valerie Carolin Wentzky; Karsten Rinke; Norbert Kamjunke; Wolf von Tümpling; Christin Wilske; Kurt Friese; Bertram Böhrer; Thorsten Reemtsma; Peter Herzsprung,,https://doi.org/10.5194/egusphere-egu2020-7437,biogeochem_carbon; disturbance_anthropogenic; estuary_coastal; freshwater_lake; freshwater_river; marine; microbial_coupling; wastewater_drinking,8
2020,Phytoplankton communities influence the dissolved organic matter composition of the sea-surface microlayer,"Lea Oeljeschlaeger, Nils Hendrik Hintz, Jutta Niggemann et al. (n=5)",Lea Oeljeschlaeger; Nils Hendrik Hintz; Jutta Niggemann; Oliver Wurl; Thorsten Dittmar,,https://doi.org/10.5194/egusphere-egu2020-19041,atmosphere_aerosol; biogeochem_carbon; estuary_coastal; marine; microbial_coupling,5
2020,Simultaneous fate of trace organic compounds and dissolved organic matter in surface water and the hyporheic zone of an urban river,"Birgit M. Mueller, H. D. Schulz, Anke Putschew et al. (n=4)",Birgit M. Mueller; H. D. Schulz; Anke Putschew; Jörg Lewandowski,,https://doi.org/10.5194/egusphere-egu2020-7729,biogeochem_carbon; disturbance_anthropogenic; freshwater_river; groundwater; microbial_coupling; sediment_porewater; soil_terrestrial; wastewater_drinking,8
2020,Resolution of photo chemically induced changes of dissolved organic matter as function of cumulated radiation in a sample of a humic-rich and forested stream,"Peter Herzsprung, Christin Wilske, Wolf von Tümpling et al. (n=5)",Peter Herzsprung; Christin Wilske; Wolf von Tümpling; Norbert Kamjunke; Oliver J. Lechtenfeld,,https://doi.org/10.5194/egusphere-egu2020-5145,biogeochem_carbon; estuary_coastal; freshwater_lake; freshwater_river; marine; methods_instrumentation; wastewater_drinking,7
2020,"Regional variability in stream dissolved organic matter characteristics across forested regions of Canada, and its implications for drinking water treatability","Julia Orlova, David Olefeldt, Fariba Amiri et al. (n=18)",Julia Orlova; David Olefeldt; Fariba Amiri; Alyssa K. Bourgeois; Jim Buttle; E. Cherlet; Monica B. Emelko; B. C. Floyd; David S. Foster; Ryan Hutchins; Rob Jamieson; Mark S. Johnson; Hannah McSorley; Nan Qi; U. Silins; Suzanne E. Tank; Lauren Thompson; Chris Williams,,https://doi.org/10.5194/egusphere-egu2020-12327,biogeochem_carbon; disturbance_anthropogenic; freshwater_river; soil_terrestrial; wastewater_drinking,5
2020,How do early diagenetic processes affect the molecular composition of the sedimentary organic matter?,"Morgane Derrien, Jin Hur, Sunghwan Kim",Morgane Derrien; Jin Hur; Sunghwan Kim,,https://doi.org/10.5194/egusphere-egu2020-6552,biogeochem_carbon; freshwater_lake; freshwater_river; marine; methods_instrumentation; microbial_coupling; sediment_porewater; soil_terrestrial,8
2020,Tampa Bay ocean acidification and the influence of dissolved organic carbon on accurate carbonate system measurements,Miranda Ciel Conley,Miranda Ciel Conley,,https://doi.org/10.1021/scimeetings.0c00627,atmosphere_aerosol; biogeochem_carbon; estuary_coastal; marine,4
2020,Application of Ultrahigh Resolution Mass Spectrometry and Deuterium Labeling to Determine the Contribution of Ketone/ Aldehyde-Containing Species to the Composition and Optical Properties of Dissolved Organic Matter,Marla R. Bianca,Marla R. Bianca,,https://doi.org/10.13016/y6bz-l8t9,biogeochem_carbon; freshwater_lake; freshwater_river; marine; soil_terrestrial,5
2020,Molecular links between whitesand ecosystems and blackwater formation in the Rio Negro watershed,"Carsten Simon, Tânia Pena Pimentel, Maria Terezinha Ferreira Monteiro et al. (n=14)",Carsten Simon; Tânia Pena Pimentel; Maria Terezinha Ferreira Monteiro; Luiz Antônio Cândido; Didier Gastmans; Heike Geilmann; R. C. Oliveira; João Batista Rocha; Elaine Pires; Carlos A. Quesada; Bruce R. Forsberg; Sávio José Filgueiras Ferreira; Hillândia Brandão da Cunha; Gerd Gleixner,,https://doi.org/10.1002/essoar.10503627.2,atmosphere_aerosol; biogeochem_carbon; disturbance_anthropogenic; freshwater_river; marine; soil_terrestrial,6
2020,Molecular properties of dissolved organic matter (DOM) in the subterranean estuary of a high-energy beach: Finding proxies for reactive transport,"Hannelore Waska, Heike Simon, Janis Ahrens et al. (n=7)",Hannelore Waska; Heike Simon; Janis Ahrens; Mélanie Beck; Kai Schwalfenberg; Oliver Zielinski; Thorsten Dittmar,,https://doi.org/10.5194/egusphere-egu2020-3322,biogeochem_carbon; disturbance_anthropogenic; estuary_coastal; groundwater; marine; methods_instrumentation; microbial_coupling; sediment_porewater; soil_terrestrial,9
2020,Investigation of influence of the UV/H₂O₂ advanced oxidation process on dissolved organic matter's characteristics and disinfection byproduct formation potential using UHRMS methods,Yingying Xiang,Yingying Xiang,,https://doi.org/10.14711/thesis-991012818365703412,biogeochem_carbon; methods_instrumentation; wastewater_drinking,3
2020,Reducing Reagents Induce Molecular Artifacts in the Extraction of Soil Organic Matter,"Jitao Lv, Zaoquan Huang, Peter Christie et al. (n=4)",Jitao Lv; Zaoquan Huang; Peter Christie; Shuzhen Zhang,ACS Earth and Space Chemistry,https://doi.org/10.1021/acsearthspacechem.0c00194,biogeochem_carbon; soil_terrestrial,2
2020,In-House Standard Method for Molecular Characterization of Dissolved Organic Matter by FT-ICR Mass Spectrometry,"Chen He, Yahe Zhang, Yunyun Li et al. (n=7)",Chen He; Yahe Zhang; Yunyun Li; Xiaocun Zhuo; Yuguo Li; Chuanlun Zhang; Quan Shi,ACS Omega,https://doi.org/10.1021/acsomega.0c01055,biogeochem_carbon; methods_instrumentation,2
2020,Validation and Evaluation of High-Resolution Orbitrap Mass Spectrometry on Molecular Characterization of Dissolved Organic Matter,"Qiong Pan, Xiaocun Zhuo, Chen He et al. (n=5)",Qiong Pan; Xiaocun Zhuo; Chen He; Yahe Zhang; Quan Shi,ACS Omega,https://doi.org/10.1021/acsomega.9b04411,biogeochem_carbon; methods_instrumentation,2
2020,Structural Characterization of Dissolved Organic Matter at the Chemical Formula Level Using TIMS-FT-ICR MS/MS,"Dennys Leyva, Rudolf Jaffé, Francisco Fernández-Lima",Dennys Leyva; Rudolf Jaffé; Francisco Fernández-Lima,Analytical Chemistry,https://doi.org/10.1021/acs.analchem.0c02347,,0
2020,Online Counter Gradient LC-FT-ICR-MS Enables Detection of Highly Polar Natural Organic Matter Fractions,"Limei Han, Jan Kaesler, Chang Peng et al. (n=5)",Limei Han; Jan Kaesler; Chang Peng; Thorsten Reemtsma; Oliver J. Lechtenfeld,Analytical Chemistry,https://doi.org/10.1021/acs.analchem.0c04426,biogeochem_carbon; freshwater_river; methods_instrumentation; sediment_porewater; wetland_peatland,5
2020,How to Increase Further the Resolving Power of the Ultrahigh Magnetic Field FT ICR Instruments? The New Concept of the FT ICR Cell–the Open Dynamically Harmonized Cell as a Part of the Vacuum System Wall,"Е. Н. Николаев, Anton Lioznov",Е. Н. Николаев; Anton Lioznov,Analytical Chemistry,https://doi.org/10.1021/acs.analchem.0c03237,atmosphere_aerosol; biogeochem_carbon,2
2020,Insights into the molecular transformation in the dissolved organic compounds of agro-waste-hydrochars by microbial-aging using electrospray ionization Fourier transform ion cyclotron resonance mass spectrometry,"Qingnan Chu, Lihong Xue, Bingyu Wang et al. (n=9)",Qingnan Chu; Lihong Xue; Bingyu Wang; Detian Li; Huayong He; Yanfang Feng; Lanfang Han; Linzhang Yang; Baoshan Xing,Bioresource Technology,https://doi.org/10.1016/j.biortech.2020.124411,biogeochem_carbon; methods_instrumentation; microbial_coupling,3
2020,Application of Fourier transform ion cyclotron resonance mass spectrometry to characterize natural organic matter,"Xiaoxiao Zhang, Jiarui Han, Xiangru Zhang et al. (n=9)",Xiaoxiao Zhang; Jiarui Han; Xiangru Zhang; Jimin Shen; Zhonglin Chen; Wei Chu; Jing Kang; Shengxin Zhao; Yaoyu Zhou,Chemosphere,https://doi.org/10.1016/j.chemosphere.2020.127458,biogeochem_carbon; methods_instrumentation,2
2020,"Non-target screening of dissolved organic matter in raw water, coagulated water, and chlorinated water by Orbitrap mass spectrometry","Warangkana Na Phatthalung, Oramas Suttinun, Phanwatt Phungsai et al. (n=7)",Warangkana Na Phatthalung; Oramas Suttinun; Phanwatt Phungsai; Ikuro Kasuga; Futoshi Kurisu; Hiroaki Furumai; Charongpun Musikavong,Chemosphere,https://doi.org/10.1016/j.chemosphere.2020.128437,,0
2020,Characterization of lower Phong river dissolved organic matters and formations of unknown chlorine dioxide and chlorine disinfection by-products by Orbitrap mass spectrometry,"Thirawit Prasert, Y. Ishii, Futoshi Kurisu et al. (n=5)",Thirawit Prasert; Y. Ishii; Futoshi Kurisu; Charongpun Musikavong; Phanwatt Phungsai,Chemosphere,https://doi.org/10.1016/j.chemosphere.2020.128653,freshwater_river; wastewater_drinking,2
2020,"Microbial Degradability of Terrigenous, Marsh-Exported, and Estuarine Colored Dissolved Organic Matter in Long Island Sound",John Supino,John Supino,CUNY Academic Works (City University of New York),,biogeochem_carbon; disturbance_anthropogenic; estuary_coastal; freshwater_river; marine; microbial_coupling; sediment_porewater; wetland_peatland,8
2020,Changes to Modern and Aged Dissolved Organic Matter Inputs into the Kolyma River,,,DigiNole (Florida State University),,biochar_black_carbon; biogeochem_carbon; cryosphere; disturbance_anthropogenic; estuary_coastal; freshwater_river; marine; microbial_coupling; soil_terrestrial,9
2020,Molecular-level characterization of stratified extracellular polymeric substances of anammox sludge and its adsorption preference to refractory dissolved organic matter,"Li Zhang, Yongzhen Peng, Satoshi Soda et al. (n=6)",Li Zhang; Yongzhen Peng; Satoshi Soda; Xiaowu Huang; Yifei Wang; Yanan Zhang,Energy,https://doi.org/10.1016/j.energy.2020.118818,biogeochem_carbon; wastewater_drinking; wetland_peatland,3
2020,Molecular Composition of Photooxidation Products Derived from Sulfur-Containing Compounds Isolated from Petroleum Samples,"Sydney F. Niles, Martha L. Chacón‐Patiño, Alan G. Marshall et al. (n=4)",Sydney F. Niles; Martha L. Chacón‐Patiño; Alan G. Marshall; Ryan P. Rodgers,Energy & Fuels,https://doi.org/10.1021/acs.energyfuels.0c02869,biogeochem_carbon; freshwater_lake; methods_instrumentation; petroleum_fossil,4
2020,"Sunlight-Induced Molecular Progression of Oil into Oxidized Oil Soluble Species, Interfacial Material, and Dissolved Organic Matter","Phoebe Zito, David C. Podgorski, Tessa E. Bartges et al. (n=8)",Phoebe Zito; David C. Podgorski; Tessa E. Bartges; François Guillemette; Alan Roebuck; Robert G. M. Spencer; Ryan P. Rodgers; Matthew A. Tarr,Energy & Fuels,https://doi.org/10.1021/acs.energyfuels.9b04408,atmosphere_aerosol; biogeochem_carbon; petroleum_fossil,3
2020,Tracking photodegradation products and bond-cleavage reaction pathways of triclosan using ultra-high resolution mass spectrometry and stable carbon isotope analysis,"Yi Liu, Majda Mekić, Luca Carena et al. (n=7)",Yi Liu; Majda Mekić; Luca Carena; Davide Vione; Sasho Gligorovski; Gan Zhang; Biao Jin,Environmental Pollution,https://doi.org/10.1016/j.envpol.2020.114673,biogeochem_carbon,1
2020,Characterization of dissolved organic matter in reclaimed wastewater supplying urban rivers with a special focus on dissolved organic nitrogen: A seasonal study,"Haidong Hu, Xinyu Xing, Jinfeng Wang et al. (n=4)",Haidong Hu; Xinyu Xing; Jinfeng Wang; Hongqiang Ren,Environmental Pollution,https://doi.org/10.1016/j.envpol.2020.114959,biogeochem_carbon; disturbance_anthropogenic; freshwater_river; wastewater_drinking,4
2020,Using ESI FT-ICR MS to Characterize Dissolved Organic Matter in Salt Lakes with Different Salinity,"Wei Xu, Qiang Gao, Chen He et al. (n=6)",Wei Xu; Qiang Gao; Chen He; Quan Shi; Zheng-Qing Hou; Huazhang Zhao,Environmental Science & Technology,https://doi.org/10.1021/acs.est.0c01681,biogeochem_carbon; estuary_coastal; freshwater_lake; marine; methods_instrumentation; microbial_coupling; soil_terrestrial,7
2020,Enrichment of Geogenic Ammonium in Quaternary Alluvial–Lacustrine Aquifer Systems: Evidence from Carbon Isotopes and DOM Characteristics,"Yao Du, Yamin Deng, Teng Ma et al. (n=8)",Yao Du; Yamin Deng; Teng Ma; Xu Yu; Yanqiu Tao; Yanwen Huang; Rui Liu; Yanxin Wang,Environmental Science & Technology,https://doi.org/10.1021/acs.est.0c00131,biogeochem_carbon; freshwater_lake; freshwater_river; groundwater; soil_terrestrial,5
2020,"Deciphering Dissolved Organic Matter: Ionization, Dopant, and Fragmentation Insights via Fourier Transform-Ion Cyclotron Resonance Mass Spectrometry","Martin R. Kurek, Brett A. Poulin, Amy M. McKenna et al. (n=4)",Martin R. Kurek; Brett A. Poulin; Amy M. McKenna; Robert G. M. Spencer,Environmental Science & Technology,https://doi.org/10.1021/acs.est.0c05206,atmosphere_aerosol; biogeochem_carbon; estuary_coastal; marine; methods_instrumentation,5
2020,Characterization of an Asphalt Binder and Photoproducts by Fourier Transform Ion Cyclotron Resonance Mass Spectrometry Reveals Abundant Water-Soluble Hydrocarbons,"Sydney F. Niles, Martha L. Chacón‐Patiño, Samuel P. Putnam et al. (n=5)",Sydney F. Niles; Martha L. Chacón‐Patiño; Samuel P. Putnam; Ryan P. Rodgers; Alan G. Marshall,Environmental Science & Technology,https://doi.org/10.1021/acs.est.0c02263,biogeochem_carbon; freshwater_lake; petroleum_fossil,3
2020,Chemodiversity of Soil Dissolved Organic Matter,"Yang Ding, Zhenqing Shi, Qianting Ye et al. (n=8)",Yang Ding; Zhenqing Shi; Qianting Ye; Yuzhen Liang; Minqin Liu; Zhi Dang; Yujun Wang; Chongxuan Liu,Environmental Science & Technology,https://doi.org/10.1021/acs.est.0c01136,biogeochem_carbon; soil_terrestrial,2
2020,Molecular Evidence of Arsenic Mobility Linked to Biodegradable Organic Matter,"Wen Qiao, Huaming Guo, Chen He et al. (n=6)",Wen Qiao; Huaming Guo; Chen He; Quan Shi; Wei Xiu; Bo Zhao,Environmental Science & Technology,https://doi.org/10.1021/acs.est.0c00737,biogeochem_carbon; disturbance_anthropogenic; groundwater; microbial_coupling; sediment_porewater,5
2020,Freezing-Induced Bromate Reduction by Dissolved Organic Matter and the Formation of Organobromine Compounds,"Zhineng Hao, Fengqiong Shi, Dong Cao et al. (n=5)",Zhineng Hao; Fengqiong Shi; Dong Cao; Jingfu Liu; Guibin Jiang,Environmental Science & Technology,https://doi.org/10.1021/acs.est.9b07902,biogeochem_carbon,1
2020,"Optical Properties of Soil Dissolved Organic Matter Are Related to Acidic Functions of Its Components as Revealed by Fractionation, Selective Deuteromethylation, and Ultrahigh Resolution Mass Spectrometry","Alexander Zherebker, Evgeny A. Shirshin, Anna A. Rubekina et al. (n=11)",Alexander Zherebker; Evgeny A. Shirshin; Anna A. Rubekina; Oleg N. Kharybin; А. С. Кононихин; Н. А. Куликова; Kirill V. Zaitsev; Vitaliy A. Roznyatovsky; Yuri K. Grishin; Irina V. Perminova; Е. Н. Николаев,Environmental Science & Technology,https://doi.org/10.1021/acs.est.9b05298,atmosphere_aerosol; biogeochem_carbon; cryosphere; estuary_coastal; marine; soil_terrestrial,6
2020,Chemical Alterations of Dissolved Organic Matter by Permanganate Oxidation,"Juliana R. Laszakovits, Árpád Somogyi, Allison A. MacKay",Juliana R. Laszakovits; Árpád Somogyi; Allison A. MacKay,Environmental Science & Technology,https://doi.org/10.1021/acs.est.9b06675,biogeochem_carbon; estuary_coastal; marine; methods_instrumentation; microbial_coupling; soil_terrestrial; wastewater_drinking,7
2020,Comparison of molecular transformation of dissolved organic matter in vermicomposting and thermophilic composting by ESI-FT-ICR-MS,"Xiaoming Liu, Yi Hou, Zhen Yu et al. (n=7)",Xiaoming Liu; Yi Hou; Zhen Yu; Yueqiang Wang; Shungui Zhou; Bin Jiang; Yuhong Liao,Environmental Science and Pollution Research,https://doi.org/10.1007/s11356-020-09353-4,biogeochem_carbon; methods_instrumentation; soil_terrestrial; wastewater_drinking; wetland_peatland,5
2020,Barium ion adduct mass spectrometry to identify carboxylic acid photoproducts from crude oil–water systems under solar irradiation,"Phoebe Zito, Donald F. Smith, Xian Cao et al. (n=5)",Phoebe Zito; Donald F. Smith; Xian Cao; Rana Ghannam; Matthew A. Tarr,Environmental Science Processes & Impacts,https://doi.org/10.1039/d0em00390e,biogeochem_carbon; freshwater_lake; petroleum_fossil,3
2020,Tracking the formation of new brominated disinfection by-products during the seawater desalination process,"Leanne C. Powers, Annaleise Conway, Carys L. Mitchelmore et al. (n=10)",Leanne C. Powers; Annaleise Conway; Carys L. Mitchelmore; Stephen J. Fleischacker; Mourad Harir; Danielle C. Westerman; Jean Philippe Croué; Philippe Schmitt‐Kopplin; Susan D. Richardson; Michael Gonsior,Environmental Science Water Research & Technology,https://doi.org/10.1039/d0ew00426j,biogeochem_carbon; marine; wastewater_drinking,3
2020,Application of Orbitrap mass spectrometry to investigate seasonal variations of dissolved organic matter composition in a eutrophic lake in Japan,"Vitharuch Yuthawong, Ikuro Kasuga, Futoshi Kurisu et al. (n=4)",Vitharuch Yuthawong; Ikuro Kasuga; Futoshi Kurisu; Hiroaki Furumai,Environmental Science Water Research & Technology,https://doi.org/10.1039/d0ew00129e,biogeochem_carbon; freshwater_lake,2
2020,Compositional Differences in Dissolved Organic Matter Between Arctic Cold Seeps Versus Non-Seep Sites at the Svalbard Continental Margin and the Barents Sea,"Muhammed Fatih Sert, Juliana D’Andrilli, Friederike Gründger et al. (n=8)",Muhammed Fatih Sert; Juliana D’Andrilli; Friederike Gründger; Helge Niemann; Mats A. Granskog; Alexey K. Pavlov; Benedicte Ferré; Anna Silyakova,Frontiers in Earth Science,https://doi.org/10.3389/feart.2020.552731,atmosphere_aerosol; biogeochem_carbon; cryosphere; freshwater_lake; marine; methods_instrumentation; microbial_coupling; petroleum_fossil; sediment_porewater,9
2020,Antioxidant Activity and Phenolic Content of Marine Dissolved Organic Matter and Their Relation to Molecular Composition,"Teresa S. Catalá, Pamela E. Rossel, Félix Álvarez‐Gómez et al. (n=6)",Teresa S. Catalá; Pamela E. Rossel; Félix Álvarez‐Gómez; Jan Tebben; Félix L. Figueroa; Thorsten Dittmar,Frontiers in Marine Science,https://doi.org/10.3389/fmars.2020.603447,biogeochem_carbon; estuary_coastal; marine; sediment_porewater; soil_terrestrial,5
2020,Optical Properties and Photochemical Transformation of the Dissolved Organic Matter Released by Sargassum,"Leanne C. Powers, Rossana Del Vecchio, Neil V. Blough et al. (n=6)",Leanne C. Powers; Rossana Del Vecchio; Neil V. Blough; Natasha McDonald; Philippe Schmitt‐Kopplin; Michael Gonsior,Frontiers in Marine Science,https://doi.org/10.3389/fmars.2020.588287,atmosphere_aerosol; biogeochem_carbon; estuary_coastal; freshwater_river; marine; soil_terrestrial,6
2020,Organic matter in delayed coking wastewater: Molecular composition and its effect on emulsification,"Chen He, Heng Zhong, Yiping Zhang et al. (n=10)",Chen He; Heng Zhong; Yiping Zhang; Yuguo Li; Keng H. Chung; Fang Li; Weilai Zhang; Baichun Wu; Chunming Xu; Quan Shi,Fuel,https://doi.org/10.1016/j.fuel.2020.118432,biogeochem_carbon; freshwater_lake; methods_instrumentation; petroleum_fossil; wastewater_drinking,5
2020,"Impacts of redox conditions on dissolved organic matter (DOM) quality in marine sediments off the River Rhône, Western Mediterranean Sea","Shuchai Gan, Frauke Schmidt, Verena B. Heuer et al. (n=6)",Shuchai Gan; Frauke Schmidt; Verena B. Heuer; Tobias Goldhammer; Matthias Witt; Kai‐Uwe Hinrichs,Geochimica et Cosmochimica Acta,https://doi.org/10.1016/j.gca.2020.02.001,biogeochem_carbon; estuary_coastal; freshwater_river; marine; sediment_porewater,5
2020,"Characterisation of shallow groundwater dissolved organic matter in aeolian, alluvial and fractured rock aquifers","Liza K. McDonough, Helen Rutlidge, Denis M. O’Carroll et al. (n=11)",Liza K. McDonough; Helen Rutlidge; Denis M. O’Carroll; Martin S. Andersen; Karina Meredith; Megan I. Behnke; Robert G. M. Spencer; Amy M. McKenna; Christopher E. Marjo; Phetdala Oudone; Andy Baker,Geochimica et Cosmochimica Acta,https://doi.org/10.1016/j.gca.2020.01.022,atmosphere_aerosol; disturbance_anthropogenic; estuary_coastal; groundwater; marine,5
2020,Photochemistry after fire: Structural transformations of pyrogenic dissolved organic matter elucidated by advanced analytical techniques,"Aleksandar I. Goranov, Andrew S. Wozniak, Kyle W. Bostick et al. (n=6)",Aleksandar I. Goranov; Andrew S. Wozniak; Kyle W. Bostick; Andrew R. Zimmerman; Siddhartha Mitra; Patrick G. Hatcher,Geochimica et Cosmochimica Acta,https://doi.org/10.1016/j.gca.2020.08.030,atmosphere_aerosol; biochar_black_carbon,2
2020,Contrasting impacts of pH on the abiotic transformation of hydrochar-derived dissolved organic matter mediated by δ-MnO2,"Ping Wu, Qing‐Long Fu, Xiangdong Zhu et al. (n=10)",Ping Wu; Qing‐Long Fu; Xiangdong Zhu; Cun Liu; Fei Dang; Karin Müller; Manabu Fujii; Dongmei Zhou; Hailong Wang; Yujun Wang,Geoderma,https://doi.org/10.1016/j.geoderma.2020.114627,biochar_black_carbon; biogeochem_carbon,2
2020,Stream Dissolved Organic Matter in Permafrost Regions Shows Surprising Compositional Similarities but Negative Priming and Nutrient Effects,"Ethan Wologo, Sarah Shakil, Scott Zolkos et al. (n=28)",Ethan Wologo; Sarah Shakil; Scott Zolkos; Sadie R. Textor; S. A. Ewing; Jane K. Klassen; Robert G. M. Spencer; David C. Podgorski; Suzanne E. Tank; Michelle A. Baker; Jonathan A. O’Donnell; Kimberly P. Wickland; Sydney S. Foks; Jay P. Zarnetske; Joseph Lee‐Cullin; Futing Liu; Yuanhe Yang; Pirkko Kortelainen; Jaana Kolehmainen; Joshua Dean; Jorien E. Vonk; R. M. Holmes; Gilles Pinay; Michaela M. Powell; Jansen C. Howe; Rebecca J. Frei; Samuel Bratsman; Benjamin W. Abbott,Global Biogeochemical Cycles,https://doi.org/10.1029/2020gb006719,biogeochem_carbon; cryosphere; freshwater_river; soil_terrestrial; wetland_peatland,5
2020,Development of Standard for Quantitative Molecular Characterization of Dissolved Organic Matter by FT-ICR MS,"Chen He, Yahe Zhang, Yunyun Li et al. (n=7)",Chen He; Yahe Zhang; Yunyun Li; Xiaocun Zhuo; Yuguo Li; Chuanlun L. Zhang; Quan Shi,Goldschmidt Abstracts,https://doi.org/10.46427/gold2020.988,,0
2020,Molecular composition of soil dissolved organic matter in recently-burned and long-unburned boreal forests,"Jun’ichiro Ide, Mizue Ohashi, Kajar Köster et al. (n=9)",Jun’ichiro Ide; Mizue Ohashi; Kajar Köster; Frank Berninger; Ikumi Miura; Naoki Makita; Keitaro Yamase; Marjo Palviainen; Jukka Pumpanen,International Journal of Wildland Fire,https://doi.org/10.1071/wf19085,biochar_black_carbon; biogeochem_carbon; microbial_coupling; soil_terrestrial,4
2020,Diverse molecular compositions of dissolved organic matter derived from different composts using ESI FT-ICR MS,"Minru Liu, Yunkai Tan, Kejing Fang et al. (n=7)",Minru Liu; Yunkai Tan; Kejing Fang; Changya Chen; Zhihua Tang; Xiaoming Liu; Zhen Yu,Journal of Environmental Sciences,https://doi.org/10.1016/j.jes.2020.06.011,biogeochem_carbon; methods_instrumentation; wastewater_drinking,3
2020,Molecular characterization of transformation and halogenation of natural organic matter during the UV/chlorine AOP using FT-ICR mass spectrometry,"Xiaoxue Ruan, Yingying Xiang, Chii Shang et al. (n=7)",Xiaoxue Ruan; Yingying Xiang; Chii Shang; Shuangshuang Cheng; Jingfu Liu; Zhineng Hao; Xin Yang,Journal of Environmental Sciences,https://doi.org/10.1016/j.jes.2020.08.028,biogeochem_carbon; methods_instrumentation,2
2020,Advanced molecular-fingerprinting analysis of dissolved organic sulfur by electrospray ionization-Fourier transform ion cyclotron resonance mass spectrometry using optimal spray solvent,"Dong Cao, Ziyu Rao, Fanglan Geng et al. (n=7)",Dong Cao; Ziyu Rao; Fanglan Geng; Hongyun Niu; Yali Shi; Yaqi Cai; Yuehui Kang,Journal of Environmental Sciences,https://doi.org/10.1016/j.jes.2020.05.008,atmosphere_aerosol; biogeochem_carbon; methods_instrumentation,3
2020,Travel Time and Source Variation Explain the Molecular Transformation of Dissolved Organic Matter in an Alpine Stream Network,"Hannes Peter, Gabriel Singer, Amber J. Ulseth et al. (n=6)",Hannes Peter; Gabriel Singer; Amber J. Ulseth; Thorsten Dittmar; Yves T. Prairie; Tom J. Battin,Journal of Geophysical Research Biogeosciences,https://doi.org/10.1029/2019jg005616,atmosphere_aerosol; biogeochem_carbon; disturbance_anthropogenic; estuary_coastal; freshwater_river; marine; sediment_porewater; soil_terrestrial,8
2020,"Stormflows Drive Stream Carbon Concentration, Speciation, and Dissolved Organic Matter Composition in Coastal Temperate Rainforest Watersheds","Jason B. Fellman, Eran Hood, Megan I. Behnke et al. (n=5)",Jason B. Fellman; Eran Hood; Megan I. Behnke; J. M. Welker; Robert G. M. Spencer,Journal of Geophysical Research Biogeosciences,https://doi.org/10.1029/2020jg005804,atmosphere_aerosol; biogeochem_carbon; disturbance_anthropogenic; estuary_coastal; freshwater_river; marine; soil_terrestrial; wetland_peatland,8
2020,Seasonal changes predominant over manure application in driving dissolved organic matter shifts in agricultural runoff,"Jenna L. Luek, Michael R. Brooker, Bethany L. Ash et al. (n=5)",Jenna L. Luek; Michael R. Brooker; Bethany L. Ash; W. Robert Midden; Paula Mouser,Journal of Great Lakes Research,https://doi.org/10.1016/j.jglr.2020.09.017,disturbance_anthropogenic; estuary_coastal; marine; soil_terrestrial,4
2020,Linking microbial community structure with molecular composition of dissolved organic matter during an industrial-scale composting,"Jiangang Che, Yudan Bai, Xi Li et al. (n=8)",Jiangang Che; Yudan Bai; Xi Li; Jie Ye; Hanpeng Liao; Peng Cui; Zhen Yu; Shungui Zhou,Journal of Hazardous Materials,https://doi.org/10.1016/j.jhazmat.2020.124281,biogeochem_carbon; microbial_coupling; soil_terrestrial; wastewater_drinking; wetland_peatland,5
2020,Unraveling roles of dissolved organic matter in high arsenic groundwater based on molecular and optical signatures,"Wen Qiao, Huaming Guo, Chen He et al. (n=5)",Wen Qiao; Huaming Guo; Chen He; Quan Shi; Bo Zhao,Journal of Hazardous Materials,https://doi.org/10.1016/j.jhazmat.2020.124702,biogeochem_carbon; estuary_coastal; groundwater; marine,4
2020,Molecular characteristics of surface dissolved organic matter in Meiliang Bay of Lake Taihu over the algal blooming-disappearance cycle,"Pang Jiali, Xu Yanhong, Yuxin He et al. (n=6)",Pang Jiali; Xu Yanhong; Yuxin He; SHI Quan; Ding He; Yongge Sun,Journal of Lake Sciences,https://doi.org/10.18307/2020.0603,biogeochem_carbon; estuary_coastal; freshwater_lake; marine; microbial_coupling,5
2020,Characterisation of natural dissolved organic matter with liquid chromatography and high resolution mass spectrometry,Claudia Patriarca,Claudia Patriarca,KTH Publication Database DiVA (KTH Royal Institute of Technology),,biogeochem_carbon; estuary_coastal; marine; methods_instrumentation; microbial_coupling,5
2020,Dissolved organic matter sources in glacierized watersheds delineated through compositional and carbon isotopic modeling,"Megan I. Behnke, Aron Stubbins, Jason B. Fellman et al. (n=6)",Megan I. Behnke; Aron Stubbins; Jason B. Fellman; Eran Hood; Thorsten Dittmar; Robert G. M. Spencer,Limnology and Oceanography,https://doi.org/10.1002/lno.11615,biogeochem_carbon; cryosphere; disturbance_anthropogenic; freshwater_river; marine; soil_terrestrial,6
2020,Hydrologic connectivity determines dissolved organic matter biogeochemistry in northern high‐latitude lakes,"Sarah Ellen Johnston, Robert G. Striegl, Matthew J. Bogard et al. (n=9)",Sarah Ellen Johnston; Robert G. Striegl; Matthew J. Bogard; M. Dornblaser; David Butman; Anne M. Kellerman; Kimberly P. Wickland; David C. Podgorski; Robert G. M. Spencer,Limnology and Oceanography,https://doi.org/10.1002/lno.11417,atmosphere_aerosol; biogeochem_carbon; disturbance_anthropogenic; estuary_coastal; freshwater_lake; marine; soil_terrestrial,7
2020,Highly enriched N‐containing organic molecules of <i>Synechococcus</i> lysates and their rapid transformation by heterotrophic bacteria,"Qiang Zheng, Wenxin Lin, Yu Wang et al. (n=9)",Qiang Zheng; Wenxin Lin; Yu Wang; Yunyun Li; Chen He; Yuan Shen; Weidong Guo; Quan Shi; Nianzhi Jiao,Limnology and Oceanography,https://doi.org/10.1002/lno.11608,biogeochem_carbon; estuary_coastal; marine; microbial_coupling,4
2020,Organic sulfur: A spatially variable and understudied component of marine organic matter,"Krista Longnecker, Lisa Oswald, Melissa C. Kido Soule et al. (n=5)",Krista Longnecker; Lisa Oswald; Melissa C. Kido Soule; Gregory A. Cutter; Elizabeth B. Kujawinski,Limnology and Oceanography Letters,https://doi.org/10.1002/lol2.10149,biogeochem_carbon; estuary_coastal; marine,3
2020,An international laboratory comparison of dissolved organic matter composition by high resolution mass spectrometry: Are we getting the same answer?,"Jeffrey A. Hawkes, Juliana D’Andrilli, Jeffrey N. Agar et al. (n=39)",Jeffrey A. Hawkes; Juliana D’Andrilli; Jeffrey N. Agar; Mark P. Barrow; Stephanie M. Berg; Núria Catalán; Hongmei Chen; Rosalie Chu; Richard B. Cole; Thorsten Dittmar; Rémy Gavard; Gerd Gleixner; Patrick G. Hatcher; Chen He; Nancy Hess; Ryan Hutchins; Amna Ijaz; Hugh E. Jones; William Kew; Maryam Khaksari; Diana Catalina Palacio Lozano; Jitao Lv; Lynn Mazzoleni; Beatriz E. Noriega‐Ortega; Helena Osterholz; Nikola Radoman; Christina K. Remucal; Nicholas D. Schmitt; Simeon Schum; Quan Shi; Carsten Simon; Gabriel Singer; Rachel L. Sleighter; Aron Stubbins; Mary J. Thomas; Nikola Tolić; Shuzhen Zhang; Phoebe Zito; David C. Podgorski,Limnology and Oceanography Methods,https://doi.org/10.1002/lom3.10364,biogeochem_carbon; methods_instrumentation,2
2020,A History of Molecular Level Analysis of Natural Organic Matter by FTICR Mass Spectrometry and The Paradigm Shift in Organic Geochemistry,"William Cooper, Jeffrey C. Chanton, Juliana D’Andrilli et al. (n=8)",William Cooper; Jeffrey C. Chanton; Juliana D’Andrilli; Suzanne B. Hodgkins; David C. Podgorski; Alexandra C. Stenson; Malak Tfaily; Rachel Wilson,Mass Spectrometry Reviews,https://doi.org/10.1002/mas.21663,biogeochem_carbon; wetland_peatland,2
2020,Analysis of natural organic matter via fourier transform ion cyclotron resonance mass spectrometry: an overview of recent non‐petroleum applications,"Yulin Qi, Pingqing Fu, Dietrich A. Volmer",Yulin Qi; Pingqing Fu; Dietrich A. Volmer,Mass Spectrometry Reviews,https://doi.org/10.1002/mas.21634,biogeochem_carbon; freshwater_lake; petroleum_fossil; soil_terrestrial,4
2020,Labilization and diversification of pyrogenic dissolved organic matter by microbes,Aleksandar I. Goranov,Aleksandar I. Goranov,ODU Digital Commons (Old Dominion University),https://doi.org/10.17632/kjkhy3tfys.1,atmosphere_aerosol; biochar_black_carbon; biogeochem_carbon; estuary_coastal; marine; microbial_coupling; soil_terrestrial,7
2020,Lignin; a Likely Precursor of a Significant Fraction of Humic Substances Via Oxidative Transformations,Seyyedhadi Khatami,Seyyedhadi Khatami,ODU Digital Commons (Old Dominion University),https://doi.org/10.25777/0azg-8172,biogeochem_carbon; methods_instrumentation; microbial_coupling; soil_terrestrial,4
2020,Imprint of Kairei and Pelagia deep-sea hydrothermal systems (Indian Ocean) on marine dissolved organic matter,"Ann Noowong, Gonzalo V. Gomez‐Saez, Christian T. Hansen et al. (n=6)",Ann Noowong; Gonzalo V. Gomez‐Saez; Christian T. Hansen; Ulrich Schwarz‐Schampera; Andrea Koschinsky; Thorsten Dittmar,Organic Geochemistry,https://doi.org/10.1016/j.orggeochem.2020.104141,biogeochem_carbon; marine,2
2020,Molecular heterogeneity in pyrogenic dissolved organic matter from a thermal series of oak and grass chars,"Andrew S. Wozniak, Aleksandar I. Goranov, Siddhartha Mitra et al. (n=8)",Andrew S. Wozniak; Aleksandar I. Goranov; Siddhartha Mitra; Kyle W. Bostick; Andrew R. Zimmerman; Danielle R. Schlesinger; Satish C. B. Myneni; Patrick G. Hatcher,Organic Geochemistry,https://doi.org/10.1016/j.orggeochem.2020.104065,atmosphere_aerosol; biochar_black_carbon; biogeochem_carbon,3
2020,"WHONDRS Summer 2019 Sampling Campaign: Global River Corridor Sediment FTICR-MS, Dissolved Organic Carbon, Aerobic Respiration, Elemental Composition, Grain Size, Total Nitrogen and Organic Carbon Content, Bacterial Abundance, and Stable Isotopes (v9)","Amy Goldman, Arnon, Shai, Bar-Zeev, Edo et al. (n=27)","Amy Goldman; Arnon, Shai; Bar-Zeev, Edo; Rosalie Chu; Robert Danczak; Rebecca A. Daly; Delgado, Dillman; Sarah Fansler; Forbes, Brieanne; Vanessa Garayburu‐Caruso; Emily Graham; Laan, Maggi; Marcy L. McCall; McKever, Sophia; Patel, Kaizad F; Ren, Huiying; Lupita Renteria; Charles T. Resch; Rod, Kenton A; Malak Tfaily; Nikola Tolić; Joshua M. Torgeson; Jason Toyoda; Jacqueline Wells; Kelly Wrighton; James Stegen; The WHONDRS Consortium",OSTI OAI (U.S. Department of Energy Office of Scientific and Technical Information),https://doi.org/10.15485/1729719,biogeochem_carbon; freshwater_river; groundwater; methods_instrumentation; microbial_coupling; sediment_porewater,6
2020,"WHONDRS Summer 2019 Sampling Campaign: Global River Corridor Surface Water FTICR-MS, NPOC, TN, Anions, Stable Isotopes, Bacterial Abundance, and Dissolved Inorganic Carbon (v7)","Jason Toyoda, Amy Goldman, Arnon, Shai et al. (n=22)","Jason Toyoda; Amy Goldman; Arnon, Shai; Bar-Zeev, Edo; Rosalie Chu; Robert Danczak; Rebecca A. Daly; Forbes, Brieanne; Vanessa Garayburu‐Caruso; Emily Graham; Xinming Lin; James Moran; Huiying Ren; Lupita Renteria; Charles T. Resch; Malak Tfaily; Nikola Tolić; Joshua M. Torgeson; Jacqueline Wells; Kelly Wrighton; James Stegen; The WHONDRS Consortium",OSTI OAI (U.S. Department of Energy Office of Scientific and Technical Information),https://doi.org/10.15485/1603775,biogeochem_carbon; freshwater_river; marine; methods_instrumentation; microbial_coupling; sediment_porewater,6
2020,Columbia River Surface Water and Pore Water Unaligned FTICR-MS Data Associated with “Using Community Assembly Metrics from Metacommunity Ecology to Understand Environmental Metabolomes”,"Robert Danczak, Rosalie Chu, Sarah Fansler et al. (n=8)",Robert Danczak; Rosalie Chu; Sarah Fansler; Amy Goldman; Emily Graham; Malak Tfaily; Jason Toyoda; James Stegen,OSTI OAI (U.S. Department of Energy Office of Scientific and Technical Information),https://doi.org/10.15485/1675028,biogeochem_carbon; disturbance_anthropogenic; freshwater_river; groundwater; methods_instrumentation; microbial_coupling; sediment_porewater,7
2020,"Aligned FTICR-MS, Respiration, and Biochemical Transformation Data from Columbia River Sediment Incubations Associated with: “Carbon Limitation Leads to Thermodynamic Regulation of Aerobic Metabolism”","Vanessa Garayburu‐Caruso, Amy Goldman, Jason Toyoda et al. (n=8)",Vanessa Garayburu‐Caruso; Amy Goldman; Jason Toyoda; Rosalie Chu; Lupita Renteria; Charles T. Resch; James Stegen; Emily Graham,OSTI OAI (U.S. Department of Energy Office of Scientific and Technical Information),https://doi.org/10.15485/1729720,biogeochem_carbon; freshwater_river; groundwater; sediment_porewater,4
2020,[Molecular Chemo-diversity of the Dissolved Organic Matter Occurring in Urban Stormwater Runoff].,"Yun-Han Nie, Hao Chen, Lei Li et al. (n=8)",Yun-Han Nie; Hao Chen; Lei Li; Yi Zhu; Xin Zhao; Qilong Jia; Huiting Xu; Jianfeng Ye,PubMed,https://doi.org/10.13227/j.hjkx.201910238,biogeochem_carbon; disturbance_anthropogenic,2
2020,Arrhythmia in the Amazon: La Niña influence on riverine organic molecular signatures,"Martin R. Kurek, Aron Stubbins, Travis W. Drake et al. (n=10)",Martin R. Kurek; Aron Stubbins; Travis W. Drake; José Mauro Sousa de Moura; Robert R. Holmes; Helena Osterholz; Thorsten Dittmar; Bernhard Peucker‐Ehrenbrink; Miyuki Mitsuya; Robert G. M. Spencer,Research Square,https://doi.org/10.21203/rs.3.rs-57049/v1,estuary_coastal; marine,2
2020,Biochemical evolution of dissolved organic matter during snow metamorphism across the ablation season for a glacier on the central Tibetan Plateau,"Lin Feng, Yanqing An, Jianzhong Xu et al. (n=6)",Lin Feng; Yanqing An; Jianzhong Xu; Xiaofei Li; Bin Jiang; Yuhong Liao,Scientific Reports,https://doi.org/10.1038/s41598-020-62851-w,atmosphere_aerosol; biogeochem_carbon; cryosphere,3
2020,Spectral and mass spectrometric characteristics of different molecular weight fractions of dissolved organic matter,"Xiaoxiao Zhang, Jing Kang, Wei Chu et al. (n=6)",Xiaoxiao Zhang; Jing Kang; Wei Chu; Shengxin Zhao; Jimin Shen; Zhonglin Chen,Separation and Purification Technology,https://doi.org/10.1016/j.seppur.2020.117390,biogeochem_carbon,1
2020,Dissolved organic matter characteristics in soils of tropical legume and non-legume tree plantations,"Quanhui Ye, Yinghui Wang, Ziting Zhang et al. (n=11)",Quanhui Ye; Yinghui Wang; Ziting Zhang; Wanling Huang; Liping Li; Jintao Li; Jiashuo Liu; Yan Zheng; Jiangming Mo; Wei Zhang; Junjian Wang,Soil Biology and Biochemistry,https://doi.org/10.1016/j.soilbio.2020.107880,microbial_coupling; soil_terrestrial,2
2020,Dissolved organic carbon chemical composition controls the rate of CO <sub>2</sub> release from rewetted soil,"Audrey Laffely, M. Susan Erich, Tsutomu Ohno",Audrey Laffely; M. Susan Erich; Tsutomu Ohno,Soil Science Society of America Journal,https://doi.org/10.1002/saj2.20035,biogeochem_carbon; groundwater; methods_instrumentation; microbial_coupling; soil_terrestrial,5
2020,Processing of dissolved organic matter from surface waters to sediment pore waters in a temperate coastal wetland,"Qingyuan Lu, Ding He, Yu Pang et al. (n=9)",Qingyuan Lu; Ding He; Yu Pang; Yanzhen Zhang; Chen He; Yuntao Wang; Haibo Zhang; Quan Shi; Yongge Sun,The Science of The Total Environment,https://doi.org/10.1016/j.scitotenv.2020.140491,estuary_coastal; marine; sediment_porewater; wetland_peatland,4
2020,Dissolved organic matter released from rice straw and straw biochar: Contrasting molecular composition and lead binding behaviors,"Mei Huang, Zhongwu Li, Ming Chen et al. (n=8)",Mei Huang; Zhongwu Li; Ming Chen; Jiajun Wen; Ninglin Luo; Weihua Xu; Xiang Ding; Wenle Xing,The Science of The Total Environment,https://doi.org/10.1016/j.scitotenv.2020.140378,biochar_black_carbon; biogeochem_carbon,2
2020,Application of Fourier transform ion cyclotron resonance mass spectrometry in deciphering molecular composition of soil organic matter: A review,"Xiaoxiao Zhang, Zhonglin Chen, Xiaoyu Huo et al. (n=9)",Xiaoxiao Zhang; Zhonglin Chen; Xiaoyu Huo; Jing Kang; Shenxin Zhao; Yutao Peng; Fengxia Deng; Jimin Shen; Wei Chu,The Science of The Total Environment,https://doi.org/10.1016/j.scitotenv.2020.144140,biogeochem_carbon; soil_terrestrial,2
2020,A feasible strategy to improve confident elemental composition determination of compounds in complex organic mixture such as natural organic matter by FTICR-MS without internal calibration,"Dong Cao, Zhineng Hao, Ming Hu et al. (n=11)",Dong Cao; Zhineng Hao; Ming Hu; Fanglan Geng; Ziyu Rao; Hongyun Niu; Yali Shi; Yaqi Cai; Yiqi Zhou; Jingfu Liu; Yuehui Kang,The Science of The Total Environment,https://doi.org/10.1016/j.scitotenv.2020.142255,biogeochem_carbon,1
2020,Source identification and component characterization of dissolved organic matter in an acid mine drainage reservoir,"Jin Wang, Siyu Zhang, Chen He et al. (n=9)",Jin Wang; Siyu Zhang; Chen He; Zhixiang She; Xin Pan; Yunyun Li; Rui Shao; Quan Shi; Zhengbo Yue,The Science of The Total Environment,https://doi.org/10.1016/j.scitotenv.2020.139732,biogeochem_carbon; disturbance_anthropogenic; freshwater_lake,3
2020,Reductive release of Fe mineral-associated organic matter accelerated by oxalic acid,"Yang Ding, Qianting Ye, Minqin Liu et al. (n=5)",Yang Ding; Qianting Ye; Minqin Liu; Zhenqing Shi; Yuzhen Liang,The Science of The Total Environment,https://doi.org/10.1016/j.scitotenv.2020.142937,biogeochem_carbon; microbial_coupling; soil_terrestrial,3
2020,Linking the unique molecular complexity of dissolved organic matter to flood period in the Yangtze River mainstream,"Yu Pang, Kai Wang, Yongge Sun et al. (n=9)",Yu Pang; Kai Wang; Yongge Sun; Yuping Zhou; Shouye Yang; Yunyun Li; Chen He; Quan Shi; Ding He,The Science of The Total Environment,https://doi.org/10.1016/j.scitotenv.2020.142803,biogeochem_carbon; estuary_coastal; freshwater_river; marine; microbial_coupling,5
2020,Spatial changes in molecular composition of dissolved organic matter in the Yangtze River Estuary: Implications for the seaward transport of estuarine DOM,"Yuping Zhou, Ding He, Chen He et al. (n=12)",Yuping Zhou; Ding He; Chen He; Penghui Li; Daidu Fan; Anyue Wang; Kai Zhang; Baoshan Chen; Chen Zhao; Yuntao Wang; Quan Shi; Yongge Sun,The Science of The Total Environment,https://doi.org/10.1016/j.scitotenv.2020.143531,biogeochem_carbon; estuary_coastal; freshwater_river; marine,4
2020,Emission of (chlorinated) reclaimed water into a Mediterranean River and its related effects to the dissolved organic matter fingerprint,"Josep Sanchís, Mira Petrović, María José Farré",Josep Sanchís; Mira Petrović; María José Farré,The Science of The Total Environment,https://doi.org/10.1016/j.scitotenv.2020.143881,biogeochem_carbon; freshwater_river; wastewater_drinking,3
2020,Composition and Biodegradation of DOM Leached from Permafrost End-members across the Western Canadian Arctic,Erin MacDonald,Erin MacDonald,University of Alberta Library,https://doi.org/10.7939/r3-4y8a-aj96,biogeochem_carbon; cryosphere; estuary_coastal; freshwater_lake; marine; microbial_coupling; wetland_peatland,7
2020,Impact of Viral Lysis on the Composition of Bacterial Communities and Dissolved Organic Matter in Deep-Sea Sediments,"Mara Elena Heinrichs, Dennis Alexander Tebbe, Bernd Wemheuer et al. (n=5)",Mara Elena Heinrichs; Dennis Alexander Tebbe; Bernd Wemheuer; Jutta Niggemann; Bert Engelen,Viruses,https://doi.org/10.3390/v12090922,biogeochem_carbon; marine; microbial_coupling; sediment_porewater,4
2020,Photochemically Induced Changes of Dissolved Organic Matter in a Humic-Rich and Forested Stream,"Christin Wilske, Peter Herzsprung, Oliver J. Lechtenfeld et al. (n=5)",Christin Wilske; Peter Herzsprung; Oliver J. Lechtenfeld; Norbert Kamjunke; Wolf von Tümpling,Water,https://doi.org/10.3390/w12020331,atmosphere_aerosol; biogeochem_carbon; estuary_coastal; freshwater_lake; freshwater_river; marine; microbial_coupling; soil_terrestrial; wastewater_drinking,9
2020,Dissolved Organic Matter in Continental Hydro-Geothermal Systems: Insights from Two Hot Springs of the East African Rift Valley,"Andrea Butturini, Stefano Amalfitano, Peter Herzsprung et al. (n=10)",Andrea Butturini; Stefano Amalfitano; Peter Herzsprung; Oliver J. Lechtenfeld; Stefanía Venturi; Lydia Olaka; Nic Pacini; David M. Harper; Franco Tassi; Stefano Fazi,Water,https://doi.org/10.3390/w12123512,biogeochem_carbon; estuary_coastal; freshwater_lake; marine; methods_instrumentation; sediment_porewater,6
2020,Quality of Dissolved Organic Matter Driven by Autotrophic and Heterotrophic Microbial Processes in a Large River,"Norbert Kamjunke, Oliver J. Lechtenfeld, Peter Herzsprung",Norbert Kamjunke; Oliver J. Lechtenfeld; Peter Herzsprung,Water,https://doi.org/10.3390/w12061577,biogeochem_carbon; estuary_coastal; freshwater_river; marine; microbial_coupling; soil_terrestrial,6
2020,Unveiling the transformation of dissolved organic matter during ozonation of municipal secondary effluent based on FT-ICR-MS and spectral analysis,"Bingliang Zhang, Chao Shan, Shu Wang et al. (n=5)",Bingliang Zhang; Chao Shan; Shu Wang; Zhuoyao Fang; Bingcai Pan,Water Research,https://doi.org/10.1016/j.watres.2020.116484,biogeochem_carbon; wastewater_drinking,2
2020,Characterization of Dissolved Organic Matter from Wildfire-induced Microcystis aeruginosa Blooms controlled by Copper Sulfate as Disinfection Byproduct Precursors Using APPI(-) and ESI(-) FT-ICR MS,"Huan Chen, Kuo‐Pei Tsai, Yina Liu et al. (n=8)",Huan Chen; Kuo‐Pei Tsai; Yina Liu; Nikola Tolić; Sarah Burton; Rosalie Chu; Tanju Karanfil; Alex Chow,Water Research,https://doi.org/10.1016/j.watres.2020.116640,biogeochem_carbon; disturbance_anthropogenic; wastewater_drinking,3
2020,Monitoring dissolved organic matter in wastewater and drinking water treatments using spectroscopic analysis and ultra-high resolution mass spectrometry,"Weixin Shi, Wan-E Zhuang, Jin Hur et al. (n=4)",Weixin Shi; Wan-E Zhuang; Jin Hur; Liyang Yang,Water Research,https://doi.org/10.1016/j.watres.2020.116406,biogeochem_carbon; estuary_coastal; marine; wastewater_drinking,4
2020,Dissolved organic matter in a tropical saline-alkaline lake of the East African Rift Valley.,"Andrea Butturini, Peter Herzsprung, Oliver J. Lechtenfeld et al. (n=10)",Andrea Butturini; Peter Herzsprung; Oliver J. Lechtenfeld; Stefanía Venturi; Stefano Amalfitano; Eusebi Vázquez; Nic Pacini; David M. Harper; Franco Tassi; Stefano Fazi,Water Research,https://doi.org/10.1016/j.watres.2020.115532,biogeochem_carbon; estuary_coastal; freshwater_lake; marine; microbial_coupling,5
2020,Long-term biochar addition alters the characteristics but not the chlorine reactivity of soil-derived dissolved organic matter,"Cai Wan, Zhangliu Du, Aiping Zhang et al. (n=9)",Cai Wan; Zhangliu Du; Aiping Zhang; Chen He; Quan Shi; Liqiao Tian; Peng Zhang; Liping Li; Junjian Wang,Water Research,https://doi.org/10.1016/j.watres.2020.116260,biochar_black_carbon; biogeochem_carbon; groundwater; soil_terrestrial,4
2020,Characterization of organic matter by HRMS in surface waters: Effects of chlorination on molecular fingerprints and correlation with DBP formation potential,"Josep Sanchís, Adrián Jaén-Gil, Pablo Gago-Ferrero et al. (n=5)",Josep Sanchís; Adrián Jaén-Gil; Pablo Gago-Ferrero; Elias Munthali; María José Farré,Water Research,https://doi.org/10.1016/j.watres.2020.115743,biogeochem_carbon; wastewater_drinking,2
2020,Molecular-level characterization of biodegradable organic matter causing microbial regrowth in drinking water by non-target screening using Orbitrap mass spectrometry,"Ikuro Kasuga, Miyu Suzuki, Futoshi Kurisu et al. (n=4)",Ikuro Kasuga; Miyu Suzuki; Futoshi Kurisu; Hiroaki Furumai,Water Research,https://doi.org/10.1016/j.watres.2020.116130,biogeochem_carbon; microbial_coupling; wastewater_drinking,3
2020,Molecular-level comparison of dissolved organic matter in 11 major lakes in Japan by Orbitrap mass spectrometry,"Ikuro Kasuga, Vitharuch Yuthawong, Futoshi Kurisu et al. (n=4)",Ikuro Kasuga; Vitharuch Yuthawong; Futoshi Kurisu; Hiroaki Furumai,Water Science & Technology Water Supply,https://doi.org/10.2166/ws.2020.042,biogeochem_carbon; estuary_coastal; freshwater_lake; marine; wastewater_drinking,5
2021,Investigating the Effect of Management on Agricultural Organic Nitrogen Cycling and Alternative Nitrification Pathways,Alyssa Wellman Houde,Alyssa Wellman Houde,,https://doi.org/10.13016/2puq-ivf0,biogeochem_carbon; disturbance_anthropogenic; microbial_coupling; soil_terrestrial,4
2021,Spatial changes in instream DOM quality under base flow conditions linked with different DOM sources in small forested catchments,"Maria Paula da Silva, Katharina Blaurock, Burkhard Beudert et al. (n=8)",Maria Paula da Silva; Katharina Blaurock; Burkhard Beudert; Jan H. Fleckenstein; Luisa Hopp; Stefan Peiffer; Thorsten Reemtsma; Oliver J. Lechtenfeld,,https://doi.org/10.5194/egusphere-egu21-4970,biogeochem_carbon; disturbance_anthropogenic; freshwater_river; soil_terrestrial,4
2021,Molecular insights into the unique degradation trajectory of natural dissolved organic matter from surface to groundwater,"Liza K. McDonough, Megan I. Behnke, Robert Spencer et al. (n=11)",Liza K. McDonough; Megan I. Behnke; Robert Spencer; Christopher E. Marjo; Martin Andersen; Karina Meredith; Helen Rutlidge; Phetdala Oudone; Denis M. O’Carroll; Amy M. McKenna; Andy Baker,,https://doi.org/10.5194/egusphere-egu21-1845,biogeochem_carbon; groundwater; marine,3
2021,Online counter gradient LC-FT-ICR-MS enables detection of highly polar natural organic matter fractions,"Limei Han, Jan Kaesler, Chang Peng et al. (n=5)",Limei Han; Jan Kaesler; Chang Peng; Thorsten Reemtsma; Oliver J. Lichentfeld,,https://doi.org/10.5194/egusphere-egu21-4836,biogeochem_carbon; methods_instrumentation; sediment_porewater; wetland_peatland,4
2021,Graphical resolution of&amp;#160; Humic structures,"Laura Scrano, Francesca Mottola, Cosimo Mario Stefanelli et al. (n=6)",Laura Scrano; Francesca Mottola; Cosimo Mario Stefanelli; Filomena Lelario; Giuliana Bianco; Sabino Aurelio Bufo,,https://doi.org/10.5194/egusphere-egu21-11108,biogeochem_carbon; estuary_coastal; freshwater_river; marine; methods_instrumentation; soil_terrestrial,6
2021,Assessment of Formula-Based Structural Annotation of Humic Substances by Mild Chemical Derivatization and Mass Spectrometry,,,,https://doi.org/10.36291/hit.2021.mikhnevich.002,biogeochem_carbon; cryosphere; freshwater_river; methods_instrumentation; petroleum_fossil,5
2021,"Patterns and dynamics of dissolved organic carbon exports from ariparian zone of a temperate, forested catchment","Benedikt Werner, Oliver J. Lechtenfeld, Andréas Musolff et al. (n=8)",Benedikt Werner; Oliver J. Lechtenfeld; Andréas Musolff; Gerrit H. de Rooij; Jie Yang; Ralf Gründling; Ulrike Werban; Jan H. Fleckenstein,,https://doi.org/10.5194/hess-2021-82,biogeochem_carbon; disturbance_anthropogenic; estuary_coastal; freshwater_river; groundwater; marine; soil_terrestrial,7
2021,"Review of &amp;amp;#8220;Patterns and dynamics of dissolved organic carbon exports from a riparian zone of a temperate, forested catchment&amp;amp;#8221; by Werner et al. in HESSD","Werner, Benedikt J., Lechtenfeld, Oliver J., Musolff, Andreas et al. (n=8)","Werner, Benedikt J.; Lechtenfeld, Oliver J.; Musolff, Andreas; de Rooij, Gerrit H.; Yang, Jie; GrÃ¼ndling, Ralf; Werban, Ulrike; Fleckenstein, Jan H.",,https://doi.org/10.5194/hess-2021-82-rc1,biogeochem_carbon; disturbance_anthropogenic; estuary_coastal; freshwater_river; groundwater; marine; microbial_coupling,7
2021,Reply on RC2,Benedikt Werner,Benedikt Werner,,https://doi.org/10.5194/hess-2021-82-ac2,biogeochem_carbon; disturbance_anthropogenic; freshwater_river; groundwater,4
2021,Comment on hess-2021-82,"Werner, Benedikt J., Lechtenfeld, Oliver J., Musolff, Andreas et al. (n=8)","Werner, Benedikt J.; Lechtenfeld, Oliver J.; Musolff, Andreas; de Rooij, Gerrit H.; Yang, Jie; GrÃ¼ndling, Ralf; Werban, Ulrike; Fleckenstein, Jan H.",,https://doi.org/10.5194/hess-2021-82-rc2,biogeochem_carbon; disturbance_anthropogenic; freshwater_river; groundwater,4
2021,Reply on RC1,Benedikt Werner,Benedikt Werner,,https://doi.org/10.5194/hess-2021-82-ac1,biogeochem_carbon; disturbance_anthropogenic; freshwater_river; groundwater,4
2021,Experimental Study on Direct Current Voltage Assisted Carbonated Water-Flooding Mechanism in Tight Oil Reservoir,"Rukuan Chai, Yuetian Liu, Yuting He et al. (n=5)",Rukuan Chai; Yuetian Liu; Yuting He; Qianjun Liu; Wenhuan Gu,,https://doi.org/10.2523/iptc-21498-ms,biochar_black_carbon; biogeochem_carbon; freshwater_lake; methods_instrumentation; petroleum_fossil,5
2021,A New Formula Assignment Algorithm for the Deuterium Labeled Ultrahigh-Resolution Mass Spectrometry: Implications to the Formation Mechanism of Halogenated Disinfection Byproducts,"Qing‐Long Fu, Manabu Fujii, Akari Watanabe et al. (n=4)",Qing‐Long Fu; Manabu Fujii; Akari Watanabe; Eunsang Kwon,,https://doi.org/10.33774/chemrxiv-2021-cjw3m,biogeochem_carbon,1
2021,Mass difference matching crystallizes hidden molecular structures of dissolved organic matter from ultrahigh-resolution tandem mass spectra,"Carsten Simon, Daniel Petras, Vanessa-Nina Roth et al. (n=7)",Carsten Simon; Daniel Petras; Vanessa-Nina Roth; Kai Dührkop; Sebastian Böcker; Pieter C. Dorrestein; Gerd Gleixner,,https://doi.org/10.33774/chemrxiv-2021-cxxt1,biogeochem_carbon,1
2021,Molecular Changes in Dissolved Organic Matter After Soil Rewetting,"Alice May Orme, Simon Benk, Markus Lange et al. (n=6)",Alice May Orme; Simon Benk; Markus Lange; Christian Zerfaß; Georg Pohnert; Gerd Gleixner,,https://doi.org/10.5194/egusphere-egu21-14616,biogeochem_carbon; groundwater; microbial_coupling; sediment_porewater; soil_terrestrial,5
2021,Graph Theoretic Approach for the Analysis of Comprehensive Mass-Spectrometry (MS/MS) Data of Dissolved Organic Matter,"Muhammad Usman Tariq, Dennys Leyvay, Francisco Alberto Fernandez Limaz et al. (n=4)",Muhammad Usman Tariq; Dennys Leyvay; Francisco Alberto Fernandez Limaz; Fahad Saeed,2021 IEEE International Conference on Bioinformatics and Biomedicine (BIBM),https://doi.org/10.1109/bibm52615.2021.9669289,biogeochem_carbon; estuary_coastal; groundwater; marine; methods_instrumentation; soil_terrestrial,6
2021,Characteristics of dissolved organic matter released by hot-water extraction of organic-rich Guaymas Basin sediments,"Jonas Brünjes, Michael Seidel, Andreas Teske et al. (n=4)",Jonas Brünjes; Michael Seidel; Andreas Teske; Florence Schubotz,30th International Meeting on Organic Geochemistry (IMOG 2021),https://doi.org/10.3997/2214-4609.202134234,atmosphere_aerosol; biochar_black_carbon; biogeochem_carbon; freshwater_lake; marine; petroleum_fossil; sediment_porewater; soil_terrestrial,8
2021,Characterizing Dissolved Organic Matter Across a Riparian Soil–Water Interface: Preliminary Insights from a Molecular Level Perspective,"Kai Wang, Yu Pang, Yunyun Li et al. (n=7)",Kai Wang; Yu Pang; Yunyun Li; Chen He; Quan Shi; Yuntao Wang; Ding He,ACS Earth and Space Chemistry,https://doi.org/10.1021/acsearthspacechem.1c00029,biogeochem_carbon; disturbance_anthropogenic; estuary_coastal; freshwater_river; marine; soil_terrestrial,6
2021,Molecular Insights into Glacial Cryoconite Dissolved Organic Matter Evolution under Dark Conditions during the Ablation Season on the Tibetan Plateau,"Lin Feng, Yanqing An, Jianzhong Xu et al. (n=6)",Lin Feng; Yanqing An; Jianzhong Xu; Anne M. Kellerman; Martha L. Chacón‐Patiño; Robert G. M. Spencer,ACS Earth and Space Chemistry,https://doi.org/10.1021/acsearthspacechem.0c00361,atmosphere_aerosol; biogeochem_carbon; cryosphere; estuary_coastal; marine; soil_terrestrial,6
2021,Interfacial Molecular Fractionation Induces Preferential Protection of Biorefractory Organic Matter by Ferrihydrite,"Yanna Li, Jitao Lv, Dong Cao et al. (n=4)",Yanna Li; Jitao Lv; Dong Cao; Shuzhen Zhang,ACS Earth and Space Chemistry,https://doi.org/10.1021/acsearthspacechem.1c00019,biogeochem_carbon; microbial_coupling; soil_terrestrial,3
2021,Evolution of the Dissolved Organic Matter Composition along the Upper Mekong (Lancang) River,"Ting Liu, Xin Wang, Erxiong Zhu et al. (n=12)",Ting Liu; Xin Wang; Erxiong Zhu; Zongguang Liu; Xinying Zhang; Jingjing Guo; Xiaoqing Liu; Chen He; Shengjie Hou; Pingqing Fu; Quan Shi; Xiaojuan Feng,ACS Earth and Space Chemistry,https://doi.org/10.1021/acsearthspacechem.0c00292,biogeochem_carbon; disturbance_anthropogenic; estuary_coastal; freshwater_lake; freshwater_river; marine; methods_instrumentation; microbial_coupling; soil_terrestrial,9
2021,Online Liquid Chromatography and FT-ICR MS Enable Advanced Separation and Profiling of Organosulfates in Dissolved Organic Matter,"Yulin Qi, Chao Ma, Shuang Chen et al. (n=8)",Yulin Qi; Chao Ma; Shuang Chen; Jinfeng Ge; Qiaozhuan Hu; Si‐Liang Li; Dietrich A. Volmer; Pingqing Fu,ACS ES&T Water,https://doi.org/10.1021/acsestwater.1c00162,atmosphere_aerosol; biogeochem_carbon; estuary_coastal; freshwater_river; marine,5
2021,Molecular-Level Insights into the Formation of Traditional and Novel Halogenated Disinfection Byproducts,"Reid P. Milstead, Christina K. Remucal",Reid P. Milstead; Christina K. Remucal,ACS ES&T Water,https://doi.org/10.1021/acsestwater.1c00161,biogeochem_carbon; groundwater; wastewater_drinking,3
2021,Increased Organohalogen Diversity after Disinfection of Water from a Prescribed Burned Watershed,"Christopher I. Olivares, Habibullah Uzun, Cagri Utku Erdem et al. (n=10)",Christopher I. Olivares; Habibullah Uzun; Cagri Utku Erdem; Wenbo Zhang; Carl Trettin; Yina Liu; Sarah Burton; Errol Robinson; Tanju Karanfil; Alex Chow,ACS ES&T Water,https://doi.org/10.1021/acsestwater.1c00015,biogeochem_carbon; disturbance_anthropogenic; wastewater_drinking,3
2021,Impacts of litter decay on organic leachate composition and reactivity,"Geert Hensgens, Oliver J. Lechtenfeld, François Guillemette et al. (n=5)",Geert Hensgens; Oliver J. Lechtenfeld; François Guillemette; Hjalmar Laudon; Martin Berggren,Biogeochemistry,https://doi.org/10.1007/s10533-021-00799-3,biogeochem_carbon; microbial_coupling; soil_terrestrial; wetland_peatland,4
2021,Anthropogenic landcover impacts fluvial dissolved organic matter composition in the Upper Mississippi River Basin,"Derrick Vaughn, Anne M. Kellerman, Kimberly P. Wickland et al. (n=10)",Derrick Vaughn; Anne M. Kellerman; Kimberly P. Wickland; Robert G. Striegl; David C. Podgorski; Jon Hawkings; Jaap H. Nienhuis; M. Dornblaser; Edward G. Stets; Robert G. M. Spencer,Biogeochemistry,https://doi.org/10.1007/s10533-021-00852-1,biogeochem_carbon; disturbance_anthropogenic; estuary_coastal; freshwater_river; marine; soil_terrestrial,6
2021,Zooplankton release complex dissolved organic matter to aquatic environments,"Sarah Ellen Johnston, Kerri Finlay, Robert G. M. Spencer et al. (n=7)",Sarah Ellen Johnston; Kerri Finlay; Robert G. M. Spencer; David Butman; Mackenzie Metz; Robert G. Striegl; Matthew J. Bogard,Biogeochemistry,https://doi.org/10.1007/s10533-021-00876-7,atmosphere_aerosol; biogeochem_carbon; estuary_coastal; freshwater_lake; marine,5
2021,"Hydrothermal carbonization of sugarcane industry by-products and process water reuse: structural, morphological, and fuel properties of hydrochars","João Vitor dos Santos, Laís Gomes Fregolente, Márcio J. Laranja et al. (n=6)",João Vitor dos Santos; Laís Gomes Fregolente; Márcio J. Laranja; Altair B. Moreira; Odair P. Ferreira; Márcia Cristina Bisinoti,Biomass Conversion and Biorefinery,https://doi.org/10.1007/s13399-021-01476-z,biogeochem_carbon,1
2021,Molecular diversity of liquid digestate from anaerobic digestion plants for biogenic waste,"Pinjing He, Yulong Huang, Junjie Qiu et al. (n=6)",Pinjing He; Yulong Huang; Junjie Qiu; Hua Zhang; Liming Shao; Fan Lü,Bioresource Technology,https://doi.org/10.1016/j.biortech.2021.126373,,0
2021,Molecular insights into the reactivity of aquatic natural organic matter towards hydroxyl (•OH) and sulfate (SO4•−) radicals using FT-ICR MS,"Suona Zhang, Zhineng Hao, Jingfu Liu et al. (n=5)",Suona Zhang; Zhineng Hao; Jingfu Liu; Leonardo Gutiérrez; Jean‐Philippe Croué,Chemical Engineering Journal,https://doi.org/10.1016/j.cej.2021.130622,atmosphere_aerosol; biogeochem_carbon,2
2021,Seasonal transformations of dissolved organic matter and organic phosphorus in a polymictic basin: Implications for redox-driven eutrophication,"Martin R. Kurek, Mourad Harir, John T. Shukle et al. (n=6)",Martin R. Kurek; Mourad Harir; John T. Shukle; Andrew W. Schroth; Philippe Schmitt‐Kopplin; Gregory K. Druschel,Chemical Geology,https://doi.org/10.1016/j.chemgeo.2021.120212,biogeochem_carbon; estuary_coastal; marine; sediment_porewater; soil_terrestrial,5
2021,Different mechanisms driving the preferential adsorption of dissolved organic matter by goethite and montmorillonite,"Lanfang Han, Yan Yang, Ke Sun et al. (n=7)",Lanfang Han; Yan Yang; Ke Sun; Biao Zhang; Yalan Chen; Liping Fang; Baoshan Xing,Chemical Geology,https://doi.org/10.1016/j.chemgeo.2021.120560,biogeochem_carbon; estuary_coastal; groundwater; marine; soil_terrestrial,5
2021,Mass difference matching crystallizes hidden molecular structures of dissolved organic matter from ultrahigh-resolution tandem mass spectra,"Carsten Simon, Daniel Petras, Vanessa-Nina Roth et al. (n=7)",Carsten Simon; Daniel Petras; Vanessa-Nina Roth; Kai Dührkop; Sebastian Böcker; Pieter C. Dorrestein; Gerd Gleixner,ChemRxiv,https://doi.org/10.26434/chemrxiv-2021-cxxt1,biogeochem_carbon,1
2021,A New Formula Assignment Algorithm for the Deuterium Labeled Ultrahigh-Resolution Mass Spectrometry: Implications to the Formation Mechanism of Halogenated Disinfection Byproducts,"Qing‐Long Fu, Manabu Fujii, Akari Watanabe et al. (n=4)",Qing‐Long Fu; Manabu Fujii; Akari Watanabe; Eunsang Kwon,ChemRxiv,https://doi.org/10.26434/chemrxiv-2021-cjw3m,biogeochem_carbon,1
2021,Discovery of Oxygenated Hydrocarbon Biodegradation Products at a Late-Stage Petroleum Release Site,"Olivia K. Bojan, Maria Irianni-Renno, Andrea Hanson et al. (n=10)",Olivia K. Bojan; Maria Irianni-Renno; Andrea Hanson; Huan Chen; Robert B. Young; Susan K. De Long; Thomas Borch; Thomas C. Sale; Amy M. McKenna; Jens Blotevogel,Energy & Fuels,https://doi.org/10.1021/acs.energyfuels.1c02642,atmosphere_aerosol; biogeochem_carbon; freshwater_lake; groundwater; microbial_coupling; petroleum_fossil; soil_terrestrial,7
2021,Microbial transformation of distinct exogenous substrates into analogous composition of recalcitrant dissolved organic matter,"Jie Lian, Xiaoxuan Zheng, Xiaocun Zhuo et al. (n=12)",Jie Lian; Xiaoxuan Zheng; Xiaocun Zhuo; Yi‐Lung Chen; Chen He; Qiang Zheng; Ta-Hui Lin; Jia Sun; Weidong Guo; Quan Shi; Nianzhi Jiao; Ruanhong Cai,Environmental Microbiology,https://doi.org/10.1111/1462-2920.15426,biogeochem_carbon; estuary_coastal; marine; microbial_coupling; sediment_porewater,5
2021,Permafrost-derived dissolved organic matter composition varies across permafrost end-members in the western Canadian Arctic,"Erin MacDonald, Suzanne E. Tank, Steven V. Kokelj et al. (n=5)",Erin MacDonald; Suzanne E. Tank; Steven V. Kokelj; Duane Froese; Ryan Hutchins,Environmental Research Letters,https://doi.org/10.1088/1748-9326/abd971,biogeochem_carbon; cryosphere; freshwater_lake; marine; sediment_porewater; soil_terrestrial; wetland_peatland,7
2021,The Stratified Distribution of Dissolved Organic Matter in an AMD Lake Revealed by Multi-sample Evaluation Procedure,"Zhixiang She, Jin Wang, Chen He et al. (n=8)",Zhixiang She; Jin Wang; Chen He; Xin Pan; Yunyun Li; Siyu Zhang; Quan Shi; Zhengbo Yue,Environmental Science & Technology,https://doi.org/10.1021/acs.est.0c05319,biogeochem_carbon; disturbance_anthropogenic; freshwater_lake; marine; petroleum_fossil; sediment_porewater,6
2021,High-Resolution Molecular-Level Characterization of a Blanket Bog Peat Profile,"Gianluca Trifirò, Richard York, Nicholle G. A. Bell",Gianluca Trifirò; Richard York; Nicholle G. A. Bell,Environmental Science & Technology,https://doi.org/10.1021/acs.est.1c05837,biogeochem_carbon; estuary_coastal; groundwater; microbial_coupling; sediment_porewater; soil_terrestrial; wetland_peatland,7
2021,Conditioning Film and Early Biofilm Succession on Plastic Surfaces,"Christoph Rummel, Oliver J. Lechtenfeld, René Kallies et al. (n=10)",Christoph Rummel; Oliver J. Lechtenfeld; René Kallies; Annegret Benke; Peter Herzsprung; Robby Rynek; Stephan Wagner; Annegret Potthoff; Annika Jahnke; Mechthild Schmitt‐Jansen,Environmental Science & Technology,https://doi.org/10.1021/acs.est.0c07875,biogeochem_carbon; freshwater_river; microbial_coupling,3
2021,A Novel Method for Unraveling the Black Box of Dissolved Organic Matter in Soils by FT-ICR-MS Coupled with Induction-Based Nanospray Ionization,"Shuchai Gan, Pengran Guo, Ying Wu et al. (n=4)",Shuchai Gan; Pengran Guo; Ying Wu; Yanping Zhao,Environmental Science & Technology Letters,https://doi.org/10.1021/acs.estlett.1c00095,biogeochem_carbon; disturbance_anthropogenic; freshwater_river; methods_instrumentation; sediment_porewater; soil_terrestrial,6
2021,Compositional and structural characteristics of dissolved organic matter in overlying water of the Chaobai River and its environment significance,"Li Zhang, Qingxuan Sun, Yue You et al. (n=6)",Li Zhang; Qingxuan Sun; Yue You; Kai Zhang; Chundi Gao; Yongzhen Peng,Environmental Science and Pollution Research,https://doi.org/10.1007/s11356-021-14929-9,disturbance_anthropogenic; estuary_coastal; freshwater_river; marine; soil_terrestrial,5
2021,Ionization selectivity of electrospray and atmospheric pressure photoionization FT-ICR MS for petroleum refinery wastewater dissolved organic matter,"Chen He, Zhi Fang, Yongyong Li et al. (n=8)",Chen He; Zhi Fang; Yongyong Li; Chunqing Jiang; Suoqi Zhao; Chunming Xu; Yahe Zhang; Quan Shi,Environmental Science Processes & Impacts,https://doi.org/10.1039/d1em00248a,atmosphere_aerosol; biogeochem_carbon; methods_instrumentation; petroleum_fossil; wastewater_drinking,5
2021,Characterisation of dissolved organic matter in water treatment using ultra-high resolution techniques,Alan J. Smith,Alan J. Smith,ERA,https://doi.org/10.7488/era/1031,biogeochem_carbon; freshwater_river; wastewater_drinking,3
2021,High-Resolution\nMolecular-Level Characterization of\na Blanket Bog Peat Profile,"Gianluca Trifiró (11864158), Richard York (6061379), Nicholle G. A. Bell (10709140)",Gianluca Trifiró (11864158); Richard York (6061379); Nicholle G. A. Bell (10709140),Figshare,https://doi.org/10.1021/acs.est.1c05837.s001,biogeochem_carbon; disturbance_anthropogenic; microbial_coupling; petroleum_fossil; wetland_peatland,5
2021,Data_Sheet_1_When Forests Take Over After Land Abandonment: Dissolved Organic Matter Response in Headwater Mountain Streams.docx,"Edurne Estévez (5879168), Jose M. Álvarez-Martínez (11411162), Thorsten Dittmar (107585) et al. (n=5)",Edurne Estévez (5879168); Jose M. Álvarez-Martínez (11411162); Thorsten Dittmar (107585); José Barquín (5016173); Gabriel Singer (200630),Figshare,https://doi.org/10.3389/frwa.2021.682608.s001,biogeochem_carbon; disturbance_anthropogenic; estuary_coastal; freshwater_river; marine; soil_terrestrial,6
2021,"Assessing the Contribution of Seasonality, Tides, and Microbial Processing to Dissolved Organic Matter Composition Variability in a Southeastern U.S. Estuary","Rachel P. Martineac, Alexey Vorobev, Mary Ann Moran et al. (n=4)",Rachel P. Martineac; Alexey Vorobev; Mary Ann Moran; Patricia M. Medeiros,Frontiers in Marine Science,https://doi.org/10.3389/fmars.2021.781580,biogeochem_carbon; disturbance_anthropogenic; estuary_coastal; freshwater_river; marine; microbial_coupling,6
2021,Seasonal Changes in Dissolved Organic Matter Composition in a Patagonian Fjord Affected by Glacier Melt Inputs,"Matthew Marshall, Anne M. Kellerman, Jemma L. Wadham et al. (n=12)",Matthew Marshall; Anne M. Kellerman; Jemma L. Wadham; Jon Hawkings; Giovanni Daneri; Rodrigo Torres; Helena Pryer; Alexander Beaton; Hong Chin Ng; Alejandra Urra; Laura F. Robinson; Robert G. M. Spencer,Frontiers in Marine Science,https://doi.org/10.3389/fmars.2021.612386,biogeochem_carbon; cryosphere; estuary_coastal; freshwater_river; marine; microbial_coupling,6
2021,Molecular Traits of Dissolved Organic Matter in the Subterranean Estuary of a High-Energy Beach: Indications of Sources and Sinks,"Hannelore Waska, Heike Simon, Soeren Ahmerkamp et al. (n=9)",Hannelore Waska; Heike Simon; Soeren Ahmerkamp; Janek Greskowiak; Janis Ahrens; Stephan L. Seibert; Kai Schwalfenberg; Oliver Zielinski; Thorsten Dittmar,Frontiers in Marine Science,https://doi.org/10.3389/fmars.2021.607083,biogeochem_carbon; estuary_coastal; groundwater; marine; methods_instrumentation; microbial_coupling; sediment_porewater; soil_terrestrial; wetland_peatland,9
2021,Coupled Biotic-Abiotic Processes Control Biogeochemical Cycling of Dissolved Organic Matter in the Columbia River Hyporheic Zone,"Jane Fudyma, Rosalie Chu, Nathalia Graf Grachet et al. (n=5)",Jane Fudyma; Rosalie Chu; Nathalia Graf Grachet; James Stegen; Malak Tfaily,Frontiers in Water,https://doi.org/10.3389/frwa.2020.574692,biogeochem_carbon; disturbance_anthropogenic; estuary_coastal; freshwater_river; groundwater; marine; microbial_coupling; soil_terrestrial; wastewater_drinking,9
2021,When Forests Take Over After Land Abandonment: Dissolved Organic Matter Response in Headwater Mountain Streams,"Edurne Estévez, José Manuel Álvarez‐Martínez, Thorsten Dittmar et al. (n=5)",Edurne Estévez; José Manuel Álvarez‐Martínez; Thorsten Dittmar; José Barquín; Gabriel Singer,Frontiers in Water,https://doi.org/10.3389/frwa.2021.682608,biogeochem_carbon; disturbance_anthropogenic; estuary_coastal; freshwater_river; marine; soil_terrestrial,6
2021,Linking molecular composition to proton and copper binding ability of fulvic acid: A theoretical modeling approach based on FT-ICR-MS analysis,"Pei Wang, Yang Ding, Yuzhen Liang et al. (n=7)",Pei Wang; Yang Ding; Yuzhen Liang; Minqin Liu; Xiaofeng Lin; Qianting Ye; Zhenqing Shi,Geochimica et Cosmochimica Acta,https://doi.org/10.1016/j.gca.2021.07.019,biogeochem_carbon; estuary_coastal; marine,3
2021,Constraints on isomers of dissolved organic matter in aquatic environments: Insights from ion mobility mass spectrometry,"Kaijun Lu, Xiaolin Li, Hongmei Chen et al. (n=4)",Kaijun Lu; Xiaolin Li; Hongmei Chen; Zhanfei Liu,Geochimica et Cosmochimica Acta,https://doi.org/10.1016/j.gca.2021.05.007,,0
2021,Molecular links between whitesand ecosystems and blackwater formation in the Rio Negro watershed,"Carsten Simon, Tânia Pena Pimentel, Maria Terezinha Ferreira Monteiro et al. (n=14)",Carsten Simon; Tânia Pena Pimentel; Maria Terezinha Ferreira Monteiro; Luiz Antônio Cândido; Didier Gastmans; Heike Geilmann; R. C. Oliveira; João Batista Rocha; Elaine Pires; C. A. Quesada; Bruce R. Forsberg; S.J.F. Ferreira; Hilândia Brandão da Cunha; Gerd Gleixner,Geochimica et Cosmochimica Acta,https://doi.org/10.1016/j.gca.2021.06.036,biogeochem_carbon; disturbance_anthropogenic; estuary_coastal; freshwater_river; groundwater; marine; soil_terrestrial,7
2021,Molecular transformation of dissolved organic carbon of rhizosphere soil induced by flooding and copper pollution,"Liying Chen, Lanfang Han, Ke Sun et al. (n=9)",Liying Chen; Lanfang Han; Ke Sun; Guangcai Chen; Chuanxin Ma; Biao Zhang; Yini Cao; Baoshan Xing; Zhifeng Yang,Geoderma,https://doi.org/10.1016/j.geoderma.2021.115563,microbial_coupling; soil_terrestrial,2
2021,"Pan‐Arctic Riverine Dissolved Organic Matter: Synchronous Molecular Stability, Shifting Sources and Subsidies","Megan I. Behnke, J. W. McClelland, Suzanne E. Tank et al. (n=16)",Megan I. Behnke; J. W. McClelland; Suzanne E. Tank; Anne M. Kellerman; R. M. Holmes; Negar Haghipour; Timothy I. Eglinton; Peter A. Raymond; Anya Suslova; Alexander V. Zhulidov; Tatiana Yu. Gurtovaya; N. Zimov; S. A. Zimov; Edda Mutter; Edwin Amos; Robert G. M. Spencer,Global Biogeochemical Cycles,https://doi.org/10.1029/2020gb006871,biogeochem_carbon; cryosphere; estuary_coastal; freshwater_river; groundwater; marine; microbial_coupling; soil_terrestrial,8
2021,Molecular Signatures of Glacial Dissolved Organic Matter From Svalbard and Greenland,"Anne M. Kellerman, Jorien E. Vonk, Stephanie McColaugh et al. (n=9)",Anne M. Kellerman; Jorien E. Vonk; Stephanie McColaugh; David C. Podgorski; E. van Winden; Jon Hawkings; Sarah Ellen Johnston; M. Humayun; Robert G. M. Spencer,Global Biogeochemical Cycles,https://doi.org/10.1029/2020gb006709,biogeochem_carbon; cryosphere; estuary_coastal; freshwater_river; marine; microbial_coupling; soil_terrestrial,7
2021,Drivers of Organic Molecular Signatures in the Amazon River,"Martin R. Kurek, Aron Stubbins, Travis W. Drake et al. (n=10)",Martin R. Kurek; Aron Stubbins; Travis W. Drake; José Mauro Sousa de Moura; R. M. Holmes; Helena Osterholz; Thorsten Dittmar; Bernhard Peucker‐Ehrenbrink; Miyuki Mitsuya; Robert G. M. Spencer,Global Biogeochemical Cycles,https://doi.org/10.1029/2021gb006938,biogeochem_carbon; disturbance_anthropogenic; estuary_coastal; freshwater_river; marine; microbial_coupling,6
2021,Carbon Budget and Molecular Structure of Natural Organic Matter in Bank Infiltrated Groundwater,"Maija Jylhä‐Ollila, Hanne Laine‐Kaulio, Jos Schilder et al. (n=7)",Maija Jylhä‐Ollila; Hanne Laine‐Kaulio; Jos Schilder; Paula Niinikoski‐Fuβwinkel; Timo Kekäläinen; Janne Jänis; Harri Koivusalo,Ground Water,https://doi.org/10.1111/gwat.13087,biogeochem_carbon; disturbance_anthropogenic; freshwater_lake; groundwater,4
2021,"Small-scale topography explains patterns and dynamics of dissolved organic carbon exports from the riparian zone of a temperate, forested catchment","Benedikt Werner, Oliver J. Lechtenfeld, Andréas Musolff et al. (n=8)",Benedikt Werner; Oliver J. Lechtenfeld; Andréas Musolff; Gerrit H. de Rooij; Jie Yang; Ralf Gründling; Ulrike Werban; Jan H. Fleckenstein,Hydrology and earth system sciences,https://doi.org/10.5194/hess-25-6067-2021,biogeochem_carbon; disturbance_anthropogenic; estuary_coastal; freshwater_river; groundwater; marine; soil_terrestrial,7
2021,A New Formula Assignment Algorithm for the Deuterium Labeled Ultrahigh-Resolution Mass Spectrometry: Implications to the Formation Mechanism of Halogenated Disinfection Byproducts,"学 藤井, Manabu Fujii",学 藤井; Manabu Fujii,Institutional Repositories DataBase (IRDB),,biogeochem_carbon,1
2021,Controls on Riverine Dissolved Organic Matter Composition Across an Arctic‐Boreal Latitudinal Gradient,"Sarah Ellen Johnston, Joanna C. Carey, Anne M. Kellerman et al. (n=6)",Sarah Ellen Johnston; Joanna C. Carey; Anne M. Kellerman; David C. Podgorski; Jonathan Gewirtzman; Robert G. M. Spencer,Journal of Geophysical Research Biogeosciences,https://doi.org/10.1029/2020jg005988,biogeochem_carbon; cryosphere; disturbance_anthropogenic; estuary_coastal; groundwater; marine; soil_terrestrial; wetland_peatland,8
2021,Spatial and Temporal Variability of Dissolved Organic Matter Molecular Composition in a Stratified Eutrophic Lake,"Stephanie M. Berg, Benjamin D. Peterson, Katherine D. McMahon et al. (n=4)",Stephanie M. Berg; Benjamin D. Peterson; Katherine D. McMahon; Christina K. Remucal,Journal of Geophysical Research Biogeosciences,https://doi.org/10.1029/2021jg006550,atmosphere_aerosol; biogeochem_carbon; estuary_coastal; freshwater_lake; marine; sediment_porewater,6
2021,Delineating Source Contributions to Stream Dissolved Organic Matter Composition Under Baseflow Conditions in Forested Headwater Catchments,"Maria Paula da Silva, Katharina Blaurock, Burkhard Beudert et al. (n=8)",Maria Paula da Silva; Katharina Blaurock; Burkhard Beudert; Jan H. Fleckenstein; Luisa Hopp; Stefan Peiffer; Thorsten Reemtsma; Oliver J. Lechtenfeld,Journal of Geophysical Research Biogeosciences,https://doi.org/10.1029/2021jg006425,biogeochem_carbon; disturbance_anthropogenic; estuary_coastal; freshwater_river; groundwater; marine; soil_terrestrial,7
2021,Connecting the Age and Reactivity of Organic Carbon to Watershed Geology and Land Use in Tributaries of the Hudson River,"Mason Stahl, Jack Wassik, Jaclyn Gehring et al. (n=5)",Mason Stahl; Jack Wassik; Jaclyn Gehring; Connor Horan; Andrew S. Wozniak,Journal of Geophysical Research Biogeosciences,https://doi.org/10.1029/2021jg006494,biogeochem_carbon; disturbance_anthropogenic; estuary_coastal; freshwater_river; marine; soil_terrestrial,6
2021,"Limited Presence of Permafrost Dissolved Organic Matter in the Kolyma River, Siberia Revealed by Ramped Oxidation","Jennifer A. Rogers, Valier Galy, Anne M. Kellerman et al. (n=6)",Jennifer A. Rogers; Valier Galy; Anne M. Kellerman; Jeffrey P. Chanton; N. Zimov; Robert G. M. Spencer,Journal of Geophysical Research Biogeosciences,https://doi.org/10.1029/2020jg005977,biochar_black_carbon; biogeochem_carbon; cryosphere; disturbance_anthropogenic; freshwater_river; marine; microbial_coupling; soil_terrestrial,8
2021,Assessing the Role of Photochemistry in Driving the Composition of Dissolved Organic Matter in Glacier Runoff,"Amy D. Holt, Anne M. Kellerman, Wenbo Li et al. (n=9)",Amy D. Holt; Anne M. Kellerman; Wenbo Li; Aron Stubbins; Sasha Wagner; Amy M. McKenna; Jason B. Fellman; Eran Hood; Robert G. M. Spencer,Journal of Geophysical Research Biogeosciences,https://doi.org/10.1029/2021jg006516,atmosphere_aerosol; biogeochem_carbon; cryosphere; soil_terrestrial,4
2021,Exploring the Suitability of Ecosystem Metabolomes to Assess Imprints of Brownification and Nutrient Enrichment on Lakes,"Jérémy Fonvielle, Darren P. Giling, Thorsten Dittmar et al. (n=9)",Jérémy Fonvielle; Darren P. Giling; Thorsten Dittmar; Stella A. Berger; Jens C. Nejstgaard; Anne Lyche Solheim; Mark O. Gessner; Hans‐Peter Grossart; Gabriel Singer,Journal of Geophysical Research Biogeosciences,https://doi.org/10.1029/2020jg005903,biogeochem_carbon; estuary_coastal; freshwater_lake; marine; microbial_coupling,5
2021,Sources and composition of riverine dissolved organic matter to marginal seas from mainland China,"Zhidan Wen, Yingxin Shang, Lili Lyu et al. (n=9)",Zhidan Wen; Yingxin Shang; Lili Lyu; Ge Liu; Junbin Hou; Chen He; Quan Shi; Ding He; Kaishan Song,Journal of Hydrology,https://doi.org/10.1016/j.jhydrol.2021.127152,biogeochem_carbon; disturbance_anthropogenic; estuary_coastal; marine; sediment_porewater,5
2021,Interplay between microbial community composition and chemodiversity of dissolved organic matter throughout the Black Sea water column redox gradient,"Saara Suominen, Gonzalo V. Gomez‐Saez, Thorsten Dittmar et al. (n=5)",Saara Suominen; Gonzalo V. Gomez‐Saez; Thorsten Dittmar; Jaap S. Sinninghe Damsté; Laura Villanueva,Limnology and Oceanography,https://doi.org/10.1002/lno.11995,biogeochem_carbon; estuary_coastal; marine; microbial_coupling,4
2021,Dissolved organic compounds with synchronous dynamics share chemical properties and origin,"Julian Merder, Heidelinde Röder, Thorsten Dittmar et al. (n=8)",Julian Merder; Heidelinde Röder; Thorsten Dittmar; Ulrike Feudel; Jan A. Freund; Gunnar Gerdts; Alexandra Kraberg; Jutta Niggemann,Limnology and Oceanography,https://doi.org/10.1002/lno.11938,biogeochem_carbon; estuary_coastal; marine; microbial_coupling; soil_terrestrial,5
2021,Accumulation of DOC in the South Pacific Subtropical Gyre from a molecular perspective,"Helena Osterholz, David P. A. Kilgour, Dominik Sebastian Storey et al. (n=7)",Helena Osterholz; David P. A. Kilgour; Dominik Sebastian Storey; Gaute Lavik; Timothy G. Ferdelman; Jutta Niggemann; Thorsten Dittmar,Marine Chemistry,https://doi.org/10.1016/j.marchem.2021.103955,estuary_coastal; marine; microbial_coupling,3
2021,Impacts of hydroclimatic variability on surface water and porewater dissolved organic matter in a semi-arid estuary,"Audrey R. Douglas, Dorina Murgulet, Hussain Abdulla",Audrey R. Douglas; Dorina Murgulet; Hussain Abdulla,Marine Chemistry,https://doi.org/10.1016/j.marchem.2021.104006,disturbance_anthropogenic; estuary_coastal; groundwater; marine; sediment_porewater,5
2021,Analysis of environmental organic matters by Ultrahigh‐Resolution mass spectrometry—A review on the development of analytical methods,"Sungjune Kim, Sungjune Kim, Donghwi Kim et al. (n=6)",Sungjune Kim; Sungjune Kim; Donghwi Kim; Maeng‐Joon Jung; Sunghwan Kim; Sunghwan Kim,Mass Spectrometry Reviews,https://doi.org/10.1002/mas.21684,biogeochem_carbon; freshwater_river; marine; methods_instrumentation; soil_terrestrial,5
2021,Cross-Shore and Depth Zonations in Bacterial Diversity Are Linked to Age and Source of Dissolved Organic Matter across the Intertidal Area of a Sandy Beach,"Julius Degenhardt, Julian Merder, Benedikt Heyerhoff et al. (n=6)",Julius Degenhardt; Julian Merder; Benedikt Heyerhoff; Heike Simon; Bert Engelen; Hannelore Waska,Microorganisms,https://doi.org/10.3390/microorganisms9081720,biogeochem_carbon; groundwater; marine; microbial_coupling; sediment_porewater; soil_terrestrial,6
2021,Molecular and Optical Properties of Vanillin Photo-Products Identified via Advanced Analytical Techniques,"Scarlet Aguilar-Martinez, Aleksandar I. Goranov, Hongmei Chen et al. (n=4)",Scarlet Aguilar-Martinez; Aleksandar I. Goranov; Hongmei Chen; Patrick G. Hatcher,ODU Digital Commons (Old Dominion University),,biogeochem_carbon; marine; microbial_coupling; soil_terrestrial,4
2021,Molecular and optical characterization reveals the preservation and sulfurization of chemically diverse porewater dissolved organic matter in oligohaline and brackish Chesapeake Bay sediments,"Leanne C. Powers, L. Lapham, Sairah Y. Malkin et al. (n=6)",Leanne C. Powers; L. Lapham; Sairah Y. Malkin; Andrew Heyes; Philippe Schmitt‐Kopplin; Michael Gonsior,Organic Geochemistry,https://doi.org/10.1016/j.orggeochem.2021.104324,biogeochem_carbon; estuary_coastal; marine; sediment_porewater,4
2021,East River Surface and Pore Water FTICR-MS Data Associated with “Implications of sample treatment on characterization of the riverine environmental metabolome”,"Amelia R. Nelson, Jason Toyoda, Rosalie Chu et al. (n=11)",Amelia R. Nelson; Jason Toyoda; Rosalie Chu; Nikola Tolić; Vanessa Garayburu‐Caruso; Casey M. Saup; Lupita Renteria; Jacqueline Wells; James Stegen; Michael J. Wilkins; Robert Danczak,OSTI OAI (U.S. Department of Energy Office of Scientific and Technical Information),https://doi.org/10.15485/1813303,biogeochem_carbon; freshwater_river; groundwater; methods_instrumentation; sediment_porewater,5
2021,Deciphering dissolved organic matter from freshwater aquaculture ponds in Eastern China based on optical and molecular signatures,"Dandan Wang, Changtai Song, Bingliang Zhang et al. (n=8)",Dandan Wang; Changtai Song; Bingliang Zhang; Jingwen Chen; Ailan Luo; Xiaosan Wang; Shengde Wu; Yuxuan Ye,Process Safety and Environmental Protection,https://doi.org/10.1016/j.psep.2021.09.025,estuary_coastal; freshwater_lake; marine; soil_terrestrial,4
2021,"The optical and molecular signatures of DOM under the eutrophication status in a shallow, semi-enclosed coastal bay in southeast China","Chen Zhao, Yuping Zhou, Yu Pang et al. (n=7)",Chen Zhao; Yuping Zhou; Yu Pang; Yanzhen Zhang; Wei Huang; Yuntao Wang; Ding He,Science China Earth Sciences,https://doi.org/10.1007/s11430-020-9728-4,biogeochem_carbon; estuary_coastal; marine,3
2021,Simultaneous attenuation of trace organics and change in organic matter composition in the hyporheic zone of urban streams,"Birgit M. Mueller, H. D. Schulz, Robert Danczak et al. (n=5)",Birgit M. Mueller; H. D. Schulz; Robert Danczak; Anke Putschew; Jörg Lewandowski,Scientific Reports,https://doi.org/10.1038/s41598-021-83750-8,biogeochem_carbon; freshwater_river; groundwater; wastewater_drinking,4
2021,The chemodiversity of paddy soil dissolved organic matter is shaped and homogenized by bacterial communities that are orchestrated by geographic distance and fertilizations,"Meng Wu, Pengfa Li, Guilong Li et al. (n=6)",Meng Wu; Pengfa Li; Guilong Li; Evangelos Petropoulos; Youzhi Feng; Zhongpei Li,Soil Biology and Biochemistry,https://doi.org/10.1016/j.soilbio.2021.108374,biogeochem_carbon; estuary_coastal; marine; microbial_coupling; soil_terrestrial,5
2021,"Sources, Characteristics, and In-Situ Degradation of Dissolved Organic Matters: A Case Study of a Drinking Water Reservoir Located in the Cold-Temperate Forest","Fan Liu, Qingliang Zhao, Jing Ding et al. (n=8)",Fan Liu; Qingliang Zhao; Jing Ding; Lili Li; Kun Wang; Huimin Zhou; Miao Jiang; Jian Wei,SSRN Electronic Journal,https://doi.org/10.2139/ssrn.3996950,biogeochem_carbon; disturbance_anthropogenic; freshwater_lake; soil_terrestrial; wastewater_drinking,5
2021,Molecular Composition of Dissolved Organic Matter in Urbanized River Sediments and its Microbial Driving Mechanism,"Li Zhang, Qingxuan Sun, Quanhao Dou et al. (n=5)",Li Zhang; Qingxuan Sun; Quanhao Dou; Shuang Lan; Yongzhen Peng,SSRN Electronic Journal,https://doi.org/10.2139/ssrn.3957295,freshwater_river; microbial_coupling; sediment_porewater,3
2021,Investigation of the molecular structure complexity of dissolved organic matter by UPLC-orbitrap MS/MS,"Lijie Li, Xiaocun Zhuo, Zhi Fang et al. (n=4)",Lijie Li; Xiaocun Zhuo; Zhi Fang; Xiayan Wang,Talanta,https://doi.org/10.1016/j.talanta.2021.122320,estuary_coastal; marine,2
2021,Acidification impacts on the molecular composition of dissolved organic matter revealed by FT-ICR MS,"Huixia Han, Yujie Feng, Jing Chen et al. (n=10)",Huixia Han; Yujie Feng; Jing Chen; Qiaorong Xie; Shuang Chen; Ming Sheng; Shujun Zhong; Wei Wan; Sihui Su; Pingqing Fu,The Science of The Total Environment,https://doi.org/10.1016/j.scitotenv.2021.150284,atmosphere_aerosol; biogeochem_carbon; estuary_coastal; marine,4
2021,Decreasing molecular diversity of soil dissolved organic matter related to microbial community along an alpine elevation gradient,"Yanlin Zhang, Kate V. Heal, Mengjie Shi et al. (n=5)",Yanlin Zhang; Kate V. Heal; Mengjie Shi; Wenxin Chen; Chuifan Zhou,The Science of The Total Environment,https://doi.org/10.1016/j.scitotenv.2021.151823,biogeochem_carbon; microbial_coupling; soil_terrestrial,3
2021,Natural organic matter composition and nanomaterial surface coating determine the nature of platinum nanomaterial-natural organic matter corona,"Mohammed Baalousha, Mithun Sikder, Brett A. Poulin et al. (n=5)",Mohammed Baalousha; Mithun Sikder; Brett A. Poulin; Malak Tfaily; Nancy Hess,The Science of The Total Environment,https://doi.org/10.1016/j.scitotenv.2021.150477,,0
2021,Chemodiversity of water-extractable organic matter in sediment columns of a polluted urban river in South China,"Peng Zhang, Chun Cao, Yinghui Wang et al. (n=8)",Peng Zhang; Chun Cao; Yinghui Wang; Kai Yu; Chongxuan Liu; Chen He; Quan Shi; Junjian Wang,The Science of The Total Environment,https://doi.org/10.1016/j.scitotenv.2021.146127,disturbance_anthropogenic; estuary_coastal; freshwater_river; marine; sediment_porewater,5
2021,Responses of steroid estrogen biodegradation to cyanobacterial organic matter biodegradability in the water column of a eutrophic lake,"Leilei Bai, Qi Ju, Chunliu Wang et al. (n=7)",Leilei Bai; Qi Ju; Chunliu Wang; Linqi Tian; Changhui Wang; Hui Zhang; Helong Jiang,The Science of The Total Environment,https://doi.org/10.1016/j.scitotenv.2021.150058,biogeochem_carbon; estuary_coastal; freshwater_lake; marine; microbial_coupling,5
2021,Data mining strategies of molecular information for inspecting wastewater treatment by using UHRMS,"Junjie Qiu, Fan Lü, Hua Zhang et al. (n=5)",Junjie Qiu; Fan Lü; Hua Zhang; Liming Shao; Pinjing He,Trends in Environmental Analytical Chemistry,https://doi.org/10.1016/j.teac.2021.e00134,wastewater_drinking,1
2021,Judgement and assessment of high resolution mass spectrometry investigations of DOM – Examples for identification of biogeochemical processes in waters,"Peter Herzsprung, Norbert Kamjunke, Wolf von Tümpling et al. (n=6)",Peter Herzsprung; Norbert Kamjunke; Wolf von Tümpling; Christin Wilske; Thorsten Reemtsma; Oliver J. Lechtenfeld,Vom Wasser,https://doi.org/10.1002/vomw.202100009,biogeochem_carbon,1
2021,Comparative Studies on Sorption Recovery and Molecular Selectivity of Bondesil PPL versus Bond Elut PPL Sorbents with Regard to Fulvic Acids,"Anna N. Khreptugova, Tatiana A. Mikhnevich, Alexandra A. Molodykh et al. (n=8)",Anna N. Khreptugova; Tatiana A. Mikhnevich; Alexandra A. Molodykh; Sofia V. Melnikova; Andrey I. Konstantinov; Gleb D. Rukhovich; Alexander Volikov; Irina V. Perminova,Water,https://doi.org/10.3390/w13243553,biogeochem_carbon; estuary_coastal; marine; microbial_coupling; wetland_peatland,5
2021,New Insights into the Seasonal Variation of DOM Quality of a Humic-Rich Drinking-Water Reservoir—Coupling 2D-Fluorescence and FTICR MS Measurements,"Christin Wilske, Peter Herzsprung, Oliver J. Lechtenfeld et al. (n=6)",Christin Wilske; Peter Herzsprung; Oliver J. Lechtenfeld; Norbert Kamjunke; Jürgen W. Einax; Wolf von Tümpling,Water,https://doi.org/10.3390/w13121703,biogeochem_carbon; estuary_coastal; freshwater_lake; marine; wastewater_drinking,5
2021,Molecular characterization of dissolved organic nitrogen during anoxic/oxic and anammox processes using ESI FT–ICR MS,"Li Zhang, Kexin Zheng, Yueping Wang et al. (n=4)",Li Zhang; Kexin Zheng; Yueping Wang; Yongzhen Peng,Water Environment Research,https://doi.org/10.1002/wer.1585,biogeochem_carbon; microbial_coupling; wastewater_drinking,3
2021,Exploring the fate of dissolved organic matter at the molecular level in the reactive electrochemical ceramic membrane system using fluorescence spectroscopy and FT-ICR MS,"Tahir Maqbool, Mingming Sun, Li Chen et al. (n=4)",Tahir Maqbool; Mingming Sun; Li Chen; Zhenghua Zhang,Water Research,https://doi.org/10.1016/j.watres.2021.117979,biogeochem_carbon; wastewater_drinking,2
2021,Chemical characterization of dissolved organic matter as disinfection byproduct precursors by UV/fluorescence and ESI FT-ICR MS after smoldering combustion of leaf needles and woody trunks of pine (Pinus jeffreyi),"Huan Chen, Mahmut S. Erşan, Nikola Tolić et al. (n=6)",Huan Chen; Mahmut S. Erşan; Nikola Tolić; Rosalie Chu; Tanju Karanfil; Alex Chow,Water Research,https://doi.org/10.1016/j.watres.2021.117962,atmosphere_aerosol; wastewater_drinking,2
2021,Source and formation process impact the chemodiversity of rainwater dissolved organic matter along the Yangtze River Basin in summer,"Shuang Chen, Qiaorong Xie, Sihui Su et al. (n=16)",Shuang Chen; Qiaorong Xie; Sihui Su; Libin Wu; Shujun Zhong; Zhimin Zhang; Chao Ma; Yulin Qi; Wei Hu; Junjun Deng; Lujie Ren; Dongqiang Zhu; Qingjun Guo; Cong‐Qiang Liu; Kyoung‐Soon Jang; Pingqing Fu,Water Research,https://doi.org/10.1016/j.watres.2021.118024,atmosphere_aerosol; biogeochem_carbon; disturbance_anthropogenic; estuary_coastal; freshwater_river; marine,6
2021,Organic chloramines formation from algal organic matters: Insights from Fourier transform-ion cyclotron resonance mass spectrometry,"Da Sheng, Lingjun Bu, Shumin Zhu et al. (n=6)",Da Sheng; Lingjun Bu; Shumin Zhu; Yangtao Wu; Jue Wang; Shiqing Zhou,Water Research,https://doi.org/10.1016/j.watres.2021.117746,biogeochem_carbon,1
2021,Hydrological management affected dissolved organic matter chemistry and organic carbon burial in the Three Gorges Reservoir,"Kai Wang, Yu Pang, Cheng Gao et al. (n=9)",Kai Wang; Yu Pang; Cheng Gao; Long Chen; Xinhao Jiang; Penghui Li; Chen He; Quan Shi; Ding He,Water Research,https://doi.org/10.1016/j.watres.2021.117195,biogeochem_carbon; disturbance_anthropogenic; estuary_coastal; freshwater_lake; marine; microbial_coupling,6
2021,Molecular insight into the variation of dissolved organic phosphorus in a wastewater treatment plant,"Shuxian Gao, Xin Zhang, Wenyuan Fan et al. (n=4)",Shuxian Gao; Xin Zhang; Wenyuan Fan; Guo‐Ping Sheng,Water Research,https://doi.org/10.1016/j.watres.2021.117529,estuary_coastal; marine; soil_terrestrial; wastewater_drinking,4
2021,Hydrologic heterogeneity induced variability of dissolved organic matter chemistry among tributaries of the Three Gorges Reservoir,"Kai Wang, Penghui Li, Chen He et al. (n=5)",Kai Wang; Penghui Li; Chen He; Quan Shi; Ding He,Water Research,https://doi.org/10.1016/j.watres.2021.117358,biogeochem_carbon; disturbance_anthropogenic; estuary_coastal; freshwater_lake; marine,5
2021,Ecological data of 46 lakes of China,Jiwei Luo,Jiwei Luo,Zenodo (CERN European Organization for Nuclear Research),https://doi.org/10.5281/zenodo.5810276,freshwater_lake; microbial_coupling,2
2021,Ecological data of 46 lakes of China,Jiwei Luo,Jiwei Luo,Zenodo (CERN European Organization for Nuclear Research),https://doi.org/10.5281/zenodo.5810277,freshwater_lake; microbial_coupling,2
2022,"Review for ""Fractionation and Characterization of Dissolved Organic Matter using Solid‐Phase Extraction followed by FT‐ICR Mass Spectrometry with Electrospray, Atmospheric Pressure Photoionization, and Laser Desorption Ionization""",,,,https://doi.org/10.1002/rcm.9364/v1/review1,atmosphere_aerosol; biogeochem_carbon; methods_instrumentation,3
2022,"Review for ""Fractionation and Characterization of Dissolved Organic Matter using Solid‐Phase Extraction followed by FT‐ICR Mass Spectrometry with Electrospray, Atmospheric Pressure Photoionization, and Laser Desorption Ionization""",,,,https://doi.org/10.1002/rcm.9364/v1/review3,atmosphere_aerosol; biogeochem_carbon; methods_instrumentation,3
2022,"Review for ""Fractionation and Characterization of Dissolved Organic Matter using Solid‐Phase Extraction followed by FT‐ICR Mass Spectrometry with Electrospray, Atmospheric Pressure Photoionization, and Laser Desorption Ionization""",,,,https://doi.org/10.1002/rcm.9364/v1/review2,atmosphere_aerosol; biogeochem_carbon; methods_instrumentation,3
2022,"Decision letter for ""Fractionation and Characterization of Dissolved Organic Matter using Solid‐Phase Extraction followed by FT‐ICR Mass Spectrometry with Electrospray, Atmospheric Pressure Photoionization, and Laser Desorption Ionization""",,,,https://doi.org/10.1002/rcm.9364/v2/decision1,atmosphere_aerosol; methods_instrumentation,2
2022,"Author response for ""Fractionation and Characterization of Dissolved Organic Matter using Solid‐Phase Extraction followed by FT‐ICR Mass Spectrometry with Electrospray, Atmospheric Pressure Photoionization, and Laser Desorption Ionization""","Qiaozhuan Hu, Jin-Feng Ge, Yuanbi Yi et al. (n=6)",Qiaozhuan Hu; Jin-Feng Ge; Yuanbi Yi; Chao Ma; Yulin Qi; Dietrich A. Volmer,,https://doi.org/10.1002/rcm.9364/v2/response1,atmosphere_aerosol; biogeochem_carbon; methods_instrumentation,3
2022,"Decision letter for ""Fractionation and Characterization of Dissolved Organic Matter using Solid‐Phase Extraction followed by FT‐ICR Mass Spectrometry with Electrospray, Atmospheric Pressure Photoionization, and Laser Desorption Ionization""",,,,https://doi.org/10.1002/rcm.9364/v1/decision1,atmosphere_aerosol; methods_instrumentation,2
2022,Dissolved Organic Matter,"Xosé Antón Álvarez‐Salgado, Mar Nieto‐Cid, Pamela E. Rossel",Xosé Antón Álvarez‐Salgado; Mar Nieto‐Cid; Pamela E. Rossel,,https://doi.org/10.1007/978-3-031-14486-8_2,biogeochem_carbon; estuary_coastal; marine,3
2022,Dissolved organic matter composition regulates microbial degradation and carbon dioxide production in pristine subarctic rivers,"Taija Saarela, Xudan Zhu, Helena Jäntti et al. (n=14)",Taija Saarela; Xudan Zhu; Helena Jäntti; Mizue Ohashi; Jun’ichiro Ide; Henri Siljanen; Aake Pesonen; Heidi Aaltonen; Anne Ojala; Hiroshi Nishimura; Timo Kekäläinen; Janne Jänis; Frank Berninger; Jukka Pumpanen,,https://doi.org/10.5194/bg-2022-225,biogeochem_carbon; estuary_coastal; freshwater_river; marine; microbial_coupling; soil_terrestrial; wetland_peatland,7
2022,"Origin, accumulation and fate of dissolved organic matter in an extreme hypersaline shallow lake.","Andrea Butturini, Peter Herzsprung, Oliver J. Lechtenfeld et al. (n=12)",Andrea Butturini; Peter Herzsprung; Oliver J. Lechtenfeld; Paloma Alcorno; Robert Benaiges-Fernández; Mercè Berlanga; Judit Boadella; Zeus Freixinos Campillo; Rosa Gómez; Maria del Mar Sanchez-Montoya; Jordi Urmeneta; Anna M. Romaní,,https://doi.org/10.5194/egusphere-egu22-1085,biogeochem_carbon; estuary_coastal; freshwater_lake; marine; methods_instrumentation; microbial_coupling,6
2022,"A DOM continuum from the roof of the world – Tibetan molecular dissolved organic matter characteristics track sources, land use effects, and processing along the fluvial-limnic pathway","Philipp Maurischat, Michael Seidel, Thorsten Dittmar et al. (n=4)",Philipp Maurischat; Michael Seidel; Thorsten Dittmar; Georg Guggenberger,,https://doi.org/10.5194/egusphere-2022-1375,atmosphere_aerosol; biogeochem_carbon; cryosphere; disturbance_anthropogenic; estuary_coastal; freshwater_lake; freshwater_river; groundwater; marine; microbial_coupling; soil_terrestrial; wetland_peatland,12
2022,Linking the carbon and sulfur cycles in a historically brackish diked peatland: Stable Isotopes and FT-ICR-MS,"Mary A. Zeller, Cátia von Ahn, Anna-Kathrina Jenner et al. (n=7)",Mary A. Zeller; Cátia von Ahn; Anna-Kathrina Jenner; Erwin Don Racasa; Amy M. McKenna; Manon Janssen; Michael E. Böttcher,,https://doi.org/10.5194/egusphere-egu22-9904,biogeochem_carbon; disturbance_anthropogenic; estuary_coastal; freshwater_river; groundwater; marine; sediment_porewater; wetland_peatland,8
2022,It's a match: increasing understanding of dissolved organic matter processing of Tibetan catchments by combining optical spectroscopy and ultrahigh-resolution mass spectrometry,"Philipp Maurischat, Michael Seidel, Åsmund Rinnan et al. (n=5)",Philipp Maurischat; Michael Seidel; Åsmund Rinnan; Tsechoe Dorji; Georg Guggenberger,,https://doi.org/10.5194/egusphere-egu22-13329,atmosphere_aerosol; biogeochem_carbon; cryosphere; estuary_coastal; freshwater_lake; freshwater_river; marine; microbial_coupling; soil_terrestrial; wetland_peatland,10
2022,Comment on bg-2022-225,"Taija Saarela, Xudan Zhu, Helena JÃ¤ntti et al. (n=14)",Taija Saarela; Xudan Zhu; Helena JÃ¤ntti; Mizue Ohashi; Jun'ichiro Ide; Henri Siljanen; Aake Pesonen; Heidi Aaltonen; Anne Ojala; Hiroshi Nishimura; Timo KekÃ¤lÃ¤inen; Janne JÃ¤nis; Frank Berninger; Jukka Pumpanen,,https://doi.org/10.5194/bg-2022-225-rc1,atmosphere_aerosol; biogeochem_carbon; freshwater_river; marine; microbial_coupling; soil_terrestrial; wetland_peatland,7
2022,Comment on egusphere-2022-1375,"Maurischat, Philipp, Seidel, Michael, Dittmar, Thorsten et al. (n=4)","Maurischat, Philipp; Seidel, Michael; Dittmar, Thorsten; Guggenberger, Georg",,https://doi.org/10.5194/egusphere-2022-1375-rc1,atmosphere_aerosol; biogeochem_carbon; cryosphere; disturbance_anthropogenic; freshwater_lake; freshwater_river; groundwater; marine; microbial_coupling; soil_terrestrial; wetland_peatland,11
2022,Dissolved organic matter quality variations in drinking water reservoirs and their catchment waters &amp;#8211; Scientific knowledge and research gaps,"Peter Herzsprung, Wolf von Tümpling, Norbert Kamjunke et al. (n=4)",Peter Herzsprung; Wolf von Tümpling; Norbert Kamjunke; Oliver J. Lechtenfeld,,https://doi.org/10.5194/egusphere-egu22-2334,biogeochem_carbon; freshwater_lake; methods_instrumentation; wastewater_drinking,4
2022,Reviews and syntheses: Use and misuse of peak intensities from high resolution mass spectrometry in organic matter studies: opportunities for robust usage,"William Kew, Allison Myers‐Pigg, Christine Chang et al. (n=9)",William Kew; Allison Myers‐Pigg; Christine Chang; Sean Colby; Josie Eder; Malak Tfaily; Jeffrey A. Hawkes; Rosalie Chu; James Stegen,,https://doi.org/10.5194/egusphere-2022-1105,biogeochem_carbon; estuary_coastal; marine,3
2022,Comment on kew et al _ egusphere,"William Kew, Allison Myers-Pigg, Christine Chang et al. (n=9)",William Kew; Allison Myers-Pigg; Christine Chang; Sean Colby; Josie Eder; Malak Tfaily; Jeffrey Hawkes; Rosalie Chu; James Stegen,,https://doi.org/10.5194/egusphere-2022-1105-rc1,atmosphere_aerosol; biogeochem_carbon,2
2022,Interactions of dissolved soil organic matter and manganese oxides,"Lena Brüggenwirth, Oliver J. Lechtenfeld, Ricarda Behrens et al. (n=6)",Lena Brüggenwirth; Oliver J. Lechtenfeld; Ricarda Behrens; Klaus Kaiser; Robert Mikutta; Christian Mikutta,,https://doi.org/10.5194/egusphere-egu22-296,biogeochem_carbon; microbial_coupling; soil_terrestrial,3
2022,Dissolved organic matter signatures in urban surface waters: spatio-temporal patterns and drivers,"Clara Romero González‐Quijano, Sonia Herrero Ortega, Peter Casper et al. (n=5)",Clara Romero González‐Quijano; Sonia Herrero Ortega; Peter Casper; Mark O. Gessner; Gabriel Singer,,https://doi.org/10.5194/bg-2021-340,biogeochem_carbon; estuary_coastal; freshwater_lake; freshwater_river; marine; wastewater_drinking,6
2022,Increased Drought Intensity Reduces Release of Plant Carbon into Dissolved Organic Carbon Pool,"Alice May Orme, Markus Lange, Simon Andreas Schroeter et al. (n=6)",Alice May Orme; Markus Lange; Simon Andreas Schroeter; Marcus Wicke; Georg Pohnert; Gerd Gleixner,,https://doi.org/10.5194/egusphere-egu22-509,biogeochem_carbon; sediment_porewater; soil_terrestrial,3
2022,Reply on RC2,Clara Romero,Clara Romero,,https://doi.org/10.5194/bg-2021-340-ac2,biogeochem_carbon; estuary_coastal; freshwater_lake; freshwater_river; marine; wastewater_drinking,6
2022,Comment on bg-2021-340,"Romero GonzÃ¡lez-Quijano, Clara, Herrero Ortega, Sonia, Casper, Peter et al. (n=5)","Romero GonzÃ¡lez-Quijano, Clara; Herrero Ortega, Sonia; Casper, Peter; Gessner, Mark O.; Singer, Gabriel A.",,https://doi.org/10.5194/bg-2021-340-rc1,biogeochem_carbon; disturbance_anthropogenic; estuary_coastal; freshwater_lake; freshwater_river; marine; wastewater_drinking,7
2022,Reply on RC1,Clara Romero,Clara Romero,,https://doi.org/10.5194/bg-2021-340-ac1,biogeochem_carbon; disturbance_anthropogenic; estuary_coastal; freshwater_lake; freshwater_river; marine; wastewater_drinking,7
2022,Comment on bg-2021-340,Clayton Williams,Clayton Williams,,https://doi.org/10.5194/bg-2021-340-rc2,biogeochem_carbon; disturbance_anthropogenic; estuary_coastal; freshwater_lake; freshwater_river; marine; wastewater_drinking,7
2022,Molecular Insights into Dissolved Organic Matter in Natural Dew Water: Biogrime Films on Leaf Surfaces,"Monica Dibley, Aron B. Jaffe, Rachel E. O’Brien",Monica Dibley; Aron B. Jaffe; Rachel E. O’Brien,ACS Earth and Space Chemistry,https://doi.org/10.1021/acsearthspacechem.1c00445,atmosphere_aerosol; biogeochem_carbon; freshwater_lake; microbial_coupling; soil_terrestrial,5
2022,"Revealing Dissolved Organic Nitrogen Transformation and Microbial Evolution at Microscale in a Solid Carbon Source-Coordinated Simultaneous Partial Nitrification, Anammox, and Denitrification Bioreactor","Guangchao Si, Dong Wei, Chen He et al. (n=5)",Guangchao Si; Dong Wei; Chen He; Quan Shi; Guo‐Ping Sheng,ACS ES&T Engineering,https://doi.org/10.1021/acsestengg.2c00151,biogeochem_carbon; microbial_coupling; wastewater_drinking,3
2022,Molecular Insights into the Enhanced Formation of Halonitrophenols after the UV/Chloramine Process,"Yangtao Wu, Xiaojun Chen, Lingjun Bu et al. (n=6)",Yangtao Wu; Xiaojun Chen; Lingjun Bu; Shumin Zhu; Shiqing Zhou; Wenhai Chu,ACS ES&T Water,https://doi.org/10.1021/acsestwater.1c00490,biogeochem_carbon; wastewater_drinking,2
2022,"Molecular Behavior of Dissolved Organic Matter in Liquid Digestate from Biogenic Waste during Electrodialysis Treatment: Reserve, Transfer, or Foul the Membrane?","Zhijie Wang, Pinjing He, Yulong Huang et al. (n=7)",Zhijie Wang; Pinjing He; Yulong Huang; Ning Zhang; Junjie Qiu; Hua Zhang; Fan Lü,ACS ES&T Water,https://doi.org/10.1021/acsestwater.2c00302,biogeochem_carbon; wastewater_drinking,2
2022,Analysis of Natural Organic Matter in Water from Cold and Hot Mineral Springs in South Korea Using 15T FT-ICR-MS,"Duck‐Hyun Kim, Yun-Kyung Lee, Jin Hur et al. (n=9)",Duck‐Hyun Kim; Yun-Kyung Lee; Jin Hur; Hee-Jin Yoo; Kyung‐Seok Ko; Jae Min Lee; Dong‐Chan Koh; Kwang‐Sik Lee; Kun Cho,ACS Omega,https://doi.org/10.1021/acsomega.2c01697,biogeochem_carbon; groundwater,2
2022,Molecular Insights into the Transformation Mechanisms of Dissolved Organic Matter Based on Ultrahigh Resolution Mass Spectrometry,"Shouming Cheng, Bo Zhou",Shouming Cheng; Bo Zhou,Acta Chimica Sinica,https://doi.org/10.6023/a22010044,biogeochem_carbon,1
2022,Separation and characterization of sulfonates in dissolved organic matter from industrial wastewater by solid phase extraction and high-resolution mass spectrometry,"Weiyi Deng, Chen He, Quan Shi et al. (n=4)",Weiyi Deng; Chen He; Quan Shi; Haiyan Huang,Analytical and Bioanalytical Chemistry,https://doi.org/10.1007/s00216-022-04092-6,biogeochem_carbon; methods_instrumentation; wastewater_drinking,3
2022,Magnitude Filter Combined with Mass Filter: A Reliable Strategy to Improve the Reproducibility of ESI-FT-ICR-MS Analysis on the Fingerprint of Dissolved Organic Matter,"Miao Chen, Dongbin Wei, Liping Li et al. (n=5)",Miao Chen; Dongbin Wei; Liping Li; Feipeng Wang; Yuguo Du,Analytical Chemistry,https://doi.org/10.1021/acs.analchem.2c00879,biogeochem_carbon,1
2022,"Improved Dynamic Range, Resolving Power, and Sensitivity Achievable with FT-ICR Mass Spectrometry at 21 T Reveals the Hidden Complexity of Natural Organic Matter","William Bahureksa, Thomas Borch, Robert B. Young et al. (n=6)",William Bahureksa; Thomas Borch; Robert B. Young; Chad R. Weisbrod; Greg T. Blakney; Amy M. McKenna,Analytical Chemistry,https://doi.org/10.1021/acs.analchem.2c02377,biogeochem_carbon; methods_instrumentation,2
2022,Development of an Internal Calibration Algorithm for Ultrahigh-Resolution Mass Spectra of Dissolved Organic Matter,"Qing‐Long Fu, Manabu Fujii, Eunsang Kwon",Qing‐Long Fu; Manabu Fujii; Eunsang Kwon,Analytical Chemistry,https://doi.org/10.1021/acs.analchem.2c01342,biogeochem_carbon,1
2022,"Characterization of the partial oxidation products of crude oil contaminating groundwater at the U.S. Geological Survey Bemidji research site in Minnesota by elemental analysis, radiocarbon dating, nuclear magnetic resonance spectroscopy, and Fourier transform ion cyclotron resonance mass spectrometry","Kevin A. Thorn, Ananna Islam, Sung‐Hwan Kim",Kevin A. Thorn; Ananna Islam; Sung‐Hwan Kim,Antarctica A Keystone in a Changing World,https://doi.org/10.3133/ofr20221042,atmosphere_aerosol; biogeochem_carbon; disturbance_anthropogenic; groundwater; marine; methods_instrumentation; microbial_coupling; petroleum_fossil; soil_terrestrial,9
2022,Identifying carbon processing based on molecular differences between groundwater and water-extractable aquifer sediment dissolved organic matter in a Quaternary alluvial-lacustrine aquifer,"Qi Zhao, Yiqun Gan, Yamin Deng et al. (n=5)",Qi Zhao; Yiqun Gan; Yamin Deng; Haoran Zhou; Huamiao Zhao,Applied Geochemistry,https://doi.org/10.1016/j.apgeochem.2022.105199,biogeochem_carbon; freshwater_lake; groundwater; sediment_porewater,4
2022,Geographical constraints on chemodiversity of sediment dissolved organic matter in China's coastal wetlands,"Jianfeng Li, Baoli Wang, Meiling Yang et al. (n=7)",Jianfeng Li; Baoli Wang; Meiling Yang; Wanzhu Li; Na Liu; Yulin Qi; Cong‐Qiang Liu,Applied Geochemistry,https://doi.org/10.1016/j.apgeochem.2022.105506,disturbance_anthropogenic; estuary_coastal; marine; sediment_porewater; wetland_peatland,5
2022,Molecular level characterization of DOM along a freshwater-to-estuarine coastal gradient in the Florida Everglades,"Dennys Leyva, Rudolf Jaffé, Jessica R. Courson et al. (n=7)",Dennys Leyva; Rudolf Jaffé; Jessica R. Courson; John S. Kominoski; Muhammad Usman Tariq; Fahad Saeed; Francisco Fernández-Lima,Aquatic Sciences,https://doi.org/10.1007/s00027-022-00887-y,biogeochem_carbon; estuary_coastal; marine,3
2022,From canopy to consumer: what makes and modifies terrestrial DOM in a temperate forest,"Megan I. Behnke, Jason B. Fellman, David V. D’Amore et al. (n=5)",Megan I. Behnke; Jason B. Fellman; David V. D’Amore; Steven Gomez; Robert G. M. Spencer,Biogeochemistry,https://doi.org/10.1007/s10533-022-00906-y,biogeochem_carbon; disturbance_anthropogenic; estuary_coastal; soil_terrestrial; wetland_peatland,5
2022,Evidence from molecular marker and FT-ICR-MS analyses for the source and transport of dissolved black carbon under variable water discharge of a subtropical Estuary,"Weiqiang Zhao, Hongyan Bao, Dekun Huang et al. (n=6)",Weiqiang Zhao; Hongyan Bao; Dekun Huang; Jutta Niggemann; Thorsten Dittmar; Shuh‐Ji Kao,Biogeochemistry,https://doi.org/10.1007/s10533-022-00987-9,biochar_black_carbon; estuary_coastal; marine,3
2022,Molecular correlations of dissolved organic matter with inorganic mercury and methylmercury in Canadian boreal streams,"Vaughn Mangal, Wai Ying Lam, Huogao Huang et al. (n=6)",Vaughn Mangal; Wai Ying Lam; Huogao Huang; Erik J. S. Emilson; Robert Mackereth; Carl P. J. Mitchell,Biogeochemistry,https://doi.org/10.1007/s10533-022-00944-6,freshwater_river; soil_terrestrial,2
2022,Dissolved organic matter signatures in urban surface waters: spatio-temporal patterns and drivers,"Clara Romero González‐Quijano, Sonia Herrero Ortega, Peter Casper et al. (n=5)",Clara Romero González‐Quijano; Sonia Herrero Ortega; Peter Casper; Mark O. Gessner; Gabriel Singer,Biogeosciences,https://doi.org/10.5194/bg-19-2841-2022,biogeochem_carbon; disturbance_anthropogenic; estuary_coastal; freshwater_lake; freshwater_river; marine; wastewater_drinking; wetland_peatland,8
2022,Universal microbial reworking of dissolved organic matter along environmental gradients,"Erika C. Freeman, Erik J. S. Emilson, Thorsten Dittmar et al. (n=9)",Erika C. Freeman; Erik J. S. Emilson; Thorsten Dittmar; Lucas PP Braga; Caroline E. Emilson; Tobias Goldhammer; Christine Martineau; Gabriel Singer; Andrew J. Tanentzap,bioRxiv (Cold Spring Harbor Laboratory),https://doi.org/10.1101/2022.11.23.517109,biogeochem_carbon; estuary_coastal; freshwater_river; marine; microbial_coupling; soil_terrestrial,6
2022,Characterization of petroleum‐related natural organic matter by ultrahigh‐resolution mass spectrometry,"Thamina Acter, Seulgidaun Lee, Nizam Uddin et al. (n=5)",Thamina Acter; Seulgidaun Lee; Nizam Uddin; Kamarum Monira Mow; Sunghwan Kim,Bulletin of the Korean Chemical Society,https://doi.org/10.1002/bkcs.12662,biogeochem_carbon; methods_instrumentation; petroleum_fossil,3
2022,Deciphering dissolved organic matter by Fourier transform ion cyclotron resonance mass spectrometry (FT-ICR MS): from bulk to fractions and individuals,"Yulin Qi, Qiaorong Xie, Junjian Wang et al. (n=14)",Yulin Qi; Qiaorong Xie; Junjian Wang; Ding He; Hongyan Bao; Qing‐Long Fu; Sihui Su; Ming Sheng; Si‐Liang Li; Dietrich A. Volmer; Fengchang Wu; Guibin Jiang; Cong‐Qiang Liu; Pingqing Fu,Carbon Research,https://doi.org/10.1007/s44246-022-00002-8,atmosphere_aerosol; biogeochem_carbon; estuary_coastal; marine; microbial_coupling,5
2022,Urban and agricultural land use regulates the molecular composition and bio-lability of fluvial dissolved organic matter in human-impacted southeastern China,"Xiaosi Hu, Yongqiang Zhou, Lei Zhou et al. (n=12)",Xiaosi Hu; Yongqiang Zhou; Lei Zhou; Yunlin Zhang; Li Wu; Hai Xu; Guangwei Zhu; Kyoung‐Soon Jang; Robert G. M. Spencer; Erik Jeppesen; Justin D. Brookes; Fengchang Wu,Carbon Research,https://doi.org/10.1007/s44246-022-00020-6,biogeochem_carbon; disturbance_anthropogenic; estuary_coastal; freshwater_river; marine; microbial_coupling; soil_terrestrial,7
2022,"Photodegradation of pyrogenic dissolved organic matter increases bioavailability: Novel insight into bioalteration, microbial community succession, and C and N dynamics","Yalan Chen, Ke Sun, Haoran Sun et al. (n=7)",Yalan Chen; Ke Sun; Haoran Sun; Yan Yang; Yang Li; Bo Gao; Baoshan Xing,Chemical Geology,https://doi.org/10.1016/j.chemgeo.2022.120964,atmosphere_aerosol; biochar_black_carbon; estuary_coastal; marine; microbial_coupling,5
2022,Molecular insights into the catalytic oxidation of methanol-to-olefins wastewater with phosphoric acid modified sludge biochar,"Yu Li, Li Wang, Huangzhao Wei et al. (n=10)",Yu Li; Li Wang; Huangzhao Wei; Hongze Chang; Ying Zhao; Xinxin Duan; Hao Sun; Jiaxun Zhu; Ren'an Wu; Chenglin Sun,Chemosphere,https://doi.org/10.1016/j.chemosphere.2022.135938,biochar_black_carbon; wastewater_drinking,2
2022,Advanced oxidation processes and selection of industrial water source: A new sight from natural organic matter,"Mengqiao Luo, Zhaoyang Wang, Can Zhang et al. (n=8)",Mengqiao Luo; Zhaoyang Wang; Can Zhang; Bo Song; Demin Li; Pengwei Cao; Xiaoqing Peng; Shenglin Liu,Chemosphere,https://doi.org/10.1016/j.chemosphere.2022.135183,biogeochem_carbon; soil_terrestrial,2
2022,Mass difference matching unfolds hidden molecular structures of dissolved organic matter,"Carsten Simon, Kai Dührkop, Daniel Petras et al. (n=7)",Carsten Simon; Kai Dührkop; Daniel Petras; Vanessa-Nina Roth; Sebastian Böcker; Pieter C. Dorrestein; Gerd Gleixner,ChemRxiv,https://doi.org/10.26434/chemrxiv-2021-cxxt1-v3,biogeochem_carbon; estuary_coastal; marine,3
2022,Mass difference matching unfolds hidden molecular structures of dissolved organic matter,"Carsten Simon, Kai Dührkop, Daniel Petras et al. (n=7)",Carsten Simon; Kai Dührkop; Daniel Petras; Vanessa-Nina Roth; Sebastian Böcker; Pieter C. Dorrestein; Gerd Gleixner,ChemRxiv,https://doi.org/10.26434/chemrxiv-2021-cxxt1-v2,biogeochem_carbon; estuary_coastal; marine,3
2022,Characterisation of a newly available marine dissolved organic matter reference material (TRM-0522),"Stacey L. Felgate, Alexander J. Craig, Lindon W. K. Moodie et al. (n=4)",Stacey L. Felgate; Alexander J. Craig; Lindon W. K. Moodie; Jeffrey A. Hawkes,ChemRxiv,https://doi.org/10.26434/chemrxiv-2022-3qwcj,biogeochem_carbon; estuary_coastal; marine; soil_terrestrial,4
2022,Characterization of Emerging Contaminants from Weathered Fossil Fuel-Derived Materials as Revealed by Fourier Transform Ion Cyclotron Resonance Mass Spectrometry (FT-ICR MS),,,DigiNole (Florida State University),,biogeochem_carbon; microbial_coupling; petroleum_fossil,3
2022,"Organic Matter Sources, Transformations, and Fates in Northern High-Latitude Regions on the Forefront of Climate Change",,,DigiNole (Florida State University),,atmosphere_aerosol; biogeochem_carbon; cryosphere; disturbance_anthropogenic; estuary_coastal; freshwater_river; groundwater; marine; microbial_coupling; soil_terrestrial; wetland_peatland,11
2022,Independent response of soil DOM to MAT and MAP: Evidence from a large-scale survey of moss crusts in mainland China,"Siwan Liu, Linhua Fan, Chao Chang et al. (n=10)",Siwan Liu; Linhua Fan; Chao Chang; Zhengkui Ge; Ning Ma; Wenbin Chen; Fang Yang; Baozhu Pan; Ming Li; Li Gao,Ecological Indicators,https://doi.org/10.1016/j.ecolind.2022.109240,atmosphere_aerosol; biogeochem_carbon; microbial_coupling; soil_terrestrial,4
2022,Different dissolved organic matter composition between central and southern glaciers on the Tibetan Plateau,"Bixi Guo, Yongqin Liu, Keshao Liu et al. (n=7)",Bixi Guo; Yongqin Liu; Keshao Liu; Quan Shi; Chen He; Ruanhong Cai; Nianzhi Jiao,Ecological Indicators,https://doi.org/10.1016/j.ecolind.2022.108888,biogeochem_carbon; cryosphere; estuary_coastal; freshwater_river; marine; microbial_coupling; soil_terrestrial,7
2022,Maltene and Asphaltene Contributions to the Formation of Water-Soluble Emerging Contaminants from Photooxidation of Paving Materials,"Taylor J. Glattke, Martha L. Chacón‐Patiño, Alan G. Marshall et al. (n=4)",Taylor J. Glattke; Martha L. Chacón‐Patiño; Alan G. Marshall; Ryan P. Rodgers,Energy & Fuels,https://doi.org/10.1021/acs.energyfuels.2c02936,biogeochem_carbon; freshwater_lake; methods_instrumentation; petroleum_fossil,4
2022,"Molecular characterization by ultrahigh resolution mass spectrometry of dissolved black carbon-like molecules in summer along the Pearl River Estuary, China","Xiaocong Wang, Chen He, Quan Shi et al. (n=4)",Xiaocong Wang; Chen He; Quan Shi; Guixue Song,Environmental Advances,https://doi.org/10.1016/j.envadv.2022.100297,atmosphere_aerosol; biochar_black_carbon; biogeochem_carbon; estuary_coastal; freshwater_river; marine; methods_instrumentation,7
2022,Responses of dissolved organic matter (DOM) characteristics in eutrophic lake to water diversion from external watershed,"Jia He, Yan Yang, Xue Wu et al. (n=11)",Jia He; Yan Yang; Xue Wu; Guoqiang Zhi; Ying Zhang; Xiaoneng Sun; Lixin Jiao; Weiming Deng; Hongbin Zhou; Zhi Shao; Qifeng Zhu,Environmental Pollution,https://doi.org/10.1016/j.envpol.2022.119992,biogeochem_carbon; disturbance_anthropogenic; estuary_coastal; freshwater_lake; marine; soil_terrestrial,6
2022,"Sources, characteristics, and in situ degradation of dissolved organic matters: A case study of a drinking water reservoir located in a cold-temperate forest","Fan Liu, Qingliang Zhao, Jing Ding et al. (n=8)",Fan Liu; Qingliang Zhao; Jing Ding; Lili Li; Kun Wang; Huimin Zhou; Miao Jiang; Jian Wei,Environmental Research,https://doi.org/10.1016/j.envres.2022.114857,atmosphere_aerosol; biogeochem_carbon; disturbance_anthropogenic; estuary_coastal; freshwater_lake; marine; microbial_coupling; soil_terrestrial; wastewater_drinking,9
2022,Coupled Sorption and Oxidation of Soil Dissolved Organic Matter on Manganese Oxides: Nano/Sub-nanoscale Distribution and Molecular Transformation,"Zecong Ding, Yang Ding, Fu Liu et al. (n=7)",Zecong Ding; Yang Ding; Fu Liu; Jianjun Yang; Rong Li; Zhi Dang; Zhenqing Shi,Environmental Science & Technology,https://doi.org/10.1021/acs.est.1c07520,biogeochem_carbon; soil_terrestrial,2
2022,Marine Dissolved Organic Matter Shares Thousands of Molecular Formulae Yet Differs Structurally across Major Water Masses,"Michael Seidel, Sahithya Phani Babu Vemulapalli, Daniel Mathieu et al. (n=4)",Michael Seidel; Sahithya Phani Babu Vemulapalli; Daniel Mathieu; Thorsten Dittmar,Environmental Science & Technology,https://doi.org/10.1021/acs.est.1c04566,biogeochem_carbon; estuary_coastal; marine,3
2022,Using Potential Molecular Transformation To Understand the Molecular Trade-Offs in Soil Dissolved Organic Matter,"Meng Wu, Pengfa Li, Guilong Li et al. (n=8)",Meng Wu; Pengfa Li; Guilong Li; Kai Liu; Guozhen Gao; Shiyu Ma; Cunpu Qiu; Zhongpei Li,Environmental Science & Technology,https://doi.org/10.1021/acs.est.2c01137,biogeochem_carbon; soil_terrestrial,2
2022,Natural Asphalt Seeps Are Potential Sources for Recalcitrant Oceanic Dissolved Organic Sulfur and Dissolved Black Carbon,"Jonas Brünjes, Michael Seidel, Thorsten Dittmar et al. (n=5)",Jonas Brünjes; Michael Seidel; Thorsten Dittmar; Jutta Niggemann; Florence Schubotz,Environmental Science & Technology,https://doi.org/10.1021/acs.est.2c01123,atmosphere_aerosol; biochar_black_carbon; biogeochem_carbon; freshwater_lake; marine; petroleum_fossil,6
2022,Nitrogen Enrichment during Soil Organic Matter Burning and Molecular Evidence of Maillard Reactions,"William Bahureksa, Robert B. Young, Amy M. McKenna et al. (n=7)",William Bahureksa; Robert B. Young; Amy M. McKenna; Huan Chen; Kevin A. Thorn; Fernando L. Rosario‐Ortiz; Thomas Borch,Environmental Science & Technology,https://doi.org/10.1021/acs.est.1c06745,atmosphere_aerosol; biogeochem_carbon; disturbance_anthropogenic; microbial_coupling; soil_terrestrial,5
2022,Unified Modeling Approach for Quantifying the Proton and Metal Binding Ability of Soil Dissolved Organic Matter,"Qianting Ye, Yang Ding, Zecong Ding et al. (n=5)",Qianting Ye; Yang Ding; Zecong Ding; Li Rong; Zhenqing Shi,Environmental Science & Technology,https://doi.org/10.1021/acs.est.2c08482,biogeochem_carbon; estuary_coastal; marine; soil_terrestrial,4
2022,Complex Mixture Analysis of Emerging Contaminants Generated from Coal Tar- and Petroleum-Derived Pavement Sealants: Molecular Compositions and Correlations with Toxicity Revealed by Fourier Transform Ion Cyclotron Resonance Mass Spectrometry,"Taylor J. Glattke, Martha L. Chacón‐Patiño, Sarajeen Saima Hoque et al. (n=7)",Taylor J. Glattke; Martha L. Chacón‐Patiño; Sarajeen Saima Hoque; Thomas E. Ennis; Steve Greason; Alan G. Marshall; Ryan P. Rodgers,Environmental Science & Technology,https://doi.org/10.1021/acs.est.2c00582,atmosphere_aerosol; biogeochem_carbon; methods_instrumentation; petroleum_fossil,4
2022,Experimental Insight into the Enigmatic Persistence of Marine Refractory Dissolved Organic Matter,"Xiaoxuan Zheng, Ruanhong Cai, Hongwei Yao et al. (n=8)",Xiaoxuan Zheng; Ruanhong Cai; Hongwei Yao; Xiaocun Zhuo; Chen He; Qiang Zheng; Quan Shi; Nianzhi Jiao,Environmental Science & Technology,https://doi.org/10.1021/acs.est.2c04136,biogeochem_carbon; estuary_coastal; marine; microbial_coupling,4
2022,Of Sea and Smoke: Evidence of Marine Dissolved Organic Matter Deposition from 2020 Western United States Wildfires,"Elizabeth K. Coward, Kristi Seech, Melissa L. Carter et al. (n=5)",Elizabeth K. Coward; Kristi Seech; Melissa L. Carter; Reinhard E. Flick; Vicki H. Grassian,Environmental Science & Technology Letters,https://doi.org/10.1021/acs.estlett.2c00383,atmosphere_aerosol; biochar_black_carbon; biogeochem_carbon; disturbance_anthropogenic; marine,5
2022,A New Structural Classification Scheme for Dissolved Organic Sulfur in Urban Snow from North China,"Sihui Su, Qiaorong Xie, Alan Jay Smith et al. (n=13)",Sihui Su; Qiaorong Xie; Alan Jay Smith; Yunchao Lang; Wei Hu; Dong Cao; Siyao Yue; Shuang Chen; Jialei Zhu; Yisheng Xu; Nicholle G. A. Bell; Dušan Uhrı́n; Pingqing Fu,Environmental Science & Technology Letters,https://doi.org/10.1021/acs.estlett.2c00153,atmosphere_aerosol; biogeochem_carbon; cryosphere,3
2022,Impact of beaver ponds on biogeochemistry of organic carbon and nitrogen along a fire-impacted stream,"Holly K. Roth, Amelia R. Nelson, Amy M. McKenna et al. (n=8)",Holly K. Roth; Amelia R. Nelson; Amy M. McKenna; Timothy S. Fegel; Robert B. Young; Charles C. Rhoades; Michael J. Wilkins; Thomas Borch,Environmental Science Processes & Impacts,https://doi.org/10.1039/d2em00184e,biochar_black_carbon; biogeochem_carbon; disturbance_anthropogenic; freshwater_lake; freshwater_river; microbial_coupling; sediment_porewater; wetland_peatland,8
2022,Molecular Linkage of Dissolved Organic Matter in Groundwater with Prevalence of Chronic Kidney Disease with Unknown Etiology,"Xianjiang Zeng, Wei He, Huaming Guo et al. (n=7)",Xianjiang Zeng; Wei He; Huaming Guo; Chen He; Quan Shi; Qiutong Shi; Meththika Vithanage,Exposure and Health,https://doi.org/10.1007/s12403-022-00509-w,biogeochem_carbon; groundwater,2
2022,Bottom-up and top-down controls on Alteromonas macleodii lead to different dissolved organic matter compositions,Qi Chen,Qi Chen,Figshare,https://doi.org/10.6084/m9.figshare.21779609,biogeochem_carbon; marine; microbial_coupling; wastewater_drinking,4
2022,Spatial dynamics of dissolved organic matter among different segments of a large-scale reservoir in the water-level declining period,"Kai Wang, Shangbin Xiao, Jia Liu et al. (n=7)",Kai Wang; Shangbin Xiao; Jia Liu; Penghui Li; Chen He; Quan Shi; Ding He,Frontiers in Environmental Science,https://doi.org/10.3389/fenvs.2022.962706,biogeochem_carbon; disturbance_anthropogenic; estuary_coastal; freshwater_lake; freshwater_river; marine; microbial_coupling; soil_terrestrial,8
2022,Linkages Between Optical and Molecular Signatures of Dissolved Organic Matter Along the Yangtze River Estuary-to-East China Sea Continuum,"Xingnian Sun, Penghui Li, Yuping Zhou et al. (n=8)",Xingnian Sun; Penghui Li; Yuping Zhou; Chen He; Fang Cao; Yuntao Wang; Quan Shi; Ding He,Frontiers in Marine Science,https://doi.org/10.3389/fmars.2022.933561,biogeochem_carbon; estuary_coastal; freshwater_river; marine; sediment_porewater; soil_terrestrial; wastewater_drinking,7
2022,Molecular Composition of Dissolved Organic Matter in the Changjiang (Yangtze River) – Imprints of Anthropogenic Impact,"Ying Wu, Boris Koch, Xiaona Wang et al. (n=9)",Ying Wu; Boris Koch; Xiaona Wang; Matthias Witt; Xiaolu Wang; Hongyan Bao; Shuchai Gan; Gerhard Kattner; Jing Zhang,Frontiers in Marine Science,https://doi.org/10.3389/fmars.2022.980176,biogeochem_carbon; disturbance_anthropogenic; estuary_coastal; freshwater_lake; freshwater_river; groundwater; marine; soil_terrestrial; wastewater_drinking; wetland_peatland,10
2022,Substantial Biogeochemical and Biomolecular Processing of Dissolved Organic Matter in an Anticyclonic Eddy in the Northern South China Sea Down to Bathypelagic Depths,"Miao Zhang, Siyu Li, Norbert Hertkorn et al. (n=7)",Miao Zhang; Siyu Li; Norbert Hertkorn; Mourad Harir; Dongfeng Xu; Philippe Schmitt‐Kopplin; Ying Wu,Frontiers in Marine Science,https://doi.org/10.3389/fmars.2022.902728,biogeochem_carbon; estuary_coastal; marine; microbial_coupling,4
2022,The Effects of Hurricanes and Storms on the Composition of Dissolved Organic Matter in a Southeastern U.S. Estuary,Patricia M. Medeiros,Patricia M. Medeiros,Frontiers in Marine Science,https://doi.org/10.3389/fmars.2022.855720,atmosphere_aerosol; biogeochem_carbon; disturbance_anthropogenic; estuary_coastal; freshwater_river; marine; microbial_coupling; sediment_porewater,8
2022,Deciphering the Virus Signal Within the Marine Dissolved Organic Matter Pool,"Mara Elena Heinrichs, Benedikt Heyerhoff, Berin S. Arslan-Gatz et al. (n=6)",Mara Elena Heinrichs; Benedikt Heyerhoff; Berin S. Arslan-Gatz; Michael Seidel; Jutta Niggemann; Bert Engelen,Frontiers in Microbiology,https://doi.org/10.3389/fmicb.2022.863686,biogeochem_carbon; marine; microbial_coupling,3
2022,Microbial Communities Influence Soil Dissolved Organic Carbon Concentration by Altering Metabolite Composition,"Tayte Campbell, Danielle Ulrich, Jason Toyoda et al. (n=9)",Tayte Campbell; Danielle Ulrich; Jason Toyoda; Jaron Thompson; Brian Munsky; Michaeline Albright; Vanessa Bailey; Malak Tfaily; John Dunbar,Frontiers in Microbiology,https://doi.org/10.3389/fmicb.2021.799014,biogeochem_carbon; microbial_coupling; soil_terrestrial,3
2022,Drought Reduces Release of Plant Matter Into Dissolved Organic Matter Potentially Restraining Ecosystem Recovery,"Alice May Orme, Markus Lange, Simon Andreas Schroeter et al. (n=7)",Alice May Orme; Markus Lange; Simon Andreas Schroeter; Marcus Wicke; Olaf Kolle; Georg Pohnert; Gerd Gleixner,Frontiers in Soil Science,https://doi.org/10.3389/fsoil.2022.904259,biogeochem_carbon; estuary_coastal; soil_terrestrial; wetland_peatland,4
2022,"Synergy of oxalic acid and sunlight triggered Cr(III)-bearing Schwertmannite transformation: Reaction mechanism, Cr and C spatial distribution and speciation on the nano scale","Qian Yao, Chuling Guo, Xiaofei Li et al. (n=8)",Qian Yao; Chuling Guo; Xiaofei Li; Xiaohu Jin; Guining Lu; Xiaoyun Yi; Weilin Huang; Zhi Dang,Geochimica et Cosmochimica Acta,https://doi.org/10.1016/j.gca.2022.05.018,biogeochem_carbon; disturbance_anthropogenic,2
2022,Organic Molecular Signatures of the Congo River and Comparison to the Amazon,"Martin R. Kurek, Aron Stubbins, Travis W. Drake et al. (n=12)",Martin R. Kurek; Aron Stubbins; Travis W. Drake; Thorsten Dittmar; José Mauro Sousa de Moura; R. M. Holmes; Helena Osterholz; Johan Six; José N. Wabakanghanzi; Bienvenu Jean Dinga; Miyuki Mitsuya; Robert G. M. Spencer,Global Biogeochemical Cycles,https://doi.org/10.1029/2022gb007301,atmosphere_aerosol; biogeochem_carbon; disturbance_anthropogenic; estuary_coastal; freshwater_river; marine; soil_terrestrial,7
2022,Development of an Internal Calibration Algorithm for Ultrahigh-Resolution Mass Spectra of Dissolved Organic Matter,"学 藤井, Manabu Fujii",学 藤井; Manabu Fujii,Institutional Repositories DataBase (IRDB),,biogeochem_carbon,1
2022,Molecular characteristics of unknown chlorinated disinfection byproducts during chlorination in sedimentation sludge water,"Yunkun Qian, Jun Guo, Yijun Shi et al. (n=7)",Yunkun Qian; Jun Guo; Yijun Shi; Yanan Chen; Xinyi Wang; Jiaxin Ma; Dong An,Journal of Cleaner Production,https://doi.org/10.1016/j.jclepro.2022.131850,biogeochem_carbon; wastewater_drinking,2
2022,Molecular transformation pathway and bioavailability of organic phosphorus in sewage sludge under hydrothermal treatment: Importance of biopolymers interactions,"Yu Zhang, Hao Yuan, Siying Cai et al. (n=6)",Yu Zhang; Hao Yuan; Siying Cai; Yukun Zhang; Dongsheng Wang; Weijun Zhang,Journal of Cleaner Production,https://doi.org/10.1016/j.jclepro.2022.135746,biogeochem_carbon; wastewater_drinking,2
2022,Effects of catalytic ozonation catalyzed by TiO2 activated carbon and biochar on dissolved organic matter removal and disinfection by-product formations investigated by Orbitrap mass spectrometry,"Nutdanai Dabuth, Sattawat Thuangchon, Thirawit Prasert et al. (n=5)",Nutdanai Dabuth; Sattawat Thuangchon; Thirawit Prasert; Vitharuch Yuthawong; Phanwatt Phungsai,Journal of environmental chemical engineering,https://doi.org/10.1016/j.jece.2022.107215,biochar_black_carbon; biogeochem_carbon; wastewater_drinking,3
2022,Transformation of dissolved organic matter at a full-scale petrochemical wastewater treatment plant,"Yue Kou, Juntao Jiang, Baiyu Yang et al. (n=9)",Yue Kou; Juntao Jiang; Baiyu Yang; Sun He; Leqi Wang; Qinghong Wang; Mohamed Gamal El‐Din; Quan Shi; Chunmao Chen,Journal of Environmental Management,https://doi.org/10.1016/j.jenvman.2022.117021,petroleum_fossil; wastewater_drinking,2
2022,Strong Dynamics in Tidal Marsh DOC Export in Response to Natural Cycles and Episodic Events From Continuous Monitoring,"Alana Menendez, Maria Tzortziou, Patrick J. Neale et al. (n=7)",Alana Menendez; Maria Tzortziou; Patrick J. Neale; J. Patrick Megonigal; Leanne C. Powers; Philippe Schmitt‐Kopplin; Michael Gonsior,Journal of Geophysical Research Biogeosciences,https://doi.org/10.1029/2022jg006863,biogeochem_carbon; disturbance_anthropogenic; estuary_coastal; freshwater_river; marine; wetland_peatland,6
2022,Trapped Under Ice: Spatial and Seasonal Dynamics of Dissolved Organic Matter Composition in Tundra Lakes,"Martin R. Kurek, Karen E. Frey, François Guillemette et al. (n=8)",Martin R. Kurek; Karen E. Frey; François Guillemette; David C. Podgorski; Amy Townsend‐Small; Christopher D. Arp; Anne M. Kellerman; Robert G. M. Spencer,Journal of Geophysical Research Biogeosciences,https://doi.org/10.1029/2021jg006578,atmosphere_aerosol; biogeochem_carbon; cryosphere; estuary_coastal; freshwater_lake; freshwater_river; marine; microbial_coupling; soil_terrestrial,9
2022,Molecular-level transformation of refractory organic matter during flocculation-ultraviolet/peroxymonosulfate treatment of MBR-treated landfill leachate,"Weiming Chen, Zhepei Gu, Chen He et al. (n=4)",Weiming Chen; Zhepei Gu; Chen He; Qibin Li,Journal of Hazardous Materials,https://doi.org/10.1016/j.jhazmat.2022.130086,biogeochem_carbon; wastewater_drinking; wetland_peatland,3
2022,Coupled variations of dissolved organic matter distribution and iron (oxyhydr)oxides transformation: Effects on the kinetics of uranium adsorption and desorption,"Yang Ding, Xixian Huang, Hui Zhang et al. (n=10)",Yang Ding; Xixian Huang; Hui Zhang; Jianhong Ma; Feng Li; Qingyi Zeng; Nan Hu; Yongdong Wang; Zhongran Dai; Dexin Ding,Journal of Hazardous Materials,https://doi.org/10.1016/j.jhazmat.2022.129298,,0
2022,Kinetic and molecular evidence for DON transformation in the deep vadose zone: Important implications for soil nitrogen budgeting and groundwater nitrate management,"Zeliang Shen, Jia Xin, Haoran Wu et al. (n=9)",Zeliang Shen; Jia Xin; Haoran Wu; Zhuqing Jiang; Hui Peng; Fan Xu; Chen He; Quan Shi; Xilai Zheng,Journal of Hydrology,https://doi.org/10.1016/j.jhydrol.2022.128782,disturbance_anthropogenic; groundwater; soil_terrestrial,3
2022,"Biogas residue biochar still had ecological risks to the ultisol: evidence from soil bacterial communities, organic carbon structures, and mineralization","Ping Cong, Xuebo Zheng, Lanfang Han et al. (n=8)",Ping Cong; Xuebo Zheng; Lanfang Han; Liying Chen; Jintao Zhang; Wenjing Song; Jianxin Dong; Xiaogang Ma,Journal of Soils and Sediments,https://doi.org/10.1007/s11368-022-03269-x,biochar_black_carbon; biogeochem_carbon; microbial_coupling; soil_terrestrial,4
2022,Non-targeted characterization of dissolved organic matter from a wastewater treatment plant by FT-ICR-MS: A case study of hospital sewage,"Shuchai Gan, Pei-Shan Wu, Yumei Song et al. (n=10)",Shuchai Gan; Pei-Shan Wu; Yumei Song; Pengran Guo; Nan Cai; Fei Yuan; Qiuxia Yang; Ying Wu; Ning Liu; Jia-Chuan Pan,Journal of Water Process Engineering,https://doi.org/10.1016/j.jwpe.2022.102834,wastewater_drinking,1
2022,Zooplankton‐derived dissolved organic matter composition and its bioavailability to natural prokaryotic communities,"Daniele De Corte, Marta M. Varela, A. Louro et al. (n=12)",Daniele De Corte; Marta M. Varela; A. Louro; Sarah K. Bercovici; J. Valencia-Vila; Eva Sintes; Federico Baltar; Tamara Rodríguez‐Ramos; Meinhard Simon; Antonio Bode; Thorsten Dittmar; Jutta Niggemann,Limnology and Oceanography,https://doi.org/10.1002/lno.12272,biogeochem_carbon; estuary_coastal; marine; microbial_coupling,4
2022,Transformation of dissolved organic matter by two <scp>Indo‐Pacific</scp> sponges,"Tabea Hildebrand, Helena Osterholz, Carina Bunse et al. (n=6)",Tabea Hildebrand; Helena Osterholz; Carina Bunse; Hendrik Grotheer; Thorsten Dittmar; Peter J. Schupp,Limnology and Oceanography,https://doi.org/10.1002/lno.12214,biogeochem_carbon; freshwater_lake; marine; microbial_coupling; sediment_porewater,5
2022,The detection of bacterial exometabolites in marine dissolved organic matter through ultrahigh‐resolution mass spectrometry,"Sarah K. Bercovici, Thorsten Dittmar, Jutta Niggemann",Sarah K. Bercovici; Thorsten Dittmar; Jutta Niggemann,Limnology and Oceanography Methods,https://doi.org/10.1002/lom3.10491,biogeochem_carbon; estuary_coastal; marine; microbial_coupling,4
2022,Combining iron affinity-based fractionation with non-targeted LC-ESI-TOFMS for the study of iron-binding molecules in dissolved organic matter,"Anna Rathgeb, Tim Causon, Regina Krachler et al. (n=4)",Anna Rathgeb; Tim Causon; Regina Krachler; Stephan Hann,Metallomics,https://doi.org/10.1093/mtomcs/mfac079,biogeochem_carbon; estuary_coastal; freshwater_river; marine; methods_instrumentation,5
2022,A new conceptual framework for the transformation of groundwater dissolved organic matter,"Liza K. McDonough, Martin S. Andersen, Megan I. Behnke et al. (n=12)",Liza K. McDonough; Martin S. Andersen; Megan I. Behnke; Helen Rutlidge; Phetdala Oudone; Karina Meredith; Denis M. O’Carroll; Isaac R. Santos; Christopher E. Marjo; Robert G. M. Spencer; Amy M. McKenna; Andy Baker,Nature Communications,https://doi.org/10.1038/s41467-022-29711-9,biogeochem_carbon; disturbance_anthropogenic; estuary_coastal; freshwater_lake; freshwater_river; groundwater; marine; microbial_coupling,8
2022,Dataset - Dissolved organic matter sources and processing in the endorheic Lake Nam Co catchment (Tibet) as assessed by ultra-high resolution Fourier transform ion cyclotron resonance mass spectrometry (FT-ICR MS),"Philipp Maurischat, Michael Seidel, Thorsten Dittmar et al. (n=4)",Philipp Maurischat; Michael Seidel; Thorsten Dittmar; Georg Guggenberger,Open MIND,https://doi.org/10.5281/zenodo.5816679,biogeochem_carbon; freshwater_lake,2
2022,Molecular composition of dissolved organic matter in saline lakes of the Qing-Tibetan Plateau,"Hongchen Jiang, Qiuying Lv, Jian Yang et al. (n=7)",Hongchen Jiang; Qiuying Lv; Jian Yang; Beichen Wang; Hailiang Dong; Michael Gonsior; Philippe Schmitt‐Kopplin,Organic Geochemistry,https://doi.org/10.1016/j.orggeochem.2022.104400,biogeochem_carbon; estuary_coastal; freshwater_lake; marine; microbial_coupling,5
2022,FTICR-MS Data from Multi-continent River Water and Sediment and from Coastal River Fresh and Saline Sediment Associated with: “Dissolved Organic Matter Functional Trait Relationships are Conserved Across Rivers”,"Vanessa Garayburu‐Caruso, Amy Goldman, Jason Toyoda et al. (n=10)","Vanessa Garayburu‐Caruso; Amy Goldman; Jason Toyoda; Rosalie Chu; Lupita Renteria; James Stegen; Aditi Sengupta; Joshua M. Torgeson; Willi, Kathryn; Ross, Matthew",OSTI OAI (U.S. Department of Energy Office of Scientific and Technical Information),https://doi.org/10.15485/1824222,biogeochem_carbon; disturbance_anthropogenic; estuary_coastal; freshwater_river; methods_instrumentation; sediment_porewater,6
2022,"Spatial Study 2021: Sample-Based Surface Water Chemistry and Organic Matter Characterization across Watersheds in the Yakima River Basin, Washington, USA (v3)","Samantha Grieger, Morgan Barnes, Mikayla Borton et al. (n=29)","Samantha Grieger; Morgan Barnes; Mikayla Borton; Xingyuan Chen; Rosalie Chu; Barton, Riley; Yuliya Farris; Brieanne Forbes; Stephanie Fulton; Vanessa Garayburu‐Caruso; Amy Goldman; Brianna I. Gonzalez; Matthew Kaufman; Laan, Maggi; Sophia McKever; Miller, Madelyn; Allison Myers‐Pigg; Opal Otenburg; Aaron Pelly; Powers-McCormack, Beck; Lupita Renteria; Resch, Charles T; Roebuck, Alan; Tim Scheibe; Kyongho Son; Joshua M. Torgeson; Jason Toyoda; Winston, Isabella; James Stegen",OSTI OAI (U.S. Department of Energy Office of Scientific and Technical Information),https://doi.org/10.15485/1898914,biogeochem_carbon; disturbance_anthropogenic; estuary_coastal; freshwater_river; marine; methods_instrumentation; sediment_porewater; soil_terrestrial,8
2022,WHONDRS Surface Water Dissolved Organic Carbon and FTICR-MS across Stream Orders in Four United States Watersheds in 2019 and 2020 (v3),"Joshua M. Torgeson, Ted Bambakidis, Tristan L. Bates et al. (n=18)","Joshua M. Torgeson; Ted Bambakidis; Tristan L. Bates; Rosalie Chu; Byron C. Crump; Robert Danczak; Brieanne Forbes; Vanessa Garayburu‐Caruso; Amy Goldman; Laura Logozzo; Taylor Maavara; Edward W. Martin; Sophia McKever; Powers-McCormack, Beck; Peter A. Raymond; Lupita Renteria; Jason Toyoda; James Stegen",OSTI OAI (U.S. Department of Energy Office of Scientific and Technical Information),https://doi.org/10.15485/1895159,biogeochem_carbon; disturbance_anthropogenic; freshwater_river; methods_instrumentation; microbial_coupling,5
2022,"Organic matter concentration and composition of experimentally burned open air and muffle furnace vegetation chars across differing burn severity and feedstock types from Pacific Northwest, USA (v4).","Samantha Grieger, Aronstein, Paul, John D. Bailey et al. (n=30)","Samantha Grieger; Aronstein, Paul; John D. Bailey; Morgan Barnes; Barton, Riley; Kevin D. Bladon; Chu, Rosalie; Brieanne Forbes; Vanessa Garayburu‐Caruso; Emily Graham; Amy Goldman; Khadijah Homolka; Kew, William; Lipton, Andrew S.; Sophia McKever; Munson, Kathleen M.; Myers, Chris R.; Nieto-Pereira, Nubia; O'Day, Peggy; Opal Otenburg; Regier, Tom; Lupita Renteria; Alan Roebuck; Tim Scheibe; Joshua M. Torgeson; Toyoda, Jason G.; Wagner, Sasha; Winston, Isabella; Young, Robert P.; Allison Myers‐Pigg",OSTI OAI (U.S. Department of Energy Office of Scientific and Technical Information),https://doi.org/10.15485/1894135,biogeochem_carbon; freshwater_river; methods_instrumentation,3
2022,"Temporal Study 2021-2022: Sample-Based Surface Water Chemistry and Organic Matter Characterization across Watersheds in the Yakima River Basin, Washington, USA (v3)","Opal Otenburg, Morgan Barnes, Mikayla Borton et al. (n=22)",Opal Otenburg; Morgan Barnes; Mikayla Borton; Xingyuan Chen; Rosalie Chu; Yuliya Farris; Brieanne Forbes; Stephanie Fulton; Vanessa Garayburu‐Caruso; Amy Goldman; Brianna I. Gonzalez; Samantha Grieger; Matthew Kaufman; Sophia McKever; Allison Myers‐Pigg; Aaron Pelly; Lupita Renteria; Tim Scheibe; Kyongho Son; Joshua M. Torgeson; Jason Toyoda; James Stegen,OSTI OAI (U.S. Department of Energy Office of Scientific and Technical Information),https://doi.org/10.15485/1898912,biogeochem_carbon; disturbance_anthropogenic; freshwater_river; methods_instrumentation; sediment_porewater; soil_terrestrial,6
2022,"WHONDRS Surface Water Chemistry and Organic Matter Characterization along the St. Lawrence River's Inland to Coastal Gradient, Eastern North America (v2)","Brianna I. Gonzalez, Rosalie Chu, Brieanne Forbes et al. (n=14)",Brianna I. Gonzalez; Rosalie Chu; Brieanne Forbes; Vanessa Garayburu‐Caruso; Elizabeth Grater; Amy Goldman; François Guillemette; Leigh J. McGaughey; Sophia McKever; Lupita Renteria; Silvia Rodríguez; Jeffrey J. Ridal; Jason Toyoda; James Stegen,OSTI OAI (U.S. Department of Energy Office of Scientific and Technical Information),https://doi.org/10.15485/1898913,biogeochem_carbon; disturbance_anthropogenic; estuary_coastal; freshwater_lake; freshwater_river; marine; methods_instrumentation; soil_terrestrial,8
2022,WHONDRS Surface Water and Sediment Non-Purgeable Organic Carbon and FTICR-MS across Glacial Features in Svalbard 2021 (v3),"Sophia McKever, Rosalie Chu, Danczak, Robert E et al. (n=13)","Sophia McKever; Rosalie Chu; Danczak, Robert E; Brieanne Forbes; Vanessa Garayburu‐Caruso; Amy Goldman; Andy Hodson; Gabrielle Kleber; Leonard Magerl; Lupita Renteria; Jason Toyoda; Jacob C. Yde; James Stegen",OSTI OAI (U.S. Department of Energy Office of Scientific and Technical Information),https://doi.org/10.15485/1888571,atmosphere_aerosol; biogeochem_carbon; cryosphere; marine; methods_instrumentation; sediment_porewater,6
2022,"FTICR-MS, Sensor, and Environmental Data from 5 Streams Impacted by the 2020 Holiday Farm Fire Associated with: ""Spatiotemporal controls on the delivery of dissolved organic matter to streams following a wildfire""","Alan Roebuck, Kevin D. Bladon, David Donahue et al. (n=13)",Alan Roebuck; Kevin D. Bladon; David Donahue; Emily Graham; Samantha Grieger; Karl Morgenstern; Matthew J. Norwood; Katie A. Wampler; Lisa Erkert; Lupita Renteria; Robert Danczak; Susan Fricke; Allison Myers‐Pigg,OSTI OAI (U.S. Department of Energy Office of Scientific and Technical Information),https://doi.org/10.15485/1869708,biochar_black_carbon; biogeochem_carbon; disturbance_anthropogenic; freshwater_river,4
2022,Molecular transformation of dissolved organic matter in refinery wastewaters: Characterized by FT-ICR MS coupled with electrospray ionization and atmospheric pressure photoionization,"Chen He, Weiming Chen, Chunmao Chen et al. (n=4)",Chen He; Weiming Chen; Chunmao Chen; Quan Shi,Petroleum Science,https://doi.org/10.1016/j.petsci.2022.09.035,atmosphere_aerosol; biogeochem_carbon; freshwater_river; methods_instrumentation; wastewater_drinking,5
2022,[Molecular Signatures of Dissolved Organic Matter in the Paihe River and Its Tributaries].,"Ya Zhan, Hao Yin, Jingwei Feng et al. (n=7)",Ya Zhan; Hao Yin; Jingwei Feng; Airong Feng; Yan‐Yun Hu; Liu Zhang; Liugen Zheng,PubMed,https://doi.org/10.13227/j.hjkx.202108180,biogeochem_carbon; disturbance_anthropogenic; freshwater_river; microbial_coupling; soil_terrestrial; wastewater_drinking,6
2022,"Fractionation and characterization of dissolved organic matter using solid‐phase extraction followed by Fourier transform ion cyclotron resonance mass spectrometry with electrospray, atmospheric pressure photoionization, and laser desorption ionization","Qiaozhuan Hu, Jinfeng Ge, Yuanbi Yi et al. (n=6)",Qiaozhuan Hu; Jinfeng Ge; Yuanbi Yi; Chao Ma; Yulin Qi; Dietrich A. Volmer,Rapid Communications in Mass Spectrometry,https://doi.org/10.1002/rcm.9364,atmosphere_aerosol; biogeochem_carbon; estuary_coastal; freshwater_lake; marine; methods_instrumentation,6
2022,Molecular biogeochemistry of a poor fen. I. Seasonal effects of plant functional groups on dissolved organic matter composition in porewater,"Zhimin Song, Maryam Khaksari, Erik A. Lilleskov et al. (n=5)",Zhimin Song; Maryam Khaksari; Erik A. Lilleskov; Evan S. Kane; Paul V. Doskey,Research Square,https://doi.org/10.21203/rs.3.rs-1574279/v1,biogeochem_carbon; estuary_coastal; methods_instrumentation; sediment_porewater; wetland_peatland,5
2022,pH adjustment improves the removal of disinfection byproduct precursors from sedimentation sludge water,"Yunkun Qian, Yanan Chen, David Hanigan et al. (n=7)",Yunkun Qian; Yanan Chen; David Hanigan; Yijun Shi; Sainan Sun; Yue Hu; Dong An,Resources Conservation and Recycling,https://doi.org/10.1016/j.resconrec.2021.106135,biogeochem_carbon; wastewater_drinking,2
2022,Application of Fourier transform ion cyclotron resonance mass spectrometry in molecular characterization of dissolved organic matter,"Chen He, Ding He, Chunmao Chen et al. (n=4)",Chen He; Ding He; Chunmao Chen; Quan Shi,Science China Earth Sciences,https://doi.org/10.1007/s11430-021-9954-0,biogeochem_carbon,1
2022,DOM molecular signatures of 22 Chinese reference soils,"Yinghui Wang Yinghui Wang, Junjian Wang Junjian Wang",Yinghui Wang Yinghui Wang; Junjian Wang Junjian Wang,Science Data Bank Datasets,https://doi.org/10.11922/sciencedb.01064,biogeochem_carbon; soil_terrestrial,2
2022,傅里叶变换离子回旋共振质谱在溶解性有机质组成分析中的应用,"晨 何, 丁 何, 春茂 陈 et al. (n=4)",晨 何; 丁 何; 春茂 陈; 权 史,SCIENTIA SINICA Terrae,https://doi.org/10.1360/sste-2021-0390,biogeochem_carbon,1
2022,Oxidation Treatment of Shale Gas Produced Water: Molecular Changes in Dissolved Organic Matter Composition and Toxicity Evaluation,"Yiling Zhuang, Yufei Ji, Qiyue Kuang et al. (n=7)",Yiling Zhuang; Yufei Ji; Qiyue Kuang; Zhaoji Zhang; Peng Li; Junbei Song; Niqian He,SSRN Electronic Journal,https://doi.org/10.2139/ssrn.4261690,atmosphere_aerosol; biogeochem_carbon; freshwater_lake; petroleum_fossil,4
2022,Molecular Characterization of Dissolved Black Carbon-Like Molecules Along the Pearl River Estuary China in Summer by Ultrahigh Resolution Mass Spectrometry,"Guixue Song, Xiaocong Wang, Chen He et al. (n=4)",Guixue Song; Xiaocong Wang; Chen He; Quan Shi,SSRN Electronic Journal,https://doi.org/10.2139/ssrn.4125187,biochar_black_carbon; biogeochem_carbon; estuary_coastal; freshwater_river; marine,5
2022,Persistence of Dissolved Organic Matter (Dom) and  Its Driving Factors in  A  Typical Plateau Eutrophic Lake,"Lixin Jiao, Jia He, Yang Yan et al. (n=11)",Lixin Jiao; Jia He; Yang Yan; Xue Wu; Guoqiang Zhi; Ying Zhang; Xiaoneng Sun; Weiming Deng; Hongbin Zhou; Zhi Min Shao; Qifeng Zhu,SSRN Electronic Journal,https://doi.org/10.2139/ssrn.4063493,disturbance_anthropogenic; estuary_coastal; freshwater_lake; marine,4
2022,"Microbial Control of Soil Dom Transformation, an Important Prerequisite for Carbon Storage During the Vegetation Restoration in the Loess Plateau","Wenxin Chen, huaying Hu, Yuanchun Yu et al. (n=5)",Wenxin Chen; huaying Hu; Yuanchun Yu; Tingwei Shao; Chuifan Zhou,SSRN Electronic Journal,https://doi.org/10.2139/ssrn.4248710,biogeochem_carbon; microbial_coupling; soil_terrestrial; wetland_peatland,4
2022,Photoreduction of Hg(Ii) by Typical Dissolved Organic Matter in Paddy Environments,"Xin Wen, Xu Yang, Tantan Wang et al. (n=8)",Xin Wen; Xu Yang; Tantan Wang; Zihao Li; Zhigang Yu; Wenhao Chen; Yubo He; Chang Zhang,SSRN Electronic Journal,https://doi.org/10.2139/ssrn.4266817,,0
2022,Molecular Insights into the Dissolved Organic Matter of Leather Wastewater in Leather Industrial Park Wastewater Treatment Plant,"Xiaoxu Gao, Yunwen Wang, Yechen An et al. (n=12)",Xiaoxu Gao; Yunwen Wang; Yechen An; Rui-Yun Ren; Yao-Hui Lin; Ning Wang; Yifan Wang; Jinglong Han; Zhineng Hao; Jingfu Liu; Aijie Wang; Nanqi Ren,SSRN Electronic Journal,https://doi.org/10.2139/ssrn.4293089,wastewater_drinking,1
2022,Biostimulants in Dissolved Organic Matters Recovered from Anaerobic Digestion Sludge with Alkali-Hydrothermal Treatment: Nontarget Identification by Ultrahigh-Resolution Mass Spectrometry,"Zhengliang Du, Peipei Zhao, Qing‐Long Fu et al. (n=7)",Zhengliang Du; Peipei Zhao; Qing‐Long Fu; Qiandi Wang; Aibin Hu; Tianyi Dong; Dongsheng Wang,SSRN Electronic Journal,https://doi.org/10.2139/ssrn.4283607,biogeochem_carbon; marine,2
2022,Transformation of Dissolved Organic Matter at a Full-Scale Petrochemical Wastewater Treatment Plant,"Yue Kou, Juntao Jiang, Baiyu Yang et al. (n=9)",Yue Kou; Juntao Jiang; Baiyu Yang; He Sun; Leqi Wang; Qinghong Wang; Mohamed Gamal EI-Din; Quan Shi; Chunmao Chen,SSRN Electronic Journal,https://doi.org/10.2139/ssrn.4254992,wastewater_drinking,1
2022,Transformation Of Dissolved Organic Matter During the Full-Scale Petrochemical Wastewater Treatment Plant,"Yue Kou, Juntao Jiang, Baiyu Yang et al. (n=8)",Yue Kou; Juntao Jiang; Baiyu Yang; Leqi Wang; Qinghong Wang; Mohamed Gamal EI-Din; Quan Shi; Chunmao Chen,SSRN Electronic Journal,https://doi.org/10.2139/ssrn.4144037,wastewater_drinking,1
2022,Composition of dissolved organic matter (DOM) in wastewater treatment plants influent affects the efficiency of carbon and nitrogen removal,"Ling Wen, Fang Yang, Xuan Li et al. (n=8)",Ling Wen; Fang Yang; Xuan Li; Siwan Liu; Yuye Lin; En Hu; Li Gao; Ming Li,The Science of The Total Environment,https://doi.org/10.1016/j.scitotenv.2022.159541,biogeochem_carbon; estuary_coastal; marine; soil_terrestrial; wastewater_drinking,5
2022,Fluorescence and molecular signatures of dissolved organic matter to monitor and assess its multiple sources from a polluted river in the farming-pastoral ecotone of northern China,"Jinfeng Ge, Yulin Qi, Cai Li et al. (n=9)",Jinfeng Ge; Yulin Qi; Cai Li; Jifu Ma; Yuanbi Yi; Qiaozhuan Hu; Khan M. G. Mostofa; Dietrich A. Volmer; Si‐Liang Li,The Science of The Total Environment,https://doi.org/10.1016/j.scitotenv.2022.154575,disturbance_anthropogenic; estuary_coastal; freshwater_river; marine,4
2022,Deciphering the structural characteristics and molecular transformation of dissolved organic matter during the electrolytic oxygen aerobic composting process,"Junrong Wei, Huayuan Shangguan, Chang Shen et al. (n=8)",Junrong Wei; Huayuan Shangguan; Chang Shen; Huan Mi; Xiaoming Liu; Tao Fu; Jiahuan Tang; Shungui Zhou,The Science of The Total Environment,https://doi.org/10.1016/j.scitotenv.2022.157174,biogeochem_carbon; methods_instrumentation; soil_terrestrial,3
2022,Contrasting the physical and chemical characteristics of dissolved organic matter between glacier and glacial runoff from a mountain glacier on the Tibetan Plateau,"Lixiang Zhai, Yanqing An, Lin Feng et al. (n=5)",Lixiang Zhai; Yanqing An; Lin Feng; Xiang Qin; Jianzhong Xu,The Science of The Total Environment,https://doi.org/10.1016/j.scitotenv.2022.157784,atmosphere_aerosol; biogeochem_carbon; cryosphere; disturbance_anthropogenic; estuary_coastal; marine,6
2022,The impact of natural sunlight irradiation on the biotoxicities of different molecular sizes EfOM/SRNOM and its relationship with spectral and molecular level parameters,"Y. Xiaoyan, Wenfeng Chen, Lei Tang et al. (n=6)",Y. Xiaoyan; Wenfeng Chen; Lei Tang; Yongkun K Wang; Mengkai Li; Xiaochang C. Wang,The Science of The Total Environment,https://doi.org/10.1016/j.scitotenv.2022.156972,biogeochem_carbon; microbial_coupling; wastewater_drinking,3
2022,Molecular-level investigation into UV-induced transformation of hydrophobic aquatic dissolved organic matter,"Suona Zhang, Zhineng Hao, Jingfu Liu et al. (n=4)",Suona Zhang; Zhineng Hao; Jingfu Liu; Jean‐Philippe Croué,The Science of The Total Environment,https://doi.org/10.1016/j.scitotenv.2022.156959,atmosphere_aerosol; biogeochem_carbon; estuary_coastal; marine,4
2022,Comprehensive assessment of dissolved organic matter processing in the Amazon River and its major tributaries revealed by positive and negative electrospray mass spectrometry and NMR spectroscopy,"Siyu Li, Mourad Harir, Philippe Schmitt‐Kopplin et al. (n=9)",Siyu Li; Mourad Harir; Philippe Schmitt‐Kopplin; Michael Gonsior; Alex Enrich-Prast; David Bastviken; Juliana Valle; Fausto Machado‐Silva; Norbert Hertkorn,The Science of The Total Environment,https://doi.org/10.1016/j.scitotenv.2022.159620,biogeochem_carbon; disturbance_anthropogenic; estuary_coastal; freshwater_river; marine; methods_instrumentation,6
2022,Molecular-level characterization of natural organic matter in the reactive electrochemical ceramic membrane system for drinking water treatment using FT-ICR MS,"Tahir Maqbool, Mingming Sun, Li Chen et al. (n=4)",Tahir Maqbool; Mingming Sun; Li Chen; Zhenghua Zhang,The Science of The Total Environment,https://doi.org/10.1016/j.scitotenv.2022.157531,biogeochem_carbon; wastewater_drinking,2
2022,Impact of ozone treatment on dissolved organic matter in land-based recirculating aquaculture systems studied by Fourier transform ion cyclotron resonance mass spectrometry,"Patricia Aguilar-Alarcón, Alexander Zherebker, Anna A. Rubekina et al. (n=10)",Patricia Aguilar-Alarcón; Alexander Zherebker; Anna A. Rubekina; Evgeny A. Shirshin; Mads Adrian Simonsen; Jelena Kolarevic; Carlo C. Lazado; Е. Н. Николаев; Alexandros G. Asimakopoulos; Øyvind Mikkelsen,The Science of The Total Environment,https://doi.org/10.1016/j.scitotenv.2022.157009,biogeochem_carbon; wastewater_drinking,2
2022,Molecular characterization of disinfection byproduct precursors in filter backwash water from 10 drinking water treatment plants,"Yunkun Qian, Yijun Shi, Jun Guo et al. (n=6)",Yunkun Qian; Yijun Shi; Jun Guo; Yanan Chen; David Hanigan; Dong An,The Science of The Total Environment,https://doi.org/10.1016/j.scitotenv.2022.159027,biogeochem_carbon; wastewater_drinking,2
2022,Chemodiversity of dissolved organic matter in cadmium-contaminated paddy soil amended with different materials,"Huilong Luo, Ping Du, Panpan Wang et al. (n=8)",Huilong Luo; Ping Du; Panpan Wang; Juan Chen; Yake Li; Hongqi Wang; Yanguo Teng; Fasheng Li,The Science of The Total Environment,https://doi.org/10.1016/j.scitotenv.2022.153985,soil_terrestrial,1
2022,Molecular level characterization of the biolability of rainwater dissolved organic matter,"Hongyan Bao, Jing Qiao, Dekun Huang et al. (n=9)",Hongyan Bao; Jing Qiao; Dekun Huang; Jutta Niggemann; Yuanbi Yi; Weiqiang Zhao; Silin Ni; Thorsten Dittmar; Shuh‐Ji Kao,The Science of The Total Environment,https://doi.org/10.1016/j.scitotenv.2022.160709,atmosphere_aerosol; biogeochem_carbon; estuary_coastal; marine,4
2022,"Interactions of anthropogenic and terrestrial sources drive the varying trends in molecular chemodiversity profiles of DOM in urban storm runoff, compared to land use patterns","Yi Zhu, Hao Chen, Qilong Jia et al. (n=5)",Yi Zhu; Hao Chen; Qilong Jia; Hui Liu; Jianfeng Ye,The Science of The Total Environment,https://doi.org/10.1016/j.scitotenv.2022.152990,biogeochem_carbon; disturbance_anthropogenic; estuary_coastal; marine; soil_terrestrial,5
2022,Unveiling the role of dissolved organic matter on phosphorus sorption and availability in a 5-year manure amended paddy soil,"Kejie Li, Qing-Fang Bi, Xipeng Liu et al. (n=7)",Kejie Li; Qing-Fang Bi; Xipeng Liu; Haibo Wang; Chengliang Sun; Yong‐Guan Zhu; Xianyong Lin,The Science of The Total Environment,https://doi.org/10.1016/j.scitotenv.2022.155892,disturbance_anthropogenic; soil_terrestrial,2
2022,Characterization of molecular dissolved organic matter removed by modified eucalyptus-based biochar and disinfection by-product formation potential using Orbitrap mass spectrometric analysis,"Naruemon Phinyothanmakorn, Thirawit Prasert, Yuvarat Ngernyen et al. (n=5)",Naruemon Phinyothanmakorn; Thirawit Prasert; Yuvarat Ngernyen; Sumana Siripattanakul‐Ratpukdi; Phanwatt Phungsai,The Science of The Total Environment,https://doi.org/10.1016/j.scitotenv.2022.153299,biochar_black_carbon; biogeochem_carbon; wastewater_drinking,3
2022,Microbially-mediated transformations of estuarine dissolved organic matter,"M. Seidel, T. Dittmar, Scott Gifford et al. (n=7)",M. Seidel; T. Dittmar; Scott Gifford; W.B. Whitman; M.A. Moran; P.M. Medeiros; F. Ballantyne,UNC Libraries,https://doi.org/10.17615/pc4z-g365,biogeochem_carbon; estuary_coastal; marine; microbial_coupling; soil_terrestrial; wetland_peatland,6
2022,Unraveling dissolved organic matter in drinking water through integrated ozonation/ceramic membrane and biological activated carbon process using FT-ICR MS,"Congyu Hou, Li Chen, Yawen Dong et al. (n=5)",Congyu Hou; Li Chen; Yawen Dong; Yulong Yang; Xihui Zhang,Water Research,https://doi.org/10.1016/j.watres.2022.118881,wastewater_drinking,1
2022,Molecular-level composition of dissolved organic matter in distinct trophic states in Chinese lakes: Implications for eutrophic lake management and the global carbon cycle,"Shasha Liu, Junwen Hou, Chengyu Suo et al. (n=7)",Shasha Liu; Junwen Hou; Chengyu Suo; Junyi Chen; Xiaohui Liu; Rui Fu; Fengchang Wu,Water Research,https://doi.org/10.1016/j.watres.2022.118438,biogeochem_carbon; estuary_coastal; freshwater_lake; marine,4
2022,Oxygen availability driven trends in DOM molecular composition and reactivity in a seasonally stratified fjord,"Xiao Chen, Jihua Liu, Junfeng Chen et al. (n=9)",Xiao Chen; Jihua Liu; Junfeng Chen; Jianning Wang; Xilin Xiao; Chen He; Quan Shi; Gang Li; Nianzhi Jiao,Water Research,https://doi.org/10.1016/j.watres.2022.118690,biogeochem_carbon; estuary_coastal; marine,3
2022,Molecular characterization of dissolved organic nitrogen and phosphorus in agricultural runoff and surface waters,"Yun‐Ya Yang, Malak Tfaily, Jared Wilmoth et al. (n=4)",Yun‐Ya Yang; Malak Tfaily; Jared Wilmoth; Gurpal S. Toor,Water Research,https://doi.org/10.1016/j.watres.2022.118533,disturbance_anthropogenic; estuary_coastal; marine; soil_terrestrial,4
2022,"Origin, accumulation and fate of dissolved organic matter in an extreme hypersaline shallow lake","Andrea Butturini, Peter Herzsprung, Oliver J. Lechtenfeld et al. (n=12)",Andrea Butturini; Peter Herzsprung; Oliver J. Lechtenfeld; Paloma Alcorlo; Robert Benaiges-Fernández; Mercedes Berlanga; Judit Boadella; Z. Freixinos Campillo; R.M. Gomez; María del Mar Sánchez‐Montoya; J. Urmeneta; Anna M. Romaní,Water Research,https://doi.org/10.1016/j.watres.2022.118727,biogeochem_carbon; estuary_coastal; freshwater_lake; marine; microbial_coupling,5
2022,"Enhanced chemodiversity, distinctive molecular signature and diurnal dynamics of dissolved organic matter in streams of two headwater catchments, Southeastern China","Chen Gong, Ruyuan Jiao, Weijin Yan et al. (n=8)",Chen Gong; Ruyuan Jiao; Weijin Yan; Qibiao Yu; Qingqian Li; Peipei Zhang; Yanqiang Li; Dongsheng Wang,Water Research,https://doi.org/10.1016/j.watres.2022.118052,freshwater_river; microbial_coupling; wastewater_drinking,3
2022,Eutrophication and watershed characteristics shape changes in dissolved organic matter chemistry along two river-estuarine transects,"Ding He, Penghui Li, Chen He et al. (n=5)",Ding He; Penghui Li; Chen He; Yuntao Wang; Quan Shi,Water Research,https://doi.org/10.1016/j.watres.2022.118196,biogeochem_carbon; estuary_coastal; freshwater_river; marine,4
2022,"Lake reclamation alters molecular-level characteristics of lacustrine dissolved organic matter – A study of nine lakes in the Yangtze Plain, China","Quanhui Ye, Guodong Sun, Yinghui Wang et al. (n=11)",Quanhui Ye; Guodong Sun; Yinghui Wang; Song Zhang; Yang Xu; Lian Feng; Myrna J. Simpson; Chen He; Quan Shi; Liping Li; Junjian Wang,Water Research,https://doi.org/10.1016/j.watres.2022.118884,biogeochem_carbon; disturbance_anthropogenic; estuary_coastal; freshwater_lake; marine; microbial_coupling,6
2022,Characterization of dissolved organic matter processing between surface sediment porewater and overlying bottom water in the Yangtze River Estuary,"Yuping Zhou, Chen Zhao, Chen He et al. (n=8)",Yuping Zhou; Chen Zhao; Chen He; Penghui Li; Yuntao Wang; Yu Pang; Quan Shi; Ding He,Water Research,https://doi.org/10.1016/j.watres.2022.118260,biogeochem_carbon; disturbance_anthropogenic; estuary_coastal; freshwater_river; marine; sediment_porewater,6
2022,Insight into the effect of wastewater-derived dissolved organic matter composition on norgestrel degradation in activated sludge: Coupled bacterial community and molecular characteristics,"Qingmiao Yu, Xianda Hu, Fuzheng Zhao et al. (n=7)",Qingmiao Yu; Xianda Hu; Fuzheng Zhao; Chenyu Zhu; Linchang Guan; Hongqiang Ren; Jinju Geng,Water Research,https://doi.org/10.1016/j.watres.2022.118255,biogeochem_carbon; microbial_coupling; wastewater_drinking,3
2022,Changes in molecular dissolved organic matter and disinfection by-product formation during granular activated carbon filtration by unknown screening analysis with Orbitrap mass spectrometry,"Thanadul Chantarasrisuriyawong, Thirawit Prasert, Vitharuch Yuthawong et al. (n=4)",Thanadul Chantarasrisuriyawong; Thirawit Prasert; Vitharuch Yuthawong; Phanwatt Phungsai,Water Research,https://doi.org/10.1016/j.watres.2022.118039,wastewater_drinking,1
2022,Substance flow analysis on the leachate DOM molecules along five typical membrane advanced treatment processes,"Tianqi Li, Fan Lü, Junjie Qiu et al. (n=5)",Tianqi Li; Fan Lü; Junjie Qiu; Hua Zhang; Pinjing He,Water Research,https://doi.org/10.1016/j.watres.2022.119348,biogeochem_carbon; wastewater_drinking,2
2022,Dataset - Dissolved organic matter sources and processing in the endorheic Lake Nam Co catchment (Tibet) as assessed by ultra-high resolution Fourier transform ion cyclotron resonance mass spectrometry (FT-ICR MS),"Philipp Maurischat, Michael Seidel, Thorsten Dittmar et al. (n=4)",Philipp Maurischat; Michael Seidel; Thorsten Dittmar; Georg Guggenberger,Zenodo (CERN European Organization for Nuclear Research),https://doi.org/10.5281/zenodo.5816680,biogeochem_carbon; freshwater_lake,2
2022,Dissolved organic matter signatures from urban surface waters: spatio-temporal patterns and its drivers,"Clara Romero, Sonia Herrero Ortega, Mark O. Gessner et al. (n=5)",Clara Romero; Sonia Herrero Ortega; Mark O. Gessner; Peter Casper; Gabriel Singer,Zenodo (CERN European Organization for Nuclear Research),https://doi.org/10.5281/zenodo.6563595,biogeochem_carbon; disturbance_anthropogenic; freshwater_lake; freshwater_river; marine,5
2022,Molecular Level Estimation of the Composition and Fate of Dissolved Organic Matter in Fire-Impacted Temperate and Subtropical Peatlands,"Malak Missilmani, Jeffrey P. Chanton, Rachel Younge et al. (n=12)",Malak Missilmani; Jeffrey P. Chanton; Rachel Younge; Curtis J. Richardson; Suzanne B. Hodgkins; B. A. Verbeke; Neal E. Flanagan; Hongjun Wang; Mengchi Ho; Joumana Toufaily; Rasha Hamdan; William Cooper,Zenodo (CERN European Organization for Nuclear Research),https://doi.org/10.5281/zenodo.7004643,biogeochem_carbon; wetland_peatland,2
2022,Molecular Level Estimation of the Composition and Fate of Dissolved Organic Matter in Fire-Impacted Temperate and Subtropical Peatlands,"Malak Missilmani, Jeffrey P. Chanton, Rachel Younge et al. (n=12)",Malak Missilmani; Jeffrey P. Chanton; Rachel Younge; Curtis J. Richardson; Suzanne B. Hodgkins; B. A. Verbeke; Neal E. Flanagan; Hongjun Wang; Mengchi Ho; Joumana Toufaily; Rasha Hamdan; William Cooper,Zenodo (CERN European Organization for Nuclear Research),https://doi.org/10.5281/zenodo.7004644,biogeochem_carbon; wetland_peatland,2
2023,Chemical characterization of dissolved organic matter from original seawater using LC-FT-ICR-MS,"Boris Koch, Jan Kaesler, Elaine K. Jennings et al. (n=5)",Boris Koch; Jan Kaesler; Elaine K. Jennings; Oliver J. Lechtenfeld; Xianyu Kong,,https://doi.org/10.7185/gold2023.16545,marine,1
2023,Comprehensive Characterization of Dissolved Organic Matter from Different Ecosystems by Liquid Chromatography Hyphenated to ICP MS and DI FT-ICR MS,Deisy Giraldo Davila,Deisy Giraldo Davila,,https://doi.org/10.70675/25ec62d2zf490z458ezbcdczb0f5919f1f91,biogeochem_carbon; estuary_coastal; marine,3
2023,Concealed by darkness: combination of NMR and FT-ICR MS reveal the heterogeneous molecular natures of dissolved organic matter in fractured-rock groundwater from an unconfined aquifer.,"Maxime C. Bridoux, Riccardo Spaccini, Silvana Cangemi et al. (n=7)",Maxime C. Bridoux; Riccardo Spaccini; Silvana Cangemi; Giovanni Vinci; Pierre Pacholski; Sébastien Schramm; Gabriel Gaiffe,,https://doi.org/10.7185/gold2023.13743,biogeochem_carbon; groundwater; soil_terrestrial,3
2023,"Methods to characterize type, relevance, and interactions of organic matter and microorganisms in fluids along the flow path of a geothermal facility","Alessio Leins, Danaé Bregnard, Andrea Vieth‐Hillebrand et al. (n=8)",Alessio Leins; Danaé Bregnard; Andrea Vieth‐Hillebrand; Stefanie Poetz; Florian Eichinger; Guillaume Cailleau; Pilar Junier; Simona Regenspurg,,https://doi.org/10.5194/bg-2023-159,atmosphere_aerosol; biogeochem_carbon; methods_instrumentation; microbial_coupling,4
2023,Towards semi-quantification of DOM: isomer separation with LC-FT-ICR-MS combined with a post-column infusion of standard.,"Rebecca Rodrigues Matos, Elaine K. Jennings, Boris Koch et al. (n=4)",Rebecca Rodrigues Matos; Elaine K. Jennings; Boris Koch; Oliver J. Lechtenfeld,,https://doi.org/10.5194/egusphere-egu23-16616,biogeochem_carbon; methods_instrumentation,2
2023,Comment on bg-2023-159,"Leins, Alessio, Bregnard, DanaÃ©, Vieth-Hillebrand, Andrea et al. (n=8)","Leins, Alessio; Bregnard, DanaÃ©; Vieth-Hillebrand, Andrea; Poetz, Stefanie; Eichinger, Florian; Cailleau, Guillaume; Junier, Pilar; Regenspurg, Simona",,https://doi.org/10.5194/bg-2023-159-rc1,atmosphere_aerosol; biogeochem_carbon; methods_instrumentation; microbial_coupling,4
2023,Molecular characterization of cloud water collected at the Reunion Island (Indian Ocean) by FT-ICR MS.,"Lucas Pailler, Laurent Deguillaume, Mickaël Vaïtilingom et al. (n=5)",Lucas Pailler; Laurent Deguillaume; Mickaël Vaïtilingom; Maud Leriche; Angelica Bianco,,https://doi.org/10.7185/gold2023.18231,atmosphere_aerosol; biogeochem_carbon; groundwater; marine; methods_instrumentation,5
2023,Development of ultrahigh resolution mass spectrometry techniques to extend the molecular view of soil organic matter in solution and on mineral particles,"Carsten Simon, Paul Pietsch, Konstantin Stumpf et al. (n=5)",Carsten Simon; Paul Pietsch; Konstantin Stumpf; Klaus Kaiser; Oliver J. Lechtenfeld,,https://doi.org/10.5194/egusphere-egu23-3113,biogeochem_carbon; freshwater_river; methods_instrumentation; soil_terrestrial,4
2023,Molecular characterization of dissolved organic matter in groundwater of a coastal aquifer: microbial processing of sediment sourced organics,"Yan Zheng, Peng Zhang, Xuejing Wang et al. (n=7)",Yan Zheng; Peng Zhang; Xuejing Wang; Yinghui Wang; Hailong Li; Junjian Wang; Junjian Wang,,https://doi.org/10.5194/egusphere-egu23-7303,biogeochem_carbon; disturbance_anthropogenic; estuary_coastal; groundwater; marine; microbial_coupling; sediment_porewater,7
2023,Spatial dynamics of marine dissolved organic matter in the Benguela upwelling system,"Gonzalo V. Gomez‐Saez, Ömer K. Coskun, Yanik Oertel et al. (n=7)",Gonzalo V. Gomez‐Saez; Ömer K. Coskun; Yanik Oertel; Jutta Niggemann; Thorsten Dittmar; Timothy G. Ferdelman; William D. Orsi,,https://doi.org/10.5194/egusphere-egu23-15884,atmosphere_aerosol; biogeochem_carbon; estuary_coastal; freshwater_lake; marine; microbial_coupling; sediment_porewater,7
2023,Comment on bg-2022-225,"Taija Saarela, Xudan Zhu, Helena Jäntti et al. (n=14)",Taija Saarela; Xudan Zhu; Helena Jäntti; Mizue Ohashi; Jun’ichiro Ide; Henri Siljanen; Aake Pesonen; Heidi Aaltonen; Anne Ojala; Hiroshi Nishimura; Timo Kekäläinen; Janne Jänis; Frank Berninger; Jukka Pumpanen,,https://doi.org/10.5194/bg-2022-225-rc2,atmosphere_aerosol; biogeochem_carbon; freshwater_river; microbial_coupling; soil_terrestrial; wetland_peatland,6
2023,Reply on RC1,Taija Saarela,Taija Saarela,,https://doi.org/10.5194/bg-2022-225-ac1,biogeochem_carbon; disturbance_anthropogenic; estuary_coastal; freshwater_river; marine; microbial_coupling; soil_terrestrial; wetland_peatland,8
2023,Reply on RC2,Taija Saarela,Taija Saarela,,https://doi.org/10.5194/bg-2022-225-ac2,biogeochem_carbon; disturbance_anthropogenic; estuary_coastal; freshwater_river; marine; microbial_coupling; soil_terrestrial; wetland_peatland,8
2023,Molecular insights into porewater DOM transformation and relevant effect on arsenic mobility during the surface water-groundwater interaction,"Zhipeng Gao, Huaming Guo",Zhipeng Gao; Huaming Guo,,https://doi.org/10.7185/gold2023.17440,biogeochem_carbon; freshwater_lake; groundwater; microbial_coupling; sediment_porewater,5
2023,Degradation of phosphorus-containing natural organic matter facilitates enrichment ofgeogenic phosphorus in Quaternary aquifer systems: A molecular perspective,"Yanqiu Tao, Yao Du, Yamin Deng et al. (n=5)",Yanqiu Tao; Yao Du; Yamin Deng; Teng Ma; Yanxin Wang,,https://doi.org/10.5194/egusphere-egu23-26,biogeochem_carbon; estuary_coastal; freshwater_lake; freshwater_river; groundwater; marine; microbial_coupling; soil_terrestrial,8
2023,Environment and Sources Affect the Molecular Composition and Characteristics of Sediment Dissolved Organic Matter in Coastal Environments in China,"Zelong Yan, Shaofeng Wang, Yongfeng Jia et al. (n=7)",Zelong Yan; Shaofeng Wang; Yongfeng Jia; Xiangfeng Zeng; Xu Ma; Guoqing Zhang; Yuanbi Yi,,https://doi.org/10.5194/egusphere-egu23-4182,biogeochem_carbon; estuary_coastal; marine; microbial_coupling; sediment_porewater; soil_terrestrial,6
2023,Reply on RC2,Philipp Maurischat,Philipp Maurischat,,https://doi.org/10.5194/egusphere-2022-1375-ac2,atmosphere_aerosol; biogeochem_carbon; cryosphere; disturbance_anthropogenic; estuary_coastal; freshwater_lake; freshwater_river; groundwater; marine; microbial_coupling; soil_terrestrial; wetland_peatland,12
2023,Comment on egusphere-2022-1375,"Maurischat, Philipp, Seidel, Michael, Dittmar, Thorsten et al. (n=4)","Maurischat, Philipp; Seidel, Michael; Dittmar, Thorsten; Guggenberger, Georg",,https://doi.org/10.5194/egusphere-2022-1375-rc2,atmosphere_aerosol; biogeochem_carbon; cryosphere; disturbance_anthropogenic; freshwater_lake; freshwater_river; groundwater; marine; microbial_coupling; soil_terrestrial; wetland_peatland,11
2023,Reply on RC1,Philipp Maurischat,Philipp Maurischat,,https://doi.org/10.5194/egusphere-2022-1375-ac1,atmosphere_aerosol; biogeochem_carbon; cryosphere; disturbance_anthropogenic; freshwater_lake; freshwater_river; groundwater; marine; microbial_coupling; soil_terrestrial; wetland_peatland,11
2023,Insights into NOM quality changes by combination of easy designed experiments close to nature and monitoring using FT-ICR-MS,"Peter Herzsprung, Peter Herzsprung, Wolf von Tümpling et al. (n=5)",Peter Herzsprung; Peter Herzsprung; Wolf von Tümpling; Norbert Kamjunke; Oliver J. Lechtenfeld,,https://doi.org/10.5194/egusphere-egu23-8125,biogeochem_carbon; estuary_coastal; freshwater_lake; marine; methods_instrumentation; microbial_coupling; wastewater_drinking,7
2023,FTICR-mass spectrometry reveals shifts in plant-microorganism interactions over time,"Akanksha Rai, Markus Lange, Oliver J. Lechtenfeld et al. (n=4)",Akanksha Rai; Markus Lange; Oliver J. Lechtenfeld; Gerd Gleixner,,https://doi.org/10.5194/egusphere-egu23-17392,biogeochem_carbon; microbial_coupling; soil_terrestrial,3
2023,Reply on RC1,James Stegen,James Stegen,,https://doi.org/10.5194/egusphere-2022-1105-ac1,biogeochem_carbon,1
2023,Reply on RC2,James Stegen,James Stegen,,https://doi.org/10.5194/egusphere-2022-1105-ac2,biogeochem_carbon,1
2023,Comment on egusphere-2022-1105,"Kew, William, Myers-Pigg, Allison, Chang, Christine et al. (n=9)","Kew, William; Myers-Pigg, Allison; Chang, Christine; Colby, Sean; Eder, Josie; Tfaily, Malak; Hawkes, Jeffrey; Chu, Rosalie; Stegen, James",,https://doi.org/10.5194/egusphere-2022-1105-rc2,atmosphere_aerosol; biogeochem_carbon,2
2023,"Dissolved organic matter characteristics and composition of small saline lakes in the Badain Jaran Desert, China","Qiang Zhang, Yinghui Wang, Xiaolang Zhang et al. (n=8)",Qiang Zhang; Yinghui Wang; Xiaolang Zhang; Hailong Li; Jiu Jimmy Jiao; Qing‐Long Fu; Junjian Wang; Junjian Wang,,https://doi.org/10.5194/egusphere-egu23-2572,biogeochem_carbon; estuary_coastal; freshwater_lake; marine; microbial_coupling,5
2023,"Hair-ice, fungal guttation droplets, ice ribbons and needle ice from a chemical perspective","Diana Hofmann, Gisela Preuss, Pietro Fontana et al. (n=4)",Diana Hofmann; Gisela Preuss; Pietro Fontana; Christian Mätzler,,https://doi.org/10.5194/egusphere-egu23-12386,atmosphere_aerosol; biogeochem_carbon; cryosphere; marine; microbial_coupling; soil_terrestrial,6
2023,Supporting Information for Complementary Elucidation of the Molecular Characteristics of Groundwater Dissolved Organic Matter using Ultrahigh-Resolution Mass Spectrometry Coupled with Negative and Positive-Ion Electrospray Ionization,"Ziqi Zhou, Qing‐Long Fu, Manabu Fujii et al. (n=4)",Ziqi Zhou; Qing‐Long Fu; Manabu Fujii; T. David Waite,,https://doi.org/10.5281/zenodo.7686693,biogeochem_carbon; groundwater; methods_instrumentation,3
2023,Organic speciation of (micro)nutrients in relation to overall dissolved organic matter composition in soil water extracts: New insights from ultrahigh resolution mass spectrometry,"Carsten Simon, Julie Tolu, Sylvain Bouchet et al. (n=10)",Carsten Simon; Julie Tolu; Sylvain Bouchet; Mike Chan; Andrea Mazza; Helfenstein Julian; Emmanuel Frossard; Federica Tamburini; Oliver A. Chadwick; Lenny H. E. Winkel,,https://doi.org/10.7185/gold2023.19378,biogeochem_carbon; soil_terrestrial,2
2023,Improving solid-phase extraction of dissolved organic matter (DOM),"Hannelore Waska, Jessika Füssel, Katharina Paetz et al. (n=5)",Hannelore Waska; Jessika Füssel; Katharina Paetz; Marit Renken; Thorsten Dittmar,,https://doi.org/10.5194/egusphere-egu23-13604,biochar_black_carbon; biogeochem_carbon; estuary_coastal; marine; sediment_porewater; soil_terrestrial,6
2023,Depth trends revisited: Source-induced fragmentation of soil dissolved organic matter,"Gerd Gleixner, Vanessa-Nina Roth, Markus Lange et al. (n=4)",Gerd Gleixner; Vanessa-Nina Roth; Markus Lange; Carsten Simon,,https://doi.org/10.5194/egusphere-egu23-17175,biogeochem_carbon; estuary_coastal; marine; methods_instrumentation; soil_terrestrial,5
2023,Molecular transformation of dissolved organic matter in soils of contrasting tropical rainforest ecosystems is similar to temperate regions suggesting common processes,"Dan Frederik Lange, Carsten Simon, Yago Rodrigues Santos et al. (n=9)",Dan Frederik Lange; Carsten Simon; Yago Rodrigues Santos; Elaine Pires de Freitas; Jonismar Souza da Silva; Sávio José Filgueiras Ferreira; Carlos Alberto Quesada; Thorsten Schäfer; Gerd Gleixner,,https://doi.org/10.5194/egusphere-egu23-11962,biogeochem_carbon; estuary_coastal; marine; microbial_coupling; sediment_porewater; soil_terrestrial,6
2023,A temporal graph to predict chemical transformations in complex dissolved organic matter,"Oliver J. Lechtenfeld, Philipp Plamper, Peter Herzsprung et al. (n=4)",Oliver J. Lechtenfeld; Philipp Plamper; Peter Herzsprung; Anika Groß,,https://doi.org/10.5194/egusphere-egu23-2837,biogeochem_carbon,1
2023,Assessing the fate of polycondensed aromatic natural organic matter (NOM) in a high-alpine aquatic system,"Philipp Maurischat, Michael Seidel, Oliver Donnerhack et al. (n=4)",Philipp Maurischat; Michael Seidel; Oliver Donnerhack; Georg Guggenberger,,https://doi.org/10.5194/egusphere-egu23-9168,atmosphere_aerosol; biochar_black_carbon; biogeochem_carbon; estuary_coastal; freshwater_lake; freshwater_river; marine; microbial_coupling,8
2023,"Dissolved Organic Matter Characteristics and Composition of Saline Lakes in the Badain Jaran Desert, China","Qiang Zhang, Yinghui Wang, Xiaolang Zhang et al. (n=12)",Qiang Zhang; Yinghui Wang; Xiaolang Zhang; Xiaohan Mo; Peng Zhang; Hailong Li; Jiu Jimmy Jiao; Chen He; Quan Shi; Qing‐Long Fu; Baiyang Chen; Junjian Wang,ACS Earth and Space Chemistry,https://doi.org/10.1021/acsearthspacechem.3c00179,biogeochem_carbon; estuary_coastal; freshwater_lake; marine,4
2023,Pandemic-Related Anthropogenic Influences on the Dissolved Organic Matter Chemical Character in São Paulo State Wet Deposition by Ultrahigh-Resolution Mass Spectrometry,"Jackson Seymore, J. David Felix, Hussain Abdulla et al. (n=6)",Jackson Seymore; J. David Felix; Hussain Abdulla; Daniela Bergmann; Maria Lucia Arruda Moura Campos; Jacques Florêncio,ACS Earth and Space Chemistry,https://doi.org/10.1021/acsearthspacechem.3c00076,atmosphere_aerosol; biogeochem_carbon; methods_instrumentation,3
2023,Effects of Environmental Aging on Wildfire Particulate and Dissolved Pyrogenic Organic Matter Characteristics,"Andrew S. Wozniak, Siddhartha Mitra, Aleksandar I. Goranov et al. (n=6)",Andrew S. Wozniak; Siddhartha Mitra; Aleksandar I. Goranov; Andrew R. Zimmerman; Kyle W. Bostick; Patrick G. Hatcher,ACS Earth and Space Chemistry,https://doi.org/10.1021/acsearthspacechem.3c00266,atmosphere_aerosol; biochar_black_carbon; biogeochem_carbon; disturbance_anthropogenic,4
2023,Differences in Dissolved Organic Matter Molecular Composition along Two Plume Trajectories from the Yangtze River Estuary to the East China Sea,"Zhao Liang Chen, Yuanbi Yi, Haibo Zhang et al. (n=10)",Zhao Liang Chen; Yuanbi Yi; Haibo Zhang; Penghui Li; Yuntao Wang; Zhenwei Yan; Kai Wang; Chen He; Quan Shi; Ding He,ACS Environmental Au,https://doi.org/10.1021/acsenvironau.3c00030,biogeochem_carbon; disturbance_anthropogenic; estuary_coastal; freshwater_river; marine; microbial_coupling,6
2023,ZVI-Mediated High-Rate Nitrogen Removal from Fulvic Acid (FA)-Containing Wastewater by Anammox: Revealing the Genomic and Molecular Level Mechanisms,"Li Zhang, Xuepeng Fan, Tingjun Dong et al. (n=7)",Li Zhang; Xuepeng Fan; Tingjun Dong; Zixuan Song; Yueping Wang; Yongzhen Peng; Jiachun Yang,ACS ES&T Engineering,https://doi.org/10.1021/acsestengg.3c00094,biogeochem_carbon; microbial_coupling; wastewater_drinking; wetland_peatland,4
2023,Revealing Molecular Level Changes of Dissolved Organic Matter in Black Soils during Continuous Leaching and Their Implications for Drinking Water Treatment,"Peng Zhou, Mingyu Wu, Nigel Graham et al. (n=6)",Peng Zhou; Mingyu Wu; Nigel Graham; Muhammad Saboor Siddique; Long Tian; Wenzheng Yu,ACS ES&T Engineering,https://doi.org/10.1021/acsestengg.3c00152,atmosphere_aerosol; biogeochem_carbon; soil_terrestrial; wastewater_drinking,4
2023,Unraveling the Effect of Continuously Accumulating Microplastics on the Humification of Dissolved Organic Matter in the Composting System,"Liying Chen, Yanfang Feng, Jiehong He et al. (n=5)",Liying Chen; Yanfang Feng; Jiehong He; Qiuyue Zhang; Lanfang Han,ACS ES&T Engineering,https://doi.org/10.1021/acsestengg.2c00411,biogeochem_carbon; microbial_coupling; soil_terrestrial,3
2023,Speciation Evolution and Phase Migration of Phosphorus and Nitrogen during Subcritical Hydrothermal Recycling of Antibiotic Fermentation Residue,"Shaojie Zhou, Qi Wang, Xiaoyu Huo et al. (n=6)",Shaojie Zhou; Qi Wang; Xiaoyu Huo; Xiangdong Zhu; Rixiang Huang; Shicheng Zhang,ACS ES&T Engineering,https://doi.org/10.1021/acsestengg.2c00425,biogeochem_carbon,1
2023,"Molecular Transformation of Dissolved Organic Matter during the Processes of Wildfire, Alum Coagulation, and Disinfection Using ESI(−) and ESI(+) FT-ICR MS","Huan Chen, Habibullah Uzun, Nikola Tolić et al. (n=6)",Huan Chen; Habibullah Uzun; Nikola Tolić; Rosalie Chu; Tanju Karanfil; Alex Chow,ACS ES&T Water,https://doi.org/10.1021/acsestwater.3c00135,atmosphere_aerosol; biogeochem_carbon; disturbance_anthropogenic; soil_terrestrial; wastewater_drinking,5
2023,Insights into Molecules of Natural Organic Matter Binding with a Copper(II) Cation: Interpretation Based on FT-ICR-MS and Differential UV–Vis Absorbance Spectra,"Xin Gu, Chenyang Zhang, Shansheng Mo et al. (n=5)",Xin Gu; Chenyang Zhang; Shansheng Mo; Gregory V. Korshin; Mingquan Yan,ACS ES&T Water,https://doi.org/10.1021/acsestwater.3c00296,biogeochem_carbon; estuary_coastal; freshwater_lake; freshwater_river; marine; sediment_porewater; wastewater_drinking,7
2023,Molecular Insights into the Transformation of Membrane-Concentrated Landfill Leachate during the Cu-Fenton Process,"Chunying Teng, Bingliang Zhang, Zhi Ping Xu et al. (n=7)",Chunying Teng; Bingliang Zhang; Zhi Ping Xu; Kanggen Zhou; Xuekai Zhang; Lijia Liao; Wei Chen,ACS ES&T Water,https://doi.org/10.1021/acsestwater.3c00218,biogeochem_carbon; microbial_coupling; soil_terrestrial; wastewater_drinking,4
2023,A simple guideline to apply excitation-emission matrix spectroscopy (EEMs) for the characterization of dissolved organic matter (DOM) in anoxic marine sediments,"Shuchai Gan, Verena B. Heuer, Frauke Schmidt et al. (n=5)",Shuchai Gan; Verena B. Heuer; Frauke Schmidt; Lars Wörmer; Kai‐Uwe Hinrichs,Acta Oceanologica Sinica,https://doi.org/10.1007/s13131-022-2050-0,biogeochem_carbon; estuary_coastal; freshwater_lake; marine; sediment_porewater,5
2023,Molecular formula assignment of dissolved organic matter by ultra-performance liquid chromatography quadrupole time-of-flight mass spectrometry using two non-targeted data processing approaches: A case study from recirculating aquaculture systems,"Patricia Aguilar-Alarcón, Susana Villa González, Øyvind Mikkelsen et al. (n=4)",Patricia Aguilar-Alarcón; Susana Villa González; Øyvind Mikkelsen; Alexandros G. Asimakopoulos,Analytica Chimica Acta,https://doi.org/10.1016/j.aca.2023.342128,biogeochem_carbon; estuary_coastal; marine; methods_instrumentation,4
2023,FT-ICR MS Spectral Improvement of Dissolved Organic Matter by the Absorption Mode: A Comparison of the Electrospray Ionization in Positive-Ion and Negative-Ion Modes,"Qing‐Long Fu, Chao Chen, Yang Liu et al. (n=5)",Qing‐Long Fu; Chao Chen; Yang Liu; Manabu Fujii; Pingqing Fu,Analytical Chemistry,https://doi.org/10.1021/acs.analchem.3c04651,biogeochem_carbon; methods_instrumentation,2
2023,Development of a Gaussian-Based Alignment Algorithm for the Ultrahigh-Resolution Mass Spectra of Dissolved Organic Matter,"Qing‐Long Fu, Manabu Fujii, Rui Ma",Qing‐Long Fu; Manabu Fujii; Rui Ma,Analytical Chemistry,https://doi.org/10.1021/acs.analchem.2c04113,biogeochem_carbon; estuary_coastal; marine,3
2023,Discriminative Behavior of Cyclodextrin Polymers against Dissolved Organic Matter: Role of Cavity Size and Sorbate Properties,"David Glöckler, Mourad Harir, Philippe Schmitt‐Kopplin et al. (n=5)",David Glöckler; Mourad Harir; Philippe Schmitt‐Kopplin; Martin Elsner; Rani Bakkour,Analytical Chemistry,https://doi.org/10.1021/acs.analchem.3c01881,biogeochem_carbon; methods_instrumentation; wastewater_drinking,3
2023,Selectivity of β-Cyclodextrin Polymer toward Aquatic Contaminants: Insights from Ultrahigh-Resolution Mass Spectrometry of Dissolved Organic Matter,"David Glöckler, Mourad Harir, Philippe Schmitt‐Kopplin et al. (n=5)",David Glöckler; Mourad Harir; Philippe Schmitt‐Kopplin; Martin Elsner; Rani Bakkour,Analytical Chemistry,https://doi.org/10.1021/acs.analchem.3c01394,biogeochem_carbon; methods_instrumentation,2
2023,Meet up‐and‐coming analytical scientists – Yulin Qi,Yulin Qi,Yulin Qi,Analytical Science Advances,https://doi.org/10.1002/ansa.202200046,atmosphere_aerosol; biogeochem_carbon; methods_instrumentation; wastewater_drinking,4
2023,The impact of permanganate pre-oxidation on subsequent drinking water treatment operations,"Juliana R. Laszakovits, Allison A. MacKay",Juliana R. Laszakovits; Allison A. MacKay,Aquatic Sciences,https://doi.org/10.1007/s00027-022-00916-w,estuary_coastal; marine; wastewater_drinking,3
2023,Role of iron-carbon interactions in the release of greenhouse gases from permafrost soils,"Andreas Kappler, Monique Patzner, Ankita Chauhan et al. (n=7)",Andreas Kappler; Monique Patzner; Ankita Chauhan; Eva Voggenreiter; Katrin Wunsch; Casey Bryce; Prachi Joshi,ARPHA Conference Abstracts,https://doi.org/10.3897/aca.6.e106319,biogeochem_carbon; cryosphere; freshwater_lake; marine; microbial_coupling; soil_terrestrial; wetland_peatland,7
2023,"Ultrahigh resolution dissolved organic matter characterization reveals distinct permafrost characteristics on the Peel Plateau, Canada","Michael Moore, Suzanne E. Tank, Martin R. Kurek et al. (n=8)",Michael Moore; Suzanne E. Tank; Martin R. Kurek; M. Taskovic; Amy M. McKenna; J. Lawton Smith; Steve V. Kokelj; Robert G. M. Spencer,Biogeochemistry,https://doi.org/10.1007/s10533-023-01101-3,biogeochem_carbon; cryosphere; marine,3
2023,"Complex dissolved organic matter (DOM) on the roof of the world – Tibetan DOM molecular characteristics indicate sources, land use effects, and processing along the fluvial–limnic continuum","Philipp Maurischat, Michael Seidel, Thorsten Dittmar et al. (n=4)",Philipp Maurischat; Michael Seidel; Thorsten Dittmar; Georg Guggenberger,Biogeosciences,https://doi.org/10.5194/bg-20-3011-2023,biogeochem_carbon; cryosphere; disturbance_anthropogenic; freshwater_lake; freshwater_river; groundwater; microbial_coupling; soil_terrestrial; wetland_peatland,9
2023,Effects of released organic components of solid carbon sources on denitrification performance and the related mechanism,"Lingzhan Miao, Wen-Yun Chai, Dan Luo et al. (n=8)",Lingzhan Miao; Wen-Yun Chai; Dan Luo; Tanveer M. Adyel; Jun Wu; Ming Kong; Wanzhong Wang; Jun Hou,Bioresource Technology,https://doi.org/10.1016/j.biortech.2023.129805,biogeochem_carbon; microbial_coupling; wastewater_drinking,3
2023,Dissolved organic matter composition and microbial community dynamics in two-phase multi-staged up-flow anaerobic sludge blanket treatment of tapioca starch processing wastewater,"Thanapat Thepubon, Phanwatt Phungsai, Pairaya Choeisai et al. (n=4)",Thanapat Thepubon; Phanwatt Phungsai; Pairaya Choeisai; Kengo Kubota,Bioresource Technology Reports,https://doi.org/10.1016/j.biteb.2023.101660,biogeochem_carbon; microbial_coupling; wastewater_drinking,3
2023,Logging disrupts the ecology of molecules in headwater streams,"Erika C. Freeman, Erik J. S. Emilson, Kara L. Webster et al. (n=5)",Erika C. Freeman; Erik J. S. Emilson; Kara L. Webster; Thorsten Dittmar; Andrew J. Tanentzap,bioRxiv (Cold Spring Harbor Laboratory),https://doi.org/10.1101/2023.03.07.531469,atmosphere_aerosol; biogeochem_carbon; disturbance_anthropogenic; estuary_coastal; freshwater_river; marine; soil_terrestrial,7
2023,Spatial variation and relationship between soil dissolved organic matter and bacterial community in urban greenspaces,"Siwan Liu, Zhineng Hao, Li Gao et al. (n=7)",Siwan Liu; Zhineng Hao; Li Gao; Linhua Fan; Fang Yang; Arash Zamyadi; Ming Li,Carbon Research,https://doi.org/10.1007/s44246-023-00047-3,atmosphere_aerosol; biogeochem_carbon; microbial_coupling; soil_terrestrial; wetland_peatland,5
2023,"Molecular characterization of coastal seawater dissolved organic matter by ultrahigh-resolution mass spectrometry: a photochemical study of the Tokyo Bay, Japan","Shixi Wu, Manabu Fujii, Qing‐Long Fu",Shixi Wu; Manabu Fujii; Qing‐Long Fu,Carbon Research,https://doi.org/10.1007/s44246-023-00083-z,biogeochem_carbon; estuary_coastal; marine; wastewater_drinking,4
2023,Molecular transformation of dissolved organic matter during persulfate-based advanced oxidation: Response of reaction pathways to structure,"Xiaodong Li, Jialun Shen, Huizhen Cao et al. (n=7)",Xiaodong Li; Jialun Shen; Huizhen Cao; Wenwen Zhang; Zongquan Sun; Fujun Ma; Qingbao Gu,Chemical Engineering Journal,https://doi.org/10.1016/j.cej.2023.146256,biogeochem_carbon; estuary_coastal; marine,3
2023,Insights into the roles of DOM in humification during sludge composting: Comprehensive chemoinformatic analysis using FT-ICR mass spectrometry,"Jibao Liu, Ning Wang, Manabu Fujii et al. (n=10)",Jibao Liu; Ning Wang; Manabu Fujii; Zhen Bao; Jinyi Wei; Zhineng Hao; Qing‐Long Fu; Rongjun Gao; Jingfu Liu; Yuansong Wei,Chemical Engineering Journal,https://doi.org/10.1016/j.cej.2023.146024,biogeochem_carbon; soil_terrestrial,2
2023,DOM and DON transformation in full-scale wastewater treatment plants: Comparison of autotrophic and heterotrophic nitrogen removal units,"Tong Zhou, Jin Guo, Qiushan Liu et al. (n=8)",Tong Zhou; Jin Guo; Qiushan Liu; Yuru Liu; Wenjun Wu; Yufei Wang; Shujun Zhang; Yongzhen Peng,Chemical Engineering Journal,https://doi.org/10.1016/j.cej.2023.147810,biogeochem_carbon; microbial_coupling; wastewater_drinking; wetland_peatland,4
2023,Synchronous biostimulants recovery and dewaterability enhancement of anaerobic digestion sludge through post-hydrothermal treatment,"Aibin Hu, Jing Ai, Yongliang Zheng et al. (n=6)",Aibin Hu; Jing Ai; Yongliang Zheng; Shisheng Li; Dongsheng Wang; Weijun Zhang,Chemical Engineering Journal,https://doi.org/10.1016/j.cej.2023.141881,biogeochem_carbon; wastewater_drinking,2
2023,Enhancing biological dissolved organic nitrogen removal in landfill leachate wastewater: The role of sodium acetate co-metabolism,"Xin Zou, Y. Zhang, Mengjiao Gao et al. (n=6)",Xin Zou; Y. Zhang; Mengjiao Gao; Yiduo Yao; Hengbo Guo; Yang Liu,Chemical Engineering Journal,https://doi.org/10.1016/j.cej.2023.147714,biogeochem_carbon; wastewater_drinking; wetland_peatland,3
2023,Reverse osmosis pretreatment by a fluidized magnetic ion exchange resin for application in a power plant: Pilot-scale and high-rate operations and foulant characterization,"Ittikorn Palee, Santiboon Kaewsimmaporn, Panitan Jutaporn et al. (n=5)",Ittikorn Palee; Santiboon Kaewsimmaporn; Panitan Jutaporn; Phanwatt Phungsai; Thunyalux Ratpukdi,Chemical Engineering Journal,https://doi.org/10.1016/j.cej.2023.144320,biogeochem_carbon; wastewater_drinking,2
2023,Unravelling molecular fractionation of dissolved organic matter on ferrihydrite-phosphate complexes,"Ya‐Nan Ou, Jialin Chi, Fangbai Li et al. (n=5)",Ya‐Nan Ou; Jialin Chi; Fangbai Li; Qing Chen; Liping Fang,Chemical Geology,https://doi.org/10.1016/j.chemgeo.2023.121887,biogeochem_carbon; groundwater,2
2023,Characterizing molecular transformation of dissolved organic matter during high-solid anaerobic digestion of dewatered sludge using ESI FT-ICR MS,"Xiaowei Li, Xiangfeng Huang, Chuyun Zhao et al. (n=7)",Xiaowei Li; Xiangfeng Huang; Chuyun Zhao; Xuan Wang; Bin Dong; Ashantha Goonetilleke; Ki‐Hyun Kim,Chemosphere,https://doi.org/10.1016/j.chemosphere.2023.138101,biogeochem_carbon; methods_instrumentation; wastewater_drinking,3
2023,Characterizing photochemical production carboxyl content of dissolved organic matters using absorbance spectroscopy combined with FT-ICR MS,"Zizhuo Wei, Na Li, Xinyi Zhang et al. (n=8)",Zizhuo Wei; Na Li; Xinyi Zhang; Lei Zheng; Shansheng Mo; Gregory V. Korshin; Qingwei Li; Mingquan Yan,Chemosphere,https://doi.org/10.1016/j.chemosphere.2023.140352,biogeochem_carbon; estuary_coastal; marine,3
2023,Enrichment of geogenic phosphorus in a coastal groundwater system: New insights from dissolved organic matter characterization,"Zhaohui Liu, Yao Du, Yamin Deng et al. (n=6)",Zhaohui Liu; Yao Du; Yamin Deng; Yanwen Huang; Xinwen Zhao; Qinghua Li,Chemosphere,https://doi.org/10.1016/j.chemosphere.2023.138214,biogeochem_carbon; estuary_coastal; groundwater; marine; soil_terrestrial,5
2023,Tracking the transformation pathway of dissolved organic matters (DOMs) in biochars under sludge pyrolysis via reactomics and molecular network analysis,"Aibin Hu, Yongliang Zheng, Zheng Wang et al. (n=6)",Aibin Hu; Yongliang Zheng; Zheng Wang; Mengqiu Li; Dongsheng Wang; Weijun Zhang,Chemosphere,https://doi.org/10.1016/j.chemosphere.2023.140149,biochar_black_carbon; biogeochem_carbon,2
2023,"Molecular characteristics of natural organic matter in the groundwater system with geogenic iodine contamination in the Datong Basin, Northern China","Shilin Zhao, Junxia Li, Xiaobin Xue et al. (n=8)",Shilin Zhao; Junxia Li; Xiaobin Xue; Danyang Sun; Wenjing Liu; Chenjing Zhu; Yapeng Yang; Xianjun Xie,Chemosphere,https://doi.org/10.1016/j.chemosphere.2023.138834,groundwater; sediment_porewater,2
2023,Characteristics in dissolved organic matter and disinfection by-product formation during advanced treatment processes of municipal secondary effluent with Orbitrap mass spectrometry,"Xin Huang, Xueli Ren, Zengshuai Zhang et al. (n=6)",Xin Huang; Xueli Ren; Zengshuai Zhang; Peng Gu; Kunlun Yang; Hengfeng Miao,Chemosphere,https://doi.org/10.1016/j.chemosphere.2023.139725,wastewater_drinking,1
2023,High throughput identification of carbonyl compounds in natural organic matter by directional derivatization combined with ultra-high resolution mass spectrometry,"Shiyang Yu, Shanshan Tang, Jitao Lv et al. (n=8)",Shiyang Yu; Shanshan Tang; Jitao Lv; Feifei Li; Zichun Huang; Lixia Zhao; Dong Cao; Yawei Wang,ChemRxiv,https://doi.org/10.26434/chemrxiv-2023-fkkp8,atmosphere_aerosol; biogeochem_carbon; estuary_coastal; groundwater; marine; methods_instrumentation; soil_terrestrial,7
2023,Reactive oxygen species and chromophoric dissolved organic matter drive the aquatic photochemical pathways and photoproducts of 6PPD-Quinone under simulated high-latitude conditions,"Zachary C. Redman, Jessica Begley, Isabel Hillestad et al. (n=4)",Zachary C. Redman; Jessica Begley; Isabel Hillestad; Patrick L. Tomco,ChemRxiv,https://doi.org/10.26434/chemrxiv-2023-0mnh8,biogeochem_carbon; freshwater_lake,2
2023,Reactive oxygen species and chromophoric dissolved organic matter drive the aquatic photochemical pathways and photoproducts of 6PPD-Quinone under simulated high-latitude conditions,"Zachary C. Redman, Jessica Begley, Isabel Hillestad et al. (n=5)",Zachary C. Redman; Jessica Begley; Isabel Hillestad; Brian P. DiMento; Patrick L. Tomco,ChemRxiv,https://doi.org/10.26434/chemrxiv-2023-0mnh8-v2,biogeochem_carbon; freshwater_lake,2
2023,Molecular-level exploration of properties of dissolved organic matter in natural and engineered water systems: A critical review of FTICR-MS application,"Mingqi Ruan, Fengchang Wu, Fuhong Sun et al. (n=7)",Mingqi Ruan; Fengchang Wu; Fuhong Sun; Fanhao Song; Tingting Li; Chen He; Juan Jiang,Critical Reviews in Environmental Science and Technology,https://doi.org/10.1080/10643389.2022.2157167,biogeochem_carbon; estuary_coastal; marine; microbial_coupling,4
2023,Molecular Characterization of Polyfunctinal Heteroatom Compounds in Ultracomplex Mixtures by 21 Tesla Fourier Transform Ion Cyclotron Resonance Mass Spectrometry (21 T FT-ICR MS),,,DigiNole (Florida State University),,atmosphere_aerosol; biogeochem_carbon; petroleum_fossil; soil_terrestrial,4
2023,"Permafrost Retrogressive Thaw Slump Dissolved Organic Matter Molecular Signatures on the Peel Plateau, Canada",,,DigiNole (Florida State University),,biogeochem_carbon; cryosphere; freshwater_river,3
2023,大同盆地地下水中有机质对碘迁移转化的影响,"Shilin Zhao, Wenjing Liu, Danyang Sun et al. (n=4)",Shilin Zhao; Wenjing Liu; Danyang Sun; Junxia Li,Earth Science-Journal of China University of Geosciences,https://doi.org/10.3799/dqkx.2022.009,estuary_coastal; marine; microbial_coupling,3
2023,Molecular size-dependent compositions and lead (II) binding behaviors of two origins of organic fertilizers-derived dissolved organic matter,"Yueying Wu, Hengkuan Ji, Caisheng Li et al. (n=11)",Yueying Wu; Hengkuan Ji; Caisheng Li; Zhengwei Hou; Cheng Huang; Liming Chen; Yu Wang; Chuanliang Fu; Dongming Zhang; Zhipeng Wu; Yong Qiu,Ecotoxicology and Environmental Safety,https://doi.org/10.1016/j.ecoenv.2023.114959,biogeochem_carbon; estuary_coastal; marine; methods_instrumentation; microbial_coupling; soil_terrestrial,6
2023,Characterization of natural organic matter,"Yuri Park, Mika Sillanpää, Lindsay E. Anderson et al. (n=5)",Yuri Park; Mika Sillanpää; Lindsay E. Anderson; Graham A. Gagnon; Anu Matilainen,Elsevier eBooks,https://doi.org/10.1016/b978-0-12-824274-2.00002-8,biochar_black_carbon; biogeochem_carbon,2
2023,Biostimulants in dissolved organic matters recovered from anaerobic digestion sludge with alkali-hydrothermal treatment: Nontarget identification by ultrahigh-resolution mass spectrometry,"Zhengliang Du, Peipei Zhao, Qing‐Long Fu et al. (n=7)",Zhengliang Du; Peipei Zhao; Qing‐Long Fu; Qiandi Wang; Aibin Hu; Weijun Zhang; Dongsheng Wang,Environment International,https://doi.org/10.1016/j.envint.2023.107813,biogeochem_carbon; petroleum_fossil,2
2023,Molecular insight into the vertical migration and degradation of dissolved organic matter in riparian soil profiles,"Chang Liu, Lin Li, Yue Zhi et al. (n=6)",Chang Liu; Lin Li; Yue Zhi; Junyu Chen; Qingyang Zuo; Qiang He,Environmental Research,https://doi.org/10.1016/j.envres.2023.118013,estuary_coastal; marine; microbial_coupling; soil_terrestrial,4
2023,Characteristics of dissolved organic matter in point-source wastewaters at a petrochemical plant: Molecular constituents and contributions to the influent of wastewater treatment plant,"Yue Kou, Baiyu Yang, Juntao Jiang et al. (n=9)",Yue Kou; Baiyu Yang; Juntao Jiang; He Sun; Rui Zhang; Zhuoyu Li; Qinghong Wang; Quan Shi; Chunmao Chen,Environmental Research,https://doi.org/10.1016/j.envres.2023.117157,wastewater_drinking,1
2023,Linking Redox Characteristics to Dissolved Organic Matter Derived from Different Biowaste Composts: A Theoretical Modeling Approach Based on FT–ICR MS Analysis,"Xinyu Zhao, Qiuling Dang, Yan Wang et al. (n=7)",Xinyu Zhao; Qiuling Dang; Yan Wang; Chuanyan Zhang; Yating Chen; Liangzi He; Beidou Xi,Environmental Science & Technology,https://doi.org/10.1021/acs.est.3c03286,biogeochem_carbon,1
2023,Description of Dissolved Organic Matter Transformational Networks at the Molecular Level,"Dennys Leyva, Muhammad Usman Tariq, Rudolf Jaffé et al. (n=5)",Dennys Leyva; Muhammad Usman Tariq; Rudolf Jaffé; Fahad Saeed; Francisco Fernández-Lima,Environmental Science & Technology,https://doi.org/10.1021/acs.est.2c04715,biogeochem_carbon; estuary_coastal; freshwater_lake; marine; methods_instrumentation; microbial_coupling,6
2023,Interpretable Machine Learning and Reactomics Assisted Isotopically Labeled FT-ICR-MS for Exploring the Reactivity and Transformation of Natural Organic Matter during Ultraviolet Photolysis,"Dhimas Dwinandha, Mohamed Elsamadony, Rongjun Gao et al. (n=6)",Dhimas Dwinandha; Mohamed Elsamadony; Rongjun Gao; Qing‐Long Fu; Jibao Liu; Manabu Fujii,Environmental Science & Technology,https://doi.org/10.1021/acs.est.3c05213,atmosphere_aerosol; biogeochem_carbon; estuary_coastal; marine,4
2023,New Insights into the Role of Natural Organic Matter in Fe–Cr Coprecipitation: Importance of Molecular Selectivity,"Shishu Zhu, Wendan Luo, Yijun Mo et al. (n=10)",Shishu Zhu; Wendan Luo; Yijun Mo; Kengbo Ding; Miaoyue Zhang; Chao Jin; Shizhong Wang; Yuanqing Chao; Yetao Tang; Rongliang Qiu,Environmental Science & Technology,https://doi.org/10.1021/acs.est.3c03279,biogeochem_carbon; freshwater_river,2
2023,"Dissolved Organic Matter Photoreactivity Is Determined by Its Optical Properties, Redox Activity, and Molecular Composition","Stephanie M. Berg, Kristine H. Wammer, Christina K. Remucal",Stephanie M. Berg; Kristine H. Wammer; Christina K. Remucal,Environmental Science & Technology,https://doi.org/10.1021/acs.est.3c01157,biogeochem_carbon; estuary_coastal; marine; wastewater_drinking,4
2023,Chemodiversity of Dissolved Organic Matter Is Governed by Microbial Biogeography in Inland Waters,"Wanzhu Li, Na Liu, Jianfeng Li et al. (n=9)",Wanzhu Li; Na Liu; Jianfeng Li; Baoli Wang; Xinjie Shi; Xia Liang; Meiling Yang; Sheng Xu; Cong‐Qiang Liu,Environmental Science & Technology,https://doi.org/10.1021/acs.est.3c00896,biogeochem_carbon; marine; microbial_coupling; sediment_porewater,4
2023,Exploring the Complexities of Dissolved Organic Matter Photochemistry from the Molecular Level by Using Machine Learning Approaches,"Chen Zhao, Xinyue Xu, Hongmei Chen et al. (n=11)",Chen Zhao; Xinyue Xu; Hongmei Chen; Fengwen Wang; Penghui Li; Chen He; Quan Shi; Yuanbi Yi; Xiaomeng Li; Si‐Liang Li; Ding He,Environmental Science & Technology,https://doi.org/10.1021/acs.est.3c00199,biogeochem_carbon; estuary_coastal; marine,3
2023,Copper Safeguards Dissolved Organic Matter from Sunlight-Driven Photooxidation,"Yanheng Pan, Shikha Garg, Qing‐Long Fu et al. (n=6)",Yanheng Pan; Shikha Garg; Qing‐Long Fu; Jianglin Peng; Xin Yang; T. David Waite,Environmental Science & Technology,https://doi.org/10.1021/acs.est.3c07549,biogeochem_carbon; estuary_coastal; marine; soil_terrestrial,4
2023,Complementary Elucidation of the Molecular Characteristics of Groundwater Dissolved Organic Matter Using Ultrahigh-Resolution Mass Spectrometry Coupled with Negative- and Positive-Ion Electrospray Ionization,"Ziqi Zhou, Qing‐Long Fu, Manabu Fujii et al. (n=4)",Ziqi Zhou; Qing‐Long Fu; Manabu Fujii; T. David Waite,Environmental Science & Technology,https://doi.org/10.1021/acs.est.2c08816,biogeochem_carbon; groundwater; methods_instrumentation,3
2023,Molecular Signatures of Dissolved Organic Matter Generated from the Photodissolution of Microplastics in Sunlit Seawater,"Aron Stubbins, Lixin Zhu, Shiye Zhao et al. (n=5)",Aron Stubbins; Lixin Zhu; Shiye Zhao; Robert G. M. Spencer; David C. Podgorski,Environmental Science & Technology,https://doi.org/10.1021/acs.est.1c03592,biogeochem_carbon; estuary_coastal; marine,3
2023,Determinants of Microbial-Derived Dissolved Organic Matter Diversity in Antarctic Lakes,"Morimaru Kida, Julian Merder, Nobuhide Fujitake et al. (n=7)",Morimaru Kida; Julian Merder; Nobuhide Fujitake; Yukiko Tanabe; Kentaro Hayashi; Sakae Kudoh; Thorsten Dittmar,Environmental Science & Technology,https://doi.org/10.1021/acs.est.3c00249,biogeochem_carbon; estuary_coastal; freshwater_lake; freshwater_river; marine; microbial_coupling; soil_terrestrial,7
2023,A Temporal Graph Model to Predict Chemical Transformations in Complex Dissolved Organic Matter,"Philipp Plamper, Oliver J. Lechtenfeld, Peter Herzsprung et al. (n=4)",Philipp Plamper; Oliver J. Lechtenfeld; Peter Herzsprung; Anika Groß,Environmental Science & Technology,https://doi.org/10.1021/acs.est.3c00351,biogeochem_carbon,1
2023,Dissolved organic matter regulates aggregation and deposition of chromium (hydr)oxide colloids: molecular-scale investigation using ESI-FT-ICR-MS,"Shishu Zhu, Yijun Mo, Wendan Luo et al. (n=6)",Shishu Zhu; Yijun Mo; Wendan Luo; Zihan Xiao; Chao Jin; Rongliang Qiu,Environmental Science Nano,https://doi.org/10.1039/d2en00799a,biogeochem_carbon; sediment_porewater; soil_terrestrial,3
2023,Direct non-target analysis of dissolved organic matter and disinfection by-products in drinking water with nano-LC-FT-ICR-MS,"Limei Han, Martin J. Lohse, Maolida Nihemaiti et al. (n=5)",Limei Han; Martin J. Lohse; Maolida Nihemaiti; Thorsten Reemtsma; Oliver J. Lechtenfeld,Environmental Science Water Research & Technology,https://doi.org/10.1039/d3ew00097d,wastewater_drinking,1
2023,All formula results of 7 T FT-ICR MS spectra for the manuscript: FT-ICR MS Spectral Improvement of Dissolved Organic Matter by the Absorption Mode: A Comparison of the Electrospray Ionization in Positive-Ion and Negative-Ion Modes,Qing‐Long Fu,Qing‐Long Fu,Figshare,https://doi.org/10.6084/m9.figshare.24602916,biogeochem_carbon; methods_instrumentation,2
2023,Data.rar,Guodong Zhang,Guodong Zhang,Figshare,https://doi.org/10.6084/m9.figshare.23814882,microbial_coupling,1
2023,Difference Analysis of the Composition of Iron (Hydr)Oxides and Dissolved Organic Matter in Pit Mud of Different Pit Ages in Luzhou Laojiao and Its Implications for the Ripening Process of Pit Mud,"Kairui Jiao, Bo Deng, Ping Song et al. (n=6)",Kairui Jiao; Bo Deng; Ping Song; Hailong Ding; Hailong Liu; Bin Lian,Foods,https://doi.org/10.3390/foods12213962,biogeochem_carbon; soil_terrestrial,2
2023,Linking Microbial Decomposition to Dissolved Organic Matter Composition in the Revegetation of the Red Soil Erosion Area,"Wenxin Chen, Huaying Hu, Kate V. Heal et al. (n=7)",Wenxin Chen; Huaying Hu; Kate V. Heal; Saran Sohi; Mulualem Tigabu; Weijuan Qiu; Chuifan Zhou,Forests,https://doi.org/10.3390/f14020270,biogeochem_carbon; microbial_coupling; soil_terrestrial,3
2023,Elevated methane alters dissolved organic matter composition in the Arctic Ocean cold seeps,"Muhammed Fatih Sert, Hannah Schweitzer, Tim de Groot et al. (n=10)",Muhammed Fatih Sert; Hannah Schweitzer; Tim de Groot; Timo Kekäläinen; Janne Jänis; Hans C. Bernstein; Benedicte Ferré; Friederike Gründger; Dimitri Kalenitchenko; Helge Niemann,Frontiers in Earth Science,https://doi.org/10.3389/feart.2023.1290882,biogeochem_carbon; estuary_coastal; marine; microbial_coupling; petroleum_fossil,5
2023,Optical and molecular diversity of dissolved organic matter in sediments of the Daning and Shennong tributaries of the Three Gorges Reservoir,"Kai Wang, Hongwei Fang, Guojian He et al. (n=10)",Kai Wang; Hongwei Fang; Guojian He; Lei Huang; Zhenghui Cui; Qifeng Gao; Song Xu; Dianchang Wang; Xinghua Wu; Ding He,Frontiers in Environmental Science,https://doi.org/10.3389/fenvs.2022.1112407,biogeochem_carbon; disturbance_anthropogenic; estuary_coastal; freshwater_lake; freshwater_river; marine; sediment_porewater; soil_terrestrial,8
2023,Groundwater springs in the German Wadden Sea tidal flat: A fast-track terrestrial transfer route for nutrients and dissolved organic matter,"Roger Carvalho da Silva, Michael Seidel, Thorsten Dittmar et al. (n=4)",Roger Carvalho da Silva; Michael Seidel; Thorsten Dittmar; Hannelore Waska,Frontiers in Marine Science,https://doi.org/10.3389/fmars.2023.1128855,biogeochem_carbon; disturbance_anthropogenic; estuary_coastal; freshwater_river; groundwater; marine; sediment_porewater; soil_terrestrial,8
2023,Solar radiation stimulates release of semi-labile dissolved organic matter from microplastics,"Jun Wang, Ruanhong Cai",Jun Wang; Ruanhong Cai,Frontiers in Marine Science,https://doi.org/10.3389/fmars.2023.1284280,biogeochem_carbon; estuary_coastal; marine; microbial_coupling,4
2023,Applying the core-satellite species concept: Characteristics of rare and common riverine dissolved organic matter,"Masumi Stadler, Malcolm A. Barnard, Kadir Biçe et al. (n=12)",Masumi Stadler; Malcolm A. Barnard; Kadir Biçe; Michaela L. de Melo; Dipankar Dwivedi; Erika C. Freeman; Vanessa Garayburu‐Caruso; Annika Linkhorst; Erick Mateus‐Barros; Cheng Shi; Andrew J. Tanentzap; Christof Meile,Frontiers in Water,https://doi.org/10.3389/frwa.2023.1156042,biogeochem_carbon; estuary_coastal; freshwater_river; marine; microbial_coupling; sediment_porewater,6
2023,Riverine organic matter functional diversity increases with catchment size,"Robert Danczak, Vanessa Garayburu‐Caruso, Lupita Renteria et al. (n=12)",Robert Danczak; Vanessa Garayburu‐Caruso; Lupita Renteria; Sophia McKever; Opal Otenburg; Samantha Grieger; Kyongho Son; Matthew Kaufman; Stephanie Fulton; Alan Roebuck; Allison Myers‐Pigg; James Stegen,Frontiers in Water,https://doi.org/10.3389/frwa.2023.1087108,biogeochem_carbon; disturbance_anthropogenic; estuary_coastal; freshwater_river; marine; soil_terrestrial,6
2023,Chemodiversity of soil dissolved organic matter affected by contrasting microplastics from different types of polymers,"Hong Yu, Beidou Xi, Lingling Shi et al. (n=4)",Hong Yu; Beidou Xi; Lingling Shi; Wenbing Tan,Frontiers of Environmental Science & Engineering,https://doi.org/10.1007/s11783-023-1753-6,biogeochem_carbon; soil_terrestrial,2
2023,Photochemical transformation of terrestrial dissolved organic matter derived from multiple sources in tropical plantations,"Gege Yin, Peng Zhang, Yinghui Wang et al. (n=13)",Gege Yin; Peng Zhang; Yinghui Wang; Bilal Aftab; Penghui Du; Qiang Zhang; Guoping Chen; Mengke Wang; Biwei Yang; Senhao Wang; Jiangming Mo; Wei Zhang; Junjian Wang,Geochimica et Cosmochimica Acta,https://doi.org/10.1016/j.gca.2023.08.016,atmosphere_aerosol; estuary_coastal; marine; soil_terrestrial,4
2023,Processes in the Surface Ocean Regulate Dissolved Organic Matter Distributions in the Deep,"Sarah K. Bercovici, Thorsten Dittmar, Jutta Niggemann",Sarah K. Bercovici; Thorsten Dittmar; Jutta Niggemann,Global Biogeochemical Cycles,https://doi.org/10.1029/2023gb007740,biogeochem_carbon; estuary_coastal; marine,3
2023,Unveiling the transformation of dissolved organic matter in drinking water treatments based on FT-ICR-MS and spectral analysis,"Xu Hang, Wang Yueting, Mo Tianpei",Xu Hang; Wang Yueting; Mo Tianpei,Global NEST International Conference on Environmental Science & Technology,https://doi.org/10.30955/gnc2023.00419,biogeochem_carbon; wastewater_drinking,2
2023,Complementary Elucidation of the Molecular Characteristics of Groundwater Dissolved Organic Matter Using Ultrahigh-Resolution Mass Spectrometry Coupled with Negative- and Positive-Ion Electrospray Ionization,"学 藤井, Manabu Fujii",学 藤井; Manabu Fujii,Institutional Repositories DataBase (IRDB),,biogeochem_carbon; estuary_coastal; groundwater; marine; methods_instrumentation,5
2023,Insights into the roles of DOM in humification during sludge composting: Comprehensive chemoinformatic analysis using FT-ICR mass spectrometry,"学 藤井, Manabu Fujii, Rongjun Gao et al. (n=4)",学 藤井; Manabu Fujii; Rongjun Gao; Rongjun Gao,Institutional Repositories DataBase (IRDB),,biogeochem_carbon,1
2023,Elucidating transformation products and its formation mechanism during advanced oxidation processes of organic compounds by in silico and experimental approaches,"Dhimas Dwinandha, Dhimas Dwinandha",Dhimas Dwinandha; Dhimas Dwinandha,Institutional Repositories DataBase (IRDB),,biogeochem_carbon,1
2023,Development of a Gaussian-Based Alignment Algorithm for the Ultrahigh-Resolution Mass Spectra of Dissolved Organic Matter,"学 藤井, Manabu Fujii",学 藤井; Manabu Fujii,Institutional Repositories DataBase (IRDB),,biogeochem_carbon; estuary_coastal; marine,3
2023,Characterization of Dissolved Organic Matter in River Basins and Coastal Areas Using Ultra-High-Resolution Mass Spectrometry,"Kanoko FUJIMAKI, Mitsuo WADA, Qing‐Long Fu et al. (n=5)",Kanoko FUJIMAKI; Mitsuo WADA; Qing‐Long Fu; Eunsang Kwon; Manabu FUJII,Japanese Journal of JSCE,https://doi.org/10.2208/jscejj.23-25023,biogeochem_carbon; estuary_coastal; freshwater_river; marine,4
2023,"Linking the source, molecular composition, and reactivity of dissolved organic matter in major rivers across the pearl river delta","Lu Huang, Wencai Wang, Gangjian Wei et al. (n=11)",Lu Huang; Wencai Wang; Gangjian Wei; Shida Li; Mengdi Yang; Yao Wu; Qianli Luo; Zhiwei Huang; Huaiyang Fang; Zhongya Fan; Fantang Zeng,Journal of Cleaner Production,https://doi.org/10.1016/j.jclepro.2023.138460,biogeochem_carbon; estuary_coastal; freshwater_river; marine; microbial_coupling,5
2023,Rapid reduction of Cr(VI) with plant leaves: Implications for ex-situ phytoremediation of chromium-polluted waters in cold region,"Yu Fu, Lingli Wang, Yunjiao Liu et al. (n=10)",Yu Fu; Lingli Wang; Yunjiao Liu; Meiru Hou; Qingchao Li; Xiaodie Li; Dagang Lin; Jialin Chen; Zhaohui Wang; Bing Xie,Journal of Cleaner Production,https://doi.org/10.1016/j.jclepro.2023.136086,biogeochem_carbon; wastewater_drinking,2
2023,"Leaching of biochar at different stages of anaerobic digestion: Leaching behaviors, leachate chemodiversity and effects","Haohao Zhang, Qi Chen, Hua Zhang et al. (n=6)",Haohao Zhang; Qi Chen; Hua Zhang; Pinjing He; Shasha Li; Fan Lü,Journal of Cleaner Production,https://doi.org/10.1016/j.jclepro.2023.140531,biochar_black_carbon; biogeochem_carbon; soil_terrestrial,3
2023,"Ceramic membrane reactor integrated with UV/O3/Catalyst Beads for treating real textile wastewater: Enhanced effluent quality, fouling control and molecular transformations of DOM","Ch. Tahir Mehmood, Haobing Qiu, Liye Chen et al. (n=5)",Ch. Tahir Mehmood; Haobing Qiu; Liye Chen; Yigal Achmon; Ziyi Zhong,Journal of environmental chemical engineering,https://doi.org/10.1016/j.jece.2023.110832,biogeochem_carbon; wastewater_drinking,2
2023,Molecular transformation of dissolved organic matter in reverse osmosis concentrated leachate during a tight-ultrafiltration membrane combined with an O3/GAC system,"Min Bao, Qibin Li",Min Bao; Qibin Li,Journal of environmental chemical engineering,https://doi.org/10.1016/j.jece.2023.109428,biogeochem_carbon; wastewater_drinking,2
2023,Molecular composition of dissolved organic matter across diverse ecosystems: Preliminary implications for biogeochemical cycling,"Chen He, Yuanbi Yi, Ding He et al. (n=6)",Chen He; Yuanbi Yi; Ding He; Ruanhong Cai; Chunmao Chen; Quan Shi,Journal of Environmental Management,https://doi.org/10.1016/j.jenvman.2023.118559,biogeochem_carbon; estuary_coastal; marine,3
2023,Characteristics of dissolved organic matter (DOM) in Chinese farmland soils under different climate zone types: A molecular perspective,"Bingjun Han, Liyuan Chen, Kang Xiao et al. (n=9)",Bingjun Han; Liyuan Chen; Kang Xiao; RuYa Chen; Dong Cao; Yu Lu; YuJun Li; Shu Tao; Wenxin Liu,Journal of Environmental Management,https://doi.org/10.1016/j.jenvman.2023.119695,estuary_coastal; marine; microbial_coupling; soil_terrestrial,4
2023,Exploring the diversity of dissolved organic matter (DOM) properties and sources in different functional areas of a typical macrophyte - derived lake combined with optical spectroscopy and FT-ICR MS analysis,"Kun Wang, Haoyu Ren, Shengwu Yuan et al. (n=5)",Kun Wang; Haoyu Ren; Shengwu Yuan; Xia Jiang; Pengfei Wang,Journal of Environmental Sciences,https://doi.org/10.1016/j.jes.2023.11.027,estuary_coastal; freshwater_lake; marine,3
2023,Spatial heterogeneity and compositional profiles of dissolved organic matter in farmland soils across mainland China,"Bingjun Han, Liyuan Chen, Kang Xiao et al. (n=9)",Bingjun Han; Liyuan Chen; Kang Xiao; Yang Liu; Dong Cao; Yu Lu; Yujun Li; Shu Tao; Wenxin Liu,Journal of Environmental Sciences,https://doi.org/10.1016/j.jes.2023.02.042,biogeochem_carbon; estuary_coastal; marine; microbial_coupling; soil_terrestrial,5
2023,The Spatial Distribution of Dissolved Organic Matter and Its Molecular Fingerprints in Seasonal Snow Over Northeastern China,"Zhen Mu, Yuling Ma, Hanxuan Wen et al. (n=9)",Zhen Mu; Yuling Ma; Hanxuan Wen; Chunyu Zhang; Yulin Qi; Daizhou Zhang; Yue Zhou; Wei Pu; Xin Wang,Journal of Geophysical Research Atmospheres,https://doi.org/10.1029/2023jd039117,atmosphere_aerosol; biogeochem_carbon; cryosphere; microbial_coupling; sediment_porewater; soil_terrestrial,6
2023,Trees in the Stream: Determining Patterns of Terrestrial Dissolved Organic Matter Contributions to the Northeast Pacific Coastal Temperate Rainforest,"Megan I. Behnke, Jason B. Fellman, David V. D’Amore et al. (n=4)",Megan I. Behnke; Jason B. Fellman; David V. D’Amore; Robert G. M. Spencer,Journal of Geophysical Research Biogeosciences,https://doi.org/10.1029/2022jg007027,biogeochem_carbon; disturbance_anthropogenic; estuary_coastal; freshwater_river; marine; microbial_coupling; soil_terrestrial; wetland_peatland,8
2023,"Characterizing Uncertainty in Pan‐Arctic Land‐Ocean Dissolved Organic Carbon Flux: Insights From the Onega River, Russia","Sommer F. Starr, Sarah Ellen Johnston, Nikita Sobolev et al. (n=10)",Sommer F. Starr; Sarah Ellen Johnston; Nikita Sobolev; Irina V. Perminova; Anne M. Kellerman; Greg Fiske; E. B. Bulygina; A. I. Shiklomanov; Amy M. McKenna; Robert G. M. Spencer,Journal of Geophysical Research Biogeosciences,https://doi.org/10.1029/2022jg007073,atmosphere_aerosol; biogeochem_carbon; cryosphere; estuary_coastal; freshwater_river; marine; soil_terrestrial,7
2023,Dissolved organic matter in complex shale gas wastewater analyzed with ESI FT-ICR MS: Typical characteristics and potential of biological treatment,"Xuanyu Ji, Alberto Tiraferri, Xiaofei Zhang et al. (n=8)",Xuanyu Ji; Alberto Tiraferri; Xiaofei Zhang; Peng Liu; Zhiwei Gan; John C. Crittenden; Jun Ma; Baicang Liu,Journal of Hazardous Materials,https://doi.org/10.1016/j.jhazmat.2023.130823,atmosphere_aerosol; biogeochem_carbon; freshwater_lake; microbial_coupling; wastewater_drinking,5
2023,Photochemical behavior of dissolved organic matter derived from Alternanthera philoxeroides hydrochar: Insights from molecular transformation and photochemically reactive intermediates,"Xincai Gu, Bingfa Chen, Hong Liu et al. (n=9)",Xincai Gu; Bingfa Chen; Hong Liu; Yanfang Feng; Bingyu Wang; Shiying He; Muhua Feng; Guojun Pan; Shiqun Han,Journal of Hazardous Materials,https://doi.org/10.1016/j.jhazmat.2023.132591,biogeochem_carbon; estuary_coastal; marine,3
2023,New insight into the functional group mechanism and structure-activity relationship of the complexation between DOM and Cr(III) in landfill leachate,"Hui Wang, Ying Yuan, Wenbing Tan et al. (n=9)",Hui Wang; Ying Yuan; Wenbing Tan; Jia Zhang; Xueying Gong; Yanjiao Li; Kunlong Hui; Honghan Chen; Beidou Xi,Journal of Hazardous Materials,https://doi.org/10.1016/j.jhazmat.2023.133210,biogeochem_carbon,1
2023,"Natural and anthropogenic dissolved organic matter in landfill leachate: Composition, transformation, and their coexistence characteristics","Jing Zheng, Xian-Ge Wang, Yue Sun et al. (n=7)",Jing Zheng; Xian-Ge Wang; Yue Sun; Yuxin Wang; Haoqun Sha; Xiaosong He; Xiaojie Sun,Journal of Hazardous Materials,https://doi.org/10.1016/j.jhazmat.2023.133081,biogeochem_carbon,1
2023,Dispersant-enhanced photodissolution of macondo crude oil: A molecular perspective,"David C. Podgorski, Jacob E. Walley, Matthew Shields et al. (n=8)",David C. Podgorski; Jacob E. Walley; Matthew Shields; D. Hébert; Maxwell L. Harsha; Robert G. M. Spencer; Matthew A. Tarr; Phoebe Zito,Journal of Hazardous Materials,https://doi.org/10.1016/j.jhazmat.2023.132558,atmosphere_aerosol; petroleum_fossil,2
2023,Photochemical mobilization of dissolved hydrocarbon oxidation products from petroleum contaminated soil into a shallow aquifer activate human nuclear receptors,"Phoebe Zito, B. Bekins, Dalma Martinović‐Weigelt et al. (n=10)",Phoebe Zito; B. Bekins; Dalma Martinović‐Weigelt; Maxwell L. Harsha; Katherine E. Humpal; Jared J. Trost; Isabelle M. Cozzarelli; Lynn Mazzoleni; Simeon Schum; David C. Podgorski,Journal of Hazardous Materials,https://doi.org/10.1016/j.jhazmat.2023.132312,atmosphere_aerosol; biogeochem_carbon; groundwater; petroleum_fossil; soil_terrestrial,5
2023,Molecule-based quantification of dissolved organic matter sources in high-arsenic groundwater,"Wen Qiao, Zhipeng Gao, Chen He et al. (n=6)",Wen Qiao; Zhipeng Gao; Chen He; Quan Shi; Shuangbao Han; Huaming Guo,Journal of Hydrology,https://doi.org/10.1016/j.jhydrol.2023.130352,biogeochem_carbon; disturbance_anthropogenic; groundwater,3
2023,Seasonal variations of dissolved organic matter chemistry in a semi-enclosed and eutrophic coastal bay in southeastern China: Implications for carbon cycling,"Chen Zhao, Yuping Zhou, Yuntao Wang et al. (n=9)",Chen Zhao; Yuping Zhou; Yuntao Wang; Wei Huang; Penghui Li; Chen He; Quan Shi; Yuanbi Yi; Ding He,Journal of Hydrology,https://doi.org/10.1016/j.jhydrol.2023.129679,biogeochem_carbon; estuary_coastal; marine; microbial_coupling; sediment_porewater,5
2023,Spectral Quality Assessment Strategy Based on the <sup>13</sup>C-Isotopic Pattern for the Fourier Transform Ion Cyclotron Resonance Mass Spectra of Dissolved Organic Matter,"Jingjing Sun, Ying Liang, Qing‐Long Fu",Jingjing Sun; Ying Liang; Qing‐Long Fu,Journal of the American Society for Mass Spectrometry,https://doi.org/10.1021/jasms.3c00208,biogeochem_carbon; estuary_coastal; marine,3
2023,"Molecular characterization of DOM: A full-scale case study of an advanced DWTP from Jintan, China","Yueting Wang, Zhihua Huang, Qian Zhang et al. (n=8)",Yueting Wang; Zhihua Huang; Qian Zhang; Yabin Guo; Mingmei Ding; Li Gao; Xinyu Zhu; Hang Xu,Journal of Water Process Engineering,https://doi.org/10.1016/j.jwpe.2023.104130,estuary_coastal; marine,2
2023,Changes in molecular dissolved organic matter during coagulation/sedimentation and chlorine and chlorine dioxide disinfection by non-target (or unknown) screening analysis,"Thirawit Prasert, Y. Ishii, Futoshi Kurisu et al. (n=5)",Thirawit Prasert; Y. Ishii; Futoshi Kurisu; Charongpun Musikavong; Phanwatt Phungsai,Journal of Water Process Engineering,https://doi.org/10.1016/j.jwpe.2023.103528,sediment_porewater; wastewater_drinking,2
2023,Will various interpretation strategies of the same ultrahigh‐resolution mass spectrometry data tell different biogeochemical stories? A first assessment based on natural aquatic dissolved organic matter,"Yuanbi Yi, Chen He, Katrin Klaproth et al. (n=11)",Yuanbi Yi; Chen He; Katrin Klaproth; Julian Merder; Penghui Li; Yulin Qi; Pingqing Fu; Si‐Liang Li; Thorsten Dittmar; Quan Shi; Ding He,Limnology and Oceanography Methods,https://doi.org/10.1002/lom3.10548,biogeochem_carbon; estuary_coastal; marine; methods_instrumentation,4
2023,Quantitative and qualitative comparison of marine dissolved organic nitrogen recovery using solid phase extraction,"Carlos Miranda, Rene Boiteau, Amy M. McKenna et al. (n=4)",Carlos Miranda; Rene Boiteau; Amy M. McKenna; Angela N. Knapp,Limnology and Oceanography Methods,https://doi.org/10.1002/lom3.10558,biogeochem_carbon; estuary_coastal; freshwater_lake; marine; methods_instrumentation,5
2023,"Comparing the isotopic and molecular composition of dissolved organic carbon between the oligotrophic South China Sea and the adjacent North Pacific Ocean: Signals of biodegradation, conservative mixing, and terrestrial input","Peng Jiang, Hongmei Chen, Zhanfei Liu et al. (n=4)",Peng Jiang; Hongmei Chen; Zhanfei Liu; Xiaolin Li,Marine Chemistry,https://doi.org/10.1016/j.marchem.2023.104331,biogeochem_carbon; estuary_coastal; marine; microbial_coupling; soil_terrestrial,5
2023,Mixing behavior of dissolved organic matter at the Yukon and Kolyma land ocean interface,"Anne M. Kellerman, Peter J. Hernes, Amy M. McKenna et al. (n=13)",Anne M. Kellerman; Peter J. Hernes; Amy M. McKenna; J. Blake Clark; Augusta Edmund; Brice Grunert; P. J. Mann; Antonio Mannino; Michael Novak; Aron Stubbins; Maria Tzortziou; N. Zimov; Robert G. M. Spencer,Marine Chemistry,https://doi.org/10.1016/j.marchem.2023.104281,atmosphere_aerosol; biogeochem_carbon; estuary_coastal; marine,4
2023,Photo-produced aromatic compounds stimulate microbial degradation of dissolved organic carbon in thermokarst lakes,"Jie Hu, Luyao Kang, Zi‐Liang Li et al. (n=10)",Jie Hu; Luyao Kang; Zi‐Liang Li; Xuehui Feng; Caifan Liang; Zan Min Wu; Wei Zhou; Xuning Liu; Yuanhe Yang; Leiyi Chen,Nature Communications,https://doi.org/10.1038/s41467-023-39432-2,biogeochem_carbon; cryosphere; estuary_coastal; freshwater_lake; marine; microbial_coupling,6
2023,Ultrahigh-resolution mass spectrometry of salt marsh carbon dynamics,Mackenzie Fiss,Mackenzie Fiss,Nature Reviews Earth & Environment,https://doi.org/10.1038/s43017-023-00423-y,biogeochem_carbon; marine; wetland_peatland,3
2023,WHONDRS River Corridor Sediment and Water Geochemistry and In Situ Sensor Data from Machine-Learning-Informed Sites across the Contiguous United States (v6),"Brieanne Forbes, Morgan Barnes, Brandon T. Boehnke et al. (n=38)","Brieanne Forbes; Morgan Barnes; Brandon T. Boehnke; Bowden, Mark E.; Xingyuan Chen; Kali Cornwell; Crawford, Mekayla; Dillman Delgado; Stephanie Fulton; Vanessa Garayburu‐Caruso; Stefan F. Gary; Amy Goldman; Brianna I. Gonzalez; Samantha Grieger; Glenn Hammond; Peishi Jiang; Matthew Kaufman; Maggi Laan; Bing Li; Zhi Li; Sophia McKever; Maruti Kumar Mudunuru; Katherine A. Muller; Allison Myers‐Pigg; Ocejo, Juan Alberto; Opal Otenburg; Aaron Pelly; Kelsey Peta; Beck Powers-McCormack; Peter Regier; Lupita Renteria; Alan Roebuck; Tim Scheibe; Kyongho Son; Tfaily, Malak M.; Joshua M. Torgeson; James Stegen; The WHONDRS Consortium",OSTI OAI (U.S. Department of Energy Office of Scientific and Technical Information),https://doi.org/10.15485/1923689,biogeochem_carbon; disturbance_anthropogenic; estuary_coastal; freshwater_river; groundwater; methods_instrumentation; sediment_porewater,7
2023,"East River Pore Water FTICR-MS Data associated with ""Geomorphic and Hydrogeochemical Controls on Fine-Scale Hyporheic Microbiome Assembly and Function""","Casey M. Saup, Mikayla Borton, Amelia R. Nelson et al. (n=10)","Casey M. Saup; Mikayla Borton; Amelia R. Nelson; Robert Danczak; Kira Harris; Rosalie Chu; James Stegen; Williams, Kenneth; Audrey H. Sawyer; Michael J. Wilkins",OSTI OAI (U.S. Department of Energy Office of Scientific and Technical Information),https://doi.org/10.15485/1957786,biogeochem_carbon; disturbance_anthropogenic; freshwater_river; groundwater; microbial_coupling; sediment_porewater; soil_terrestrial,7
2023,Surface Water Disinfection Byproducts and Organic Matter Characterization Data Associated with: “Disinfection byproducts formed during drinking water treatment reveal an export control point for dissolved organic matter in a subalpine headwater stream”,"Laura Leonard, Curtis Beutler, Rosalie Chu et al. (n=17)",Laura Leonard; Curtis Beutler; Rosalie Chu; Robert Danczak; Brieanne Forbes; Vanessa Garayburu‐Caruso; Amy Goldman; Stephanie S. Lau; Sophia McKever; William A. Mitch; Alexander Newman; Lupita Renteria; Jason Toyoda; James Stegen; Gary Vanzin; Kenneth H. Williams; Jonathon O. Sharp,OSTI OAI (U.S. Department of Energy Office of Scientific and Technical Information),https://doi.org/10.15485/1969118,biogeochem_carbon; freshwater_river; methods_instrumentation; petroleum_fossil; wastewater_drinking,5
2023,WHONDRS Surface Water Dissolved Organic Carbon and FTICR-MS across Glacial Features in Svalbard 2022,"Lupita Renteria, Rosalie Chu, Robert Danczak et al. (n=15)",Lupita Renteria; Rosalie Chu; Robert Danczak; Dillman Delgado; Brieanne Forbes; Vanessa Garayburu‐Caruso; Amy Goldman; Andy Hodson; Gabrielle Kleber; Maggi Laan; Leonard Magerl; Sophia McKever; Jason Toyoda; Jacob C. Yde; James Stegen,OSTI OAI (U.S. Department of Energy Office of Scientific and Technical Information),https://doi.org/10.15485/1969114,atmosphere_aerosol; biogeochem_carbon; cryosphere; marine; methods_instrumentation; soil_terrestrial,6
2023,Scripts and data associated with a manuscript linking soil and sediment elemental composition with dissolved organic matter chemistry across CONUS,"Alan Roebuck, Brieanne Forbes, Kenton Rod et al. (n=10)",Alan Roebuck; Brieanne Forbes; Kenton Rod; Vanessa Garayburu‐Caruso; Rosalie Chu; Amy Goldman; Beck Powers-McCormack; Lupita Renteria; Micah Taylor; James Stegen,OSTI OAI (U.S. Department of Energy Office of Scientific and Technical Information),https://doi.org/10.15485/2246724,biogeochem_carbon; freshwater_river; groundwater; methods_instrumentation; sediment_porewater; soil_terrestrial,6
2023,Data and scripts associated with a manuscript investigating impacts of solid phase extraction on freshwater organic matter optical signatures and mass spectrometry pairing,"Alan Roebuck, Brieanne Forbes, Vanessa Garayburu‐Caruso et al. (n=7)",Alan Roebuck; Brieanne Forbes; Vanessa Garayburu‐Caruso; Samantha Grieger; Khadijah Homolka; James Stegen; Allison Myers‐Pigg,OSTI OAI (U.S. Department of Energy Office of Scientific and Technical Information),https://doi.org/10.15485/1995543,biogeochem_carbon; estuary_coastal; freshwater_lake; freshwater_river; marine,5
2023,Root exudates induced coupled carbon and phosphorus cycling in a soil with low phosphorus availability,"Sunendra R. Joshi, Malak Tfaily, Robert Young et al. (n=4)",Sunendra R. Joshi; Malak Tfaily; Robert Young; David H. McNear,Plant and Soil,https://doi.org/10.1007/s11104-023-06442-4,soil_terrestrial,1
2023,Organic Matter Accelerated Microbial Iron Reduction and Available Phosphorus Release in Reflooded Paddy Soils,"Xipeng Liu, Yuchen Shu, Kejie Li et al. (n=8)",Xipeng Liu; Yuchen Shu; Kejie Li; Haotian Wang; Qing-Fang Bi; Haibo Wang; Chengliang Sun; Xianyong Lin,Preprints.org,https://doi.org/10.20944/preprints202312.0664.v1,biogeochem_carbon; disturbance_anthropogenic; microbial_coupling; soil_terrestrial,4
2023,[Chemical diversity of dissolved organic matter revealed by ultra performance liquid chromatography-Fourier transform ion cyclotron resonance mass spectrometry].,"Chao Ma, Hongxing Ni, Yulin Qi",Chao Ma; Hongxing Ni; Yulin Qi,PubMed,https://doi.org/10.3724/sp.j.1123.2023.03012,atmosphere_aerosol; biogeochem_carbon; methods_instrumentation; soil_terrestrial,4
2023,Treeline displacement may affect lake dissolved organic matter processing at high latitudes and altitudes,"Hannes Peter, Núria Catalán, Carina Rofner et al. (n=8)",Hannes Peter; Núria Catalán; Carina Rofner; Charles Verpoorter; M. Teresa Pérez; Thorsten Dittmar; Lars J. Tranvik; Rubén Sommaruga,Research Square,https://doi.org/10.21203/rs.3.rs-2922555/v1,biogeochem_carbon; estuary_coastal; freshwater_lake; marine; microbial_coupling; soil_terrestrial,6
2023,Molecular characterization of organic matter transformation mediated by microorganisms under anoxic/hypoxic conditions,"Shicong Xiao, Jiaxin Chen, Yuan Shen et al. (n=11)",Shicong Xiao; Jiaxin Chen; Yuan Shen; Qi Chen; Yu Wang; Yunyun Li; Chen He; Ruanhong Cai; Quan Shi; Nianzhi Jiao; Qiang Zheng,Science China Earth Sciences,https://doi.org/10.1007/s11430-022-1080-8,biogeochem_carbon; estuary_coastal; marine; microbial_coupling,4
2023,A molecular-level mechanism analysis of PFS coagulation behaviors: Differences in natural organic matter and algal organic matter,"Ran Pan, Yuanxi Huang, Jian Ao et al. (n=8)",Ran Pan; Yuanxi Huang; Jian Ao; Yangtao Wu; Lingjun Bu; Shiqing Zhou; Lin Deng; Zhou Shi,Separation and Purification Technology,https://doi.org/10.1016/j.seppur.2023.123485,wastewater_drinking,1
2023,Ceramic membrane with double catalytic layer for efficient peroxymonosulfate activation and dissolved organic matter (DOM) membrane fouling control,"Zhaoyu Bai, Shanshan Gao, Xiwen Liu et al. (n=5)",Zhaoyu Bai; Shanshan Gao; Xiwen Liu; Rui Huang; Jiayu Tian,Separation and Purification Technology,https://doi.org/10.1016/j.seppur.2023.123999,biogeochem_carbon; wastewater_drinking,2
2023,Unveiling the molecular responses of dissolved organic matter in landfill leachate to activated carbon adsorption,"Jian Liu, Shaohua Chen, Xinqing Liao et al. (n=5)",Jian Liu; Shaohua Chen; Xinqing Liao; Huiqun Shi; Jianzhi Huang,Separation and Purification Technology,https://doi.org/10.1016/j.seppur.2023.125335,biogeochem_carbon; wastewater_drinking,2
2023,Molecular insights into transformation of dissolved organic matter in landfill leachate nanofiltration concentrate during Fe2+/HClO electrochemical Fenton-type process,"Dongyuan Chu, Zhaoji Zhang, Zhi‐Long Ye et al. (n=8)",Dongyuan Chu; Zhaoji Zhang; Zhi‐Long Ye; Hui Zhang; Xianzhi Meng; Xiangnong Chen; Yichuang Lin; Shaohua Chen,Separation and Purification Technology,https://doi.org/10.1016/j.seppur.2023.123328,biogeochem_carbon; wastewater_drinking,2
2023,Unique biogeochemical characteristics in coastal ghost forests – The transition from freshwater forested wetland to salt marsh under the influences of sea level rise,"Huan Chen, Alexander Martin Rücker, Yina Liu et al. (n=12)",Huan Chen; Alexander Martin Rücker; Yina Liu; D. W. Miller; Jianing Dai; Junjian Wang; Dennis O. Suhre; Li‐Jung Kuo; William H. Conner; Barbara J. Campbell; R. C. Rhew; Alex Chow,Soil & Environmental Health,https://doi.org/10.1016/j.seh.2023.100005,biogeochem_carbon; disturbance_anthropogenic; estuary_coastal; marine; microbial_coupling; sediment_porewater; soil_terrestrial; wetland_peatland,8
2023,Molecular weight of dissolved organic matter determines its interactions with microbes and its assembly processes in soils,"Pengfa Li, Meng Wu, Ting Li et al. (n=10)",Pengfa Li; Meng Wu; Ting Li; Alex J. Dumbrell; Muhammad Saleem; Lu Kuang; Lu Luan; Shuang Wang; Zhongpei Li; Jiandong Jiang,Soil Biology and Biochemistry,https://doi.org/10.1016/j.soilbio.2023.109117,biogeochem_carbon; microbial_coupling; soil_terrestrial,3
2023,Spatial and Molecular Variations in Forest Topsoil Dissolved Organic Matter Revealed by Ft-Icr Mass Spectrometry,"Ming Sheng, Shuang Chen, Cong‐Qiang Liu et al. (n=12)",Ming Sheng; Shuang Chen; Cong‐Qiang Liu; Qing‐Long Fu; Donghuan Zhang; Wei Hu; Junjun Deng; Libin Wu; Ping Li; Zhifeng Yan; Yong‐Guan Zhu; Pingqing Fu,SSRN Electronic Journal,https://doi.org/10.2139/ssrn.4336862,biogeochem_carbon; soil_terrestrial,2
2023,Unique Dissolved Organic Matter Molecules and Microbial Communities in Rhizosphere of Three Typical Crop Soils and Their Significant Associations Based on Ft-Icr-Ms and High-Throughput Sequencing Analysis,"Lili Lv, Honglin Huang, Jitao Lv et al. (n=7)",Lili Lv; Honglin Huang; Jitao Lv; Dong Cao; Ziyu Rao; Fanglan Geng; Yuehui Kang,SSRN Electronic Journal,https://doi.org/10.2139/ssrn.4665483,disturbance_anthropogenic; microbial_coupling; soil_terrestrial,3
2023,Dom Contributions to Nitrate Enrichment in Groundwater in the Semi-Arid Area of North China Plain: Evidence from Dom Optical and Molecular Characteristics,"Hongyu Ding, Mingxia Zheng, Minda Yu et al. (n=7)",Hongyu Ding; Mingxia Zheng; Minda Yu; Mingtan Zhu; Yuanyuan Sun; Jing Su; Beidou Xi,SSRN Electronic Journal,https://doi.org/10.2139/ssrn.4500420,biogeochem_carbon; disturbance_anthropogenic; groundwater,3
2023,Molecular-Level Exploration of Dissolved Organic Matter and Dissolved Organic Nitrogen Transformation in Full-Scale Wastewater Treatments: Comparison of Autotrophic and Heterotrophic Nitrogen Removal Units,"Tong Zhou, Jin Guo, Qiushan Liu et al. (n=8)",Tong Zhou; Jin Guo; Qiushan Liu; Yuru Liu; Wenjun Wu; Yufei Wang; Shujun Zhang; Yongzhen Peng,SSRN Electronic Journal,https://doi.org/10.2139/ssrn.4548283,biogeochem_carbon; microbial_coupling; wastewater_drinking,3
2023,"Molecular Transformations of Dom, Don and Dos in Human-Impacted Estuarine Sediments","Zhaokui Ni, Yue Wu, Yue Ma et al. (n=7)",Zhaokui Ni; Yue Wu; Yue Ma; Yu Li; Dan Li; Shengrui Wang; Chunyang Zhou,SSRN Electronic Journal,https://doi.org/10.2139/ssrn.4572150,estuary_coastal; marine; microbial_coupling; sediment_porewater,4
2023,Difference Analysis of the Composition of Iron (Hydr)Oxides and Dissolved Organic Matter in Pit Mud of Different Pit Ages in Luzhou Laojiao and its Implications for the Ripening Process of Pit Mud,"Kairui Jiao, Bo Deng, Ping Song et al. (n=6)",Kairui Jiao; Bo Deng; Ping Song; Hailong Ding; Hailong Liu; Bin Lian,SSRN Electronic Journal,https://doi.org/10.2139/ssrn.4555788,,0
2023,Activation of Iron Oxide Minerals in Aquifer by Humic Acid and Coupled Adsorption on Molecular Scale,"Xuelian Xia, Xu Han, Yuanzheng Zhai",Xuelian Xia; Xu Han; Yuanzheng Zhai,SSRN Electronic Journal,https://doi.org/10.2139/ssrn.4619501,biogeochem_carbon; disturbance_anthropogenic; groundwater,3
2023,Dispersant-Enhanced Photodissolution of Macondo Crude Oil: A Molecular Perspective,"David C. Podgorski, Jacob E. Walley, Matthew Shields et al. (n=8)",David C. Podgorski; Jacob E. Walley; Matthew Shields; D. Hébert; Maxwell L. Harsha; Robert G. M. Spencer; Matthew A. Tarr; Phoebe Zito,SSRN Electronic Journal,https://doi.org/10.2139/ssrn.4440035,petroleum_fossil,1
2023,Photochemical Mobilization of Dissolved Hydrocarbon Oxidation Products from Petroleum Contaminated Soil into a Shallow Aquifer Activate Human Nuclear Receptors,"Phoebe Zito, B. Bekins, Dalma Martinović‐Weigelt et al. (n=10)",Phoebe Zito; B. Bekins; Dalma Martinović‐Weigelt; Maxwell L. Harsha; Katherine E. Humpal; Jared J. Trost; Isabelle M. Cozzarelli; Lynn Mazzoleni; Simeon Schum; David C. Podgorski,SSRN Electronic Journal,https://doi.org/10.2139/ssrn.4435393,biogeochem_carbon; groundwater; petroleum_fossil; soil_terrestrial,4
2023,Modified Δ-Mno 2  Based on Transition Metal Doping: Enhanced Adsorption and Stabilization of Dissolved Organic Matter,"Chao Zhu, Haonan Li, Xu Jinsong et al. (n=7)",Chao Zhu; Haonan Li; Xu Jinsong; Mengnan Wang; Mingfang Zhou; Yan Wang; Hongrui Ma,SSRN Electronic Journal,https://doi.org/10.2139/ssrn.4631833,biogeochem_carbon,1
2023,A Pilot-Scale High-Rate Magnetic Ion Exchange Resin for Minimization of Ro Membrane Fouling in Water Purification of a Power Plant and Foulant Characterization,"Ittikorn Palee, Santiboon Kaewsimmaporn, Panitan Jutaporn et al. (n=5)",Ittikorn Palee; Santiboon Kaewsimmaporn; Panitan Jutaporn; Phanwatt Phungsai; Thunyalux Ratpukdi,SSRN Electronic Journal,https://doi.org/10.2139/ssrn.4448733,biogeochem_carbon; wastewater_drinking,2
2023,Molecular Insights into the Bonding Mechanisms between Selenium and Dissolved Organic Matter,"Zhe Zhang, L. L. Miller, Huan He et al. (n=7)",Zhe Zhang; L. L. Miller; Huan He; Mallikarjuna N. Nadagouda; Thomas Borch; Kevin Ε. Ο'Shea; Dionysios D. Dionysiou,SSRN Electronic Journal,https://doi.org/10.2139/ssrn.4610932,,0
2023,Characteristics of Dissolved Organic Matter in Point-Source Wastewaters at a Petrochemical Plant: Molecular Constituents and Contributions to the Influent of Wastewater Treatment Plant,"Yue Kou, Baiyu Yang, Juntao Jiang et al. (n=9)",Yue Kou; Baiyu Yang; Juntao Jiang; He Sun; Rui Zhang; Zhuoyu Li; Qinghong Wang; Quan Shi; Chunmao Chen,SSRN Electronic Journal,https://doi.org/10.2139/ssrn.4530396,biogeochem_carbon; wastewater_drinking,2
2023,Effect of salinity on molecular characterization of dissolved organic matter using ESI FT-ICR MS,"Xiaocun Zhuo, Chen He, Ruanhong Cai et al. (n=4)",Xiaocun Zhuo; Chen He; Ruanhong Cai; Quan Shi,Talanta,https://doi.org/10.1016/j.talanta.2023.125005,biogeochem_carbon; estuary_coastal; marine; methods_instrumentation,4
2023,Machine-learning assisted molecular formula assignment to high-resolution mass spectrometry data of dissolved organic matter,"Qiong Pan, Wenya Hu, Ding He et al. (n=6)",Qiong Pan; Wenya Hu; Ding He; Chen He; Linzhou Zhang; Quan Shi,Talanta,https://doi.org/10.1016/j.talanta.2023.124484,biogeochem_carbon,1
2023,Spatial and molecular variations in forest topsoil dissolved organic matter as revealed by FT-ICR mass spectrometry,"Ming Sheng, Shuang Chen, Cong‐Qiang Liu et al. (n=12)",Ming Sheng; Shuang Chen; Cong‐Qiang Liu; Qing‐Long Fu; Donghuan Zhang; Wei Hu; Junjun Deng; Libin Wu; Ping Li; Zhifeng Yan; Yong‐Guan Zhu; Pingqing Fu,The Science of The Total Environment,https://doi.org/10.1016/j.scitotenv.2023.165099,biogeochem_carbon; microbial_coupling; soil_terrestrial,3
2023,"Exploring the optical properties and molecular characteristics of dissolved organic matter in a large river-connected lake (Poyang Lake, China) using optical spectroscopy and FT-ICR MS analysis","Lei Xu, Qian Hu, Minfei Jian et al. (n=9)",Lei Xu; Qian Hu; Minfei Jian; Kai Mao; Zetian Liu; Wei Liao; Yumei Yan; Ruichang Shen; Aiwen Zhong,The Science of The Total Environment,https://doi.org/10.1016/j.scitotenv.2023.162999,biogeochem_carbon; disturbance_anthropogenic; estuary_coastal; freshwater_lake; freshwater_river; marine,6
2023,Dissolved organic matter defines microbial communities during initial soil formation after deglaciation,"Jie Shen, Ziyan Liang, Yakov Kuzyakov et al. (n=10)",Jie Shen; Ziyan Liang; Yakov Kuzyakov; Weitao Li; Yuting He; Changquan Wang; Yang Xiao; Ke Chen; Geng Sun; Yanbao Lei,The Science of The Total Environment,https://doi.org/10.1016/j.scitotenv.2023.163171,biogeochem_carbon; cryosphere; microbial_coupling; soil_terrestrial,4
2023,Molecular insights into the impacts of acid mine drainage on dissolved organic matter dynamics in pit lakes,"Zhixiang She, Jin Wang, Chen He et al. (n=9)",Zhixiang She; Jin Wang; Chen He; Zhengfeng Jiang; Xin Pan; Meichen Wang; Ding Ma; Quan Shi; Zhengbo Yue,The Science of The Total Environment,https://doi.org/10.1016/j.scitotenv.2023.164097,biogeochem_carbon; disturbance_anthropogenic; freshwater_lake,3
2023,Theoretical modeling of molecular fractionation of dissolved organic matter on ferrihydrite and its impact on proton and metal binding properties,"Xinyi Huang, Yuzhen Liang, Qianting Ye et al. (n=6)",Xinyi Huang; Yuzhen Liang; Qianting Ye; Zecong Ding; Fu Liu; Zhenqing Shi,The Science of The Total Environment,https://doi.org/10.1016/j.scitotenv.2023.164276,biogeochem_carbon; groundwater,2
2023,Molecular and optical signatures of photochemical transformation of dissolved organic matter: Nonnegligible role of suspended particulate matter in urban river,"Jingyi Hou, Ruochun Zhang, Jinfeng Ge et al. (n=7)",Jingyi Hou; Ruochun Zhang; Jinfeng Ge; Chao Ma; Yuanbi Yi; Yulin Qi; Si‐Liang Li,The Science of The Total Environment,https://doi.org/10.1016/j.scitotenv.2023.166842,atmosphere_aerosol; biogeochem_carbon; estuary_coastal; freshwater_river; marine,5
2023,Molecular characterization of dissolved organic matter in urban stormwater pond and municipal wastewater discharges transformed by the Florida red tide dinoflagellate Karenia brevis,"Amanda Muni-Morgan, Mary G. Lusk, Cynthia A. Heil et al. (n=7)",Amanda Muni-Morgan; Mary G. Lusk; Cynthia A. Heil; Audrey H. Goeckner; Huan Chen; Amy M. McKenna; Patricia Scanlon Holland,The Science of The Total Environment,https://doi.org/10.1016/j.scitotenv.2023.166291,biogeochem_carbon; estuary_coastal; freshwater_lake; marine; microbial_coupling; wastewater_drinking,6
2023,Evolution of dissolved organic nitrogen (DON) during sludge reject water treatment revealed by FTICR-MS,"Ruihong Yin, Shuyan Zhou, Dandan Lu et al. (n=7)",Ruihong Yin; Shuyan Zhou; Dandan Lu; Siyuan Diao; Wenjing Shi; Hui Gong; Xiaohu Dai,The Science of The Total Environment,https://doi.org/10.1016/j.scitotenv.2023.164944,biogeochem_carbon; estuary_coastal; marine; wastewater_drinking,4
2023,Aquatic plant root exudates: A source of disinfection byproduct precursors in constructed wetlands,"Jiachang Pi, Tingting Gong, Min He et al. (n=4)",Jiachang Pi; Tingting Gong; Min He; Guangcan Zhu,The Science of The Total Environment,https://doi.org/10.1016/j.scitotenv.2023.165590,wastewater_drinking; wetland_peatland,2
2023,Hypoxia diversifies molecular composition of dissolved organic matter and enhances preservation of terrestrial organic carbon in the Yangtze River Estuary,"Penghui Li, Wenzhao Liang, Yuping Zhou et al. (n=7)",Penghui Li; Wenzhao Liang; Yuping Zhou; Yuanbi Yi; Chen He; Quan Shi; Ding He,The Science of The Total Environment,https://doi.org/10.1016/j.scitotenv.2023.167661,atmosphere_aerosol; biogeochem_carbon; estuary_coastal; freshwater_river; marine; soil_terrestrial,6
2023,Enrichment and analysis methods for trace dissolved organic carbon in reverse osmosis effluent: A review,"Xiaowen Chen, Nan Huang, Wenlong Wang et al. (n=5)",Xiaowen Chen; Nan Huang; Wenlong Wang; Qi Wang; Hong‐Ying Hu,The Science of The Total Environment,https://doi.org/10.1016/j.scitotenv.2023.161393,biogeochem_carbon; petroleum_fossil; wastewater_drinking,3
2023,Chemodiversity transformation of organic matters in a full scale MBR-NF wastewater reclamation plant,"Jinlan Yu, Ran Huo, Wei Liu et al. (n=4)",Jinlan Yu; Ran Huo; Wei Liu; Xianghua Wen,The Science of The Total Environment,https://doi.org/10.1016/j.scitotenv.2023.166246,biogeochem_carbon; wastewater_drinking,2
2023,Dissolved organic matter cycling revealed from the molecular level in three coastal bays of China,"Chen Zhao, Haibo Zhang, Penghui Li et al. (n=9)",Chen Zhao; Haibo Zhang; Penghui Li; Yuanbi Yi; Yuping Zhou; Yuntao Wang; Chen He; Quan Shi; Ding He,The Science of The Total Environment,https://doi.org/10.1016/j.scitotenv.2023.166843,biogeochem_carbon; estuary_coastal; marine; microbial_coupling; wetland_peatland,5
2023,Assessing the role of the microbial carbon pump in carbon cycling in the Mediterranean Sea,Nawal Bouchachi,Nawal Bouchachi,theses.fr (ABES),,atmosphere_aerosol; biogeochem_carbon; freshwater_lake; marine; microbial_coupling,5
2023,"Photochemical Release of Dissolved Organic Nitrogen from Algal Detritus and Sediment Particles in Lake Taihu, China","Yanan Liu, Xiaolong Yao",Yanan Liu; Xiaolong Yao,Water,https://doi.org/10.3390/w15193346,biogeochem_carbon; estuary_coastal; freshwater_lake; marine; sediment_porewater,5
2023,Investigation with ESI FT-ICR MS on sorbent selectivity and comprehensive molecular composition of landfill leachate dissolved organic matter,"Qiurui Zhang, Jitao Lv, Anen He et al. (n=8)",Qiurui Zhang; Jitao Lv; Anen He; Dong Cao; Xiaosong He; Lixia Zhao; Yawei Wang; Guibin Jiang,Water Research,https://doi.org/10.1016/j.watres.2023.120359,biogeochem_carbon; estuary_coastal; marine; methods_instrumentation,4
2023,Effects of organic additives on spectroscopic and molecular-level features of photo-induced dissolved organic matter from microplastics,"Yun-Kyung Lee, Wei He, Huaming Guo et al. (n=5)",Yun-Kyung Lee; Wei He; Huaming Guo; Tanju Karanfil; Jin Hur,Water Research,https://doi.org/10.1016/j.watres.2023.120272,biogeochem_carbon,1
2023,Molecular composition and chemodiversity of dissolved organic matter in wastewater sludge via Fourier transform ion cyclotron resonance mass spectrometry: Effects of extraction methods and electrospray ionization modes,"Peipei Zhao, Zhengliang Du, Qing‐Long Fu et al. (n=7)",Peipei Zhao; Zhengliang Du; Qing‐Long Fu; Jing Ai; Aibin Hu; Dongsheng Wang; Weijun Zhang,Water Research,https://doi.org/10.1016/j.watres.2023.119687,biogeochem_carbon; methods_instrumentation; wastewater_drinking,3
2023,Deciphering fluorescent and molecular fingerprint of dissolved organic matter leached from microplastics in water,"Jie Zhang, Xianfeng Hou, Kena Zhang et al. (n=8)",Jie Zhang; Xianfeng Hou; Kena Zhang; Youwei Deng; Quanzhi Xiao; Yan Gao; Xiaoxia Zhou; Bing Yan,Water Research,https://doi.org/10.1016/j.watres.2023.121047,biogeochem_carbon; soil_terrestrial,2
2023,Effects of dissolved organic matter removal and molecular transformation in different water treatment processes on formation of disinfection byproducts,"Hang He, Niannian Sun, Lanfeng Li et al. (n=9)",Hang He; Niannian Sun; Lanfeng Li; Jing Ai; Hao Zhou; Xiaoyin Yang; Xiaofang Yang; Dongsheng Wang; Weijun Zhang,Water Research,https://doi.org/10.1016/j.watres.2023.120626,biogeochem_carbon; wastewater_drinking,2
2023,Variations in dissolved organic matter chemistry on a vertical scale in the eastern Indian Ocean,"Yang Liu, Xiaofang Liu, Yi Long et al. (n=6)",Yang Liu; Xiaofang Liu; Yi Long; Yujian Wen; Chao Ma; Jun Sun,Water Research,https://doi.org/10.1016/j.watres.2023.119674,biogeochem_carbon; estuary_coastal; marine,3
2023,Interpreting pH-Dependent Differential UV/VIS Absorbance Spectra to Characterize Carboxylic and Phenolic Chromophores in Natural Organic Matter,"Chenyang Zhang, Shansheng Mo, Zhongli Liu et al. (n=8)",Chenyang Zhang; Shansheng Mo; Zhongli Liu; Bingya Chen; Gregory V. Korshin; Norbert Hertkorn; Jinren Ni; Mingquan Yan,Water Research,https://doi.org/10.1016/j.watres.2023.120522,estuary_coastal; marine,2
2023,Unraveling the photochemical reactivity of dissolved organic matter in the Yangtze river estuary: Integrating incubations with field observations,"Chen Zhao, Yifu Hou, Yuntao Wang et al. (n=8)",Chen Zhao; Yifu Hou; Yuntao Wang; Penghui Li; Chen He; Quan Shi; Yuanbi Yi; Ding He,Water Research,https://doi.org/10.1016/j.watres.2023.120638,biogeochem_carbon; estuary_coastal; freshwater_river; marine,4
2023,Data evaluation strategy for identification of key molecular formulas in dissolved organic matter as proxies for biogeochemical reactivity based on abundance differences from ultrahigh resolution mass spectrometry,"Peter Herzsprung, Norbert Kamjunke, Christin Wilske et al. (n=8)",Peter Herzsprung; Norbert Kamjunke; Christin Wilske; Kurt Friese; Bertram Boehrer; Karsten Rinke; Oliver J. Lechtenfeld; Wolf von Tümpling,Water Research,https://doi.org/10.1016/j.watres.2023.119672,biogeochem_carbon; estuary_coastal; marine,3
2023,Mechanisms shaping dissolved organic matter and microbial community in lake ecosystems,"Katarina Kajan, Helena Osterholz, James Stegen et al. (n=5)",Katarina Kajan; Helena Osterholz; James Stegen; Marija Gligora Udovič; Sandi Orlić,Water Research,https://doi.org/10.1016/j.watres.2023.120653,biogeochem_carbon; estuary_coastal; freshwater_lake; marine; microbial_coupling,5
2023,Different Fenton treatments on diverse landfill organics: Discover the underestimated effect of derived-DOM,"Qi Chen, Fan Lü, Hua Zhang et al. (n=5)",Qi Chen; Fan Lü; Hua Zhang; Qiyong Xu; Pinjing He,Water Research,https://doi.org/10.1016/j.watres.2023.120536,biogeochem_carbon; wastewater_drinking,2
2023,Spatial and molecular variations in forest topsoil dissolved organic matter as revealed by FT-ICR mass spectrometry,Sheng Sheng,Sheng Sheng,Zenodo (CERN European Organization for Nuclear Research),https://doi.org/10.5281/zenodo.7964482,biogeochem_carbon; freshwater_lake; microbial_coupling; soil_terrestrial,4
2023,Dataset for ''unsaturated fatty acids enhance aqueous atmospheric oxidation ability by producing oxygen-containing radicals in fog droplets'',"Ning Yang, Qiaorong Xie, Xinxing Zhang et al. (n=17)",Ning Yang; Qiaorong Xie; Xinxing Zhang; Shujun Zhong; Wei Hu; Junjun Deng; Libin Wu; Ming Sheng; Mutong Niu; Dandan Liu; Jialei Zhu; Yong Chen; Jing Duan; Xiaole Pan; Yele Sun; Zifa Wang; Pingqing Fu,Zenodo (CERN European Organization for Nuclear Research),https://doi.org/10.5281/zenodo.7711077,atmosphere_aerosol; biogeochem_carbon,2
2023,Supporting Information for Complementary Elucidation of the Molecular Characteristics of Groundwater Dissolved Organic Matter using Ultrahigh-Resolution Mass Spectrometry Coupled with Negative and Positive-Ion Electrospray Ionization,"Ziqi Zhou, Qing‐Long Fu, Manabu Fujii et al. (n=4)",Ziqi Zhou; Qing‐Long Fu; Manabu Fujii; T. David Waite,Zenodo (CERN European Organization for Nuclear Research),https://doi.org/10.5281/zenodo.7686576,biogeochem_carbon; groundwater; methods_instrumentation,3
2023,Supporting information for Complementary Elucidation of the Molecular Characteristics of Groundwater Dissolved Organic Matter using Ultrahigh-Resolution Mass Spectrometry Coupled with Negative and Positive-Ion Electrospray Ionization,"Ziqi Zhou, Qing‐Long Fu, Manabu Fujii et al. (n=4)",Ziqi Zhou; Qing‐Long Fu; Manabu Fujii; T. David Waite,Zenodo (CERN European Organization for Nuclear Research),https://doi.org/10.5281/zenodo.7686580,biogeochem_carbon; groundwater; methods_instrumentation,3
2023,Supporting Information for Complementary Elucidation of the Molecular Characteristics of Groundwater Dissolved Organic Matter using Ultrahigh-Resolution Mass Spectrometry Coupled with Negative and Positive-Ion Electrospray Ionization,"Ziqi Zhou, Qing‐Long Fu, Manabu Fujii et al. (n=4)",Ziqi Zhou; Qing‐Long Fu; Manabu Fujii; T. David Waite,Zenodo (CERN European Organization for Nuclear Research),https://doi.org/10.5281/zenodo.7686682,biogeochem_carbon; groundwater; methods_instrumentation,3
2023,Elucidating Dissolved Organic Sulfur in the Coastal Environment by Novel Online Liquid Chromatography Coupled to FT-ICR Mass Spectrometry,"Shuang Chen, Yulin Qi, Qiaorong Xie et al. (n=7)",Shuang Chen; Yulin Qi; Qiaorong Xie; Chao Ma; Shujun Zhong; Libin Wu; Pingqing Fu,Zenodo (CERN European Organization for Nuclear Research),https://doi.org/10.5281/zenodo.8028256,atmosphere_aerosol; biogeochem_carbon; estuary_coastal; freshwater_river; methods_instrumentation,5
2023,Universal microbial reworking of dissolved organic matter along environmental gradients,"Erika C. Freeman, Erik J. S. Emilson, Thorsten Dittmar et al. (n=9)",Erika C. Freeman; Erik J. S. Emilson; Thorsten Dittmar; Lucas PP Braga; Caroline E. Emilson; Tobias Goldhammer; Christine Martineau; Gabriel Singer; Andrew J. Tanentzap,Zenodo (CERN European Organization for Nuclear Research),https://doi.org/10.5281/zenodo.8109397,biogeochem_carbon; freshwater_river; marine; microbial_coupling; soil_terrestrial,5
2023,Universal microbial reworking of dissolved organic matter along environmental gradients,"Erika C. Freeman, Erik J. S. Emilson, Thorsten Dittmar et al. (n=9)",Erika C. Freeman; Erik J. S. Emilson; Thorsten Dittmar; Lucas PP Braga; Caroline E. Emilson; Tobias Goldhammer; Christine Martineau; Gabriel Singer; Andrew J. Tanentzap,Zenodo (CERN European Organization for Nuclear Research),https://doi.org/10.5281/zenodo.8109398,biogeochem_carbon; freshwater_river; marine; microbial_coupling; soil_terrestrial,5
2024,Direct analysis of marine dissolved organic matter using LC-FT-ICR MS,"Oliver J. Lechtenfeld, Jan Kaesler, Elaine K. Jennings et al. (n=4)",Oliver J. Lechtenfeld; Jan Kaesler; Elaine K. Jennings; Boris Koch,,https://doi.org/10.5194/egusphere-egu24-16627,biogeochem_carbon; cryosphere; marine; sediment_porewater; soil_terrestrial,5
2024,A novel method for characterizing dissolved organic matter (DOM) in subsurface sediments for anaerobic degradation processes using FT-ICR-MS and induction-based nano-spray technique,Shuchai Gan,Shuchai Gan,,https://doi.org/10.46427/gold2024.22214,groundwater; methods_instrumentation; sediment_porewater,3
2024,Reply on RC1,Alessio Leins,Alessio Leins,,https://doi.org/10.5194/bg-2023-159-ac1,atmosphere_aerosol; biogeochem_carbon; methods_instrumentation; microbial_coupling,4
2024,Comment on bg-2023-159,"Leins, Alessio, Bregnard, DanaÃ©, Vieth-Hillebrand, Andrea et al. (n=8)","Leins, Alessio; Bregnard, DanaÃ©; Vieth-Hillebrand, Andrea; Poetz, Stefanie; Eichinger, Florian; Cailleau, Guillaume; Junier, Pilar; Regenspurg, Simona",,https://doi.org/10.5194/bg-2023-159-rc2,atmosphere_aerosol; biogeochem_carbon; methods_instrumentation; microbial_coupling,4
2024,Reply on RC2,Alessio Leins,Alessio Leins,,https://doi.org/10.5194/bg-2023-159-ac2,atmosphere_aerosol; biogeochem_carbon; methods_instrumentation; microbial_coupling,4
2024,A Novel Method for Analyzing Dissolved Organic Matter in Soils,"Shuchai Gan, Faming Wang, Ying Wu",Shuchai Gan; Faming Wang; Ying Wu,,https://doi.org/10.5194/egusphere-egu24-5028,biogeochem_carbon; disturbance_anthropogenic; methods_instrumentation; microbial_coupling; sediment_porewater; soil_terrestrial,6
2024,The role of dissolved organic matter chemodiversity in driving bacterial and fungal community patterns at a continental scale,"Jian Wang, Helena Osterholz, Edith Bai et al. (n=4)",Jian Wang; Helena Osterholz; Edith Bai; Chao Wang,,https://doi.org/10.5194/egusphere-egu24-7280,biogeochem_carbon; microbial_coupling; soil_terrestrial,3
2024,Rapid lateral transport of fresh dissolved organic matter to the deep ocean in the NE Atlantic,"Bingbing Wei, Michael Seidel, Gesine Mollenhauer et al. (n=7)",Bingbing Wei; Michael Seidel; Gesine Mollenhauer; Hendrik Grotheer; Jenny Wendt; Thorsten Dittmar; Moritz Holtappels,,https://doi.org/10.5194/egusphere-egu24-3667,atmosphere_aerosol; biogeochem_carbon; estuary_coastal; marine,4
2024,QUANTOM &amp;#8211; QUANTification of dissolved Organic Matter and the metabolic balance in river networks: mechanisms and model simulations of CO2 emissions,"Benoît O. L. Demars, Maeve McGovern, Leah Jackson‐Blake et al. (n=12)",Benoît O. L. Demars; Maeve McGovern; Leah Jackson‐Blake; James Sample; Magnus Dahler Norling; Kjell Arild Høgda; Stein Rune Karlsen; Peter Dörsch; Marc Stutter; Barry Thornton; Jim Junker; Juliana D’Andrilli,,https://doi.org/10.5194/egusphere-egu24-20681,biogeochem_carbon; freshwater_river; soil_terrestrial,3
2024,Linking Microbial Communities and Molecular Transformations of Dissolved Organic Matter to the Fate of Nitrogen in Karst Aquifers,"Ruixuan Gai, Jing Bao, Wei Xiu et al. (n=6)",Ruixuan Gai; Jing Bao; Wei Xiu; Fang Guo; Qiang Li; Qiang Zhang,,https://doi.org/10.22541/essoar.173272836.66697021/v1,biogeochem_carbon; groundwater; microbial_coupling; soil_terrestrial; wastewater_drinking,5
2024,Dissolved Organic Matter from Coastal Vegetated Ecosystems Through the Lens of Carbon Sequestration,"Dariya Baiko, Thorsten Dittmar, Philipp Böning et al. (n=4)",Dariya Baiko; Thorsten Dittmar; Philipp Böning; Michael Seidel,,https://doi.org/10.5194/egusphere-egu24-15386,biogeochem_carbon; estuary_coastal; marine; microbial_coupling; petroleum_fossil; sediment_porewater; wetland_peatland,7
2024,Adsorption of dissolved organic matter to mineral phases studied by laser desorption ionization mass spectrometry,"Carsten Simon, Oliver J. Lechtenfeld",Carsten Simon; Oliver J. Lechtenfeld,,https://doi.org/10.5194/egusphere-egu24-15127,biogeochem_carbon; methods_instrumentation; soil_terrestrial,3
2024,"Identification of plant, bacterial and fungal necro mass markers in soil organic matter via ultrahigh resolution mass spectrometry","Konstantin Stumpf, Carsten Simon, Oliver J. Lechtenfeld",Konstantin Stumpf; Carsten Simon; Oliver J. Lechtenfeld,,https://doi.org/10.5194/egusphere-egu24-5128,biogeochem_carbon; microbial_coupling; soil_terrestrial,3
2024,"Hydrology, water chemistry and organic matter in peatland pools and headwater streams","Cat Moody, Joseph Holden, Pippa J. Chapman et al. (n=6)",Cat Moody; Joseph Holden; Pippa J. Chapman; Nicholle G. A. Bell; Logan Mackay; Ezra Kitson,,https://doi.org/10.5194/egusphere-egu24-22192,biogeochem_carbon; disturbance_anthropogenic; freshwater_river; wetland_peatland,4
2024,Carbonate-associated organic matter: A form of &amp;#8220;dissolvable&amp;#8221; organic matter?,"Mary A. Zeller, Bryce Van Dam, Amy M. McKenna et al. (n=8)",Mary A. Zeller; Bryce Van Dam; Amy M. McKenna; Christian A. Lopes; Christopher L. Osburn; James W. Fourqurean; Kominoski John; Michael E. Böttcher,,https://doi.org/10.5194/egusphere-egu24-10047,atmosphere_aerosol; biogeochem_carbon; estuary_coastal; sediment_porewater,4
2024,Characterizing carbon cycling dynamics in salt marshes: the sources and fates of natural and plastic-derived organic carbon,Mackenzie M. Fiss-Nealley,Mackenzie M. Fiss-Nealley,,https://doi.org/10.17760/d20698946,biogeochem_carbon; estuary_coastal; freshwater_river; marine; microbial_coupling; sediment_porewater; soil_terrestrial; wetland_peatland,8
2024,Lambda-Miner: Enhancing Reproducible Natural Organic Matter Data Processing with a Semi-Automatic Web Application&amp;#160;,"Johann Wurz, Anika Groß, K. Franze et al. (n=4)",Johann Wurz; Anika Groß; K. Franze; Oliver J. Lechtenfeld,,https://doi.org/10.5194/egusphere-egu24-15782,biogeochem_carbon; methods_instrumentation,2
2024,NOM quality differences in sediments of land based aquacultures &amp;#8211; insights by liquid chromatography-high resolution mass spectrometry,"Peter Herzsprung, Carolin Waldemer, Matthias Koschorreck et al. (n=4)",Peter Herzsprung; Carolin Waldemer; Matthias Koschorreck; Oliver J. Lechtenfeld,,https://doi.org/10.5194/egusphere-egu24-3355,biogeochem_carbon; freshwater_lake; freshwater_river; groundwater; marine; methods_instrumentation; sediment_porewater,7
2024,Isolation and Identification of Mercury-Dissolved Organic Matter Complexes in Mercury-Humic Acid Suspensions,"Ghulam Hussain Qasim, Lisa Harris, Vaughn Mangal et al. (n=6)",Ghulam Hussain Qasim; Lisa Harris; Vaughn Mangal; Mario Montesdeoca; Svetoslava Todorova; Charles T. Driscoll,,https://doi.org/10.22541/au.172626182.24596613/v1,biogeochem_carbon; methods_instrumentation,2
2024,Modeling microbial functional trait-environment interactions at the continental scale,"Katherine L. Shek, James Stegen, Alan Roebuck et al. (n=7)",Katherine L. Shek; James Stegen; Alan Roebuck; Amy Goldman; Mikayla Borton; Kelly Wrighton; Adam S. Wymore,,https://doi.org/10.5194/egusphere-egu24-21439,biogeochem_carbon; freshwater_river; microbial_coupling; sediment_porewater,4
2024,Lambda-PFLOTRAN 1.0: Workflow for Incorporating Organic Matter Chemistry Informed by Ultra High Resolution Mass Spectrometry into Biogeochemical Modeling,"Katherine A. Muller, Peishi Jiang, Glenn Hammond et al. (n=13)",Katherine A. Muller; Peishi Jiang; Glenn Hammond; Tasneem Ahmadullah; Hyun‐Seob Song; Ravi Kukkadapu; Nicholas Ward; Madison Bowe; Rosalie Chu; Qian Zhao; Vanessa Garayburu‐Caruso; Alan Roebuck; Xingyuan Chen,,https://doi.org/10.5194/gmd-2024-34,biogeochem_carbon; freshwater_lake; methods_instrumentation; microbial_coupling; soil_terrestrial,5
2024,Molecular level characterization of supraglacial dissolved organic matter sources and exported pools on the southern Greenland Ice Sheet,"Eva L. Doting, I.T. Stevens, Anne M. Kellerman et al. (n=11)",Eva L. Doting; I.T. Stevens; Anne M. Kellerman; Pamela E. Rossel; Runa Antony; Amy M. McKenna; Martyn Tranter; Liane G. Benning; Robert G. M. Spencer; Jon Hawkings; Alexandre M. Anesio,,https://doi.org/10.5194/egusphere-2024-492,biogeochem_carbon; cryosphere; disturbance_anthropogenic; estuary_coastal; freshwater_river; marine; methods_instrumentation; microbial_coupling,8
2024,A new LC-MS/MS application provides molecular level insights into DOM photo-reactivity in tropical peatland canals of Indonesia,"Lucía Cancelada, Irina Koester, Lihini I. Aluwihare et al. (n=7)",Lucía Cancelada; Irina Koester; Lihini I. Aluwihare; Gusti Z. Anshari; Alison M. Hoyt; Jennifer C. Bowen; Pieter C. Dorrestein,,https://doi.org/10.46427/gold2024.22361,biogeochem_carbon; disturbance_anthropogenic; estuary_coastal; freshwater_river; methods_instrumentation; microbial_coupling; wetland_peatland,7
2024,Comment on egusphere-2024-492,"Eva L. Doting, I.T. Stevens, Anne M. Kellerman et al. (n=11)",Eva L. Doting; I.T. Stevens; Anne M. Kellerman; Pamela E. Rossel; Runa Antony; Amy M. McKenna; Martyn Tranter; Liane G. Benning; Robert G. M. Spencer; Jon Hawkings; Alexandre M. Anesio,,https://doi.org/10.5194/egusphere-2024-492-rc1,biogeochem_carbon; cryosphere; estuary_coastal; freshwater_river; methods_instrumentation; microbial_coupling,6
2024,Reply on RC2,Eva L. Doting,Eva L. Doting,,https://doi.org/10.5194/egusphere-2024-492-ac2,biogeochem_carbon; cryosphere; estuary_coastal; freshwater_river; methods_instrumentation; microbial_coupling,6
2024,Comment on gmd-2024-34,Katherine Muller,Katherine Muller,,https://doi.org/10.5194/gmd-2024-34-ac1,biogeochem_carbon; estuary_coastal; marine; methods_instrumentation; microbial_coupling; soil_terrestrial,6
2024,Comment on gmd-2024-34,"Muller, Katherine A., Jiang, Peishi, Hammond, Glenn et al. (n=13)","Muller, Katherine A.; Jiang, Peishi; Hammond, Glenn; Ahmadullah, Tasneem; Song, Hyun-Seob; Kukkadapu, Ravi; Ward, Nicholas; Bowe, Madison; Chu, Rosalie K.; Zhao, Qian; Garayburu-Caruso, Vanessa A.; Roebuck, Alan; Chen, Xingyuan",,https://doi.org/10.5194/gmd-2024-34-rc2,biogeochem_carbon; estuary_coastal; marine; methods_instrumentation; microbial_coupling; soil_terrestrial,6
2024,Reply on RC2,Katherine A. Muller,Katherine A. Muller,,https://doi.org/10.5194/gmd-2024-34-ac3,biogeochem_carbon; methods_instrumentation; microbial_coupling; soil_terrestrial,4
2024,Reply on RC1,Katherine A. Muller,Katherine A. Muller,,https://doi.org/10.5194/gmd-2024-34-ac2,biogeochem_carbon; methods_instrumentation; microbial_coupling; soil_terrestrial,4
2024,Comment on egusphere-2024-492,"Eva L. Doting, I.T. Stevens, Anne M. Kellerman et al. (n=11)",Eva L. Doting; I.T. Stevens; Anne M. Kellerman; Pamela E. Rossel; Runa Antony; Amy M. McKenna; Martyn Tranter; Liane G. Benning; Robert G. M. Spencer; Jon Hawkings; Alexandre M. Anesio,,https://doi.org/10.5194/egusphere-2024-492-rc3,biogeochem_carbon; cryosphere; estuary_coastal; freshwater_river; methods_instrumentation; microbial_coupling,6
2024,Comment on egusphere-2024-492,Muhammed Fatih Sert,Muhammed Fatih Sert,,https://doi.org/10.5194/egusphere-2024-492-rc2,biogeochem_carbon; cryosphere; estuary_coastal; freshwater_river; methods_instrumentation; microbial_coupling,6
2024,Reply on RC1,Eva L. Doting,Eva L. Doting,,https://doi.org/10.5194/egusphere-2024-492-ac1,biogeochem_carbon; cryosphere; estuary_coastal; freshwater_river; methods_instrumentation; microbial_coupling,6
2024,Reply on RC3,Eva L. Doting,Eva L. Doting,,https://doi.org/10.5194/egusphere-2024-492-ac3,biogeochem_carbon; cryosphere; estuary_coastal; freshwater_river; methods_instrumentation; microbial_coupling,6
2024,Comment on gmd-2024-34,"Katherine A. Muller, Peishi Jiang, Glenn Hammond et al. (n=13)",Katherine A. Muller; Peishi Jiang; Glenn Hammond; Tasneem Ahmadullah; Hyun‐Seob Song; Ravi Kukkadapu; Nicholas Ward; Madison Bowe; Rosalie Chu; Qian Zhao; Vanessa Garayburu‐Caruso; Alan Roebuck; Xingyuan Chen,,https://doi.org/10.5194/gmd-2024-34-rc1,biogeochem_carbon; estuary_coastal; marine; methods_instrumentation; microbial_coupling; soil_terrestrial,6
2024,Different dissolved organic matter (DOM) sources sustain microbial life in beach subterranean estuary,"Grace Abarike, Simone Brick, Bert Engelen et al. (n=4)",Grace Abarike; Simone Brick; Bert Engelen; Jutta Niggemann,,https://doi.org/10.5194/egusphere-egu24-6629,biogeochem_carbon; estuary_coastal; groundwater; marine; microbial_coupling; sediment_porewater; soil_terrestrial,7
2024,The sandy beach subterranean estuary as a potential organic carbon sink,"Kojo Amoako, Grace Abarike, Hannelore Waska et al. (n=5)",Kojo Amoako; Grace Abarike; Hannelore Waska; Jutta Niggemann; Thorsten Dittmar,,https://doi.org/10.5194/egusphere-egu24-9178,biogeochem_carbon; disturbance_anthropogenic; estuary_coastal; groundwater; marine; methods_instrumentation; soil_terrestrial,7
2024,Transformations of soil organic matter induced by volatile organic compounds,"Laura Meredith, Juliana Gil-Loaiza, A. M. Conte e Castro et al. (n=11)",Laura Meredith; Juliana Gil-Loaiza; A. M. Conte e Castro; Antonette DiGuiseppe; Gemma Purser; Zhaoxin Zhang; Qunli Shen; Kolby Jardine; Romy Chakraborty; Eoin Brodie; Malak Tfaily,,https://doi.org/10.5194/egusphere-egu24-14728,biogeochem_carbon; microbial_coupling; soil_terrestrial,3
2024,Universal microbial reworking of dissolved organic matter along soil gradients,"Erika C. Freeman, Erik J. S. Emilson, Thorsten Dittmar et al. (n=9)",Erika C. Freeman; Erik J. S. Emilson; Thorsten Dittmar; Lucas P. P. Braga; Caroline E. Emilson; Tobias Goldhammer; Christine Martineau; Gabriel Singer; Andrew J. Tanentzap,,https://doi.org/10.5194/egusphere-egu24-3644,biogeochem_carbon; freshwater_river; microbial_coupling; soil_terrestrial,4
2024,"Structural Composition and Molecular Weight Distribution of Dissolved Organic Matter in Bituminous Oil Sand from Okitipupa, Southern Nigeria","Gbenga Aladekoyi, Emmanuel G. Olumayede, Samuel O. Olusanya et al. (n=5)",Gbenga Aladekoyi; Emmanuel G. Olumayede; Samuel O. Olusanya; Patricia A. Heiden; Simeon Schum,ACS Earth and Space Chemistry,https://doi.org/10.1021/acsearthspacechem.4c00062,biogeochem_carbon; petroleum_fossil,2
2024,Environmental Fingerprints of Nonoxygen Heteroatomic Molecules in Aquatic Dissolved Organic Matter Elucidated by Ultra-High-Resolution Mass Spectrometry,"Jingjing Sun, Qing‐Long Fu, Pingqing Fu",Jingjing Sun; Qing‐Long Fu; Pingqing Fu,ACS ES&T Water,https://doi.org/10.1021/acsestwater.4c00629,biogeochem_carbon; estuary_coastal; groundwater; marine; microbial_coupling,5
2024,Molecular Insights into the Transformation of Dissolved Organic Matter in a Full-Scale Wastewater Treatment Plant,"Yuan Wen, Lei Dong, Jihong Xu et al. (n=6)",Yuan Wen; Lei Dong; Jihong Xu; Xin Zhang; Lushi Lian; Xiaohong Guan,ACS ES&T Water,https://doi.org/10.1021/acsestwater.4c00534,biogeochem_carbon; wastewater_drinking,2
2024,Non-Negligible Allochthonous Contributions to Dissolved Organic Matter Biodegradability in the Yangtze River,"You Wu, Lize Meng, Yiru Pan et al. (n=18)",You Wu; Lize Meng; Yiru Pan; Shenyan Zhang; Zijun Wu; Chu Zhao; Guangrui Yang; Jingyang Xu; Yue Ren; Tao Huang; Zihao Bian; Qihao Jiang; Jian Zhou; Hao Yang; Zhaoyuan Yu; Linwang Yuan; Hailong Liu; Changchun Huang,ACS ES&T Water,https://doi.org/10.1021/acsestwater.4c00216,biogeochem_carbon; estuary_coastal; freshwater_river; marine; microbial_coupling,5
2024,Revealing the backbone structures of land-based fulvic acids derived from river and soil through n-butylsilane reduction,"Haojie Hu, Chen He, Di Zhu et al. (n=7)",Haojie Hu; Chen He; Di Zhu; Weilai Zhang; Xiaocun Zhuo; Yuguo Li; Quan Shi,Analytical and Bioanalytical Chemistry,https://doi.org/10.1007/s00216-024-05589-y,biogeochem_carbon; estuary_coastal; freshwater_river; marine; soil_terrestrial,5
2024,Resolving Ultraviolet–Visible Spectra for Complex Dissolved Mixtures of Multitudinous Organic Matters in Aerosols,"Nan Xu, Min Hu, Xiao Li et al. (n=18)",Nan Xu; Min Hu; Xiao Li; Kai Song; Yanting Qiu; Hao Sun; Yujue Wang; Linghan Zeng; Mengren Li; Hui Wang; Shuya Hu; Taomou Zong; Yao Bai; Zhou Zhang; Shuangde Li; Shijin Shuai; Yunfa Chen; Song Guo,Analytical Chemistry,https://doi.org/10.1021/acs.analchem.3c02700,atmosphere_aerosol; biogeochem_carbon,2
2024,Toward a More Comprehensive Approach for Dissolved Organic Matter Chemical Characterization Using an Orbitrap Fusion Tribrid Mass Spectrometer Coupled with Ion and Liquid Chromatography Techniques,"Daniela Bergmann, Jessie Matarrita-Rodríguez, Hussain Abdulla",Daniela Bergmann; Jessie Matarrita-Rodríguez; Hussain Abdulla,Analytical Chemistry,https://doi.org/10.1021/acs.analchem.3c02599,biogeochem_carbon; estuary_coastal,2
2024,The molecular composition of soil dissolved organic matter regulated by reactive mineral-associated organic matter under a broad range of climates,"Yang Ding, Zhenqing Shi",Yang Ding; Zhenqing Shi,Applied Geochemistry,https://doi.org/10.1016/j.apgeochem.2024.106261,biogeochem_carbon; soil_terrestrial; wetland_peatland,3
2024,Insights into the complexity of dissolved organic matter in different soils using ultrahigh-resolution ESI-FT-ICR mass spectrometry,"Wenwen Fang, Xiaomei Jiao, Qinnan He et al. (n=6)",Wenwen Fang; Xiaomei Jiao; Qinnan He; Fang Wang; Leilei Xiang; Yinping Zhang,Applied Soil Ecology,https://doi.org/10.1016/j.apsoil.2024.105575,biogeochem_carbon; groundwater; soil_terrestrial,3
2024,Distinct contributions of microbial and plant residues to SOC during ecosystem primary succession in a Tibetan glacier foreland,"Yang Liu, Yang Liu, Mukan Ji et al. (n=9)",Yang Liu; Yang Liu; Mukan Ji; Saifei Li; Deng Ao; Shaoshan An; Chao Liang; Yongqin Liu; Yongqin Liu,Applied Soil Ecology,https://doi.org/10.1016/j.apsoil.2024.105675,biogeochem_carbon; cryosphere; disturbance_anthropogenic; microbial_coupling; soil_terrestrial; wetland_peatland,6
2024,Synthesis and mechanism of Bi/SnO2 for enhanced photocatalytic activity in the degradation of humic acid under visible light,"Muxi Zhang, Chenchen Liao, Jiale Li et al. (n=8)",Muxi Zhang; Chenchen Liao; Jiale Li; Meiyan Xing; Bin Dong; Xiaojie Sun; Hongxia Zhang; Hongxiang Zhu,Applied Surface Science,https://doi.org/10.1016/j.apsusc.2024.161200,,0
2024,"Measurement report: Bio-physicochemistry of tropical clouds at Maïdo (Réunion, Indian Ocean): overview of results from the BIO-MAÏDO campaign","Maud Leriche, Pierre Tulet, Laurent Deguillaume et al. (n=46)",Maud Leriche; Pierre Tulet; Laurent Deguillaume; Frédéric Burnet; Aurélie Colomb; Agnès Borbon; Corinne Jambert; Valentin Duflot; Stéphan Houdier; Jean‐Luc Jaffrezo; Mickaël Vaïtilingom; Pamela Dominutti; Manon Rocco; Camille Mouchel‐Vallon; Samira El Gdachi; Maxence Brissy; Maroua Fathalli; Nicolas Maury; Bert Verreyken; Crist Amelynck; Niels Schoon; Valérie Gros; Jean‐Marc Pichon; Mickaël Ribeiro; Éric Pique; Emmanuel Leclerc; Thierry Bourrianne; Axel Roy; Éric Moulin; Joël Barrié; Jean‐Marc Metzger; Guillaume Péris; Christian Guadagno; Chatrapatty Bhugwant; Jean-Mathieu Tibere; Arnaud Tournigand; Evelyn Freney; Karine Sellegri; Anne‐Marie Delort; Pierre Amato; Muriel Joly; Jean‐Luc Baray; Pascal Renard; Angelica Bianco; Anne Réchou; Guillaume Payen,Atmospheric chemistry and physics,https://doi.org/10.5194/acp-24-4129-2024,atmosphere_aerosol; biogeochem_carbon; marine; microbial_coupling,4
2024,The dissolved organic matter from the co-decomposition of Chinese milk vetch and rice straw induces the strengthening of Cd remediation by Fe-modified biochar,"Ting Liang, Guopeng Zhou, Danna Chang et al. (n=11)",Ting Liang; Guopeng Zhou; Danna Chang; Zhengbo Ma; Songjuan Gao; Jun Nie; Yulin Liao; Yanhong Lu; H Fan; Chunqin Zou; Weidong Cao,Biochar,https://doi.org/10.1007/s42773-024-00313-6,biochar_black_carbon; biogeochem_carbon; petroleum_fossil; soil_terrestrial,4
2024,Reduced sulfur compounds and carboxylic acid groups in dissolved PFRs of iron-biochar enhance Cr(VI) reduction in anaerobic conditions,"Shujie Hu, Chengshuai Liu, Hongling Bu et al. (n=7)",Shujie Hu; Chengshuai Liu; Hongling Bu; Manjia Chen; Jiao Tang; Bin Jiang; Yong Ran,Biochar,https://doi.org/10.1007/s42773-024-00305-6,biochar_black_carbon; biogeochem_carbon; soil_terrestrial,3
2024,Rivers and tidal flats as sources of dissolved organic matter and trace metals in the German Bight (North Sea),"Linn G. Speidel, Roger Carvalho da Silva, Mélanie Beck et al. (n=7)",Linn G. Speidel; Roger Carvalho da Silva; Mélanie Beck; Olaf Dellwig; Jochen Wollschläger; Thorsten Dittmar; Michael Seidel,Biogeochemistry,https://doi.org/10.1007/s10533-024-01117-3,atmosphere_aerosol; biochar_black_carbon; biogeochem_carbon; estuary_coastal; freshwater_river; marine; sediment_porewater,7
2024,Dissolved organic matter released from beach wrack is source-specific and molecularly highly diverse,"Hannelore Waska, Hanne M. Banko-Kubis",Hannelore Waska; Hanne M. Banko-Kubis,Biogeochemistry,https://doi.org/10.1007/s10533-024-01159-7,atmosphere_aerosol; biogeochem_carbon; estuary_coastal; marine; microbial_coupling; soil_terrestrial,6
2024,Cycling of dissolved organic nutrients and indications for nutrient limitations in contrasting Amazon rainforest ecosystems,"Dan Frederik Lange, Simon Andreas Schroeter, Fernanda M. da Luz et al. (n=13)",Dan Frederik Lange; Simon Andreas Schroeter; Fernanda M. da Luz; Elaine Pires; Yago Rodrigues Santos; Jonismar S. da Silva; Stefanie Hildmann; T. A. Hoffmann; Sávio José Filgueiras Ferreira; Thorsten Schäfer; Carlos Alberto Quesada; Carsten Simon; Gerd Gleixner,Biogeochemistry,https://doi.org/10.1007/s10533-024-01187-3,biogeochem_carbon; disturbance_anthropogenic; freshwater_lake; microbial_coupling; soil_terrestrial,5
2024,"Methods to characterize type, relevance, and interactions of organic matter and microorganisms in fluids along the flow path of a geothermal facility","Alessio Leins, Danaé Bregnard, Andrea Vieth‐Hillebrand et al. (n=8)",Alessio Leins; Danaé Bregnard; Andrea Vieth‐Hillebrand; Stefanie Poetz; Florian Eichinger; Guillaume Cailleau; Pilar Junier; Simona Regenspurg,Biogeosciences,https://doi.org/10.5194/bg-21-5457-2024,atmosphere_aerosol; biogeochem_carbon; freshwater_lake; methods_instrumentation; microbial_coupling,5
2024,Reviews and syntheses: Opportunities for robust use of peak intensities from high-resolution mass spectrometry in organic matter studies,"William Kew, Allison Myers‐Pigg, Christine Chang et al. (n=9)",William Kew; Allison Myers‐Pigg; Christine Chang; Sean Colby; Josie Eder; Malak Tfaily; Jeffrey A. Hawkes; Rosalie Chu; James Stegen,Biogeosciences,https://doi.org/10.5194/bg-21-4665-2024,biogeochem_carbon,1
2024,Exploring transformation of dissolved organic matters and dissolved organic nitrogen in full-scale anammox wastewater treatment: Temperature and microbial roles,"Tong Zhou, Qiushan Liu, Shujun Zhang et al. (n=8)",Tong Zhou; Qiushan Liu; Shujun Zhang; Yuru Liu; Guangshuo Yin; Wenjun Wu; Yufei Wang; Jin Guo,Bioresource Technology,https://doi.org/10.1016/j.biortech.2024.131150,biogeochem_carbon; microbial_coupling; wastewater_drinking,3
2024,Annotation of DOM metabolomes with an ultrahigh resolution mass spectrometry molecular formula library,"Nicole Coffey, Christian Dewey, Kieran Manning et al. (n=9)",Nicole Coffey; Christian Dewey; Kieran Manning; Yuri Corilo; William Kew; Lydia Babcock‐Adams; Amy M. McKenna; Rhona Stuart; Rene Boiteau,bioRxiv (Cold Spring Harbor Laboratory),https://doi.org/10.1101/2024.04.30.591926,biogeochem_carbon; marine; methods_instrumentation,3
2024,The metabolic mechanisms underlying zooplankton-derived dissolved organic matter’s chemical properties,"Muhammad Firman Nuruddin, Ding He, Longjun Wu",Muhammad Firman Nuruddin; Ding He; Longjun Wu,bioRxiv (Cold Spring Harbor Laboratory),https://doi.org/10.1101/2024.10.27.620474,biogeochem_carbon; estuary_coastal; freshwater_lake; marine; microbial_coupling,5
2024,Optical and molecular properties of dissolved organic matter in carbonate sediments of the New Britain Trench,"Qi SUN, Ting-cang HU, Lin-ying CHEN et al. (n=5)",Qi SUN; Ting-cang HU; Lin-ying CHEN; Min LUO; Duo-fu CHEN,Bulletin of Mineralogy Petrology and Geochemistry,https://doi.org/10.3724/j.issn.1007-2802.20240089,biogeochem_carbon; estuary_coastal; freshwater_lake; marine; sediment_porewater; soil_terrestrial,6
2024,Deciphering the molecular composition and sources of dissolved organic matter in urban rivers based on optical spectroscopy and FT-ICR-MS analyses,"Yi Ren, Shasha Liu, Leizhen Liu et al. (n=8)",Yi Ren; Shasha Liu; Leizhen Liu; Chengyu Suo; Rui Fu; Yuxin Zhang; Yue Qiu; Fengchang Wu,Carbon Research,https://doi.org/10.1007/s44246-024-00151-y,biogeochem_carbon; disturbance_anthropogenic; estuary_coastal; freshwater_river; marine; microbial_coupling; soil_terrestrial; wastewater_drinking,8
2024,Optical and molecular insights into dissolved organic matter release in soils induced by downward migration of biochar colloids,"Kang Zhao, Jianying Shang",Kang Zhao; Jianying Shang,Carbon Research,https://doi.org/10.1007/s44246-024-00136-x,biochar_black_carbon; biogeochem_carbon; estuary_coastal; marine; microbial_coupling; soil_terrestrial,6
2024,Eutrophication in cold-arid lakes: molecular characteristics and transformation mechanism of DOM under microbial action at the ice-water interface,"Tengke Wang, Weiying Feng, Jing Liu et al. (n=9)",Tengke Wang; Weiying Feng; Jing Liu; Wenhong Fan; Tingting Li; Fanhao Song; Fang Yang; Haiqing Liao; Matti Leppäranta,Carbon Research,https://doi.org/10.1007/s44246-024-00126-z,biogeochem_carbon; estuary_coastal; freshwater_lake; freshwater_river; marine; microbial_coupling; sediment_porewater,7
2024,Effects of straw returning on photochemical process and imidacloprid degradation in paddy water through a field experiment,"Li Ma-bo, Yu Zeng, Qing‐Long Fu et al. (n=8)",Li Ma-bo; Yu Zeng; Qing‐Long Fu; Mingyang Zhang; Ning Chen; Yujun Wang; Dongmei Zhou; Guodong Fang,Carbon Research,https://doi.org/10.1007/s44246-024-00111-6,atmosphere_aerosol; biogeochem_carbon; soil_terrestrial,3
2024,Molecular-level insight into the origin-dependent adsorption fractionation of dissolved organic matter on ferrihydrite in aquatic environment: Implications for carbon sink in eutrophic lakes,"Chengyu Suo, Wensi Zhao, Shasha Liu et al. (n=10)",Chengyu Suo; Wensi Zhao; Shasha Liu; Rui Fu; Yi Ren; Yue Qiu; Yuxin Zhang; Zhongqi He; Baoshan Xing; Fengchang Wu,Chemical Engineering Journal,https://doi.org/10.1016/j.cej.2024.152960,estuary_coastal; freshwater_lake; marine; microbial_coupling,4
2024,Optimizing humic acid breakdown and methane production via semiconductor-assisted photo-anaerobic digestion,"Qiang Liu, Haoyu Zhang, Shuo Chen et al. (n=9)",Qiang Liu; Haoyu Zhang; Shuo Chen; Yeqing Li; Mahmoud Mazarji; Lu Feng; Junting Pan; Hongjun Zhou; Chunming Xu,Chemical Engineering Journal,https://doi.org/10.1016/j.cej.2024.151929,microbial_coupling,1
2024,Enhanced removal of biolabile oxygen-depleted dissolved organic matter by coagulation-adsorption process Improves biological stability of reclaimed water,"Hang He, Niannian Sun, Lanfeng Li et al. (n=10)",Hang He; Niannian Sun; Lanfeng Li; Hao Zhou; Xiaoyin Yang; Jing Ai; Xiaofang Yang; Chengzhi Hu; Dongsheng Wang; Weijun Zhang,Chemical Engineering Journal,https://doi.org/10.1016/j.cej.2024.157156,biogeochem_carbon; estuary_coastal; marine; wastewater_drinking,4
2024,Molecular insights into pilot-scale selective removal of emerging contaminants in hospital wastewater,"Tianhao Tang, Liangchun Zhang, Shengyin Tang et al. (n=6)",Tianhao Tang; Liangchun Zhang; Shengyin Tang; Wenhui Ding; Kai Yang; Xihui Zhang,Chemical Engineering Journal,https://doi.org/10.1016/j.cej.2024.157097,biogeochem_carbon; wastewater_drinking,2
2024,Effects of reaction temperature and oxygen pressure on dissolved organic matter in hydrothermal reactions of municipal sludge: A comprehensive analysis,"Kaiyu Fang, Guodong Yao, Yangyuan Zhou et al. (n=5)",Kaiyu Fang; Guodong Yao; Yangyuan Zhou; Jianfu Zhao; Siqing Xia,Chemical Engineering Journal,https://doi.org/10.1016/j.cej.2024.153279,biogeochem_carbon; wastewater_drinking,2
2024,Dissolved oxygen dependence of Microbe-Derived dissolved organic nitrogen dynamics during membrane biofilm-based linear alkylbenzene sulfonate mineralization,"Ting Ran, Ting Wei, Libo Xia et al. (n=5)",Ting Ran; Ting Wei; Libo Xia; Weikang Rong; Yun Zhou,Chemical Engineering Journal,https://doi.org/10.1016/j.cej.2024.151409,biogeochem_carbon; microbial_coupling; soil_terrestrial; wastewater_drinking,4
2024,Molecular insights into the degradation of organic matter from secondary swine wastewater effluent: A comparative study of advanced oxidation processes,"Lanfeng Li, Niannian Sun, Siwei Peng et al. (n=10)",Lanfeng Li; Niannian Sun; Siwei Peng; Qiyuan Yang; Peng Yang; Hao Zhou; Jing Ai; Hang He; Dongsheng Wang; Weijun Zhang,Chemical Engineering Journal,https://doi.org/10.1016/j.cej.2024.156761,biogeochem_carbon; methods_instrumentation; wastewater_drinking,3
2024,Comparing photoactivities of dissolved organic matter released from rice straw return under varying alkali concentration: Insights from molecular structure and photoactive species,"Tong Cai, Yuanbo Ming, Xiaotong Zhang et al. (n=7)",Tong Cai; Yuanbo Ming; Xiaotong Zhang; Xi‐Long Zheng; Lichun Shen; Xuan Lyu; Qiuzhuo Zhang,Chemical Engineering Journal,https://doi.org/10.1016/j.cej.2024.156571,atmosphere_aerosol; biogeochem_carbon; estuary_coastal; marine,4
2024,Contrasting molecular structures and photooxidation behaviors between dissolved organic sulfur released from rice straw-biochar and aerobically decomposed rice straw,"Chenhui Wei, Heyun Fu, Xiaolei Qu et al. (n=6)",Chenhui Wei; Heyun Fu; Xiaolei Qu; Shu Tao; Patrick G. Hatcher; Dongqiang Zhu,Chemical Geology,https://doi.org/10.1016/j.chemgeo.2024.122494,atmosphere_aerosol; biochar_black_carbon; biogeochem_carbon,3
2024,"Optical signatures as a diagnostic tool for tracking dynamics of sedimentary dissolved organic nitrogen, phosphorus, and sulfur in an anthropogenic bay","Zhe‐Xuan Zhang, Chen Zhao, Zhao Liang Chen et al. (n=7)",Zhe‐Xuan Zhang; Chen Zhao; Zhao Liang Chen; Zekun Zhang; Yuanbi Yi; Penghui Li; Ding He,Chemical Geology,https://doi.org/10.1016/j.chemgeo.2024.122508,biogeochem_carbon; estuary_coastal; marine,3
2024,Molecular fingerprints of sedimentary dissolved organic matter in mangroves: Importance to blue carbon sequestration,"Zhao Liang Chen, Zhe‐Xuan Zhang, Ruanhong Cai et al. (n=10)",Zhao Liang Chen; Zhe‐Xuan Zhang; Ruanhong Cai; Yuanbi Yi; Wenzhao Liang; Peter I. Macreadie; Christian J. Sanders; Shing Yip Lee; Faming Wang; Ding He,Chemical Geology,https://doi.org/10.1016/j.chemgeo.2024.122495,biogeochem_carbon; estuary_coastal; marine; microbial_coupling; wetland_peatland,5
2024,Molecular characteristics of saturated halogenated disinfection byproducts in chlorinated urban eutrophic lake water elucidated by ultrahigh-resolution mass spectrometry,"Shixi Wu, Qing‐Long Fu, Manabu Fujii et al. (n=8)",Shixi Wu; Qing‐Long Fu; Manabu Fujii; Jibao Liu; Ahmed Elreedy; Xin Yang; Pingqing Fu; Yanxin Wang,ChemRxiv,https://doi.org/10.26434/chemrxiv-2024-l1k70,biogeochem_carbon; freshwater_lake; microbial_coupling,3
2024,The unique biogeochemical role of carbonate-associated organic matter in a subtropical seagrass meadow,"Mary A. Zeller, Bryce Van Dam, Christian A. Lopes et al. (n=8)",Mary A. Zeller; Bryce Van Dam; Christian A. Lopes; Amy M. McKenna; Christopher L. Osburn; James W. Fourqurean; John S. Kominoski; Michael E. Böttcher,Communications Earth & Environment,https://doi.org/10.1038/s43247-024-01832-7,biogeochem_carbon; estuary_coastal; freshwater_lake; marine; sediment_porewater,5
2024,Dissolved organic matter (DOM) as natural tracking agent in cyclic steam stimulation with preformed foams: a mature heavy oil field case,"Fernando A. Rojas-Ruiz, Jorge A. Orrego-Ruiz, Angela Maria Valencia López et al. (n=5)",Fernando A. Rojas-Ruiz; Jorge A. Orrego-Ruiz; Angela Maria Valencia López; R. Pérez; Eduardo Manrique,CT&F - Ciencia Tecnología y Futuro,https://doi.org/10.29047/01225383.775,biogeochem_carbon; freshwater_lake; petroleum_fossil,3
2024,Carbon Dynamics in a Changing Arctic Landscape: Characterizing Dissolved Organic Matter across Multiple Scales,,,DigiNole (Florida State University),,atmosphere_aerosol; biogeochem_carbon; cryosphere; estuary_coastal; freshwater_river; marine; microbial_coupling; soil_terrestrial; wetland_peatland,9
2024,Photochemical evolution of the molecular composition of dissolved organic carbon and dissolved brown carbon from wood smoldering,"Ranran Zhao, Weixiong Zhao, Yong Dai et al. (n=9)",Ranran Zhao; Weixiong Zhao; Yong Dai; Jiacheng Zhou; Xuezhe Xu; Feng Wang; Qixing Zhang; Yongming Zhang; Weijun Zhang,Environment International,https://doi.org/10.1016/j.envint.2024.108629,atmosphere_aerosol; biogeochem_carbon,2
2024,Spectral and molecular insights into the characteristics of dissolved organic matter in nitrate-contaminated groundwater,"Hongyu Ding, Huan Gao, Mingtan Zhu et al. (n=8)",Hongyu Ding; Huan Gao; Mingtan Zhu; Minda Yu; Yuanyuan Sun; Mingxia Zheng; Jing Su; Beidou Xi,Environmental Pollution,https://doi.org/10.1016/j.envpol.2024.124202,biogeochem_carbon; estuary_coastal; groundwater; marine,4
2024,Recovery of organic matters by activated sludge from municipal wastewater: Performance and characterization,"Junyan Lu, Qiaoling Lu, Qian Hu et al. (n=4)",Junyan Lu; Qiaoling Lu; Qian Hu; Bin Qiu,Environmental Research,https://doi.org/10.1016/j.envres.2024.118829,biogeochem_carbon; wastewater_drinking; wetland_peatland,3
2024,Molecular-level insight into the effect of fertilization regimes on the chemodiversity of dissolved organic matter in tropical cropland,"Yuqin Liu, Xin Chen, Youfeng Leng et al. (n=15)",Yuqin Liu; Xin Chen; Youfeng Leng; Shuchang Wang; Huiran Liu; Wen Zhang; Wei Li; Ning Li; Ziyu Ning; Wenlong Gao; Changhua Fan; Xiaolong Wu; Meng Zhang; Qinfen Li; Miao Chen,Environmental Research,https://doi.org/10.1016/j.envres.2024.119903,biogeochem_carbon; estuary_coastal; marine; soil_terrestrial,4
2024,Direct Analysis of Marine Dissolved Organic Matter Using LC-FT-ICR MS,"Oliver J. Lechtenfeld, Jan Kaesler, Elaine K. Jennings et al. (n=4)",Oliver J. Lechtenfeld; Jan Kaesler; Elaine K. Jennings; Boris Koch,Environmental Science & Technology,https://doi.org/10.1021/acs.est.3c07219,biogeochem_carbon; cryosphere; estuary_coastal; marine; sediment_porewater; soil_terrestrial,6
2024,Controls of Mineral Solubility on Adsorption-Induced Molecular Fractionation of Dissolved Organic Matter Revealed by 21 T FT-ICR MS,"Zhen Hu, Amy M. McKenna, Ke Wen et al. (n=8)",Zhen Hu; Amy M. McKenna; Ke Wen; Bingjun Zhang; Hairuo Mao; Lamia Goual; Xionghan Feng; Mengqiang Zhu,Environmental Science & Technology,https://doi.org/10.1021/acs.est.3c08123,biogeochem_carbon; estuary_coastal; groundwater; marine,4
2024,Interactions between Iron Minerals and Dissolved Organic Matter Derived from Microplastics Inhibited the Ferrihydrite Transformation as Revealed at the Molecular Scale,"Mengwei Zhang, Ling Ding, Xinran Qiu et al. (n=8)",Mengwei Zhang; Ling Ding; Xinran Qiu; Xujun Liang; Yü Huang; Xiaoling Shan; Quan Chen; Xuetao Guo,Environmental Science & Technology,https://doi.org/10.1021/acs.est.4c03322,biogeochem_carbon,1
2024,Appearance of Recalcitrant Dissolved Black Carbon and Dissolved Organic Sulfur in River Waters Following Wildfire Events,"Yanghui Xu, Xintu Wang, Qin Ou et al. (n=6)",Yanghui Xu; Xintu Wang; Qin Ou; Zhongbo Zhou; Jan Peter van der Hoek; Gang Liu,Environmental Science & Technology,https://doi.org/10.1021/acs.est.4c00492,atmosphere_aerosol; biochar_black_carbon; biogeochem_carbon; disturbance_anthropogenic; freshwater_river,5
2024,Photolysis of Dissolved Organic Matter over Hematite Nanoplatelets,"Xiaopeng Huang, Duo Song, Qian Zhao et al. (n=13)",Xiaopeng Huang; Duo Song; Qian Zhao; Robert Young; Ying Chen; Éric Walter; Nabajit Lahiri; Sandra D. Taylor; Zhe-Ming Wang; Kirsten Hofmockel; Fernando L. Rosario‐Ortiz; Gregory V. Lowry; Kevin M. Rosso,Environmental Science & Technology,https://doi.org/10.1021/acs.est.3c08752,biogeochem_carbon; methods_instrumentation,2
2024,Characterization of the Bioavailability of Per- and Polyfluoroalkyl Substances in Farmland Soils and the Factors Impacting Their Translocation to Edible Plant Tissues,"Lina Shen, Jian Zhou, Yujing Ma et al. (n=9)",Lina Shen; Jian Zhou; Yujing Ma; Qian Su; Heshun Mao; Eryuan Su; Kuok Ho Daniel Tang; Tiecheng Wang; Lingyan Zhu,Environmental Science & Technology,https://doi.org/10.1021/acs.est.4c04009,atmosphere_aerosol; biogeochem_carbon; soil_terrestrial,3
2024,Long-Term Photochemical and Microbial Alterations Lead to the Compositional Convergence of Algal and Terrestrial Dissolved Organic Matter,"ShiLin An, Yingxun Du, XiuLin Huang et al. (n=9)",ShiLin An; Yingxun Du; XiuLin Huang; YueHan Lu; Zhendu Mao; LiMei Shi; James B. Cotner; Peng Xing; Yunlin Zhang,Environmental Science & Technology,https://doi.org/10.1021/acs.est.4c07307,atmosphere_aerosol; biogeochem_carbon; estuary_coastal; freshwater_lake; marine; microbial_coupling; soil_terrestrial,7
2024,Relating Molecular Properties to the Persistence of Marine Dissolved Organic Matter with Liquid Chromatography–Ultrahigh-Resolution Mass Spectrometry,"Rene Boiteau, Yuri Corilo, William Kew et al. (n=7)",Rene Boiteau; Yuri Corilo; William Kew; Christian Dewey; Maria Cristina Alvarez Rodriguez; Craig A. Carlson; Tim M. Conway,Environmental Science & Technology,https://doi.org/10.1021/acs.est.3c08245,biogeochem_carbon; estuary_coastal; marine; methods_instrumentation,4
2024,The Hunt for Chemical Dark Matter across a River-to-Ocean Continuum,"Ruanhong Cai, Piao Yao, Yuanbi Yi et al. (n=6)",Ruanhong Cai; Piao Yao; Yuanbi Yi; Julian Merder; Penghui Li; Ding He,Environmental Science & Technology,https://doi.org/10.1021/acs.est.4c00648,biogeochem_carbon; estuary_coastal; freshwater_river; marine; microbial_coupling,5
2024,Natural Disinfection-like Process Unveiled in Soil Microenvironments by Enzyme-Catalyzed Chlorination,"Xiangyu Zhu, Kun Wang, Congcong Liu et al. (n=10)",Xiangyu Zhu; Kun Wang; Congcong Liu; Yajing Wu; Enhui Wu; Jitao Lv; Xin Xiao; Xiaoying Zhu; Chiheng Chu; Baoliang Chen,Environmental Science & Technology,https://doi.org/10.1021/acs.est.3c07924,biogeochem_carbon; soil_terrestrial; wastewater_drinking,3
2024,Enhancing Molecular Characterization of Dissolved Organic Matter by Integrative Direct Infusion and Liquid Chromatography Nontargeted Workflows,"Jessica Patrone, Maria Vila‐Costa, Jordi Dachs et al. (n=6)",Jessica Patrone; Maria Vila‐Costa; Jordi Dachs; Stefano Papazian; Pablo Gago-Ferrero; Rubén Gil‐Solsona,Environmental Science & Technology,https://doi.org/10.1021/acs.est.4c00876,biogeochem_carbon; freshwater_lake; freshwater_river; marine; methods_instrumentation; wastewater_drinking,6
2024,Regular Tetrahedron Model for the Assessment of High-Resolution Mass Spectrometry Data of Four-Way Fractionated Dissolved Organic Matter,"Junjie Qiu, Fan Lü, Li Xiao et al. (n=6)",Junjie Qiu; Fan Lü; Li Xiao; Hua Zhang; Bin Xu; Pinjing He,Environmental Science & Technology,https://doi.org/10.1021/acs.est.4c01936,biogeochem_carbon; estuary_coastal; marine; wastewater_drinking,4
2024,Molecular-scale investigation on the photochemical transformation of dissolved organic matter after immobilization by iron minerals with FT-ICR MS,"Yongcan Jiang, Yi Wang, Yinlong Shao et al. (n=8)",Yongcan Jiang; Yi Wang; Yinlong Shao; Dong Yang; Minli Guo; Yu Wen; Hong Tang; Guanglong Liu,Environmental Science Processes & Impacts,https://doi.org/10.1039/d4em00288a,biogeochem_carbon; estuary_coastal; marine; microbial_coupling,4
2024,The molecular diversity of dissolved organic matter in forest streams across central Canadian boreal watersheds,"Vaughn Mangal, Wai Yi Lam, Erik J. S. Emilson et al. (n=5)",Vaughn Mangal; Wai Yi Lam; Erik J. S. Emilson; Robert Mackereth; Carl P. J. Mitchell,Environmental Science Processes & Impacts,https://doi.org/10.1039/d3em00305a,atmosphere_aerosol; biogeochem_carbon; estuary_coastal; freshwater_river; marine; microbial_coupling; soil_terrestrial; wetland_peatland,8
2024,Short‐term crop residue amendments altered the chemodiversity and thermodynamic stability of dissolvable organic matter in paddy soil,"Shuotong Chen, Xin Xia, Feng Xiao et al. (n=5)",Shuotong Chen; Xin Xia; Feng Xiao; Qingmei Lin; Genxing Pan,European Journal of Soil Science,https://doi.org/10.1111/ejss.70027,biochar_black_carbon; biogeochem_carbon; disturbance_anthropogenic; soil_terrestrial; wetland_peatland,5
2024,"Storm-driven hydrological, seasonal, and land use/land cover impact on dissolved organic matter dynamics in a mid-Atlantic, USA coastal plain river system characterized by 21 T FT-ICR mass spectrometry","Tianyin Ouyang, Amy M. McKenna, Andrew S. Wozniak",Tianyin Ouyang; Amy M. McKenna; Andrew S. Wozniak,Frontiers in Environmental Science,https://doi.org/10.3389/fenvs.2024.1379238,biogeochem_carbon; disturbance_anthropogenic; estuary_coastal; freshwater_lake; freshwater_river; marine; methods_instrumentation; soil_terrestrial,8
2024,"Molecular characteristics of dissolved organic matter in the porewater of ""Challenger"" Deep sediments, Mariana Trench","Kexin Zheng, Tingcang Hu, Min Luo et al. (n=7)",Kexin Zheng; Tingcang Hu; Min Luo; Linying Chen; Yulin Qi; Jingqian Xie; Duofu Chen,Frontiers in Marine Science,https://doi.org/10.3389/fmars.2024.1469547,atmosphere_aerosol; biogeochem_carbon; freshwater_lake; marine; microbial_coupling; sediment_porewater,6
2024,Different dissolved organic matter sources sustain microbial life in a sandy beach subterranean estuary – an incubation study,"Grace Abarike, Simone Brick, Bert Engelen et al. (n=4)",Grace Abarike; Simone Brick; Bert Engelen; Jutta Niggemann,Frontiers in Marine Science,https://doi.org/10.3389/fmars.2024.1501781,biogeochem_carbon; disturbance_anthropogenic; estuary_coastal; groundwater; marine; microbial_coupling; sediment_porewater; soil_terrestrial,8
2024,Machine-learning based approach to examine ecological processes influencing the diversity of riverine dissolved organic matter composition,"Moritz Müller, Juliana D’Andrilli, Victoria Silverman et al. (n=11)",Moritz Müller; Juliana D’Andrilli; Victoria Silverman; Raven L. Bier; Malcolm A. Barnard; Miko Chang May Lee; Florina Stephanie Richard; Andrew J. Tanentzap; Jianjun Wang; Michaela L. de Melo; YueHan Lu,Frontiers in Water,https://doi.org/10.3389/frwa.2024.1379284,atmosphere_aerosol; biogeochem_carbon; estuary_coastal; freshwater_river; marine; microbial_coupling; sediment_porewater; soil_terrestrial,8
2024,Characterizing molecular fingerprint of dissolved organic matter shaped by natural and anthropogenic factors in a large macrophytic shallow lake wetland,"Shengwu Yuan, Yiping Xu, Pengfei Wang et al. (n=12)",Shengwu Yuan; Yiping Xu; Pengfei Wang; Ruili Xie; Jiaqi Hu; Zhenghui Fu; Kun Wang; Shuhang Wang; Xia Jiang; Kaifeng Rao; Mei Ma; Zijian Wang,Frontiers of Environmental Science & Engineering,https://doi.org/10.1007/s11783-025-1951-5,estuary_coastal; freshwater_lake; marine; soil_terrestrial; wetland_peatland,5
2024,Multiple effects of iron oxides on the adsorption and oxidation of dissolved organic matter by manganese oxides,"Zecong Ding, Shiwen Hu, Lanlan Zhu et al. (n=7)",Zecong Ding; Shiwen Hu; Lanlan Zhu; Jiang Xiao; Qianting Ye; Tongxu Liu; Zhenqing Shi,Geochimica et Cosmochimica Acta,https://doi.org/10.1016/j.gca.2024.08.017,estuary_coastal; marine,2
2024,Molecular transformation of petroleum compounds by hydroxyl radicals produced upon oxidation of reduced nontronite,"Yuan Liu, Yahe Zhang, Guo Chen et al. (n=8)",Yuan Liu; Yahe Zhang; Guo Chen; Yang Li; Qiang Zeng; Jinglong Hu; Dafu Hu; Hailiang Dong,Geochimica et Cosmochimica Acta,https://doi.org/10.1016/j.gca.2024.02.019,biogeochem_carbon; freshwater_lake; petroleum_fossil,3
2024,Multi-tracer evidence of hydrology and primary production controls on dissolved organic matter composition and stability in the semi-arid aquatic continuum,"Mingyu Shao, Zaihua Liu, Hailong Sun et al. (n=12)",Mingyu Shao; Zaihua Liu; Hailong Sun; Haibo He; Qiang Li; Sibo Zeng; Junyao Yan; Yan Fang; Qiufang He; Hailong Liu; Liangxing Shi; Chaowei Lai,Geochimica et Cosmochimica Acta,https://doi.org/10.1016/j.gca.2024.09.015,disturbance_anthropogenic; estuary_coastal; marine,3
2024,Invariable selection of compounds from organic matter by stream microbes,"Jörg Tittel, Volker Lüderitz, Sabine Radke et al. (n=5)",Jörg Tittel; Volker Lüderitz; Sabine Radke; Yvonne Rosenlöcher; Oliver J. Lechtenfeld,Geochimica et Cosmochimica Acta,https://doi.org/10.1016/j.gca.2024.12.003,biogeochem_carbon; cryosphere; estuary_coastal; freshwater_lake; freshwater_river; marine; microbial_coupling; soil_terrestrial; wetland_peatland,9
2024,Biochar mediates nitrogen investment strategy involved in Chinese fir growth as revealed by molecular information on soil dissolved organic matter,"Youtao Si, Yapei Ma, Hui Chen et al. (n=8)",Youtao Si; Yapei Ma; Hui Chen; Fei Ge; Hongliang Ma; Ren Gao; Yunfeng Yin; Julian Merder,Geoderma,https://doi.org/10.1016/j.geoderma.2024.116822,atmosphere_aerosol; biochar_black_carbon; biogeochem_carbon; soil_terrestrial; wetland_peatland,5
2024,Lambda-PFLOTRAN 1.0: a workflow for incorporating organic matter chemistry informed by ultra high resolution mass spectrometry into biogeochemical modeling,"Katherine A. Muller, Peishi Jiang, Glenn Hammond et al. (n=13)",Katherine A. Muller; Peishi Jiang; Glenn Hammond; Tasneem Ahmadullah; Hyun‐Seob Song; Ravi Kukkadapu; Nicholas Ward; Madison Bowe; Rosalie Chu; Qian Zhao; Vanessa Garayburu‐Caruso; Alan Roebuck; Xingyuan Chen,Geoscientific model development,https://doi.org/10.5194/gmd-17-8955-2024,atmosphere_aerosol; biogeochem_carbon; groundwater; methods_instrumentation; microbial_coupling; soil_terrestrial,6
2024,Linking Dissolved Organic Matter Composition to Landscape Properties in Wetlands Across the United States of America,"Martin R. Kurek, Kimberly P. Wickland, Natalie Nichols et al. (n=13)",Martin R. Kurek; Kimberly P. Wickland; Natalie Nichols; Amy M. McKenna; Steven M. Anderson; M. Dornblaser; Nikaan Koupaei‐Abyazani; Brett A. Poulin; Sheel Bansal; Jason B. Fellman; Gregory K. Druschel; Emily S. Bernhardt; Robert G. M. Spencer,Global Biogeochemical Cycles,https://doi.org/10.1029/2023gb007917,atmosphere_aerosol; biogeochem_carbon; estuary_coastal; sediment_porewater; soil_terrestrial; wetland_peatland,6
2024,FT-ICR MS Spectral Improvement of Dissolved Organic Matter by the Absorption Mode: A Comparison of the Electrospray Ionization in Positive-Ion and Negative-Ion Modes,"学 藤井, Manabu Fujii",学 藤井; Manabu Fujii,Institutional Repositories DataBase (IRDB),,biogeochem_carbon; methods_instrumentation,2
2024,Lignocellulose biodegradation to humic substances in cow manure-straw composting: Characterization of dissolved organic matter and microbial community succession,"Xiaoya Qin, Wenyu Huang, Qunliang Li",Xiaoya Qin; Wenyu Huang; Qunliang Li,International Journal of Biological Macromolecules,https://doi.org/10.1016/j.ijbiomac.2024.137758,microbial_coupling,1
2024,Transformation characteristics of dissolved organic matter in landfill leachate nanofiltrated concentrate during ozonation-based advanced oxidation systems,"Min Bao, Feiyan Fang, Xi Luo et al. (n=4)",Min Bao; Feiyan Fang; Xi Luo; Qibin Li,Journal of environmental chemical engineering,https://doi.org/10.1016/j.jece.2024.112076,biogeochem_carbon; wastewater_drinking,2
2024,Structure and composition of dissolved organic matters in sludge by ultrasonic treatment,"Jie Zhang, Zeqing Long, Xiaoyang Liu et al. (n=6)",Jie Zhang; Zeqing Long; Xiaoyang Liu; Hui He; Guangming Zhang; Yu Tian,Journal of Environmental Management,https://doi.org/10.1016/j.jenvman.2024.120589,biogeochem_carbon; methods_instrumentation; wastewater_drinking,3
2024,Molecular transformation of dissolved organic matter in manganese ore-mediated constructed wetlands for fresh leachate treatment,"Md. Hasibur Rahaman, Tong Yang, Zhongyi Zhang et al. (n=7)",Md. Hasibur Rahaman; Tong Yang; Zhongyi Zhang; Wenbo Liu; Zhongbing Chen; Jacek Mąkinia; Jun Zhai,Journal of Environmental Management,https://doi.org/10.1016/j.jenvman.2024.120834,biogeochem_carbon; wastewater_drinking; wetland_peatland,3
2024,Different impacts of natural and anthropogenic factors on dissolved organic matter chemistry in coastal rivers: Implications for water management,"Lu Huang, Qianli Luo, Gangjian Wei et al. (n=10)",Lu Huang; Qianli Luo; Gangjian Wei; Zhengbo Jia; Kaifeng Sun; Changjin Zhao; Mengdi Yang; Huaiyang Fang; Zhongya Fan; Fantang Zeng,Journal of Environmental Management,https://doi.org/10.1016/j.jenvman.2024.122236,atmosphere_aerosol; estuary_coastal; freshwater_river; marine,4
2024,Activation of iron oxide minerals in an aquifer by humic acid to promote adsorption of organic molecules,"Xuelian Xia, Xu Han, Yuanzheng Zhai",Xuelian Xia; Xu Han; Yuanzheng Zhai,Journal of Environmental Management,https://doi.org/10.1016/j.jenvman.2024.120543,groundwater,1
2024,Exploring the zero-valent iron (ZVI) mediated transformation of dissolved organic nitrogen (DON) in anammox system using FT-ICR MS and fluorescence spectroscopy,"Xuepeng Fan, Li Zhang, Shiwei Hao et al. (n=6)",Xuepeng Fan; Li Zhang; Shiwei Hao; Yongzhen Peng; Jiachun Yang; Shou‐Qing Ni,Journal of Environmental Management,https://doi.org/10.1016/j.jenvman.2024.122034,biogeochem_carbon; microbial_coupling; wastewater_drinking,3
2024,Deciphering the composition and degradation of dissolved organic matter in a large subtropical river using optical indices and high-resolution FT-ICR-MS,"Yufan Wang, Wenyi Zhang, Fu‐Tao Fang et al. (n=7)",Yufan Wang; Wenyi Zhang; Fu‐Tao Fang; Zhihao Zhang; ⎜Zhuoyi Zhu; Liyang Yang; Wan-E Zhuang,Journal of Environmental Sciences,https://doi.org/10.1016/j.jes.2024.12.005,biogeochem_carbon; estuary_coastal; freshwater_river; marine,4
2024,Hydrothermal temperature-dependent compositions and copper complexing behaviors of hydrochar-derived dissolved organic matter: Insights from FT-ICR MS and multi-spectroscopic analysis,"Bingfa Chen, Xincai Gu, Muhua Feng et al. (n=9)",Bingfa Chen; Xincai Gu; Muhua Feng; Yanfang Feng; Bingyu Wang; Bensheng You; Jingcheng Zheng; Hong Liu; Shiqun Han,Journal of Environmental Sciences,https://doi.org/10.1016/j.jes.2024.07.020,biogeochem_carbon; estuary_coastal; marine,3
2024,Molecular characteristics of dissolved organic phosphorus in watershed runoff: Coupled influences of land use and precipitation,"Zhanyao Shi, Yao Du, Hongni Liu et al. (n=6)",Zhanyao Shi; Yao Du; Hongni Liu; Yamin Deng; Yiqun Gan; Xianjun Xie,Journal of Environmental Sciences,https://doi.org/10.1016/j.jes.2024.01.022,atmosphere_aerosol; disturbance_anthropogenic; estuary_coastal; marine; soil_terrestrial,5
2024,Assessing the Impacts of Reservoirs on Riverine Dissolved Organic Matter: Insights From the Largest Reservoir in the Pearl River,"Yuanbi Yi, Si‐Liang Li, Jun Zhong et al. (n=11)",Yuanbi Yi; Si‐Liang Li; Jun Zhong; Kai Wang; Julian Merder; Hongyan Bao; Yulin Qi; Ding He; Sheng Xu; Thorsten Dittmar; Cong‐Qiang Liu,Journal of Geophysical Research Biogeosciences,https://doi.org/10.1029/2024jg008199,biogeochem_carbon; disturbance_anthropogenic; estuary_coastal; freshwater_lake; freshwater_river; marine; microbial_coupling,7
2024,Eroding Permafrost Coastlines Release Biodegradable Dissolved Organic Carbon to the Arctic Ocean,"Emily Bristol, Megan I. Behnke, Robert G. M. Spencer et al. (n=7)",Emily Bristol; Megan I. Behnke; Robert G. M. Spencer; Amy M. McKenna; Benjamin Jones; Diana Bull; J. W. McClelland,Journal of Geophysical Research Biogeosciences,https://doi.org/10.1029/2024jg008233,biogeochem_carbon; cryosphere; estuary_coastal; freshwater_lake; freshwater_river; groundwater; marine; soil_terrestrial,8
2024,Characteristics of Dissolved Organic Matter in Uranium Hosting Aquifers and Potential Molecular Transformation During Neutral In Situ Leaching,"Chongsheng Lu, Wei Xiu, Bing Yang et al. (n=7)",Chongsheng Lu; Wei Xiu; Bing Yang; Guoxi Lian; Tianjing Zhang; Erping Bi; Huaming Guo,Journal of Geophysical Research Biogeosciences,https://doi.org/10.1029/2023jg007851,atmosphere_aerosol; biogeochem_carbon; freshwater_lake; groundwater; soil_terrestrial,5
2024,Peatlands Versus Permafrost: Landscape Features as Drivers of Dissolved Organic Matter Composition in West Siberian Rivers,"Sommer F. Starr, Karen E. Frey, L. C. Smith et al. (n=6)",Sommer F. Starr; Karen E. Frey; L. C. Smith; Anne M. Kellerman; Amy M. McKenna; Robert G. M. Spencer,Journal of Geophysical Research Biogeosciences,https://doi.org/10.1029/2023jg007797,biogeochem_carbon; cryosphere; disturbance_anthropogenic; freshwater_river; marine; soil_terrestrial; wetland_peatland,7
2024,Elucidating Dissolved Organic Sulfur in the Coastal Environment by Improved Online Liquid Chromatography Coupled to FT‐ICR Mass Spectrometry,"Shuang Chen, Yulin Qi, Qiaorong Xie et al. (n=7)",Shuang Chen; Yulin Qi; Qiaorong Xie; Chao Ma; Shujun Zhong; Libin Wu; Pingqing Fu,Journal of Geophysical Research Oceans,https://doi.org/10.1029/2023jc020163,atmosphere_aerosol; biogeochem_carbon; estuary_coastal; freshwater_river; marine,5
2024,Molecular Composition Evolution of Dissolved Organic Matter With Water Depth in Prydz Bay of East Antarctic: Carbon Export Implications,"Bin Jiang, Jun Zhao, Dong Li et al. (n=9)",Bin Jiang; Jun Zhao; Dong Li; Liyang Zhan; Zhongyong Gao; Heng Sun; Yuping Zhou; Jianming Pan; Yongge Sun,Journal of Geophysical Research Oceans,https://doi.org/10.1029/2023jc020571,atmosphere_aerosol; biogeochem_carbon; estuary_coastal; marine; microbial_coupling; sediment_porewater,6
2024,Tracking of the conversion and transformation pathways of dissolved organic matter in sludge hydrothermal liquids during Cr(VI) reduction using FT-ICR MS,"Chuanjin Lin, Yanfei Tang, Jing Sun et al. (n=5)",Chuanjin Lin; Yanfei Tang; Jing Sun; Bin Dong; Xu Zuxin,Journal of Hazardous Materials,https://doi.org/10.1016/j.jhazmat.2024.133566,biogeochem_carbon,1
2024,The heterogenous molecular characteristics of biomass-pyrogenic smoke dissolved organic matters (BPS-DOMs) binding with PAHs: Novel insights from combined analysis of FT-ICR MS and fluorescence variation,"Huiying Zhang, Zhigeng Wang, Qin Dai et al. (n=7)",Huiying Zhang; Zhigeng Wang; Qin Dai; Jinzhi Ni; Cheng Yue; Wei Ran; Weifeng Chen,Journal of Hazardous Materials,https://doi.org/10.1016/j.jhazmat.2024.136547,atmosphere_aerosol; biochar_black_carbon; marine,3
2024,Molecular-level insights of microplastic-derived soluble organic matter and heavy metal interactions in different environmental occurrences through EEM-PARAFAC and FT-ICR MS,"Bokun Chang, Tianhuan Yang, Shubo Fan et al. (n=14)",Bokun Chang; Tianhuan Yang; Shubo Fan; Leming Zhen; Xianbao Zhong; Fang Yang; Yang Liu; Chen Shao; Feinan Hu; Chenyang Xu; Yajun Yang; Yunchao Dai; Jialong Lv; Wei Du,Journal of Hazardous Materials,https://doi.org/10.1016/j.jhazmat.2024.137050,biogeochem_carbon,1
2024,Insights into the photoaging behavior of biodegradable and nondegradable microplastics: Spectroscopic and molecular characteristics of dissolved organic matter release,"Xiaoyang Wu, Yifan Liu, Yaofeng Jin et al. (n=11)",Xiaoyang Wu; Yifan Liu; Yaofeng Jin; Yue Wang; Mengjie Yuan; Kunyu He; Xiaoyan Zhang; Qin Chen; Zhijing Xue; Rui Wang; Xiaoyun Li,Journal of Hazardous Materials,https://doi.org/10.1016/j.jhazmat.2024.136651,biogeochem_carbon; marine,2
2024,Metagenomic and FT-ICR MS insights into the mechanism for the arsenic biogeochemical cycling in groundwater,"Honglin Jiang, Xianjun Xie, Junxia Li et al. (n=6)",Honglin Jiang; Xianjun Xie; Junxia Li; Zhou Jiang; Kunfu Pi; Yanxin Wang,Journal of Hazardous Materials,https://doi.org/10.1016/j.jhazmat.2024.135047,biogeochem_carbon; groundwater; microbial_coupling,3
2024,Molecular insight into algae-derived dissolved organic matters via Fourier-transform ion cyclotron resonance mass spectrometry: Effects of pretreatment methods and electrospray ionization modes,"Chengyu Suo, Wensi Zhao, Shasha Liu et al. (n=7)",Chengyu Suo; Wensi Zhao; Shasha Liu; Yi Ren; Yuxin Zhang; Yue Qiu; Fengchang Wu,Journal of Hazardous Materials,https://doi.org/10.1016/j.jhazmat.2024.136220,biogeochem_carbon; estuary_coastal; marine; methods_instrumentation,4
2024,Analysis of dissolved organic matter characteristics in pharmaceutical wastewater via spectroscopy combined with Fourier-transform ion cyclotron resonance mass spectrometry,"Chenqiang Yang, Ruixue Sun, Jiansheng Cui et al. (n=5)",Chenqiang Yang; Ruixue Sun; Jiansheng Cui; Bo Yao; Yankai Guo,Journal of Hazardous Materials,https://doi.org/10.1016/j.jhazmat.2024.135706,biogeochem_carbon; wastewater_drinking,2
2024,Optical and molecular techniques are complementary to understand the characteristics of dissolved organic matter in the runoff from sloping croplands with various micro-topographies during rainfall,"Guo Chen, Qingwei Zhang, Hao Wang et al. (n=8)",Guo Chen; Qingwei Zhang; Hao Wang; Ren Geng; Jian Wang; Yuanbi Yi; Ming Li; Ding He,Journal of Hydrology,https://doi.org/10.1016/j.jhydrol.2024.132403,disturbance_anthropogenic; estuary_coastal; marine; soil_terrestrial,4
2024,Processing pathways of organic matter under methanogenic conditions and its influence on arsenic mobilization in aquifers,"Xiaofang Yuan, Yali Deng, Yao Du et al. (n=9)",Xiaofang Yuan; Yali Deng; Yao Du; Jiangkai Xue; Kunfu Pi; Yijun Yang; Yuxiao Xu; Xianjun Xie; Yanxin Wang,Journal of Hydrology,https://doi.org/10.1016/j.jhydrol.2024.132367,biogeochem_carbon; disturbance_anthropogenic; groundwater,3
2024,"Glacial snow and ice Contribute Differentially to the dissolved organic matter in the runoff of Qiangyong Glacier, Tibetan Plateau","Bixi Guo, Yongqin Liu, Pengfei Liu et al. (n=7)",Bixi Guo; Yongqin Liu; Pengfei Liu; Ruanhong Cai; Qiang Zheng; Quan Shi; Chen He,Journal of Hydrology,https://doi.org/10.1016/j.jhydrol.2024.132600,biogeochem_carbon; cryosphere; disturbance_anthropogenic; marine,4
2024,Characterization and differentiation of dissolved organic matter in leachate derived from an old Japanese landfill site through Orbitrap mass spectrometry,"Ngoc Nguyen, Taketoshi Kusakabe, Masaki Takaoka",Ngoc Nguyen; Taketoshi Kusakabe; Masaki Takaoka,Journal of Material Cycles and Waste Management,https://doi.org/10.1007/s10163-024-01952-4,biogeochem_carbon,1
2024,Revisiting Dissolved Organic Matter Analysis Using High-Resolution Trapped Ion Mobility and FT-ICR Mass Spectrometry,"P. R. B. Oliveira, Dennys Leyva, Lílian V. Tose et al. (n=8)",P. R. B. Oliveira; Dennys Leyva; Lílian V. Tose; Chad R. Weisbrod; Anton N. Kozhinov; Konstantin O. Nagornov; Yury O. Tsybin; Francisco Fernández-Lima,Journal of the American Society for Mass Spectrometry,https://doi.org/10.1021/jasms.4c00232,biogeochem_carbon; freshwater_lake; freshwater_river; petroleum_fossil,4
2024,Selective Gas-Phase Depletion of Chemical Contaminants in Dissolved Organic Matter Increases Compositional Coverage by FT-ICR Mass Spectrometry,"Chad R. Weisbrod, Amy M. McKenna, Christopher L. Hendrickson",Chad R. Weisbrod; Amy M. McKenna; Christopher L. Hendrickson,Journal of the American Society for Mass Spectrometry,https://doi.org/10.1021/jasms.4c00261,biogeochem_carbon; methods_instrumentation,2
2024,Molecular transformation of refractory dissolved organic matter in an electrochemical oxidation system with a boron-doped diamond electrode,"Feiyan Fang, Qibin Li",Feiyan Fang; Qibin Li,Journal of Water Process Engineering,https://doi.org/10.1016/j.jwpe.2024.106833,biogeochem_carbon,1
2024,"Dissolved organic matter removal from sugar mill effluent by activated carbon-catalytic ozonation: Performance, organic carbon change, system characterization, and catalyst reusability","Sattawat Thuangchon, Pattakamol Somboot, Bunleu Sungthong et al. (n=7)",Sattawat Thuangchon; Pattakamol Somboot; Bunleu Sungthong; Patiparn Punyapalakul; Sumana Siripattanakul‐Ratpukdi; Phanwatt Phungsai; Thunyalux Ratpukdi,Journal of Water Process Engineering,https://doi.org/10.1016/j.jwpe.2024.106808,biogeochem_carbon; microbial_coupling; wastewater_drinking,3
2024,Variation of Dissolved Organic Matter Chemistry in the Runoff From Slopes Covered With Biocrusts Under Rainfall: Insights From the Linkages Between the Optical and Molecular Composition Analyses,"Guo Chen, Hao Wang, Qingwei Zhang et al. (n=8)",Guo Chen; Hao Wang; Qingwei Zhang; Ren Geng; Jian Wang; Yuanbi Yi; Ming Li; Ding He,Land Degradation and Development,https://doi.org/10.1002/ldr.5340,biogeochem_carbon; disturbance_anthropogenic; estuary_coastal; marine; microbial_coupling; soil_terrestrial,6
2024,Outwelling of reduced porewater drives the biogeochemistry of dissolved organic matter and trace metals in a major mangrove‐fringed estuary in Amazonia,"Melina Knoke, Thorsten Dittmar, Oliver Zielinski et al. (n=8)",Melina Knoke; Thorsten Dittmar; Oliver Zielinski; Morimaru Kida; E. Nils; Carlos Eduardo de Rezende; Bernhard Schnetger; Michael Seidel,Limnology and Oceanography,https://doi.org/10.1002/lno.12473,atmosphere_aerosol; biogeochem_carbon; estuary_coastal; freshwater_river; marine; microbial_coupling; sediment_porewater; wetland_peatland,8
2024,ASLO 2024 Award Winners,"Brittany M. Schieler, Fenina Buttler, Nyazia Sajdah‐Bey",Brittany M. Schieler; Fenina Buttler; Nyazia Sajdah‐Bey,Limnology and Oceanography Bulletin,https://doi.org/10.1002/lob.10654,biogeochem_carbon; freshwater_lake; marine; methods_instrumentation; microbial_coupling,5
2024,Investigating the impacts of solid phase extraction on dissolved organic matter optical signatures and the pairing with high‐resolution mass spectrometry data across a freshwater stream network,"Alan Roebuck, Allison Myers‐Pigg, Vanessa Garayburu‐Caruso et al. (n=4)",Alan Roebuck; Allison Myers‐Pigg; Vanessa Garayburu‐Caruso; James Stegen,Limnology and Oceanography Methods,https://doi.org/10.1002/lom3.10603,biogeochem_carbon; estuary_coastal; freshwater_river; marine,4
2024,Marine anoxia impede the transformation of dissolved organic carbon released by kelp into refractory dissolved organic carbon,"Lingyun Zhao, Hongyan Xing, Rongyu Xin et al. (n=10)",Lingyun Zhao; Hongyan Xing; Rongyu Xin; Jichen Liu; Huawei Qin; Yuanqing Ma; Zefeng Tian; Mengjie Wang; Yue Ma; Mingliang Zhang,Marine Pollution Bulletin,https://doi.org/10.1016/j.marpolbul.2024.117429,biogeochem_carbon; estuary_coastal; marine; wetland_peatland,4
2024,Chemodiversity of Dissolved Soil Organic Matter from Amazon Rainforest as Influenced by Deforestation,"Tancredo Souza, Damiana Justino Araújo, Carlos Alberto Lins Cassimiro et al. (n=4)",Tancredo Souza; Damiana Justino Araújo; Carlos Alberto Lins Cassimiro; Diego Silva Batista,Metabolites,https://doi.org/10.3390/metabo14030144,biogeochem_carbon; disturbance_anthropogenic; soil_terrestrial,3
2024,Characterization of Low-Molecular-Weight Dissolved Organic Matter Using Optional Dialysis and Orbitrap Mass Spectrometry,"Qiuxing Li, Runyu Zhang, Guopei Huang et al. (n=6)",Qiuxing Li; Runyu Zhang; Guopei Huang; Haijun Yuan; Liying Wang; Shuxia Xu,Molecules,https://doi.org/10.3390/molecules29143370,biogeochem_carbon; estuary_coastal; marine; microbial_coupling; wastewater_drinking,5
2024,Treeline displacement may affect lake dissolved organic matter processing at high latitudes and altitudes,"Núria Catalán, Carina Rofner, Charles Verpoorter et al. (n=8)",Núria Catalán; Carina Rofner; Charles Verpoorter; María Teresa Pérez; Thorsten Dittmar; Lars J. Tranvik; Rubén Sommaruga; Hannes Peter,Nature Communications,https://doi.org/10.1038/s41467-024-46789-5,biogeochem_carbon; estuary_coastal; freshwater_lake; marine; microbial_coupling; soil_terrestrial,6
2024,Universal microbial reworking of dissolved organic matter along environmental gradients,"Erika C. Freeman, Erik J. S. Emilson, Thorsten Dittmar et al. (n=9)",Erika C. Freeman; Erik J. S. Emilson; Thorsten Dittmar; Lucas P. P. Braga; Caroline E. Emilson; Tobias Goldhammer; Christine Martineau; Gabriel Singer; Andrew J. Tanentzap,Nature Communications,https://doi.org/10.1038/s41467-023-44431-4,biogeochem_carbon; estuary_coastal; freshwater_river; marine; microbial_coupling; soil_terrestrial,6
2024,Laboratory time series moisture manipulative experiment from sediment across the contiguous US: time series aerobic respiration and geochemistry (v2),"Maggi Laan, Robert E. Danczak, Dillman Delgado et al. (n=18)",Maggi Laan; Robert E. Danczak; Dillman Delgado; Brieanne Forbes; Vanessa A. Garayburu-Caruso; Amy E. Goldman; Brianna I. Gonzalez; Matthew H. Kaufman; Sophia A. McKever; Cooper Norris; Juan Alberto Ocejo; Beck Powers-McCormack; Lupita Renteria; Kenton A. Rod; Timothy D. Scheibe; Malak M. Tfaily; James C. Stegen; The WHONDRS Consortium,Open MIND,,biogeochem_carbon; disturbance_anthropogenic; freshwater_river; groundwater; sediment_porewater,5
2024,Laboratory time series moisture manipulative experiment from sediment across the contiguous US: time series aerobic respiration and geochemistry (v2),"Maggi Laan, Danczak, Robert E., Dillman Delgado et al. (n=18)","Maggi Laan; Danczak, Robert E.; Dillman Delgado; Brieanne Forbes; Vanessa Garayburu‐Caruso; Amy Goldman; Brianna I. Gonzalez; Matthew Kaufman; Sophia McKever; Cooper G. Norris; Juan Alberto Ocejo; Beck Powers-McCormack; Lupita Renteria; Kenton Rod; Tim Scheibe; Malak Tfaily; James Stegen; The WHONDRS Consortium",Open MIND,https://doi.org/10.15485/2428003,biogeochem_carbon; disturbance_anthropogenic; freshwater_river; groundwater; marine; sediment_porewater,6
2024,Annotation of DOM metabolomes with an ultrahigh resolution mass spectrometry molecular formula library,"Nicole Coffey, Christian Dewey, Kieran Manning et al. (n=9)",Nicole Coffey; Christian Dewey; Kieran Manning; Yuri Corilo; William Kew; Lydia Babcock‐Adams; Amy M. McKenna; Rhona Stuart; Rene Boiteau,Organic Geochemistry,https://doi.org/10.1016/j.orggeochem.2024.104880,biogeochem_carbon,1
2024,Comparison of dissolved organic matter composition from various sorbents using ultra-high resolution mass spectrometry,"Oriane M. Yvin, Martin R. Kurek, Amy M. McKenna et al. (n=5)",Oriane M. Yvin; Martin R. Kurek; Amy M. McKenna; Jon Hawkings; Robert G. M. Spencer,Organic Geochemistry,https://doi.org/10.1016/j.orggeochem.2024.104846,biogeochem_carbon,1
2024,"Characterisation of dissolved organic matter in two contrasting arsenic-prone sites in Kandal Province, Cambodia","Oliver C. Moore, Amy D. Holt, Laura A. Richards et al. (n=9)",Oliver C. Moore; Amy D. Holt; Laura A. Richards; Amy M. McKenna; Robert G. M. Spencer; Dan Lapworth; David A. Polya; Jonathan R. Lloyd; Bart E. van Dongen,Organic Geochemistry,https://doi.org/10.1016/j.orggeochem.2024.104886,biogeochem_carbon; groundwater; microbial_coupling; soil_terrestrial,4
2024,"Data and scripts associated with “Riverine dissolved organic matter transformations increase with watershed area, water residence time, and Damköhler numbers in nested watersheds” (v2)","Kevin A. Ryan, Vanessa Garayburu‐Caruso, Byron C. Crump et al. (n=9)",Kevin A. Ryan; Vanessa Garayburu‐Caruso; Byron C. Crump; Ted Bambakidis; Peter A. Raymond; Shaoda Liu; Beck Powers-McCormack; Brieanne Forbes; James Stegen,OSTI OAI (U.S. Department of Energy Office of Scientific and Technical Information),https://doi.org/10.15485/2406989,biogeochem_carbon; disturbance_anthropogenic; freshwater_river; soil_terrestrial; wetland_peatland,5
2024,"Data and scripts associated with the manuscript ""Organic Molecules are Deterministically Assembled in River Sediments""","James Stegen, Vanessa Garayburu‐Caruso, Robert Danczak et al. (n=11)",James Stegen; Vanessa Garayburu‐Caruso; Robert Danczak; Rosalie Chu; Brieanne Forbes; Amy Goldman; Marcy L. McCall; Sophia McKever; Beck Powers-McCormack; Lupita Renteria; Jason Toyoda,OSTI OAI (U.S. Department of Energy Office of Scientific and Technical Information),https://doi.org/10.15485/2367553,biogeochem_carbon; freshwater_river; methods_instrumentation; sediment_porewater,4
2024,Data and scripts associated with a manuscript investigating dissolved organic matter and microbial community linkages across seven globally distributed rivers,"Robert Danczak, Amy Goldman, Mikayla Borton et al. (n=23)",Robert Danczak; Amy Goldman; Mikayla Borton; Rosalie Chu; Jason Toyoda; Vanessa Garayburu‐Caruso; Emily Graham; Joseph W Morad; Lupita Renteria; Jacqueline Wells; Shai Arnon; Scott C. Brooks; Edo Bar‐Zeev; Michael Jones; Nikki Jones; Jörg Lewandowski; Christof Meile; Birgit Maria Müller; Beck Powers-McCormack; John F. Schalles; H. D. Schulz; Adam S. Ward; James Stegen,OSTI OAI (U.S. Department of Energy Office of Scientific and Technical Information),https://doi.org/10.15485/2319037,biogeochem_carbon; freshwater_river; microbial_coupling,3
2024,Organic Matter Concentration and Composition in November 2021 and April 2022 from 12 Streams Impacted by the 2020 Holiday Farm Fire (v2),"Katie A. Wampler, Noelani R. Boise, Cavaiani, Jake et al. (n=13)","Katie A. Wampler; Noelani R. Boise; Cavaiani, Jake; David Donahue; Lisa Erkert; Brieanne Forbes; Susan Fricke; Samantha Grieger; Beck Powers-McCormack; Karl Morgenstern; Mitchell Regelson; Alan Roebuck; Allison Myers‐Pigg",OSTI OAI (U.S. Department of Energy Office of Scientific and Technical Information),https://doi.org/10.15485/2478546,biochar_black_carbon; biogeochem_carbon; freshwater_river,3
2024,Mechanism of biochar decomposition mediated by bacteria shifts the molecular structure of soil organic matter to high-molecular-mass aromatic components,"Chen Xu, Xiaozeng Han, Wenxiu Zou et al. (n=5)",Chen Xu; Xiaozeng Han; Wenxiu Zou; Jun Yan; Xinchun Lu,Pedosphere,https://doi.org/10.1016/j.pedsph.2024.12.007,biochar_black_carbon; biogeochem_carbon; microbial_coupling; soil_terrestrial,4
2024,Molecular investigation into the transformation of recalcitrant dissolved organic sulfur in refinery sour water during stripping process,"Yuguo Li, Chen He, Chunmao Chen et al. (n=5)",Yuguo Li; Chen He; Chunmao Chen; Fan Liu; Quan Shi,Petroleum Science,https://doi.org/10.1016/j.petsci.2024.01.005,biogeochem_carbon; wastewater_drinking,2
2024,Microbial control of soil DOM transformation during the vegetation restoration in the Loess Plateau,"Wenxin Chen, Qianqian Gao, Huaying Hu et al. (n=5)",Wenxin Chen; Qianqian Gao; Huaying Hu; Tingwei Shao; Chuifan Zhou,Plant and Soil,https://doi.org/10.1007/s11104-024-06627-5,biogeochem_carbon; microbial_coupling; soil_terrestrial,3
2024,Post column infusion of an internal standard into LC-FT-ICR MS enables semi-quantitative comparison of dissolved organic matter in original samples,"Rebecca Rodrigues Matos, Elaine K. Jennings, Jan Kaesler et al. (n=6)",Rebecca Rodrigues Matos; Elaine K. Jennings; Jan Kaesler; Thorsten Reemtsma; Boris P. Koch; Oliver J. Lechtenfeld,Qucosa (Saxon State and University Library Dresden),,biogeochem_carbon; freshwater_river; groundwater; methods_instrumentation,4
2024,Online LC‐Orbitrap MS method for the rapid molecular characterization of dissolved organic matter,"Yuguo Li, Chen He, Yahe Zhang et al. (n=4)",Yuguo Li; Chen He; Yahe Zhang; Quan Shi,Rapid Communications in Mass Spectrometry,https://doi.org/10.1002/rcm.9885,biogeochem_carbon; estuary_coastal; freshwater_river; marine; methods_instrumentation; wastewater_drinking,6
2024,iDOM: Statistical analysis of dissolved organic matter based on high-resolution mass spectrometry,"Fanfan Meng, Ang Hu, Kyoung‐Soon Jang et al. (n=4)",Fanfan Meng; Ang Hu; Kyoung‐Soon Jang; Jianjun Wang,Research Square,https://doi.org/10.21203/rs.3.rs-4660944/v1,biogeochem_carbon; estuary_coastal; marine,3
2024,Distinct contributions of microbial and plant residues to SOC during ecosystem primary succession in a Tibetan glacier foreland,"Yongqin Liu, Yang Liu, Mukan Ji et al. (n=7)",Yongqin Liu; Yang Liu; Mukan Ji; Saifei Li; Deng Ao; Shaoshan An; Chao Liang,Research Square,https://doi.org/10.21203/rs.3.rs-3990984/v1,biogeochem_carbon; cryosphere; microbial_coupling; soil_terrestrial,4
2024,"The overlooked role of deep soil in dissolved organic carbon transformation and CO<mml:math xmlns:mml=""http://www.w3.org/1998/Math/MathML"" display=""inline"" id=""d1e874"" altimg=""si1.svg""><mml:msub><mml:mrow/><mml:mrow><mml:mn>2</mml:mn></mml:mrow></mml:msub></mml:math> emissions: Evidence from incubation experiments and FT-ICR MS characterization","Haoran Wu, Xin Jia, Zhiyuan Zhang et al. (n=6)",Haoran Wu; Xin Jia; Zhiyuan Zhang; Linna Jia; Wenlin Ren; Zeliang Shen,Resources Environment and Sustainability,https://doi.org/10.1016/j.resenv.2024.100161,atmosphere_aerosol; biogeochem_carbon; disturbance_anthropogenic; estuary_coastal; marine; soil_terrestrial,6
2024,"Potential transformation of organic matter by microbes in cryoconite, Tibetan Plateau","Bixi Guo, Yongqin Liu, Kevin Xu Zhong et al. (n=7)",Bixi Guo; Yongqin Liu; Kevin Xu Zhong; Quan Shi; Chen He; Qiang Zheng; Ruanhong Cai,Science China Earth Sciences,https://doi.org/10.1007/s11430-023-1270-0,biogeochem_carbon; microbial_coupling,2
2024,Comparison on molecular transformation of dissolved organic matter during Fenton and activated carbon adsorption processes for chemical cleaning wastewater treatment,"Xiaodan Zhao, Zhuojun Huang, Haosen Sun et al. (n=9)",Xiaodan Zhao; Zhuojun Huang; Haosen Sun; Qiqi Zhao; Zhanghe Huang; Chun Zhang; Yang Wang; Chunyan Yang; Zhen Zhou,Separation and Purification Technology,https://doi.org/10.1016/j.seppur.2024.127226,wastewater_drinking,1
2024,Enhanced removal characteristics of Raphidiopsis raciborskii and dissolved organic matter by a novel preozonation-coagulation/ozonation process using micro-nano bubbles,"Lihua Niu, Zhuting Wang, Yi Li et al. (n=6)",Lihua Niu; Zhuting Wang; Yi Li; Zhengguo Pan; Xiangzhe Xu; Chi Zhang,Separation and Purification Technology,https://doi.org/10.1016/j.seppur.2024.130956,biogeochem_carbon; wastewater_drinking,2
2024,Molecular insights into transformation of dissolved organic matter in treating shale gas wastewater by the UV/H2O2-ultrafiltration-reverse osmosis combined process,"Jingyu Shu, Peng Tang, Xuanyu Ji et al. (n=8)",Jingyu Shu; Peng Tang; Xuanyu Ji; Peng Liu; Guanyu Zhou; Zhiwei Gan; Jun Ma; Baicang Liu,Separation and Purification Technology,https://doi.org/10.1016/j.seppur.2024.131110,atmosphere_aerosol; biogeochem_carbon; wastewater_drinking,3
2024,Molecular–level insights into the synergistic activation of peracetic acid by ultraviolet and ferrous ions for the degradation of sedimentation sludge water in drinking water treatment plants based on Fourier transform-ion cyclotron resonance mass spectrometry,"Ya Wang, Tong Zhen-gong, Liwen Jiang et al. (n=10)",Ya Wang; Tong Zhen-gong; Liwen Jiang; Fangqi Peng; Wei Liu; Jingkai Chen; Xuefan Rao; Guizhen Feng; Caixia Kang; Lili Fang,Separation and Purification Technology,https://doi.org/10.1016/j.seppur.2024.129708,biogeochem_carbon; sediment_porewater; wastewater_drinking,3
2024,Effects of chloride ions on the transformation of dissolved organic matter in biologically treated waste leachate by a Fenton process,"Zhepei Gu, Feiyan Fang, Chen He et al. (n=4)",Zhepei Gu; Feiyan Fang; Chen He; Weiming Chen,Separation and Purification Technology,https://doi.org/10.1016/j.seppur.2024.131321,wastewater_drinking,1
2024,Changes in water quality along the process of coal chemical reverse osmosis wastewater advanced treatment: Spectral analysis and molecular level exploration,"Run Yuan, Yihe Qin, Hao Wang et al. (n=4)",Run Yuan; Yihe Qin; Hao Wang; Xuwen He,Separation and Purification Technology,https://doi.org/10.1016/j.seppur.2024.131267,biogeochem_carbon; petroleum_fossil; wastewater_drinking,3
2024,"Simultaneous removal of dissolved inorganic and organic phosphorus by magnetic α-Fe2O3/LaOCl composites: Performance, mechanisms and applicability","Shuai Liu, Jun Liu, Ying Zhou et al. (n=6)",Shuai Liu; Jun Liu; Ying Zhou; Changzhong Liao; Zhaokui Ni; Shengrui Wang,Separation and Purification Technology,https://doi.org/10.1016/j.seppur.2024.127814,biogeochem_carbon; soil_terrestrial; wastewater_drinking,3
2024,Effects of pyrolysis temperature on the photooxidation of water-soluble fraction of wheat straw biochar based on 21 T FT-ICR mass spectrometry,"Amy M. McKenna, Martha L. Chacón‐Patiño, Holly K. Roth et al. (n=10)",Amy M. McKenna; Martha L. Chacón‐Patiño; Holly K. Roth; William Bahureksa; Robert B. Young; James A. Ippolito; Yan Xin; Thomas Borch; Antony Williams; Huan Chen,Soil & Environmental Health,https://doi.org/10.1016/j.seh.2024.100114,biochar_black_carbon; biogeochem_carbon; methods_instrumentation,3
2024,The specific molecular signature of dissolved organic matter extracted from different arctic plant species persists after biodegradation,"Alienor Allain, Marie Alexis, Maxime C. Bridoux et al. (n=7)",Alienor Allain; Marie Alexis; Maxime C. Bridoux; Liudmila S. Shirokova; Dahédrey Payandi-Rolland; Oleg S. Pokrovsky; Maryse Castrec‐Rouelle,Soil Biology and Biochemistry,https://doi.org/10.1016/j.soilbio.2024.109393,biogeochem_carbon; cryosphere; estuary_coastal; marine; microbial_coupling; soil_terrestrial,6
2024,On the Ft-Icr Mass Spectrometry Analysis of Dissolved Organic Matter Released by Adsorbent During Coal Chemical Wastewater Treatment,"Qi Wei, Cai Chen, Hongpeng Ma et al. (n=10)",Qi Wei; Cai Chen; Hongpeng Ma; Tao Liu; Bing Liu; Tianxiang Wang; Sen Zhang; Danhui Yang; Jianping Li; Hualin Wang,SSRN Electronic Journal,https://doi.org/10.2139/ssrn.4849388,biogeochem_carbon; petroleum_fossil; wastewater_drinking,3
2024,Molecular-Level Insight into the Origin-Dependent Adsorption Fractionation of Dissolved Organic Matter on Ferrihydrite in Aquatic Environment: Implications for Carbon Sink in Eutrophic Lakes,"Chengyu Suo, Wensi Zhao, Shasha Liu et al. (n=10)",Chengyu Suo; Wensi Zhao; Shasha Liu; Rui Fu; Yi Ren; Yue Qiu; Yuxin Zhang; Zhongqi He; Baoshan Xing; Fengchang Wu,SSRN Electronic Journal,https://doi.org/10.2139/ssrn.4805262,estuary_coastal; freshwater_lake; groundwater; marine,4
2024,Optimizing Humic Acid Breakdown and Methane Production Via Semiconductor-Assisted Photo-Anaerobic Digestion,"Qiang Liu, Haoyu Zhang, Shuo Chen et al. (n=9)",Qiang Liu; Haoyu Zhang; Shuo Chen; Yeqing LI; Mahmoud Mazarji; Lu Feng; Junting Pan; Hongjun Zhou; Chunming Xu,SSRN Electronic Journal,https://doi.org/10.2139/ssrn.4744696,,0
2024,Molecular Insights into Transformation of Dissolved Organic Matter in Treating Shale Gas Wastewater by the Uv/H2o2-Ultrafiltration-Reverse Osmosis Combined Process,"Jingyu Shu, Peng Tang, Xuanyu Ji et al. (n=8)",Jingyu Shu; Peng Tang; Xuanyu Ji; Peng Liu; Guanyu Zhou; Zhiwei Gan; Jun Ma; Baicang Liu,SSRN Electronic Journal,https://doi.org/10.2139/ssrn.4989570,atmosphere_aerosol; biogeochem_carbon; freshwater_lake; wastewater_drinking,4
2024,Molecular Insights into Transformation of Dissolved Organic Matter in Treating Shale Gas Wastewater By the Uv/H2o2-Ultrafiltration-Reverse Osmosis Combined Process,"Jingyu Shu, Peng Tang, Xuanyu Ji et al. (n=8)",Jingyu Shu; Peng Tang; Xuanyu Ji; Peng Liu; Guanyu Zhou; Zhiwei Gan; Jun Ma; Baicang Liu,SSRN Electronic Journal,https://doi.org/10.2139/ssrn.4966693,atmosphere_aerosol; biogeochem_carbon; freshwater_lake; wastewater_drinking,4
2024,A Fast Solid-Phase Microextraction Scheme for in Vivo Monitoring of Bio-Accumulation and Bio-Transformation of Arbidol in Living Plants,"Jiating Zheng, Chao Chen, Yiquan Huang et al. (n=7)",Jiating Zheng; Chao Chen; Yiquan Huang; Shuting Fang; Pengran Guo; Shu‐Qin Liu; Gangfeng Ouyang,SSRN Electronic Journal,https://doi.org/10.2139/ssrn.4931713,,0
2024,Unravelling the Inconsistency in Organic Matter Removal and Membrane Fouling Control in Leather Mixed Wastewater Treated by Different O3-Aops,"Xiaoxu Gao, Yechen An, Yunwen Wang et al. (n=11)",Xiaoxu Gao; Yechen An; Yunwen Wang; Rui-Yun Ren; Zhineng Hao; Jinglong Han; Jingfu Liu; Aijie Wang; Huangzhao Wei; Xuezhi Zhao; Nanqi Ren,SSRN Electronic Journal,https://doi.org/10.2139/ssrn.4869568,biogeochem_carbon; wastewater_drinking,2
2024,Molecular Composition and Characteristics of Sediment-Adsorbed Dissolved Organic Matter Along the Coast of China,"Shaofeng Wang, Zelong Yan, Jitao Lv et al. (n=8)",Shaofeng Wang; Zelong Yan; Jitao Lv; Yuanbi Yi; Xu Ma; Guoqing Zhang; Xiangfeng Zeng; Yongfeng Jia,SSRN Electronic Journal,https://doi.org/10.2139/ssrn.4700940,biogeochem_carbon; estuary_coastal; marine; microbial_coupling; sediment_porewater,5
2024,The Substantial Generation of Photochemically Produced Reactive Intermediates (Ppris) in Algae-Type Zones From One Large Shallow Lake Promoted the Removal of Organic Pollutants,"wenkang li, Weidong Jin, dinggui wu et al. (n=6)",wenkang li; Weidong Jin; dinggui wu; C. T. Wang; huacheng xu; Na Song,SSRN Electronic Journal,https://doi.org/10.2139/ssrn.4937083,biogeochem_carbon; freshwater_lake,2
2024,Removal of Refractory Cod from Bio-Treated Paper Wastewater Using Powdered Activated Coke Adsorption Technology with Ozonation Regeneration: Performance and Molecular Insights,"Ying An, Chen Tang, Li Fu et al. (n=8)",Ying An; Chen Tang; Li Fu; Mengyu Wang; Yunxin Xing; Fuqiang Xu; Xiaohua Sun; Zhen Zhou,SSRN Electronic Journal,https://doi.org/10.2139/ssrn.4755819,biogeochem_carbon; wastewater_drinking,2
2024,Transportation and Transformation of Dissolved Organic Matter from Overlying to Bottom Waters of Cold Seeps in the South China Sea: Insights at the Molecular Level,"Shi Tang, Zhenwei Yan, Yuanbi Yi et al. (n=7)",Shi Tang; Zhenwei Yan; Yuanbi Yi; Yuan Shen; Wei Xie; Ding He; Penghui Li,SSRN Electronic Journal,https://doi.org/10.2139/ssrn.4956462,biogeochem_carbon; marine,2
2024,Comparing Molecular Signatures of  Dissolved Organic Matter (Dom) in Four Large Freshwater Lakes Differing in Hydrological Connectivity to the Changjiang River,"Shujun Yin, Yafang Liu, Chenhui Wei et al. (n=4)",Shujun Yin; Yafang Liu; Chenhui Wei; Dongqiang Zhu,SSRN Electronic Journal,https://doi.org/10.2139/ssrn.4835401,disturbance_anthropogenic; estuary_coastal; freshwater_lake; freshwater_river; marine,5
2024,Nitrogen-Driven Shifts in Molecular Composition of Soil Dissolved Organic Matter Linked to Rare Bacterial Sub-Communities,"Xiaochun Yuan, Quanxin Zeng, Xinyu Bai et al. (n=13)",Xiaochun Yuan; Quanxin Zeng; Xinyu Bai; Xiaoqing Zhang; Xiaoting Fu; Mengxiao Ren; Jiandong Cui; Qiufang Zhang; Xiaoli Gao; Jiacong Zhou; Yong Zheng; Kaimiao Lin; Yuehmin Chen,SSRN Electronic Journal,https://doi.org/10.2139/ssrn.4978735,microbial_coupling; soil_terrestrial,2
2024,Exogenous Carbon Additions Enhance Dom Stability in Paddy Soils Through Improving Microbial-Mediated Carbon Processes,"Long Chen, Huajun Fang, Shulan Cheng et al. (n=8)",Long Chen; Huajun Fang; Shulan Cheng; Hui Wang; Yifan Guo; Fangyin Shi; Bingqian Liu; H. W. Pu,SSRN Electronic Journal,https://doi.org/10.2139/ssrn.5047336,biogeochem_carbon; microbial_coupling; soil_terrestrial,3
2024,Biogeochemical Dynamic of Age-Associated Sediment Dissolved Organic Matter and its Controlling Mechanisms in a Small Plateau-Lake,"Shuaidong Li, Xiaolei Wang, Jinliang Liu et al. (n=12)",Shuaidong Li; Xiaolei Wang; Jinliang Liu; Yanhui Zhang; Robert G. M. Spencer; Anne M. Kellerman; Amy M. McKenna; Xiaohua Ma; Quanliang Jiang; Tao Huang; Hao Yang; Changchun Huang,SSRN Electronic Journal,https://doi.org/10.2139/ssrn.4951209,biogeochem_carbon; disturbance_anthropogenic; freshwater_lake; marine; sediment_porewater,5
2024,Variation of Dom and Don During a Full-Scale Mainstream Anammox Wastewater Treatment Plant,"Tong Zhou, Qiushan Liu, Shujun Zhang et al. (n=8)",Tong Zhou; Qiushan Liu; Shujun Zhang; Yuru Liu; Guangshuo Yin; Wenjun Wu; Yufei Wang; Jin Guo,SSRN Electronic Journal,https://doi.org/10.2139/ssrn.4837392,biogeochem_carbon; wastewater_drinking; wetland_peatland,3
2024,Impact of Pyrolysis Temperature on Photodegradation and Toxicity of Wheatgrass Biochar Characterized by 21 T Ft-Icr Mass Spectrometry,"Amy M. McKenna, Martha L. Chacón‐Patiño, Holly K. Roth et al. (n=11)",Amy M. McKenna; Martha L. Chacón‐Patiño; Holly K. Roth; William Bahureksa; Robert B. Young; James A. Ippolito; Mark G. Johnson; Yan Xin; Thomas Borch; Antony Williams; Huan Chen,SSRN Electronic Journal,https://doi.org/10.2139/ssrn.4688921,biochar_black_carbon,1
2024,Metagenomic and Ft-Icr Ms Insights into the Mechanism for the Arsenic Biogeochemical Cycling in Groundwater,"Honglin Jiang, Xianjun Xie, Junxia Li et al. (n=6)",Honglin Jiang; Xianjun Xie; Junxia Li; Zhou Jiang; Kunfu Pi; Yanxin Wang,SSRN Electronic Journal,https://doi.org/10.2139/ssrn.4741216,biogeochem_carbon; groundwater,2
2024,Metagenomic and Ft-Icr Ms Insights into the Mechanism for the Arsenic Biogeochemical Cycling in Groundwater,"Honglin Jiang, Xianjun Xie, Junxia Li et al. (n=6)",Honglin Jiang; Xianjun Xie; Junxia Li; Zhou Jiang; Kunfu Pi; Yanxin Wang,SSRN Electronic Journal,https://doi.org/10.2139/ssrn.4809174,biogeochem_carbon; disturbance_anthropogenic; groundwater,3
2024,Molecular-Level Insights into the Leachates Released from Ultraviolet-Aged Biodegradable and Conventional Commercial Microplastics and Their Mechanism of Toxicity Toward Chlorella Pyrenoidosa,"Wenbo Deng, Yajing Wang, Zihan Wang et al. (n=6)",Wenbo Deng; Yajing Wang; Zihan Wang; Jian Wang; Jinzhao Liu; Wenjuan Liu,SSRN Electronic Journal,https://doi.org/10.2139/ssrn.4896937,biogeochem_carbon,1
2024,Insights into the Complexity of Water-Soluble Dissolved Organic Matter in Different Soils Using Ultrahigh-Resolution Electrospray Ionization Transform Ion Cyclotron Resonance Mass Spectrometry,"Wenwen Fang, Xiaomei Jiao, Qinnan He et al. (n=6)",Wenwen Fang; Xiaomei Jiao; Qinnan He; Leilei Xiang; Fang Wang; Yinping Zhang,SSRN Electronic Journal,https://doi.org/10.2139/ssrn.4820718,biogeochem_carbon; methods_instrumentation; soil_terrestrial,3
2024,Changes in Chemical Characteristics and Toxicity of Fluoxetine and Humic Acid During Chlorination Process,"Jianchao Liu, Siyuan Yang, Yujia Shang et al. (n=8)",Jianchao Liu; Siyuan Yang; Yujia Shang; Xi Chen; Siyan Qiu; Guanhua Xu; Guanghua Lu; Yonghua Wang,SSRN Electronic Journal,https://doi.org/10.2139/ssrn.4884401,,0
2024,Molecular–Level Insights into the Synergistic Uv and Fe 2+  Activation of Peracetic Acid for the Degradation of Sedimentation Sludge Water in Drinking Water Treatment Plants Based on Ft–Icr Ms,"Tong Zhen-gong, Ya Wang, Fangqi Peng et al. (n=10)",Tong Zhen-gong; Ya Wang; Fangqi Peng; Wei Liu; Jingkai Chen; Xuefan Rao; Caixia Kang; Lili Fang; Liwen Jiang; Guizhen Feng,SSRN Electronic Journal,https://doi.org/10.2139/ssrn.4909756,biogeochem_carbon; sediment_porewater; wastewater_drinking,3
2024,Imprint of Incomplete Combustion Processes on the Water Column of the Anthropogenic-Pressured Baltic Sea,"Tassiana S. G. Serafim, Detlef E. Schulz‐Bull, Christopher P. Rüger et al. (n=8)",Tassiana S. G. Serafim; Detlef E. Schulz‐Bull; Christopher P. Rüger; Thorsten Dittmar; Jutta Niggemann; Ralf Zimmermann; Joanna J Waniek; Helena Osterholz,SSRN Electronic Journal,https://doi.org/10.2139/ssrn.4965122,marine; petroleum_fossil,2
2024,"Molecular Shifts in Dissolved Organic Matter Along a Burn Severity Continuum for Common Land Cover Types in the Pacific Northwest, USA","Alan Roebuck, Samantha Grieger, Morgan Barnes et al. (n=11)",Alan Roebuck; Samantha Grieger; Morgan Barnes; Xia Gillespie; Kevin D. Bladon; John D. Bailey; Emily Graham; Rosalie Chu; William Kew; Tim Scheibe; Allison Myers‐Pigg,SSRN Electronic Journal,https://doi.org/10.2139/ssrn.4915022,disturbance_anthropogenic; marine; microbial_coupling,3
2024,Constraining the Composition and Biochemical Activity of Organic Carbon in a Large Eutrophic Estuary Using Size-Fractionated Analysis,"Zongqing Lv, Xiaotian Liu, Ding He et al. (n=8)",Zongqing Lv; Xiaotian Liu; Ding He; Xiangbin Ran; Yao Feng; Wenxuan Gao; Xiaosong Zhong; Nianzhi Jiao,SSRN Electronic Journal,https://doi.org/10.2139/ssrn.5034651,biogeochem_carbon; estuary_coastal; freshwater_lake; marine,4
2024,"Unraveling the Structural Intricacy of Synthetic Humic Substance Via, Uv-Vis, Ftir and Silylation-Gc-Orbitrap Ms","Afzaal Ashraf, Yang Yue, Tianshu Chen et al. (n=5)",Afzaal Ashraf; Yang Yue; Tianshu Chen; Shuguang Wang; Yang Zeng,SSRN Electronic Journal,https://doi.org/10.2139/ssrn.4743769,,0
2024,Post column infusion of an internal standard into LC-FT-ICR MS enables semi-quantitative comparison of dissolved organic matter in original samples,"Rebecca Rodrigues Matos, Elaine K. Jennings, Jan Kaesler et al. (n=6)",Rebecca Rodrigues Matos; Elaine K. Jennings; Jan Kaesler; Thorsten Reemtsma; Boris Koch; Oliver J. Lechtenfeld,The Analyst,https://doi.org/10.1039/d4an00119b,biogeochem_carbon; groundwater; methods_instrumentation,3
2024,Unique dissolved organic matter molecules and microbial communities in rhizosphere of three typical crop soils and their significant associations based on FT-ICR-MS and high-throughput sequencing analysis,"Lili Lv, Honglin Huang, Jitao Lv et al. (n=8)",Lili Lv; Honglin Huang; Jitao Lv; Xuehui Xu; Dong Cao; Ziyu Rao; Fanglan Geng; Yuehui Kang,The Science of The Total Environment,https://doi.org/10.1016/j.scitotenv.2024.170904,microbial_coupling; soil_terrestrial,2
2024,Terrestrial dissolved organic matter inputs affect the nitrous oxide emission revealed by FT-ICR MS,"Zezheng Wang, Lu Li, Chengchao Liao et al. (n=8)",Zezheng Wang; Lu Li; Chengchao Liao; Min Deng; Xiaoyan Jiang; Yongxia Huang; Zhiwei Xia; Kang Song,The Science of The Total Environment,https://doi.org/10.1016/j.scitotenv.2024.177765,atmosphere_aerosol; biogeochem_carbon; estuary_coastal; marine; soil_terrestrial,5
2024,On the FT-ICR mass spectrometry analysis of dissolved organic matter released by adsorbent during coal chemical wastewater treatment,"Qi Wei, Cai Chen, Hongpeng Ma et al. (n=10)",Qi Wei; Cai Chen; Hongpeng Ma; Tao Liu; Bing Liu; Tianxiang Wang; Sen Zhang; Dan-Hui Dorothy Yang; Wenjie Lv; Hualin Wang,The Science of The Total Environment,https://doi.org/10.1016/j.scitotenv.2024.175660,biogeochem_carbon; petroleum_fossil; wastewater_drinking,3
2024,Molecular insights into the microbial degradation of sediment-derived DOM in a macrophyte-dominated lake under aerobic and hypoxic conditions,"Wei Yu, Haiquan Yang, Jingan Chen et al. (n=7)",Wei Yu; Haiquan Yang; Jingan Chen; Peng Liao; Jiaxi Wu; Lujia Jiang; Guo Wen,The Science of The Total Environment,https://doi.org/10.1016/j.scitotenv.2024.170257,estuary_coastal; freshwater_lake; marine; microbial_coupling; sediment_porewater,5
2024,Dissolved organic matter composition and characteristics during extreme flood events in the Yangtze River Estuary,"Zhao Liang Chen, Haibo Zhang, Yuanbi Yi et al. (n=11)",Zhao Liang Chen; Haibo Zhang; Yuanbi Yi; Yuhe He; Penghui Li; Yuntao Wang; Kai Wang; Zhenwei Yan; Chen He; Quan Shi; Ding He,The Science of The Total Environment,https://doi.org/10.1016/j.scitotenv.2023.169827,biogeochem_carbon; disturbance_anthropogenic; estuary_coastal; freshwater_river; marine; microbial_coupling; sediment_porewater,7
2024,"Influence of spectral and molecular composition of dissolved organic matter on labile Cd mobility in riparian soils in the Three Gorges Reservoir, China","Meng Cui, Dongyu Xu, Xiaobo Liu et al. (n=6)",Meng Cui; Dongyu Xu; Xiaobo Liu; Xianqiang Lai; Moli Zhang; Bo Gao,The Science of The Total Environment,https://doi.org/10.1016/j.scitotenv.2024.176736,biogeochem_carbon; freshwater_lake; soil_terrestrial,3
2024,Characterization of dissolved organic matter in rivers impacted by acid mine drainage: Components and complexation with metals,"F. Li, Lezhang Wei, Yu Liu et al. (n=7)",F. Li; Lezhang Wei; Yu Liu; Hongmei Deng; Jinli Cui; Jianqiao Wang; Tangfu Xiao,The Science of The Total Environment,https://doi.org/10.1016/j.scitotenv.2024.171960,biogeochem_carbon; disturbance_anthropogenic; estuary_coastal; freshwater_river; marine,5
2024,Capturing differences in the release potential of dissolved organic matter from biochar and hydrochar: Insights from component characterization and molecular identification,"Rongting Ji, Yiting Yang, Yudong Wu et al. (n=10)",Rongting Ji; Yiting Yang; Yudong Wu; Changyin Zhu; J. Min; Chenwei Liu; Longjiang Zhang; Hu Cheng; Jianming Xue; Dongmei Zhou,The Science of The Total Environment,https://doi.org/10.1016/j.scitotenv.2024.177209,biochar_black_carbon; biogeochem_carbon; estuary_coastal; marine; soil_terrestrial,5
2024,Evaluating the role of recalcitrant dissolved organic matter in bacterial community dynamics in urbanized freshwater ecosystems,"Yang Liu, Xiding Wang, Huimin Li et al. (n=11)",Yang Liu; Xiding Wang; Huimin Li; Ruikai Zhang; Xudong Liu; Fangru Nan; Qi Liu; Junping Lv; Jia Feng; Chao Ma; Shulian Xie,The Science of The Total Environment,https://doi.org/10.1016/j.scitotenv.2024.177475,biogeochem_carbon; estuary_coastal; freshwater_river; marine; microbial_coupling; wastewater_drinking,6
2024,Mobilization and enrichment of geogenic iodine in a floodplain groundwater system: New insights from sources and characterization of dissolved organic matter,"Ge Jiang, Chunli Su, Haifeng Liu et al. (n=6)",Ge Jiang; Chunli Su; Haifeng Liu; Xianguo Wang; Jiaqi Jiang; Jiaqi Li,The Science of The Total Environment,https://doi.org/10.1016/j.scitotenv.2024.177299,atmosphere_aerosol; biogeochem_carbon; disturbance_anthropogenic; estuary_coastal; freshwater_river; groundwater; marine; microbial_coupling; sediment_porewater,9
2024,Continuous planting of Chinese fir monocultures significantly influences dissolved organic matter content and microbial assembly processes,"Chuifan Zhou, Qunpeng Gao, Mulualem Tigabu et al. (n=6)",Chuifan Zhou; Qunpeng Gao; Mulualem Tigabu; Shuzhen Wang; Sheng Xian Cao; Yuanchun Yu,The Science of The Total Environment,https://doi.org/10.1016/j.scitotenv.2024.171943,microbial_coupling; soil_terrestrial,2
2024,Molecular-level insights into the leachates released from ultraviolet-aged biodegradable and conventional commercial microplastics and their mechanism of toxicity toward Chlorella pyrenoidosa,"Wenbo Deng, Yajing Wang, Wenjuan Liu et al. (n=6)",Wenbo Deng; Yajing Wang; Wenjuan Liu; Zihan Wang; Jinzhao Liu; Jian Wang,The Science of The Total Environment,https://doi.org/10.1016/j.scitotenv.2024.177167,biogeochem_carbon; microbial_coupling,2
2024,Unraveling the role of anthropogenic and hydrologic drivers with respect to the optical and molecular properties of dissolved organic matter and organic phosphorus in a P-contaminated river,"Zhanyao Shi, Yao Du, Hongni Liu et al. (n=4)",Zhanyao Shi; Yao Du; Hongni Liu; Xianjun Xie,The Science of The Total Environment,https://doi.org/10.1016/j.scitotenv.2024.175647,biogeochem_carbon; estuary_coastal; freshwater_river; marine,4
2024,Estuarine hydrodynamic processes driving the molecular changes of terrestrial dissolved organic nitrogen: From mixing to biological modification,"Jin‐Long Li, Yunchao Wu, Jia Yang et al. (n=7)",Jin‐Long Li; Yunchao Wu; Jia Yang; Pengju Li; Zhijian Jiang; Songlin Liu; Xiaoping Huang,The Science of The Total Environment,https://doi.org/10.1016/j.scitotenv.2024.170489,atmosphere_aerosol; biogeochem_carbon; estuary_coastal; freshwater_river; marine; soil_terrestrial,6
2024,Changes in chemical characteristics and toxicity of fluoxetine and humic acid during chlorination,"Jianchao Liu, Siyuan Yang, Yujia Shang et al. (n=8)",Jianchao Liu; Siyuan Yang; Yujia Shang; Xi Chen; Siyan Qiu; Guanhua Xu; Guanghua Lu; Yonghua Wang,The Science of The Total Environment,https://doi.org/10.1016/j.scitotenv.2024.175847,biogeochem_carbon; wastewater_drinking,2
2024,Strong associations between dissolved organic matter and microbial communities in the sediments of Qinghai-Tibetan Plateau lakes depend on salinity,"Peilian Zhang, Hanxiao Zhang, Yi Li et al. (n=9)",Peilian Zhang; Hanxiao Zhang; Yi Li; Jingtian Zhang; Chunzi Ma; Nanyan Weng; Xing Gao; Fengchang Wu; Shouliang Huo,The Science of The Total Environment,https://doi.org/10.1016/j.scitotenv.2024.171857,biogeochem_carbon; estuary_coastal; freshwater_lake; marine; microbial_coupling; sediment_porewater,6
2024,"Molecular shifts in dissolved organic matter along a burn severity continuum for common land cover types in the Pacific Northwest, USA","Alan Roebuck, Samantha Grieger, Morgan Barnes et al. (n=11)",Alan Roebuck; Samantha Grieger; Morgan Barnes; Xia Gillespie; Kevin D. Bladon; John D. Bailey; Emily Graham; Rosalie Chu; William Kew; Tim Scheibe; Allison Myers‐Pigg,The Science of The Total Environment,https://doi.org/10.1016/j.scitotenv.2024.178040,atmosphere_aerosol; biochar_black_carbon; biogeochem_carbon; disturbance_anthropogenic; soil_terrestrial,5
2024,The continuous increased stability of sediment dissolved organic matter implies ecosystem degradation of lakes in the cold and arid regions,"Ying Guo, Xiaofei Liu, Yue Dong et al. (n=9)",Ying Guo; Xiaofei Liu; Yue Dong; Zhaokui Ni; Chunyang Zhou; Chao Chen; S.Y. Wang; Qiuying Chen; Yanting Yan,The Science of The Total Environment,https://doi.org/10.1016/j.scitotenv.2024.174384,biogeochem_carbon; estuary_coastal; freshwater_lake; marine; microbial_coupling; sediment_porewater,6
2024,Non-targeted (ultra-)high-resolution mass spectrometry of dissolved organic matter to predict the formation of disinfection byproducts,"Patricia Aguilar-Alarcón, Meritxell Gros, María José Farré",Patricia Aguilar-Alarcón; Meritxell Gros; María José Farré,Trends in Environmental Analytical Chemistry,https://doi.org/10.1016/j.teac.2024.e00231,biogeochem_carbon; wastewater_drinking,2
2024,Machine-learning based approach to examine ecological processes influencing the diversity of riverine dissolved organic matter composition,"Jianjun Wang, Malcolm A. Barnard, Florina Stephanie Richard et al. (n=11)",Jianjun Wang; Malcolm A. Barnard; Florina Stephanie Richard; Raven L. Bier; YueHan Lu; Andrew J. Tanentzap; Juliana D’Andrilli; Miko Chang May Lee; Michaela L. de Melo; Moritz Müller; Victoria Silverman,UNC Libraries,https://doi.org/10.17615/s1qh-g092,atmosphere_aerosol; biogeochem_carbon; freshwater_river; microbial_coupling; sediment_porewater; soil_terrestrial,6
2024,Purification of dredged water by magnetic coagulation: Response surface optimization and dissolved organic matter removal characteristics,"Yuanting Xiao, Jingwei Feng, Liu Zhang et al. (n=9)",Yuanting Xiao; Jingwei Feng; Liu Zhang; Yulin Yang; Xuyang Zhou; Deqian Xu; Miao Gong; Hao Yin; Shoujun Yuan,Water Environment Research,https://doi.org/10.1002/wer.10996,atmosphere_aerosol; biogeochem_carbon; estuary_coastal; marine; wastewater_drinking,5
2024,Unraveling the characteristics of dissolved organic matter removed by aluminum species based on FT-ICR MS analysis,"Yitian He, Peter Jarvis, Xin Huang et al. (n=4)",Yitian He; Peter Jarvis; Xin Huang; Baoyou Shi,Water Research,https://doi.org/10.1016/j.watres.2024.121429,biogeochem_carbon; estuary_coastal; groundwater; marine; wastewater_drinking,5
2024,Characterization of natural and anthropogenic dissolved organic matter in the yangtze river basin using FT-ICR MS,"Cuiping Ning, Shuai Sun, Yuan Gao et al. (n=8)",Cuiping Ning; Shuai Sun; Yuan Gao; Huaijun Xie; Lidong Wu; Haijun Zhang; Jiping Chen; Ningbo Geng,Water Research,https://doi.org/10.1016/j.watres.2024.122636,disturbance_anthropogenic; estuary_coastal; freshwater_river; marine,4
2024,Environmental drivers of dissolved organic matter composition across central European aquatic systems: A novel correlation-based machine learning and FT-ICR MS approach,"Michel Gad, Narjes Tayyebi Sabet Khomami, Ronald Krieg et al. (n=6)",Michel Gad; Narjes Tayyebi Sabet Khomami; Ronald Krieg; Jana Schor; Allan Philippe; Oliver J. Lechtenfeld,Water Research,https://doi.org/10.1016/j.watres.2024.123018,biogeochem_carbon; disturbance_anthropogenic; microbial_coupling,3
2024,Transformation of sedimentary dissolved organic matter in electrokinetic remediation catalogued by FT-ICR mass spectrometry,"Tahir Maqbool, Huan Chen, Qingshi Wang et al. (n=5)",Tahir Maqbool; Huan Chen; Qingshi Wang; Amy M. McKenna; Daqian Jiang,Water Research,https://doi.org/10.1016/j.watres.2024.122094,biogeochem_carbon; soil_terrestrial,2
2024,Effects of production temperature on the molecular composition and seed-germination-promoting properties of sludge-based hydrochar-derived dissolved organic matter,"Chuanjin Lin, Zhenhua Xin, Shijie Yuan et al. (n=6)",Chuanjin Lin; Zhenhua Xin; Shijie Yuan; Jing Sun; Bin Dong; Zuxin Xu,Water Research,https://doi.org/10.1016/j.watres.2024.121133,biogeochem_carbon; disturbance_anthropogenic,2
2024,Hydrological alteration drives chemistry of dissolved organic matter in the largest freshwater lake of China (Poyang Lake),"Lei Xu, Qian Hu, Zetian Liu et al. (n=8)",Lei Xu; Qian Hu; Zetian Liu; Minfei Jian; Yansong Peng; Ruichang Shen; Wei Liao; Aiwen Zhong,Water Research,https://doi.org/10.1016/j.watres.2024.121154,biogeochem_carbon; disturbance_anthropogenic; estuary_coastal; freshwater_lake; marine,5
2024,Novel insights into the relationship between the functional groups and photoactivity of biochar-derived dissolved organic matter,"Xin Zuo, Zhuozhi Ouyang, Jinmo Liao et al. (n=8)",Xin Zuo; Zhuozhi Ouyang; Jinmo Liao; Rui Ding; Weiwei Zhang; Chi Zhang; Xuetao Guo; Lingyan Zhu,Water Research,https://doi.org/10.1016/j.watres.2024.121892,biochar_black_carbon; biogeochem_carbon; estuary_coastal; marine,4
2024,Arsenic biogeochemical cycling association with basin-scale dynamics of microbial functionality and organic matter molecular composition,"Xianjun Xie, Yanhui Lu, Shige Sun et al. (n=6)",Xianjun Xie; Yanhui Lu; Shige Sun; Kunfu Pi; Jianbo Shi; Yanxin Wang,Water Research,https://doi.org/10.1016/j.watres.2024.121117,biogeochem_carbon; disturbance_anthropogenic; groundwater; microbial_coupling,4
2024,Influences of wildfire on the soil dissolved organic matter characteristics and its electron-donating capacity,"Sihua Zhu, Peijie Yang, Yongguang Yin et al. (n=8)",Sihua Zhu; Peijie Yang; Yongguang Yin; Siqi Zhang; Jitao Lv; Shanyi Tian; Tao Jiang; Dingyong Wang,Water Research,https://doi.org/10.1016/j.watres.2024.122382,atmosphere_aerosol; biogeochem_carbon; disturbance_anthropogenic; soil_terrestrial,4
2024,Chemodiversity of dissolved organic matter exports from subtropical humid catchment driven by hydrological connectivity,"X.D. Hu, Yingtian Deng, Cong Zhou et al. (n=11)",X.D. Hu; Yingtian Deng; Cong Zhou; Hao Shu; Jian Wang; Zhen Wang; Y.B. Wang; Jinsong Zhao; Wenyu Huang; Hao Xiao; Zhihua Shi,Water Research,https://doi.org/10.1016/j.watres.2024.121902,disturbance_anthropogenic; estuary_coastal; freshwater_river; marine; soil_terrestrial,5
2024,Arsenic redox disequilibrium in geogenic contaminated groundwater: Bioenergetic insights from organic molecular characterization and gene-informed modeling,"Kunfu Pi, Xianjun Xie, Shige Sun et al. (n=7)",Kunfu Pi; Xianjun Xie; Shige Sun; Philippe Van Cappellen; Ziyi Xiao; Duo Zhang; Yanxin Wang,Water Research,https://doi.org/10.1016/j.watres.2024.122459,biogeochem_carbon; disturbance_anthropogenic; groundwater,3
2024,Insights into the transformation of natural organic matter during UV/peroxydisulfate treatment by FT-ICR MS and machine learning: Non-negligible formation of organosulfates,"Junfang Li, Wenlei Qin, Bao Zhu et al. (n=8)",Junfang Li; Wenlei Qin; Bao Zhu; Ting Ruan; Zhechao Hua; Hongyu Du; Shengkun Dong; Jingyun Fang,Water Research,https://doi.org/10.1016/j.watres.2024.121564,,0
2024,Probing nitro(so) and chloro byproducts and their precursors in natural organic matter during UV/NH2Cl treatment by FT-ICR MS with machine learning insights,"Junfang Li, Zhechao Hua, Wenlei Qin et al. (n=8)",Junfang Li; Zhechao Hua; Wenlei Qin; Chunyan Chen; Bao Zhu; Ting Ruan; Yingying Xiang; Jingyun Fang,Water Research,https://doi.org/10.1016/j.watres.2024.122097,wastewater_drinking,1
2024,Linking pattern shifts of dissolved organic nitrogen fractional removal with microbial species richness in a cascade upflow biofiltration process,"Alejandra Robles-Lecompte, Jinxiang Cheng, Amy M. McKenna et al. (n=4)",Alejandra Robles-Lecompte; Jinxiang Cheng; Amy M. McKenna; Ni‐Bin Chang,Water Research,https://doi.org/10.1016/j.watres.2024.122130,biogeochem_carbon; microbial_coupling; wastewater_drinking; wetland_peatland,4
2024,Intermittent polarization: A promising strategy for microbial electricity driven reduction of DOM toxicity in actual industrial wastewater,"Chenglong Han, Jiaqian You, Aixia Zhao et al. (n=6)",Chenglong Han; Jiaqian You; Aixia Zhao; Kewei Liao; Hongqiang Ren; Haidong Hu,Water Research,https://doi.org/10.1016/j.watres.2024.122099,biogeochem_carbon; microbial_coupling; wastewater_drinking,3
2024,Revealing the mobilization and age of estuarine dissolved organic matter during floods using radiocarbon and molecular fingerprints,"Zhao Liang Chen, Yuanbi Yi, Ruanhong Cai et al. (n=13)",Zhao Liang Chen; Yuanbi Yi; Ruanhong Cai; Zhe‐Xuan Zhang; Wenzhao Liang; Wenjing Fu; Penghui Li; Kai Wang; Lixin Zhang; Kejun Dong; Si‐Liang Li; Sheng Xu; Ding He,Water Research,https://doi.org/10.1016/j.watres.2024.122898,biogeochem_carbon; disturbance_anthropogenic; estuary_coastal; marine,4
2024,Molecular fractionation mediates genotoxicity evolution of hydrochar-derived dissolved organic matter at the iron oxyhydroxides-water interface,"Yanjun Liu, Heyun Yang, Shuxian Gao et al. (n=7)",Yanjun Liu; Heyun Yang; Shuxian Gao; Zheng-Hao Li; Yan‐Yun Hu; Xing Zheng; Guo‐Ping Sheng,Water Research,https://doi.org/10.1016/j.watres.2024.122584,,0
2024,Spatial variation of anthropogenic disturbances within watersheds determines dissolved organic matter composition exported to oceans,"Liyin Qu, Randy A. Dahlgren, Shuchai Gan et al. (n=6)",Liyin Qu; Randy A. Dahlgren; Shuchai Gan; Mingxing Ren; Nengwang Chen; Weidong Guo,Water Research,https://doi.org/10.1016/j.watres.2024.122084,atmosphere_aerosol; biogeochem_carbon; disturbance_anthropogenic; estuary_coastal; marine; soil_terrestrial,6
2024,Composition of Stream Dissolved Organic Matter Across Canadian Forested Ecozones Varies in Three Dimensions Linked to Landscape and Climate,"Julia Orlova, Fariba Amiri, Alyssa K. Bourgeois et al. (n=20)",Julia Orlova; Fariba Amiri; Alyssa K. Bourgeois; Jim Buttle; E. Cherlet; Chad W. Cuss; K. J. Devito; Monica B. Emelko; William C. Floyd; David E. Foster; Ryan Hutchins; Rob Jamieson; Mark S. Johnson; Hannah Jane McSorley; U. Silins; Suzanne E. Tank; Lauren Thompson; Kara L. Webster; C. Williams; David Olefeldt,Water Resources Research,https://doi.org/10.1029/2023wr035196,atmosphere_aerosol; biogeochem_carbon; disturbance_anthropogenic; estuary_coastal; freshwater_lake; freshwater_river; marine; soil_terrestrial; wetland_peatland,9
2025,Heterogeneity in composition and reactivity of dissolved organic matter and metal partitioning in soil,Hui Gao,Hui Gao,,https://doi.org/10.18174/680941,biogeochem_carbon; disturbance_anthropogenic; groundwater; petroleum_fossil; soil_terrestrial,5
2025,Improving the estimation of DOC concentrations and aromaticity from optical measurements,Kathleen R. Murphy,Kathleen R. Murphy,,https://doi.org/10.5194/egusphere-egu25-4423,biogeochem_carbon; marine,2
2025,Influence of oxygen concentration on the elemental and molecular composition of marine dissolved organic matter in anoxic basins,"Marit Renken, Thorsten Dittmar, Lennart Stock et al. (n=6)",Marit Renken; Thorsten Dittmar; Lennart Stock; Felix J. Elling; Ian P. G. Marshall; Gonzalo V. Gomez‐Saez,,https://doi.org/10.5194/egusphere-egu25-10016,biogeochem_carbon; estuary_coastal; marine,3
2025,Efficient microbial sequestration of organic nitrogen in the eastern Indian Ocean,"Y. Zhang, Shuchai Gan, Ying Wu et al. (n=5)",Y. Zhang; Shuchai Gan; Ying Wu; Jing Zhang; Qi Ye,,https://doi.org/10.5194/egusphere-egu25-9137,biogeochem_carbon; marine; microbial_coupling,3
2025,Transportation and Transformation of Dissolved Organic Matter from Overlying to Bottom Waters of Cold Seeps in the South China Sea: Insights at the Molecular Level&amp;#160;,"Shi Tang, Zhenwei Yan, Yuanbi Yi et al. (n=7)",Shi Tang; Zhenwei Yan; Yuanbi Yi; Yuan Shen; Wei Xie; Ding He; Penghui Li,,https://doi.org/10.5194/egusphere-egu25-2677,biogeochem_carbon; freshwater_lake; marine; sediment_porewater,4
2025,"Deoxygenation effects on the interaction between microbial metabolisms and dissolved organic matter cycling in the seasonally anoxic Mariager Fjord (Denmark, North Sea)","Gonzalo V. Gomez‐Saez, Katharina Muschler, Ömer K. Coskun et al. (n=11)",Gonzalo V. Gomez‐Saez; Katharina Muschler; Ömer K. Coskun; Marit Renken; Marina García-Llorca; Louison Nicolas-Asselineau; Linus M Zeller; Jana Milucka; Thorsten Dittmar; William D. Orsi; Ian P. G. Marshall,,https://doi.org/10.5194/egusphere-egu25-17670,atmosphere_aerosol; biogeochem_carbon; estuary_coastal; marine; microbial_coupling,5
2025,Transformation of dissolved organic matter and its model compounds by dichlorine monoxide and the corresponding generation of chloro-organic byproducts,Yixiao Duan,Yixiao Duan,,https://doi.org/10.14711/thesis-hdl152563,biogeochem_carbon; wastewater_drinking,2
2025,"Intermediate products during natural organic matter biogeochemical processing, a case study inducing photo transformations followed by liquid chromatography-ultrahigh resolution mass spectrometry","Peter Herzsprung, Wolf von Tümpling, Aleksandr Sobolev et al. (n=6)",Peter Herzsprung; Wolf von Tümpling; Aleksandr Sobolev; Norbert Kamjunke; Michael Schwidder; Oliver J. Lechtenfeld,,https://doi.org/10.5194/egusphere-egu25-3231,atmosphere_aerosol; biogeochem_carbon; freshwater_lake; wastewater_drinking,4
2025,Strategies to deal with batch effects with high resolution Orbitrap mass spectrometry for NOM characterisation,"Helen Rutlidge, Russell Pickford, Tina Ventura et al. (n=4)",Helen Rutlidge; Russell Pickford; Tina Ventura; Rita K. Henderson,,https://doi.org/10.5194/egusphere-egu25-21540,biogeochem_carbon; methods_instrumentation,2
2025,Challenges in Integrating Dissolved Organic Matter Chemodiversity into Kinetic Models of Soil Respiration,"Arjun Chakrawal, Odeta Qafoku, Satish Karra et al. (n=5)",Arjun Chakrawal; Odeta Qafoku; Satish Karra; John Bargar; Emily Graham,,https://doi.org/10.31223/x5dh7z,biogeochem_carbon; groundwater; microbial_coupling; soil_terrestrial,4
2025,Controls on the chemical composition of the surface microlayer of Delaware Bay,Nicole Coffey,Nicole Coffey,,https://doi.org/10.58088/tdz5-5n50,atmosphere_aerosol; biogeochem_carbon; estuary_coastal; freshwater_river; groundwater; marine; microbial_coupling; soil_terrestrial; wetland_peatland,9
2025,Thermodynamic property and equilibrium state drive the spatial pattern of dissolved organic matter refractory in global ocean,"Zhenwei Yan, Xin Yu, Ruanhong Cai et al. (n=6)",Zhenwei Yan; Xin Yu; Ruanhong Cai; Yuanbi Yi; Penghui Li; Ding He,,https://doi.org/10.5194/egusphere-egu25-4657,atmosphere_aerosol; biogeochem_carbon; estuary_coastal; marine,4
2025,Gray Carbon in Effluent: Implications for Marine Carbon Sequestration,"Yabing Meng, Xin Du, Nianzhi Jiao",Yabing Meng; Xin Du; Nianzhi Jiao,,https://doi.org/10.5194/oos2025-403,biogeochem_carbon; estuary_coastal; freshwater_river; marine; microbial_coupling; wastewater_drinking,6
2025,The metabolic mechanisms underlying zooplankton-derived dissolved organic matter&amp;#8217;s chemical properties,"Muhammad Firman Nuruddin, Ding He, Longjun Wu",Muhammad Firman Nuruddin; Ding He; Longjun Wu,,https://doi.org/10.5194/egusphere-egu25-14943,biogeochem_carbon; estuary_coastal; freshwater_lake; marine; microbial_coupling,5
2025,Leveraging High-resolution Molecular Composition of Soil Organic Matter to Enhance Carbon Cycling Modeling,"Yi Xiao, Arjun Chakrawal",Yi Xiao; Arjun Chakrawal,,https://doi.org/10.2172/3010834,atmosphere_aerosol; biogeochem_carbon; freshwater_lake; microbial_coupling; soil_terrestrial,5
2025,Underestimated input of terrestrial dissolved organic carbon to the ocean,"Yuanbi Yi, Andrew J. Tanentzap, Chen He et al. (n=14)",Yuanbi Yi; Andrew J. Tanentzap; Chen He; Julian Merder; Helena Osterholz; Hongyan Bao; Jeffrey A. Hawkes; Ruanhong Cai; Si‐Liang Li; Quan Shi; Sheng Xu; Chuanlun Zhang; Meixun Zhao; Ding He,,https://doi.org/10.5194/egusphere-egu25-7651,biogeochem_carbon; freshwater_river; marine; soil_terrestrial,4
2025,Impact of Air Quality on the Composition and Degradability of Atmospheric Organic Matter in Coastal Regions,"Hongyan Bao, Ruoyang Zhang, Jutta Niggemann et al. (n=4)",Hongyan Bao; Ruoyang Zhang; Jutta Niggemann; Thorsten Dittmar,,https://doi.org/10.5194/egusphere-egu25-16056,atmosphere_aerosol; biogeochem_carbon; estuary_coastal; marine,4
2025,Spatial and temporal dynamics of dissolved organic matter in the sea surface microlayer during a bloom of coccolithophores,"Jasper Zöbelein, Thorsten Dittmar, Hannelore Waska",Jasper Zöbelein; Thorsten Dittmar; Hannelore Waska,,https://doi.org/10.5194/egusphere-egu25-19728,atmosphere_aerosol; biogeochem_carbon; estuary_coastal; marine; microbial_coupling,5
2025,Reactive oxygen species produce and diversify low-molecular weight dissolved organic matter from laminarin and chitin,"Hannelore Waska, Sahithya Phani Babu Vemulapalli, Vitor Piotto de Oliveira et al. (n=4)",Hannelore Waska; Sahithya Phani Babu Vemulapalli; Vitor Piotto de Oliveira; Thorsten Dittmar,,https://doi.org/10.5194/egusphere-egu25-9688,biogeochem_carbon; marine; microbial_coupling,3
2025,Tracing the Products of Combustion Processes in the Baltic Sea Water Column,"Tassiana S. G. Serafim, Detlef E. Schulz‐Bull, Christopher P. Rüger et al. (n=8)",Tassiana S. G. Serafim; Detlef E. Schulz‐Bull; Christopher P. Rüger; Thorsten Dittmar; Jutta Niggemann; Ralf Zimmermann; Joanna J Waniek; Helena Osterholz,,https://doi.org/10.5194/egusphere-egu25-8122,atmosphere_aerosol; biochar_black_carbon; biogeochem_carbon; estuary_coastal; marine; petroleum_fossil,6
2025,Photochemical Processing of Dissolved Organic Matter in Fog Water: Oxidation and Functionalization Pathways Driving Organic Aerosol Evolution,"Wenqing Jiang, Lijuan Li, Lu Yu et al. (n=6)",Wenqing Jiang; Lijuan Li; Lu Yu; Hwajin Kim; Yele Sun; Qi Zhang,,https://doi.org/10.5194/egusphere-2025-3949,atmosphere_aerosol; biogeochem_carbon; methods_instrumentation,3
2025,Comment on egusphere-2025-3949,"Jiang, Wenqing, Li, Lijuan, Yu, Lu et al. (n=6)","Jiang, Wenqing; Li, Lijuan; Yu, Lu; Kim, Hwajin; Sun, Yele; Zhang, Qi",,https://doi.org/10.5194/egusphere-2025-3949-rc2,atmosphere_aerosol; biogeochem_carbon; methods_instrumentation,3
2025,Reply on RC3,Qi Zhang,Qi Zhang,,https://doi.org/10.5194/egusphere-2025-3949-ac3,atmosphere_aerosol; biogeochem_carbon; methods_instrumentation,3
2025,Reply on RC2,Qi Zhang,Qi Zhang,,https://doi.org/10.5194/egusphere-2025-3949-ac2,atmosphere_aerosol; biogeochem_carbon; methods_instrumentation,3
2025,Reply on RC1,Qi Zhang,Qi Zhang,,https://doi.org/10.5194/egusphere-2025-3949-ac1,atmosphere_aerosol; biogeochem_carbon; methods_instrumentation,3
2025,Comment on egusphere-2025-3949,"Jiang, Wenqing, Li, Lijuan, Yu, Lu et al. (n=6)","Jiang, Wenqing; Li, Lijuan; Yu, Lu; Kim, Hwajin; Sun, Yele; Zhang, Qi",,https://doi.org/10.5194/egusphere-2025-3949-rc3,atmosphere_aerosol; biogeochem_carbon; methods_instrumentation,3
2025,Comment on egusphere-2025-3949,"Jiang, Wenqing, Li, Lijuan, Yu, Lu et al. (n=6)","Jiang, Wenqing; Li, Lijuan; Yu, Lu; Kim, Hwajin; Sun, Yele; Zhang, Qi",,https://doi.org/10.5194/egusphere-2025-3949-rc1,atmosphere_aerosol; biogeochem_carbon; methods_instrumentation,3
2025,Tracking Changes in Organic-Copper Speciation during Wastewater Treatment Using LC-ICPMS-ESIMS,"Laurinda Nyarko, Christian Dewey, Jeffrey A. Nason et al. (n=4)",Laurinda Nyarko; Christian Dewey; Jeffrey A. Nason; Rene Boiteau,ACS Environmental Au,https://doi.org/10.1021/acsenvironau.4c00114,biogeochem_carbon; freshwater_river; methods_instrumentation; wastewater_drinking,4
2025,"Comparative Evaluation of Treatment Efficiency, DOM Transformation, and Microbial Profile in Two Typical Pretreatment Systems of a Full-Scale Nanofiltration","Xin He, Tian Li, Yulin Tang et al. (n=6)",Xin He; Tian Li; Yulin Tang; Shaohua Wang; Lixian Shi; Bin Xu,ACS ES&T Engineering,https://doi.org/10.1021/acsestengg.5c00393,biogeochem_carbon; microbial_coupling; wastewater_drinking,3
2025,A Sustainable and Scalable Paradigm for Multidimensional Pollution Control of Livestock Wastewater Using Millimeter-Scale Bimetallic Chitosan Beads,"Yudan Dong, Shu-Run Yang, Yunzhe Zheng et al. (n=10)",Yudan Dong; Shu-Run Yang; Yunzhe Zheng; Jiamei Liu; Xin Wang; Peng Zhou; Jing Zhang; Zhaokun Xiong; Chuan-Shu He; Bo Lai,ACS ES&T Engineering,https://doi.org/10.1021/acsestengg.5c00241,biogeochem_carbon; microbial_coupling; wastewater_drinking,3
2025,Salinity Stress Modulates the Dynamic Co-occurrence Interactions between DOM and Microbial Community Profiles in a Typical River–Estuary–Ocean Continuum: From the Pearl River to South China Sea,"Chao Zhang, Yingqiang Li, Junyu Zhu et al. (n=15)",Chao Zhang; Yingqiang Li; Junyu Zhu; Zhe Zhang; Yue Xie; Shuna Fu; Wanbing Zheng; Zihan Shen; Bangxing Ren; Zhenguo Chen; Haijun He; Guang‐Guo Ying; Harald Horn; Amy M. McKenna; Mingzhi Huang,ACS ES&T Water,https://doi.org/10.1021/acsestwater.4c00832,biogeochem_carbon; disturbance_anthropogenic; estuary_coastal; freshwater_river; marine; microbial_coupling,6
2025,Heteroatoms in Dissolved Organic Matter: Their Role in Adsorption and Dynamic Assembly on Activated Carbon,"Jian Liu, Shaohua Chen, Ying Xu et al. (n=7)",Jian Liu; Shaohua Chen; Ying Xu; Mengyi Shi; Kai Zhang; Othman Al‐Mashaqbeh; Jianzhi Huang,ACS ES&T Water,https://doi.org/10.1021/acsestwater.5c00409,biogeochem_carbon; wastewater_drinking,2
2025,Revealing the Role of Biochar-Derived Dissolved Organic Matter during the Degradation of Sulfamethoxazole by Zero-Valent Iron-Activated Persulfate,"Chunhui Zhang, Jing Ji, Huijie Hu et al. (n=8)",Chunhui Zhang; Jing Ji; Huijie Hu; F. Y. Li; Ruomeng Li; Peng Zhang; Cuiping Wang; Hongwen Sun,ACS ES&T Water,https://doi.org/10.1021/acsestwater.5c00603,biochar_black_carbon; biogeochem_carbon,2
2025,"Molecular Evidence of the Promotion of Refractory Dissolved Organic Matter through Anthropogenic DOM Inputs to the Fen River, China","Gong Chen, Shouliang Huo, Jingtian Zhang et al. (n=5)",Gong Chen; Shouliang Huo; Jingtian Zhang; Hanxiao Zhang; Nanyan Weng,ACS ES&T Water,https://doi.org/10.1021/acsestwater.5c00465,biogeochem_carbon; disturbance_anthropogenic; estuary_coastal; freshwater_lake; freshwater_river; marine; microbial_coupling; wastewater_drinking,8
2025,Changes in Dissolved Natural Organic Matter Composition Induced by Reaction with U(VI) at Acidic and Neutral pH,"Carmen A. Velasco, Jacqueline M. Jarvis, Malak Tfaily et al. (n=12)",Carmen A. Velasco; Jacqueline M. Jarvis; Malak Tfaily; A. J. Brearley; F. Omar Holguín; Carson Odell Lee; Angelica Benavidez; Abdul-Mehdi S. Ali; Juan S. Lezama-Pacheco; Stephen E. Cabaniss; Kateryna Artyushkova; José M. Cerrato,ACS ES&T Water,https://doi.org/10.1021/acsestwater.4c01004,biogeochem_carbon; disturbance_anthropogenic,2
2025,Reaction Sequence of the UV/H<sub>2</sub>O<sub>2</sub> System on the Suwannee River Dissolved Organic Matter with Complex Molecular Composition,"Fanju Kong, Feiyan Fang, Weiming Chen",Fanju Kong; Feiyan Fang; Weiming Chen,ACS ES&T Water,https://doi.org/10.1021/acsestwater.4c01260,atmosphere_aerosol; biogeochem_carbon; estuary_coastal; freshwater_river; marine; wastewater_drinking,6
2025,Formation and Transformation of Halogenated Organic Compounds during Full-Scale Shale Gas Wastewater Treatment,"Biao Zhang, Zhanjun Zhu, Qian Song et al. (n=9)",Biao Zhang; Zhanjun Zhu; Qian Song; Xiangying Zeng; Yi Liang; Bin Jiang; Jianzhong Song; Zhiqiang Yu; Ping’an Peng,ACS ES&T Water,https://doi.org/10.1021/acsestwater.5c00732,atmosphere_aerosol; biogeochem_carbon; methods_instrumentation; microbial_coupling; wastewater_drinking,5
2025,Microbial Control on Dissolved Organic Matter Composition along the South-to-North Water Diversion Middle Route Project,"Peilian Zhang, Hanxiao Zhang, Zhanyao Shi et al. (n=6)",Peilian Zhang; Hanxiao Zhang; Zhanyao Shi; Weihui Huang; Jing Wang; Shouliang Huo,ACS ES&T Water,https://doi.org/10.1021/acsestwater.5c00138,biogeochem_carbon; estuary_coastal; marine; microbial_coupling; wastewater_drinking,5
2025,Effects of Eluate Drying on the Chemodiversity of Dissolved Organic Matter Revealed by Ultrahigh-Resolution Mass Spectrometry,"Xinyi Chen, Qing‐Long Fu, Ziyong Sun",Xinyi Chen; Qing‐Long Fu; Ziyong Sun,ACS Measurement Science Au,https://doi.org/10.1021/acsmeasuresciau.5c00055,biogeochem_carbon,1
2025,Molecular Fingerprints and Reactivity Evolution of Dissolved Organic Matter Leached from Coal under Geothermal Conditions,"Zepeng Wan, Peng Lu, Sha Yang et al. (n=6)",Zepeng Wan; Peng Lu; Sha Yang; Yangcheng Xu; Yanqing Wu; Baisheng Nie,ACS Omega,https://doi.org/10.1021/acsomega.5c08211,biogeochem_carbon; groundwater; petroleum_fossil,3
2025,Onboard Large-Scale Isolation and Characterization of Three Reference DOM Materials from Siberian Arctic Shelf Marine Water,"Anna N. Khreptugova, Andrey I. Konstantinov, Tatiana A. Mikhnevich et al. (n=7)",Anna N. Khreptugova; Andrey I. Konstantinov; Tatiana A. Mikhnevich; Felipe Matsubara Pereira; Örjan Gustafsson; Igor Semiletov; Irina V. Perminova,ACS Omega,https://doi.org/10.1021/acsomega.4c06041,biogeochem_carbon; estuary_coastal; freshwater_river; marine; soil_terrestrial,5
2025,Organic Fertilization Enhances Microbial-Mediated Dissolved Organic Matter Composition and Transformation in Paddy Soil,"Long Chen, Huajun Fang, Shulan Cheng et al. (n=8)",Long Chen; Huajun Fang; Shulan Cheng; Hui Wang; Yifan Guo; Fangying Shi; Bingqian Liu; H. W. Pu,Agriculture,https://doi.org/10.3390/agriculture15232412,biochar_black_carbon; biogeochem_carbon; microbial_coupling; soil_terrestrial,4
2025,Medium molecular weight carbon fractions of DOM: Driving soil microbial community differentiation and soil organic carbon sequestration,"Jinkang Yang, Yanan Ren, Shaomin Huang et al. (n=9)",Jinkang Yang; Yanan Ren; Shaomin Huang; Liping Weng; Yongtao Li; Hongen Liu; Peng Zhao; Long Wang; Xiaolei Jie,Agriculture Ecosystems & Environment,https://doi.org/10.1016/j.agee.2025.109688,biogeochem_carbon; disturbance_anthropogenic; microbial_coupling; soil_terrestrial; wetland_peatland,5
2025,Weak Anion-Exchange Chromatography Coupled with FT-ICR MS Resolves Polarity-Driven Molecular Signatures in Natural and Anthropogenic Dissolved Organic Matter,"Joseph W. Frye, Lissa C. Anderson, Winston K. Robbins et al. (n=11)",Joseph W. Frye; Lissa C. Anderson; Winston K. Robbins; Germain Salvato Vallverdu; A Santiago Rodriguez; Mason C. Hagan; Alan G. Marshall; Brice Bouyssière; Pierre Giusti; R. C. Rodgers; Martha L. Aguilera,Analytical Chemistry,https://doi.org/10.1021/acs.analchem.5c05562,biogeochem_carbon; methods_instrumentation; petroleum_fossil,3
2025,Development of a Nontargeted Algorithm for Per- and Polyfluoroalkyl Substances in the FT-ICR Mass Spectra of Complex Organic Mixtures,"Qing‐Long Fu, Yanhui Cheng, Jibao Liu et al. (n=8)",Qing‐Long Fu; Yanhui Cheng; Jibao Liu; Lee Blaney; Caiming Tang; Manabu Fujii; Pingqing Fu; Yanxin Wang,Analytical Chemistry,https://doi.org/10.1021/acs.analchem.4c06674,atmosphere_aerosol; biogeochem_carbon; freshwater_river,3
2025,Simultaneous Elucidation of the Chemodiversity of Dissolved Organic Matter and Quantitation of Trace Organic Contaminant Sucralose by Fourier Transform Ion Cyclotron Resonance Mass Spectrometry,"Qian You, Yanhui Cheng, Qing‐Long Fu et al. (n=9)",Qian You; Yanhui Cheng; Qing‐Long Fu; Guodong Cao; Jibao Liu; Manabu Fujii; Lee Blaney; Pingqing Fu; Yanxin Wang,Analytical Chemistry,https://doi.org/10.1021/acs.analchem.5c01311,biogeochem_carbon; freshwater_lake; wastewater_drinking,3
2025,Internal Calibration without Internal Calibrants by Mass Difference Analysis in FT-ICR Mass Spectrometry,"Ryan P. Rodgers, Christopher L. Hendrickson, Christopher A. Holder Montenegro et al. (n=12)",Ryan P. Rodgers; Christopher L. Hendrickson; Christopher A. Holder Montenegro; Álvaro J. Tello-Rodríguez; Teja Potu; Benjohn Shung; Mason Hagan; Chad R. Weisbrod; Pierre Giusti; Christopher P. Rüger; Martha L. Chacón‐Patiño; Germain Salvato Vallverdu,Analytical Chemistry,https://doi.org/10.1021/acs.analchem.5c02420,atmosphere_aerosol; biochar_black_carbon; biogeochem_carbon; methods_instrumentation; petroleum_fossil,5
2025,Comparative evaluation of positive and negative LC-MS modes for DOM profiling,"Jiying Pei, Shiguo Chen, Jiayu Zhang et al. (n=6)",Jiying Pei; Shiguo Chen; Jiayu Zhang; Wenfeng Yu; Weijie Qin; Kefu Yu,Analytical Methods,https://doi.org/10.1039/d5ay00679a,biogeochem_carbon; marine; methods_instrumentation,3
2025,"Chemodiversity of coastal seawater dissolved organic matter shaped by wastewater treatment plant effluent in Tokyo Bay, Japan","Yanhui Cheng, Jibao Liu, Manabu Fujii et al. (n=4)",Yanhui Cheng; Jibao Liu; Manabu Fujii; Qing‐Long Fu,Applied Geochemistry,https://doi.org/10.1016/j.apgeochem.2025.106292,disturbance_anthropogenic; estuary_coastal; marine; wastewater_drinking,4
2025,Long-term manure fertilization enhances red soil organic carbon storage,"Hongqin Zou, Changai Lu, Lu Zhang et al. (n=6)",Hongqin Zou; Changai Lu; Lu Zhang; Minggang Xu; Yinghua Duan; Lauren Hale,Applied Soil Ecology,https://doi.org/10.1016/j.apsoil.2025.106644,biogeochem_carbon; disturbance_anthropogenic; microbial_coupling; soil_terrestrial,4
2025,Photochemical processing of dissolved organic matter in fog water: oxidation and functionalization pathways driving organic aerosol evolution,"Wenqing Jiang, Lijuan Li, Lu Yu et al. (n=6)",Wenqing Jiang; Lijuan Li; Lu Yu; Hwajin Kim; Yele Sun; Qi Zhang,Atmospheric chemistry and physics,https://doi.org/10.5194/acp-25-16817-2025,atmosphere_aerosol; biogeochem_carbon; estuary_coastal; marine; methods_instrumentation,5
2025,Long-term fertilization regimes modulate dissolved organic matter molecular chemodiversity and greenhouse gas emissions in paddy soil,"Yuanyuan Sun, Weiming Zhang, Liqun Xiu et al. (n=7)",Yuanyuan Sun; Weiming Zhang; Liqun Xiu; Wenqi Gu; Di Wu; Liang Tang; Wenfu Chen,Biochar,https://doi.org/10.1007/s42773-025-00445-3,biochar_black_carbon; biogeochem_carbon; soil_terrestrial,3
2025,Molecular composition of dissolved organic matter in soil leachate following application of surface agricultural practices and its implications for groundwater,"Jie Dong, Linna Jia, Haoran Wu et al. (n=7)",Jie Dong; Linna Jia; Haoran Wu; Hang Fu; Wenlin Ren; Kang Yue; Jia Xin,Biogeochemistry,https://doi.org/10.1007/s10533-025-01249-0,biogeochem_carbon; disturbance_anthropogenic; groundwater; soil_terrestrial; wastewater_drinking; wetland_peatland,6
2025,Fate of dissolved organic matter in thermal hydrolysis pretreatment aided autothermal thermophilic aerobic digestion of high solid sludge,"Ruming Wang, Yangyang Liu, Jinwen Hu et al. (n=6)",Ruming Wang; Yangyang Liu; Jinwen Hu; Chunxing Li; Haiping Yuan; Nanwen Zhu,Bioresource Technology,https://doi.org/10.1016/j.biortech.2025.132246,wastewater_drinking,1
2025,Synergistic Bacillus-woody peat bio-composting enhances dissolved organic matter transformation and cucumber growth,"Jiyu Xie, Yi Ren, Taimeng Tan et al. (n=12)",Jiyu Xie; Yi Ren; Taimeng Tan; Lili Tao; Xinli Sun; Lihao Chen; Wen Yu; Xiaojian Yu; Ruifu Zhang; Qirong Shen; Jianchao Zhang; Zhihui Xu,Bioresource Technology,https://doi.org/10.1016/j.biortech.2025.133556,microbial_coupling; wastewater_drinking; wetland_peatland,3
2025,Mechanism of biomass driving microbial community assembly in eco-engineering bauxite residues: Based on molecular traits of dissolved organic matter,"Guizhen Wang, Aiju Liu, Yunna Wang et al. (n=11)",Guizhen Wang; Aiju Liu; Yunna Wang; Guoqin Hou; Fangshuo Zhang; Jing Liu; Zafran Gul Wazir; Yuzhi Xu; Kai Liu; Hongliang Liu; Peng Fu,Bioresource Technology,https://doi.org/10.1016/j.biortech.2025.133601,biogeochem_carbon; disturbance_anthropogenic; microbial_coupling,3
2025,"Reduction of bioavailable DON via yeast-driven activated sludge: optimizations, molecular evidence, and eutrophication control potential","Shun Li, Ying Liu, Bo Li et al. (n=7)",Shun Li; Ying Liu; Bo Li; Xiao Yu; Xiangdong You; Bing‐Jie Ni; Wenzhou Lv,Bioresource Technology,https://doi.org/10.1016/j.biortech.2025.133702,biogeochem_carbon; wastewater_drinking; wetland_peatland,3
2025,Efficient control of wastewater-derived dissolved organic nitrogen and its eutrophication potential via redox mediator at low temperatures: Molecular and microbial mechanism,"Huazai Cheng, Jiaqian You, Kewei Liao et al. (n=5)",Huazai Cheng; Jiaqian You; Kewei Liao; Hongqiang Ren; Haidong Hu,Bioresource Technology,https://doi.org/10.1016/j.biortech.2025.132910,biogeochem_carbon; microbial_coupling; wastewater_drinking,3
2025,Couples in the deep: dissolved organic and microbial communities in the oxygenated hypolimnion of a deep freshwater lake,"Morimaru Kida, Ayuri Ohira, Yusuke Okazaki et al. (n=7)",Morimaru Kida; Ayuri Ohira; Yusuke Okazaki; Yasuhiko T. Yamaguchi; Akiko Goto; Kazuhide Hayakawa; Hiroshi Nishimura,bioRxiv (Cold Spring Harbor Laboratory),https://doi.org/10.1101/2025.09.23.678040,biogeochem_carbon; freshwater_lake; microbial_coupling,3
2025,"Dissolved Organic Matter Composition and Environmental Characteristics of Lakes Across a Permafrost Gradient, Northwest Territories, Canada","H.S. Hutchins, Ryan, G. Leathers, Jeremy, Schiff, Sherry et al. (n=9)","H.S. Hutchins, Ryan; G. Leathers, Jeremy; Schiff, Sherry; English, Michael; Schultz, Mackenzie; J. Venkiteswaran, Jason; Tank, Suzanne; Elgood, Richard; Aukes, Pieter Jan Karel",Borealis,https://doi.org/10.5683/sp3/5owkls,biogeochem_carbon; cryosphere; disturbance_anthropogenic; freshwater_lake; sediment_porewater; soil_terrestrial,6
2025,Spatial distribution of composition and chemodiversity of surface water dissolved organic matter (DOM) over the upper reach of the Changjiang River,"Shujun Yin, Chenhui Wei, Yafang Liu et al. (n=4)",Shujun Yin; Chenhui Wei; Yafang Liu; Dongqiang Zhu,Carbon Research,https://doi.org/10.1007/s44246-025-00223-7,biogeochem_carbon; disturbance_anthropogenic; estuary_coastal; freshwater_river; marine; microbial_coupling; soil_terrestrial,7
2025,PHB/PBAT blended melt-blown micro-nano fiber carbon source for efficient solid-phase denitrification: Insights into low-carbon treatment and enhanced mechanism,"Hao Yuan, Liang Tang, Ziwei Yang et al. (n=10)",Hao Yuan; Liang Tang; Ziwei Yang; Xiaodong Pi; Jinxiang Zhao; R.C. Luo; Tang Ming; Zuwen Liu; Zhendong Lei; Shiyang Li,Chemical Engineering Journal,https://doi.org/10.1016/j.cej.2025.165128,biogeochem_carbon; wastewater_drinking,2
2025,A novel approach to healthy water Treatment: Boiling-Based UV photoelectrochemical oxidation process for the removal of disinfection by-products from drinking water,"Xingxing Huang, Yujie Ao, Hao‐Cheng Yang et al. (n=8)",Xingxing Huang; Yujie Ao; Hao‐Cheng Yang; Muyu Feng; Xuan Wang; Rui Chen; Qing Yang; Jinsuo Lu,Chemical Engineering Journal,https://doi.org/10.1016/j.cej.2025.163658,biogeochem_carbon; wastewater_drinking,2
2025,Dissolved organic matter as a promoter of U(VI) reduction during ferrihydrite transformation: Implications for uranium sequestration,"Yang Ding, Xiahan Zuo, Xixian Huang et al. (n=7)",Yang Ding; Xiahan Zuo; Xixian Huang; Hui Zhang; Feng Li; Jianhong Ma; Dexin Ding,Chemical Engineering Journal,https://doi.org/10.1016/j.cej.2025.172353,biogeochem_carbon,1
2025,Ultrasound-driven centralized reactor strategy for enhanced sludge valorization: From cavitation field regulation to sustainable resource recovery,"Qinqin Liu, Kang Hou, Yali Jiang et al. (n=8)",Qinqin Liu; Kang Hou; Yali Jiang; Y P Tian; Yu Lu; Bo Yang; Fang Li; Qing Tian,Chemical Engineering Journal,https://doi.org/10.1016/j.cej.2025.168532,biogeochem_carbon; wastewater_drinking,2
2025,Reduction of halogenated byproduct formation during ozone-based advanced oxidation of shale gas produced water by selective oxidation and pre-oxidation,"Hualiang Feng, Yani Lai, Wenlong Mao et al. (n=4)",Hualiang Feng; Yani Lai; Wenlong Mao; Zhaoji Zhang,Chemical Engineering Journal,https://doi.org/10.1016/j.cej.2025.171911,biogeochem_carbon; petroleum_fossil; wastewater_drinking,3
2025,Role of granular activated carbon's physical properties and surface chemistry in sustaining biological activated carbon performance,"Chen Han, Junling Wang, Lei Xu et al. (n=6)",Chen Han; Junling Wang; Lei Xu; Peng Zhou; Nigel Graham; Wenzheng Yu,Chemical Engineering Journal,https://doi.org/10.1016/j.cej.2025.169173,microbial_coupling; wastewater_drinking,2
2025,Investigation on the mechanism of dissolved organic matter degradation in printing and dyeing wastewater by plasma-treated La0.5Sr0.5CoO3-δ activating persulfate,"Yang Yang, Jingyuan Wang, Tong Xu et al. (n=5)",Yang Yang; Jingyuan Wang; Tong Xu; Bin Zhu; Xiaomin Zhang,Chemical Engineering Journal,https://doi.org/10.1016/j.cej.2025.164831,wastewater_drinking,1
2025,Hydrothermal carbonization aqueous phase applied to the rice paddy: Interaction between soil DOM and bacterial community on runoff water quality,"Yuanyuan Feng, Yuanyuan Feng, Huayong He et al. (n=12)",Yuanyuan Feng; Yuanyuan Feng; Huayong He; Lisha Wang; Yahui Ji; Bingyu Wang; Bingfa Chen; Shiying He; Yanfang Feng; Yanfang Feng; Lihong Xue; Baoshan Xing,Chemical Engineering Journal,https://doi.org/10.1016/j.cej.2025.162495,biogeochem_carbon; microbial_coupling; soil_terrestrial,3
2025,Exploring the Chemical Space of Dissolved Organic Matter using FT-ICR MS with Multi-Source Network Traversal,"Jibao Liu, Rongjun Gao, Mohamed Elsamadony et al. (n=10)",Jibao Liu; Rongjun Gao; Mohamed Elsamadony; Dilhani Senevinanda; Kushani Dilinika; Yuheng Gu; Supaporn Klabklaydee; Qing‐Long Fu; Eunsang Kwon; Manabu Fujii,ChemRxiv,https://doi.org/10.26434/chemrxiv-2025-9s13m,biogeochem_carbon; estuary_coastal; freshwater_lake; marine,4
2025,Improvement of Electrospray Ionization Response Linearity and Quantification in Dissolved Organic Matter using Synthetic Deuterated Internal Standards,"Alexander J. Craig, Mustapha Adekomi Ganiyu, Lindon W. K. Moodie et al. (n=8)",Alexander J. Craig; Mustapha Adekomi Ganiyu; Lindon W. K. Moodie; Sofja Tshepelevitsh; Koit Herodes; Heike Simon; Thorsten Dittmar; Jeffrey A. Hawkes,ChemRxiv,https://doi.org/10.26434/chemrxiv-2025-6wm8s,biogeochem_carbon; estuary_coastal; freshwater_river; marine; methods_instrumentation,5
2025,Extended Inter-laboratory Characterization of the New Coastal Seawater Dissolved Organic Matter Reference Material TRM-0522,"Alexander J. Craig, Lydia Babcock‐Adams, Maxime C. Bridoux et al. (n=17)",Alexander J. Craig; Lydia Babcock‐Adams; Maxime C. Bridoux; Christian Le Brun; Juliana D’Andrilli; Aleksandar I. Goranov; Patrick G. Hatcher; Oliver J. Lechtenfeld; Hang Li; Rebecca Rodrigues Matos; Garrett McKay; Amy M. McKenna; Madelyn Miller; Sasha Wagner; Margot E. White; Alexander Zherebker; Jeffrey A. Hawkes,ChemRxiv,https://doi.org/10.26434/chemrxiv-2025-1232j,biogeochem_carbon; estuary_coastal; marine,3
2025,Long-term fertilization promotes the microbial-mediated transformation of soil dissolved organic matter,"Mingming Xia, Pengfa Li, Jia Liu et al. (n=9)",Mingming Xia; Pengfa Li; Jia Liu; Wenjing Qin; Qigen Dai; Meng Wu; Zhongpei Li; Daming Li; Ming Liu,Communications Earth & Environment,https://doi.org/10.1038/s43247-025-02032-7,biogeochem_carbon; microbial_coupling; soil_terrestrial; wetland_peatland,4
2025,Environmental and microbial factors shape dissolved organic matter across multiple ecosystems,"Bixi Guo, Yongqin Liu, Jianjun Wang et al. (n=7)",Bixi Guo; Yongqin Liu; Jianjun Wang; Qiang Zheng; Quan Shi; Chen He; Nianzhi Jiao,Communications Earth & Environment,https://doi.org/10.1038/s43247-025-02848-3,biogeochem_carbon; cryosphere; estuary_coastal; marine; microbial_coupling; soil_terrestrial,6
2025,Separation and removal characteristics of pollutants in coagulation process of asphalt production wastewater,"Yue Cao, Shuai Zhu, JIANG Juntao et al. (n=7)",Yue Cao; Shuai Zhu; JIANG Juntao; Z C Li; WANG Qinghong; C Chen; XU Chunming,DOAJ (DOAJ: Directory of Open Access Journals),https://doi.org/10.19965/j.cnki.iwt.2024-0715,biogeochem_carbon; petroleum_fossil; wastewater_drinking,3
2025,Transformation characteristics of dissolved organic matter in ozone treatment unit of wastewater plants,"Wanli Zhang, Cheng Fangkui, Jinglin Zhu",Wanli Zhang; Cheng Fangkui; Jinglin Zhu,DOAJ (DOAJ: Directory of Open Access Journals),https://doi.org/10.19965/j.cnki.iwt.2024-0438,biogeochem_carbon; microbial_coupling; wastewater_drinking,3
2025,Transformation behavior of dissolved organic matter in refinery effluent under microbial activity,"Leqi Wang, Niu Zelin, Weng Yibin et al. (n=7)",Leqi Wang; Niu Zelin; Weng Yibin; Yifei Zhu; HE Lei; WANG Qinghong; C Chen,DOAJ (DOAJ: Directory of Open Access Journals),https://doi.org/10.19965/j.cnki.iwt.2025-0118,biogeochem_carbon; microbial_coupling; petroleum_fossil; wastewater_drinking,4
2025,"Surface water and groundwater FTICR-MS, NPOC, and TN from nine wetlands and three upland wells at the Tanglewood Biological Station, Alabama","Forbes, Brieanne, Danczak, Robert E., Delgado, Dillman et al. (n=16)","Forbes, Brieanne; Danczak, Robert E.; Delgado, Dillman; Garayburu-Caruso, Vanessa A.; Goldman, Amy E.; Jones, C. Nathan; Kirker, Ashleigh; Laan, Maggi; McKever, Sophia A.; Molina Serpas, Lidia; Morejon, Jasmine; Mortazavi, Behzad; Renteria, Lupita; Rice, Elaine; Tatariw, Corianne; Stegen, James C.",DOE Lawrence Berkeley National Laboratory (LBNL) Repository,https://doi.org/10.15485/3001967,biogeochem_carbon; disturbance_anthropogenic; freshwater_river; groundwater; wetland_peatland,5
2025,"WHONDRS River Corridor Sediment and Water Geochemistry and In Situ Sensor Data from 7 Perennial and 7 Intermittent Streams across San Antonio, Texas (v3)","Robert Danczak, Mark Bowden, Crawford, Mekayla et al. (n=16)","Robert Danczak; Mark Bowden; Crawford, Mekayla; Dillman Delgado; Vanessa Garayburu‐Caruso; Amy Goldman; Brieanne Forbes; Maggi Laan; Brian G. Laub; Sophia McKever; Juan Alberto Ocejo; Lupita Renteria; Malak Tfaily; Vergara, Mariana; Allison M. Veach; James Stegen",DOE Lawrence Berkeley National Laboratory (LBNL) Repository,https://doi.org/10.15485/2529428,biogeochem_carbon; disturbance_anthropogenic; freshwater_river; methods_instrumentation; sediment_porewater,5
2025,Molecular Characteristics of Dissolved Organic Nitrogen in PM<sub>2.5</sub> from Shanghai by FT-ICR Mass Spectrometry,"Cuiping Ning, Yutong Tang, Dan Wang",Cuiping Ning; Yutong Tang; Dan Wang,E3S Web of Conferences,https://doi.org/10.1051/e3sconf/202562502004,atmosphere_aerosol; biogeochem_carbon,2
2025,Comprehensive effects of lake dredging on microbial community and dissolved organic matter compositions in surface sediments,"Hezhou Chen, Shaozhuang Guo, Songhe Zhang et al. (n=8)",Hezhou Chen; Shaozhuang Guo; Songhe Zhang; Yongsheng Tang; Tilang Zhang; Xin Lv; Dejin Wang; Jicheng Zhong,Ecological Indicators,https://doi.org/10.1016/j.ecolind.2025.113566,biogeochem_carbon; disturbance_anthropogenic; freshwater_lake; microbial_coupling; sediment_porewater,5
2025,Application of QuEchERs Extraction Method for Optimization of Organic Matters in Oil Sand by Ultrahigh FTIR Orbitrap -MS,"Gbenga Aladekoyi, Emmanuel G. Olumayede, Samuel O. Olusanya et al. (n=4)",Gbenga Aladekoyi; Emmanuel G. Olumayede; Samuel O. Olusanya; Simeon Schum,Egyptian Journal of Petroleum,https://doi.org/10.62593/2090-2468.1068,biogeochem_carbon; freshwater_lake; methods_instrumentation; petroleum_fossil; soil_terrestrial,5
2025,Synchronously accelerated petroleum hydrocarbon removal in soil and leachate by the bioelectrochemical systems for over 1200 days,"Xin Yu, Yan Xu, Xiaolin Zhang et al. (n=9)",Xin Yu; Yan Xu; Xiaolin Zhang; Side Yang; Xiaodong Zhao; Penghui Li; Chengxi Li; Jirui Zhao; Xiaojing Li,Electrochimica Acta,https://doi.org/10.1016/j.electacta.2025.145746,biogeochem_carbon; microbial_coupling; petroleum_fossil; soil_terrestrial,4
2025,Detailed Molecular Composition of Wood Pyrolysis Bio-Oils Revealed by HPLC-FT-ICR MS,"Martha L. Chacón‐Patiño, Joseph W. Frye, Lissa C. Anderson et al. (n=16)",Martha L. Chacón‐Patiño; Joseph W. Frye; Lissa C. Anderson; Winston K. Robbins; Germain Salvato Vallverdu; Álvaro J. Tello-Rodríguez; Wladimir Ruiz; Germán Gascón; Christopher P. Rüger; David C. Dayton; Pierre Giusti; Charlotte Mase; Caroline Barrère‐Mangote; Carlos Afonso; Brice Bouyssière; Ryan P. Rodgers,Energy & Fuels,https://doi.org/10.1021/acs.energyfuels.4c05674,biochar_black_carbon; biogeochem_carbon; methods_instrumentation; petroleum_fossil,4
2025,Scale Formation from Dissolved Organic Matter in SAGD Steam Generators─Part I: Acidic Species Characterized by FTICR-MS,"Ali Naderi, Thomas B. P. Oldenburg",Ali Naderi; Thomas B. P. Oldenburg,Energy & Fuels,https://doi.org/10.1021/acs.energyfuels.5c01778,atmosphere_aerosol; biogeochem_carbon; freshwater_lake; petroleum_fossil,4
2025,Molecular mechanistic insights towards aggregation of nano-biochar moderated by aromatic components in dissolved organic matter,"Zheng Zhou, Meng Lu, Yu Huang et al. (n=10)",Zheng Zhou; Meng Lu; Yu Huang; Zhao Changping; Yafeng Wang; Marc Pidou; Min Wu; Quan Chen; Paul Jeffrey; Bo Pan,Environment International,https://doi.org/10.1016/j.envint.2025.109350,biochar_black_carbon; biogeochem_carbon,2
2025,Molecular insights into the bioavailability and transformation of dissolved organic phosphorus and nitrogen in a wastewater treatment plant,"Hongwei Bai, Qiao Liu, Xuhui Shen et al. (n=8)",Hongwei Bai; Qiao Liu; Xuhui Shen; Wenbing Tan; Ying Yuan; Dongyang Li; Yike Kang; Dongyu Cui,Environmental Chemistry and Ecotoxicology,https://doi.org/10.1016/j.enceco.2025.11.023,biogeochem_carbon; soil_terrestrial; wastewater_drinking,3
2025,GRSP-induced diversity change of dissolved organic matter enhances the availability of PAHs in soil,"Xian Zhou, Pengfei Li, Fredrick Owino Gudda et al. (n=7)",Xian Zhou; Pengfei Li; Fredrick Owino Gudda; Chao Qin; Ahmed Mosa; Wanting Ling; Jian Wang,Environmental Pollution,https://doi.org/10.1016/j.envpol.2025.126858,microbial_coupling; soil_terrestrial,2
2025,Differential aging processes of microplastics in paddy soil under wet-dry alternation: Insights into chemical structure alteration and dissolved organic matter formation,"Ruchun Jiang, Fanyang Bu, Xiaodong Li et al. (n=8)",Ruchun Jiang; Fanyang Bu; Xiaodong Li; Zongquan Sun; Yayun Xiang; Wenxiu Liu; Fujun Ma; Qingbao Gu,Environmental Pollution,https://doi.org/10.1016/j.envpol.2025.127095,biogeochem_carbon; microbial_coupling; soil_terrestrial,3
2025,Microbial processes dominate DOM degradation in alpine karst lakes over photochemical effects,"Qinqin You, Hanyong Zeng, Muhammad Ibrar et al. (n=9)",Qinqin You; Hanyong Zeng; Muhammad Ibrar; Dalin Zhu; Demeng Zhao; Yutao Cao; Yunde Zhang; Yanbao Lei; Geng Sun,Environmental Research,https://doi.org/10.1016/j.envres.2025.121812,disturbance_anthropogenic; estuary_coastal; freshwater_lake; marine; microbial_coupling,5
2025,Microbial transformation of sulfur-containing dissolved organic matter in the intertidal zone of a mountainous river estuary responding to tidal fluctuation,"Longfei Wang, Guosheng Zhao, Weidong Guo et al. (n=6)",Longfei Wang; Guosheng Zhao; Weidong Guo; Yi Li; Jiaying Chen; Lihua Niu,Environmental Research,https://doi.org/10.1016/j.envres.2025.121363,biogeochem_carbon; disturbance_anthropogenic; estuary_coastal; freshwater_river; marine; microbial_coupling; sediment_porewater,7
2025,Benthic biofilms as reservoirs of recalcitrant organic matter in freshwater reservoirs: insights from FT-ICR MS,"Ch. Tahir Mehmood, Yujian Dong, Huiyu Liu et al. (n=8)",Ch. Tahir Mehmood; Yujian Dong; Huiyu Liu; Yu Han; Yan Wang; Yiwei Li; Yeyuan Xiao; Olivier Habimana,Environmental Research,https://doi.org/10.1016/j.envres.2025.122945,biogeochem_carbon; estuary_coastal; freshwater_lake; marine; microbial_coupling; sediment_porewater; soil_terrestrial,7
2025,Unveiling the molecular composition of dissolved organic phosphorus in the freshwater-estuarine continuum using ultrahigh-resolution FT-ICR-MS,"Yanjiao Zhou, Liyang Yang, Fu‐Tao Fang et al. (n=6)",Yanjiao Zhou; Liyang Yang; Fu‐Tao Fang; Yuqing Li; Wan-E Zhuang; ⎜Zhuoyi Zhu,Environmental Research,https://doi.org/10.1016/j.envres.2025.123352,biogeochem_carbon; estuary_coastal; marine; soil_terrestrial,4
2025,Endogenous metabolism and electricity conversion of organic clogging substances in constructed wetland microbial fuel cell,"Chao Li, Dongxu He, Quan Yuan et al. (n=7)",Chao Li; Dongxu He; Quan Yuan; Jiashun Cao; Jingyang Luo; Ming Xu; Hongqiang Ren,Environmental Research,https://doi.org/10.1016/j.envres.2025.123331,biogeochem_carbon; microbial_coupling; wastewater_drinking; wetland_peatland,4
2025,Interactions between lake dissolved organic matter and heavy metals: implications for ecological risk assessment,"L. Li, Mingying Dong, Lizhi He et al. (n=9)",L. Li; Mingying Dong; Lizhi He; Hanbo Chen; Minda Yu; Williamson Gustave; Boling Li; Xiaokai Zhang; Feng He,Environmental Reviews,https://doi.org/10.1139/er-2025-0181,biogeochem_carbon; estuary_coastal; freshwater_lake; marine; microbial_coupling,5
2025,Ferrous Oxidation-Driven Adsorptive and Oxidative Transformation Boosts Electron Exchange Capacity of Dissolved Organic Matter: Environmental Implications,"Kai Liu, Jialin Chi, Liping Fang et al. (n=8)",Kai Liu; Jialin Chi; Liping Fang; Minwen Huang; Shiyin Wu; Xiangjun Meng; Thomas Borch; Fangbai Li,Environmental Science & Technology,https://doi.org/10.1021/acs.est.5c13400,biogeochem_carbon; microbial_coupling; soil_terrestrial,3
2025,Prediction of Dissolved Organic Carbon Concentrations in Inland Waters Using Optical Proxies of Aromaticity,Kathleen R. Murphy,Kathleen R. Murphy,Environmental Science & Technology,https://doi.org/10.1021/acs.est.5c05408,biogeochem_carbon; estuary_coastal; marine,3
2025,Molecular Alteration of Dissolved Organic Matter in Intertidal Sediments: The Role of Fe(II) Reoxidation,"Huifang XIAO, Zhe Zhou, Jiangtao Li et al. (n=4)",Huifang XIAO; Zhe Zhou; Jiangtao Li; Shouye Yang,Environmental Science & Technology,https://doi.org/10.1021/acs.est.5c06631,biogeochem_carbon; estuary_coastal; marine; sediment_porewater; wetland_peatland,5
2025,High Molecular-Weight Organics as Precursors for Toxic Iodinated Disinfection Byproducts during Chloramination,"Wenyuan Yang, Tom Bond, Chao Fang et al. (n=5)",Wenyuan Yang; Tom Bond; Chao Fang; Zhenqi Du; Wenhai Chu,Environmental Science & Technology,https://doi.org/10.1021/acs.est.4c10643,biogeochem_carbon; wastewater_drinking,2
2025,Linking Molecular Diversity to Electron Transfer Capacity of Soil Dissolved Organic Matter: Role of Molecular Composition and Structure,"Qianting Ye, Rong Li, Jeffrey M. Hudson et al. (n=8)",Qianting Ye; Rong Li; Jeffrey M. Hudson; Paul G. Tratnyek; Lanlan Zhu; Jiang Xiao; Fu Liu; Zhenqing Shi,Environmental Science & Technology,https://doi.org/10.1021/acs.est.5c08523,biogeochem_carbon; soil_terrestrial,2
2025,Heating-Induced Changes in Content and Molecular Characteristics of Pyrogenic Dissolved Organic Matter across Soil Types,"Qiang Zhang, Yinghui Wang, Yuhang Zhang et al. (n=9)",Qiang Zhang; Yinghui Wang; Yuhang Zhang; Junwen Zhang; Fuyou Hou; Chen He; Quan Shi; Gan Zhang; Junjian Wang,Environmental Science & Technology,https://doi.org/10.1021/acs.est.4c08306,biochar_black_carbon; biogeochem_carbon; disturbance_anthropogenic; freshwater_lake; microbial_coupling; soil_terrestrial,6
2025,Unveiling Chemical-Microbial Cascade Risk Factors from Plastic Pipe Leaching in Drinking Water,"Mengqing Fan, Ziqian Wang, Mingchen Yao et al. (n=8)",Mengqing Fan; Ziqian Wang; Mingchen Yao; Xiao‐Ming Li; Walter van der Meer; Yu Tao; Joan B. Rose; Gang Liu,Environmental Science & Technology,https://doi.org/10.1021/acs.est.5c10244,biogeochem_carbon; groundwater; microbial_coupling; wastewater_drinking,4
2025,Birnessite-Mediated Phosphorus Transformation and Speciation in Dissolved and Soil Organic Matter,"Oluwadunsin Oyetunji, Oliver A.H. Jones, Suresh R. Subashchandrabose et al. (n=5)",Oluwadunsin Oyetunji; Oliver A.H. Jones; Suresh R. Subashchandrabose; Marjana Yeasmin; Dane Lamb,Environmental Science & Technology,https://doi.org/10.1021/acs.est.5c05105,biogeochem_carbon; soil_terrestrial,2
2025,Erosion-Driven Vertical Decoupling: Molecular Signatures of Dissolved Organic Matter and Microbial Coevolution in Subsoil Hotspots,"Yumei Peng, Zhongmin Fan, Zi Wang et al. (n=8)",Yumei Peng; Zhongmin Fan; Zi Wang; Ziyun Zhang; Yuxin Yan; Jia Shi; Chunpeng Huo; Xiang Wang,Environmental Science & Technology,https://doi.org/10.1021/acs.est.5c02856,biogeochem_carbon; disturbance_anthropogenic; groundwater; microbial_coupling; sediment_porewater; soil_terrestrial,6
2025,Unveiling Molecular Constraints on the Formation and Fate of Organoiodine Compounds under Aquifer Conditions,"Jiangkai Xue, Yamin Deng, Qing‐Long Fu et al. (n=6)",Jiangkai Xue; Yamin Deng; Qing‐Long Fu; Yao Du; Jianbo Shi; Yanxin Wang,Environmental Science & Technology,https://doi.org/10.1021/acs.est.5c05558,biogeochem_carbon; groundwater,2
2025,Size and Structure-Dependent Molecular Fingerprint Transformation of Microplastic-Derived Dissolved Organic Matter in Sunlit Seawater: Implication for Marine Carbon Cycles,"Yanjun Liu, Zhao Liang Chen, Zekun Zhang et al. (n=11)",Yanjun Liu; Zhao Liang Chen; Zekun Zhang; Yuanbi Yi; Ruanhong Cai; Ming Ye; Mengyang Liu; Meng Yan; Kmy Leung; Tanveer M. Adyel; Ding He,Environmental Science & Technology,https://doi.org/10.1021/acs.est.5c04083,biogeochem_carbon; freshwater_river; marine,3
2025,Toward the Chemogeography of Dissolved Organic Matter in the Global Ocean,"Jianjun Wang, Ang Hu, Yifan Cui et al. (n=9)",Jianjun Wang; Ang Hu; Yifan Cui; Sarah K. Bercovici; Xiancai Lu; Jay T. Lennon; Janne Soininen; Yongqin Liu; Nianzhi Jiao,Environmental Science & Technology,https://doi.org/10.1021/acs.est.5c02477,biogeochem_carbon; estuary_coastal; marine; microbial_coupling,4
2025,Molecular Insights into the Transformation of Dissolved Organic Matter during Chlorine Photolysis: The Importance of Oxygen Addition Reactions in the Disinfection Byproducts Formation,"Chuze Chen, Xiating Zhao, Bin Ma et al. (n=6)",Chuze Chen; Xiating Zhao; Bin Ma; Yuting Wang; Zhigang Li; Qiming Xian,Environmental Science & Technology,https://doi.org/10.1021/acs.est.5c07137,biogeochem_carbon; wastewater_drinking,2
2025,MoleTrans: Browser-Based Webtool for Postanalysis on Molecular Chemodiversity and Transformation of Dissolved Organic Matters via FT-ICR MS,"Jibao Liu, Bei Zhang, Qing‐Long Fu et al. (n=11)",Jibao Liu; Bei Zhang; Qing‐Long Fu; Toshihiro Isobe; Rongjun Gao; Yuansong Wei; Eunsang Kwon; Zhineng Hao; Wei An; Qi Rong; Manabu Fujii,Environmental Science & Technology Letters,https://doi.org/10.1021/acs.estlett.5c00284,biogeochem_carbon; methods_instrumentation,2
2025,Litter-derived dissolved organic matter promotes the accumulation and transformation of unstable organic matter in mangrove sediments,"Guanglong Zhang, Yue Ke, Hanyi Li et al. (n=8)",Guanglong Zhang; Yue Ke; Hanyi Li; Xilin Xiao; Jingchun Liu; Haoliang Lu; Chongling Yan; Hualong Hong,Environmental Technology & Innovation,https://doi.org/10.1016/j.eti.2025.104723,biogeochem_carbon; estuary_coastal; marine; microbial_coupling; sediment_porewater; soil_terrestrial; wetland_peatland,7
2025,Dynamic formation characteristics and mechanism of molecular components of dissolved organic matter during photoaging of polyamide microplastic,"Yongze Qi, Mingqi Ruan, Tingting Li et al. (n=9)",Yongze Qi; Mingqi Ruan; Tingting Li; Qi Zhang; Yuhan Cao; Weiying Feng; Yao Zhao; Fanhao Song; Fengchang Wu,Environmental Toxicology and Chemistry,https://doi.org/10.1093/etojnl/vgaf275,biogeochem_carbon; estuary_coastal; marine,3
2025,Sources and Processing of Dissolved Organic Matter in a Microtidal Subterranean Estuary,"Kojo Amoako, Rhodelyn C. Saban, Michael E. Böttcher et al. (n=4)",Kojo Amoako; Rhodelyn C. Saban; Michael E. Böttcher; Hannelore Waska,Estuaries and Coasts,https://doi.org/10.1007/s12237-025-01608-y,biogeochem_carbon; estuary_coastal; groundwater; marine; sediment_porewater; soil_terrestrial; wetland_peatland,7
2025,Simultaneous Elucidation of the Chemodiversity ofDissolved Organic Matter and Quantitation of Trace Organic ContaminantSucralose by Fourier Transform Ion Cyclotron Resonance Mass Spectrometry,"Qian You (5516654), Yanhui Cheng (6907742), Qing-Long Fu (4722930) et al. (n=9)",Qian You (5516654); Yanhui Cheng (6907742); Qing-Long Fu (4722930); Guodong Cao (6862997); Jibao Liu (17671515); Manabu Fujii (1666423); Lee Blaney (2953920); Pingqing Fu (1517941); Yanxin Wang (738113),Figshare,https://doi.org/10.1021/acs.analchem.5c01311.s001,biogeochem_carbon; estuary_coastal; freshwater_lake; marine; wastewater_drinking,5
2025,Soil DOM under warming_data&amp;code by YZhang,"Zhang, Yixuan","Zhang, Yixuan",Figshare,https://doi.org/10.6084/m9.figshare.30618575.v1,atmosphere_aerosol; biogeochem_carbon; microbial_coupling; soil_terrestrial,4
2025,Soil DOM under warming_data&amp;code by YZhang,"Zhang, Yixuan","Zhang, Yixuan",Figshare,https://doi.org/10.6084/m9.figshare.30618575,atmosphere_aerosol; biogeochem_carbon; microbial_coupling; soil_terrestrial,4
2025,MoleTrans: Browser-Based Webtool for Postanalysison Molecular Chemodiversity and Transformation of Dissolved OrganicMatters via FT-ICR MS,"Jibao Liu (17671515), Bei Zhang (428038), Qing-Long Fu (4722930) et al. (n=11)",Jibao Liu (17671515); Bei Zhang (428038); Qing-Long Fu (4722930); Toshihiro Isobe (1932904); Rongjun Gao (17004253); Yuansong Wei (635582); Eunsang Kwon (1632397); Zhineng Hao (1832776); Wei An (760187); Rong Qi (1647328); Manabu Fujii (1666423),Figshare,https://doi.org/10.1021/acs.estlett.5c00284.s001,biogeochem_carbon; estuary_coastal; marine; methods_instrumentation,4
2025,FerrousOxidation-Driven Adsorptive and OxidativeTransformation Boosts Electron Exchange Capacity of Dissolved OrganicMatter: Environmental Implications,"Kai Liu (159026), Jialin Chi (4726599), Liping Fang (776115) et al. (n=8)",Kai Liu (159026); Jialin Chi (4726599); Liping Fang (776115); Minwen Huang (2691778); Shiyin Wu (15473022); Xiangjun Meng (384157); Thomas Borch (1349157); Fangbai Li (1762234),Figshare,https://doi.org/10.1021/acs.est.5c13400.s001,biogeochem_carbon; microbial_coupling; soil_terrestrial,3
2025,Evaluating the ChemicalReactivity of Wildfire-DerivedDissolved Organic Molecules: Glutathione Binding through KendrickMass Defect Analysis,"Hannah
M. Hamontree (21353480), Patrick G. Hatcher (1271967)","Hannah
M. Hamontree (21353480); Patrick G. Hatcher (1271967)",Figshare,https://doi.org/10.1021/jasms.5c00077.s002,biochar_black_carbon; biogeochem_carbon; disturbance_anthropogenic; methods_instrumentation,4
2025,Predictionof DissolvedOrganic Carbon Concentrationsin Inland Waters Using Optical Proxies of Aromaticity,Kathleen R. Murphy (2215531),Kathleen R. Murphy (2215531),Figshare,https://doi.org/10.1021/acs.est.5c05408.s001,biogeochem_carbon; estuary_coastal; marine,3
2025,Evaluating the ChemicalReactivity of Wildfire-DerivedDissolved Organic Molecules: Glutathione Binding through KendrickMass Defect Analysis,"Hannah
M. Hamontree (21353480), Patrick G. Hatcher (1271967)","Hannah
M. Hamontree (21353480); Patrick G. Hatcher (1271967)",Figshare,https://doi.org/10.1021/jasms.5c00077.s001,atmosphere_aerosol; biochar_black_carbon; biogeochem_carbon; disturbance_anthropogenic; methods_instrumentation,5
2025,Heteroatomsin Dissolved Organic Matter: Their Rolein Adsorption and Dynamic Assembly on Activated Carbon,"Jian Liu (33711), Shaohua Chen (114324), Ying Xu (9172) et al. (n=7)",Jian Liu (33711); Shaohua Chen (114324); Ying Xu (9172); Mengyi Shi (18841028); Kai Zhang (102844); Othman Al-Mashaqbeh (21519220); Jianzhi Huang (1641835),Figshare,https://doi.org/10.1021/acsestwater.5c00409.s001,biogeochem_carbon; wastewater_drinking,2
2025,Salinity StressModulates the Dynamic Co-occurrenceInteractions between DOM and Microbial Community Profiles in a TypicalRiver–Estuary–Ocean Continuum: From the Pearl Riverto South China Sea,"Chao Zhang (51048), Yingqiang Li (10865235), Junyu Zhu (3185592) et al. (n=15)",Chao Zhang (51048); Yingqiang Li (10865235); Junyu Zhu (3185592); Zhe Zhang (81603); Yue Xie (132878); Shuna Fu (689510); Wanbing Zheng (20993307); Zihan Shen (5871596); Bangxing Ren (20519117); Zhenguo Chen (474804); Haijun He (503616); Guang-Guo Ying (1592698); Harald Horn (1734085); Amy M. McKenna (1286787); Mingzhi Huang (702817),Figshare,https://doi.org/10.1021/acsestwater.4c00832.s001,biogeochem_carbon; disturbance_anthropogenic; estuary_coastal; freshwater_river; marine; microbial_coupling; wastewater_drinking,7
2025,MolecularAlteration of Dissolved Organic Matter inIntertidal Sediments: The Role of Fe(II) Reoxidation,"Heng Xiao (489521), Zhe Zhou (156517), Jiangtao Li (762969) et al. (n=4)",Heng Xiao (489521); Zhe Zhou (156517); Jiangtao Li (762969); Shouye Yang (6963380),Figshare,https://doi.org/10.1021/acs.est.5c06631.s001,biogeochem_carbon; estuary_coastal; marine; sediment_porewater; wetland_peatland,5
2025,Improvementof Electrospray Ionization Response Linearityand Quantification in Dissolved Organic Matter Using Synthetic DeuteratedInternal Standards,"Alexander
J. Craig (1688206), Mustapha A. Ganiyu (22108684), Lindon W. K. Moodie (5052386) et al. (n=8)","Alexander
J. Craig (1688206); Mustapha A. Ganiyu (22108684); Lindon W. K. Moodie (5052386); Sofja Tshepelevitsh (1359102); Koit Herodes (2554387); Heike Simon (1995562); Thorsten Dittmar (107585); Jeffrey A. Hawkes (6947765)",Figshare,https://doi.org/10.1021/acs.analchem.5c02463.s001,biogeochem_carbon; estuary_coastal; freshwater_river; marine; methods_instrumentation,5
2025,Improvementof Electrospray Ionization Response Linearityand Quantification in Dissolved Organic Matter Using Synthetic DeuteratedInternal Standards,"Alexander
J. Craig (1688206), Mustapha A. Ganiyu (22108684), Lindon W. K. Moodie (5052386) et al. (n=8)","Alexander
J. Craig (1688206); Mustapha A. Ganiyu (22108684); Lindon W. K. Moodie (5052386); Sofja Tshepelevitsh (1359102); Koit Herodes (2554387); Heike Simon (1995562); Thorsten Dittmar (107585); Jeffrey A. Hawkes (6947765)",Figshare,https://doi.org/10.1021/acs.analchem.5c02463.s002,biogeochem_carbon; estuary_coastal; freshwater_river; marine; methods_instrumentation,5
2025,Revealing the Role of Biochar-Derived Dissolved OrganicMatter during the Degradation of Sulfamethoxazole by Zero-Valent Iron-ActivatedPersulfate,"Chunhui Zhang (337556), Jing Ji (464622), Huijie Hu (7599182) et al. (n=8)",Chunhui Zhang (337556); Jing Ji (464622); Huijie Hu (7599182); Fuyu Li (6816020); Ruomeng Li (6667337); Peng Zhang (2071); Cuiping Wang (401082); Hongwen Sun (1421434),Figshare,https://doi.org/10.1021/acsestwater.5c00603.s001,biochar_black_carbon; biogeochem_carbon,2
2025,ManganeseOxidesDrive Divergent Fates of Litter-DerivedDOM via pH-Regulated Oxidative Decomposition and Polymerization,"Feng Jiang (95012), Hong Su (415707), Qing-long Fu (18181995) et al. (n=9)",Feng Jiang (95012); Hong Su (415707); Qing-long Fu (18181995); Zi Yang (276531); Xiaoming Wang (187053); Hui Yin (111676); Wenfeng Tan (2280328); Bruno Lanson (1648810); Xionghan Feng (1406815),Figshare,https://doi.org/10.1021/acs.est.5c08244.s001,biogeochem_carbon; soil_terrestrial,2
2025,"Iron- and Manganese-CatalyzedMaillard Chemistry:Molecular Characteristics, Evolution Pathways, and Implications forSoil Organic Carbon Formation","Bo Chen (32294), Wenfeng Huang (230882), Wenbo Guo (5872787) et al. (n=9)",Bo Chen (32294); Wenfeng Huang (230882); Wenbo Guo (5872787); Han Dai (72647); Jiahao Quan (22451245); Zehong Zhang (17144562); Xiaoyun Xu (781726); Xinde Cao (677765); Ling Zhao (111365),Figshare,https://doi.org/10.1021/acs.est.5c06722.s001,biogeochem_carbon; soil_terrestrial,2
2025,Scale Formationfrom Dissolved Organic Matter in SAGDSteam GeneratorsPart I: Acidic Species Characterized by FTICR-MS,"Ali Naderi (24416), Thomas B. P. Oldenburg (21590479)",Ali Naderi (24416); Thomas B. P. Oldenburg (21590479),Figshare,https://doi.org/10.1021/acs.energyfuels.5c01778.s001,atmosphere_aerosol; biogeochem_carbon; freshwater_lake; petroleum_fossil,4
2025,Effectsof Eluate Drying on the Chemodiversity ofDissolved Organic Matter Revealed by Ultrahigh-Resolution Mass Spectrometry,"Xinyi Chen (491760), Qing-Long Fu (4722930), Ziyong Sun (482205)",Xinyi Chen (491760); Qing-Long Fu (4722930); Ziyong Sun (482205),Figshare,https://doi.org/10.1021/acsmeasuresciau.5c00055.s001,atmosphere_aerosol; biogeochem_carbon; estuary_coastal; marine,4
2025,Formation andTransformation of Halogenated OrganicCompounds during Full-Scale Shale Gas Wastewater Treatment,"Biao Zhang (148194), Zhanjun Zhu (20575409), Qian Song (703098) et al. (n=9)",Biao Zhang (148194); Zhanjun Zhu (20575409); Qian Song (703098); Xiangying Zeng (8748930); Yi Liang (110469); Bin Jiang (196018); Jianzhong Song (2958783); Zhiqiang Yu (496862); Ping’an Peng (1308630),Figshare,https://doi.org/10.1021/acsestwater.5c00732.s001,atmosphere_aerosol; biogeochem_carbon; methods_instrumentation; microbial_coupling; wastewater_drinking,5
2025,LinkingMolecularDiversity to Electron Transfer Capacityof Soil Dissolved Organic Matter: Role of Molecular Composition andStructure,"Qianting Ye (8769863), Rong Li (72042), Jeffrey M. Hudson (12838177) et al. (n=8)",Qianting Ye (8769863); Rong Li (72042); Jeffrey M. Hudson (12838177); Paul G. Tratnyek (1275471); Lanlan Zhu (7349693); Jiang Xiao (477044); Fu Liu (1601110); Zhenqing Shi (1275468),Figshare,https://doi.org/10.1021/acs.est.5c08523.s001,atmosphere_aerosol; biogeochem_carbon; estuary_coastal; marine; microbial_coupling; soil_terrestrial,6
2025,Chlorine-MediatedAmmonia and Organics Transformationduring Electrochemical Ammonia Recovery from Human Urine,"Jiazhou He (19065304), Chi Zhang (9857), Yi Yang (116183) et al. (n=7)",Jiazhou He (19065304); Chi Zhang (9857); Yi Yang (116183); Jiawen Kang (14392482); Changyong Zhang (1762342); Di He (791903); Jinxing Ma (410664),Figshare,https://doi.org/10.1021/acs.est.5c04984.s001,biogeochem_carbon; freshwater_river; wastewater_drinking,3
2025,Birnessite-MediatedPhosphorus Transformation andSpeciation in Dissolved and Soil Organic Matter,"Oluwadunsin Oyetunji (19706003), Oliver A. H. Jones (19706006), Suresh Subashchandrabose (10275777) et al. (n=5)",Oluwadunsin Oyetunji (19706003); Oliver A. H. Jones (19706006); Suresh Subashchandrabose (10275777); Marjana Yeasmin (11254480); Dane Lamb (4036499),Figshare,https://doi.org/10.1021/acs.est.5c05105.s001,biogeochem_carbon; soil_terrestrial,2
2025,Reaction Sequenceof the UV/H<sub>2</sub>O<sub>2</sub> System on the Suwannee RiverDissolved Organic Matter with ComplexMolecular Composition,"Fanju Kong (21518594), Feiyan Fang (21518597), Weiming Chen (1617589)",Fanju Kong (21518594); Feiyan Fang (21518597); Weiming Chen (1617589),Figshare,https://doi.org/10.1021/acsestwater.4c01260.s001,biogeochem_carbon; wastewater_drinking,2
2025,Unveiling Chemical-MicrobialCascade Risk Factorsfrom Plastic Pipe Leaching in Drinking Water,"Mengqing Fan (22429895), Ziqian Wang (2245957), Mingchen Yao (22429898) et al. (n=8)",Mengqing Fan (22429895); Ziqian Wang (2245957); Mingchen Yao (22429898); Xiaoming Li (7401); Walter van der Meer (8704077); Yu Tao (305214); Joan B. Rose (74376); Gang Liu (81776),Figshare,https://doi.org/10.1021/acs.est.5c10244.s001,biogeochem_carbon; groundwater; microbial_coupling; wastewater_drinking,4
2025,BridgingDissolvedOrganic Matter Reactivity to Ozonation Catalysts for Cu@Al<sub>2</sub>O<sub>3</sub> from the Molecular Level by Machine Learning,"Liya Fu (3228411), Junkai Wang (3092706), Liyan Deng (15190624) et al. (n=6)",Liya Fu (3228411); Junkai Wang (3092706); Liyan Deng (15190624); Kairui Cheng (22409521); Xiuwei Ao (19702546); Changyong Wu (3603041),Figshare,https://doi.org/10.1021/acs.est.5c07324.s002,biogeochem_carbon; wastewater_drinking,2
2025,BridgingDissolvedOrganic Matter Reactivity to Ozonation Catalysts for Cu@Al<sub>2</sub>O<sub>3</sub> from the Molecular Level by Machine Learning,"Liya Fu (3228411), Junkai Wang (3092706), Liyan Deng (15190624) et al. (n=6)",Liya Fu (3228411); Junkai Wang (3092706); Liyan Deng (15190624); Kairui Cheng (22409521); Xiuwei Ao (19702546); Changyong Wu (3603041),Figshare,https://doi.org/10.1021/acs.est.5c07324.s001,biogeochem_carbon; wastewater_drinking,2
2025,OxygenVacancies on Ferrihydrite Promote Surface Polymerizationof Decomposing Straw-Derived Dissolved Organic Matter: Implicationsfor Soil Carbon Sequestration,"Yu Huang (15093), Shoupeng Li (14491077), Ke Song (705941) et al. (n=10)",Yu Huang (15093); Shoupeng Li (14491077); Ke Song (705941); Jiewen Yang (7241666); Jialin Liang (12194723); Peihong Zheng (22009914); Yueting Zheng (848251); Liuling Tang (22009917); Chengyang Nan (22009920); Shuiyu Sun (22009923),Figshare,https://doi.org/10.1021/acs.est.5c00204.s001,biogeochem_carbon; microbial_coupling; soil_terrestrial,3
2025,Salinity–OrganicMatter Coupling FacilitatesGeogenic Ammonium Enrichment in Coastal Aquifer Systems,"Yaojin Xiong (18453112), Yao Du (1669807), Jie Zhang (64655) et al. (n=7)",Yaojin Xiong (18453112); Yao Du (1669807); Jie Zhang (64655); Xinwen Zhao (11597272); Qinghua Li (398885); Yamin Deng (3104127); Yanxin Wang (738113),Figshare,https://doi.org/10.1021/acs.est.5c07954.s001,biogeochem_carbon; disturbance_anthropogenic; estuary_coastal; freshwater_river; groundwater; marine; microbial_coupling; soil_terrestrial,8
2025,Salinity–OrganicMatter Coupling FacilitatesGeogenic Ammonium Enrichment in Coastal Aquifer Systems,"Yaojin Xiong (18453112), Yao Du (1669807), Jie Zhang (64655) et al. (n=7)",Yaojin Xiong (18453112); Yao Du (1669807); Jie Zhang (64655); Xinwen Zhao (11597272); Qinghua Li (398885); Yamin Deng (3104127); Yanxin Wang (738113),Figshare,https://doi.org/10.1021/acs.est.5c07954.s002,biogeochem_carbon; estuary_coastal; freshwater_river; groundwater; microbial_coupling; soil_terrestrial,6
2025,"Comparative Evaluationof Treatment Efficiency, DOMTransformation, and Microbial Profile in Two Typical PretreatmentSystems of a Full-Scale Nanofiltration","Xin He (48101), Tian Li (194773), Yulin Tang (420380) et al. (n=6)",Xin He (48101); Tian Li (194773); Yulin Tang (420380); Shaohua Wang (1447912); Lixian Shi (20818531); Bin Xu (10691),Figshare,https://doi.org/10.1021/acsestengg.5c00393.s001,biogeochem_carbon; microbial_coupling; wastewater_drinking,3
2025,Toward the Chemogeographyof Dissolved Organic Matterin the Global Ocean,"Jianjun Wang (67330), Ang Hu (6533882), Yifan Cui (7159184) et al. (n=9)",Jianjun Wang (67330); Ang Hu (6533882); Yifan Cui (7159184); Sarah Bercovici (22465003); Xiancai Lu (1274142); Jay Lennon (781593); Janne Soininen (136179); Yongqin Liu (544525); Nianzhi Jiao (138252),Figshare,https://doi.org/10.1021/acs.est.5c02477.s001,atmosphere_aerosol; biogeochem_carbon; estuary_coastal; marine,4
2025,Unveiling MolecularConstraints on the Formation andFate of Organoiodine Compounds under Aquifer Conditions,"Jiangkai Xue (18181992), Yamin Deng (3104127), Qing-long Fu (18181995) et al. (n=6)",Jiangkai Xue (18181992); Yamin Deng (3104127); Qing-long Fu (18181995); Yao Du (1669807); Jianbo Shi (448177); Yanxin Wang (738113),Figshare,https://doi.org/10.1021/acs.est.5c05558.s001,biogeochem_carbon; groundwater,2
2025,Temporal Dynamicsand Intermediate Product Formationin DOM Phototransformation Revealed by Liquid Chromatography Ultrahigh-ResolutionMass Spectrometry,"Peter Herzsprung (1517227), Aleksandr Sobolev (21619012), Wolf von Tümpling (9528646) et al. (n=6)",Peter Herzsprung (1517227); Aleksandr Sobolev (21619012); Wolf von Tümpling (9528646); Norbert Kamjunke (9528643); Michael Schwidder (21619015); Oliver J. Lechtenfeld (4003712),Figshare,https://doi.org/10.1021/acs.est.5c01986.s002,biogeochem_carbon; wastewater_drinking,2
2025,Temporal Dynamicsand Intermediate Product Formationin DOM Phototransformation Revealed by Liquid Chromatography Ultrahigh-ResolutionMass Spectrometry,"Peter Herzsprung (1517227), Aleksandr Sobolev (21619012), Wolf von Tümpling (9528646) et al. (n=6)",Peter Herzsprung (1517227); Aleksandr Sobolev (21619012); Wolf von Tümpling (9528646); Norbert Kamjunke (9528643); Michael Schwidder (21619015); Oliver J. Lechtenfeld (4003712),Figshare,https://doi.org/10.1021/acs.est.5c01986.s003,biogeochem_carbon; wastewater_drinking,2
2025,Temporal Dynamicsand Intermediate Product Formationin DOM Phototransformation Revealed by Liquid Chromatography Ultrahigh-ResolutionMass Spectrometry,"Peter Herzsprung (1517227), Aleksandr Sobolev (21619012), Wolf von Tümpling (9528646) et al. (n=6)",Peter Herzsprung (1517227); Aleksandr Sobolev (21619012); Wolf von Tümpling (9528646); Norbert Kamjunke (9528643); Michael Schwidder (21619015); Oliver J. Lechtenfeld (4003712),Figshare,https://doi.org/10.1021/acs.est.5c01986.s001,biogeochem_carbon; estuary_coastal; marine; wastewater_drinking,4
2025,A Sustainableand Scalable Paradigm for MultidimensionalPollution Control of Livestock Wastewater Using Millimeter-Scale BimetallicChitosan Beads,"Yudan Dong (19935900), Shurun Yang (14325467), Yunzhe Zheng (11818197) et al. (n=10)",Yudan Dong (19935900); Shurun Yang (14325467); Yunzhe Zheng (11818197); Jiamei Liu (513291); Xin Wang (91924); Peng Zhou (116747); Jing Zhang (23775); Zhaokun Xiong (8689290); Chuan-Shu He (6542195); Bo Lai (474487),Figshare,https://doi.org/10.1021/acsestengg.5c00241.s001,biogeochem_carbon; microbial_coupling; wastewater_drinking,3
2025,Microbial Controlon Dissolved Organic Matter Compositionalong the South-to-North Water Diversion Middle Route Project,"Peilian Zhang (18092917), Hanxiao Zhang (8559141), Zhanyao Shi (21184614) et al. (n=6)",Peilian Zhang (18092917); Hanxiao Zhang (8559141); Zhanyao Shi (21184614); Weihui Huang (21184617); Jing Wang (6206297); Shouliang Huo (8559135),Figshare,https://doi.org/10.1021/acsestwater.5c00138.s001,biogeochem_carbon; microbial_coupling; wastewater_drinking,3
2025,Sizeand Structure-DependentMolecular FingerprintTransformation of Microplastic-Derived Dissolved Organic Matter inSunlit Seawater: Implication for Marine Carbon Cycles,"Yan-Jun Liu (197444), Zhao Liang Chen (12697442), Zekun Zhang (6308471) et al. (n=11)",Yan-Jun Liu (197444); Zhao Liang Chen (12697442); Zekun Zhang (6308471); Yuanbi Yi (15333727); Ruanhong Cai (827413); Ming Ye (121179); Mengyang Liu (3074763); Meng Yan (1489837); Kenneth Mei Yee Leung (7484084); Tanveer M. Adyel (11182824); Ding He (6581450),Figshare,https://doi.org/10.1021/acs.est.5c04083.s002,biogeochem_carbon; freshwater_river; marine,3
2025,Erosion-Driven VerticalDecoupling: Molecular Signaturesof Dissolved Organic Matter and Microbial Coevolution in Subsoil Hotspots,"Yumei Peng (257058), Zhongmin Fan (13218033), Zi Wang (324031) et al. (n=8)",Yumei Peng (257058); Zhongmin Fan (13218033); Zi Wang (324031); Ziyun Zhang (4374943); Yuxin Yan (3545792); Jia Shi (614042); Chunpeng Huo (21762799); Xiang Wang (127867),Figshare,https://doi.org/10.1021/acs.est.5c02856.s001,biogeochem_carbon; disturbance_anthropogenic; groundwater; microbial_coupling; sediment_porewater; soil_terrestrial,6
2025,Sizeand Structure-DependentMolecular FingerprintTransformation of Microplastic-Derived Dissolved Organic Matter inSunlit Seawater: Implication for Marine Carbon Cycles,"Yan-Jun Liu (197444), Zhao Liang Chen (12697442), Zekun Zhang (6308471) et al. (n=11)",Yan-Jun Liu (197444); Zhao Liang Chen (12697442); Zekun Zhang (6308471); Yuanbi Yi (15333727); Ruanhong Cai (827413); Ming Ye (121179); Mengyang Liu (3074763); Meng Yan (1489837); Kenneth Mei Yee Leung (7484084); Tanveer M. Adyel (11182824); Ding He (6581450),Figshare,https://doi.org/10.1021/acs.est.5c04083.s001,biogeochem_carbon; estuary_coastal; freshwater_river; marine,4
2025,Table 1_Organo-mineral interactions modulate organic carbon retention and mobility in a deep subterranean estuary of a high-energy beach.docx,"Kojo Amoako (21343814), Anja Reckhardt (8965067), Magali Roberts (21343817) et al. (n=7)",Kojo Amoako (21343814); Anja Reckhardt (8965067); Magali Roberts (21343817); Rena Meyer (11808833); Simone Brick (20438951); Thorsten Dittmar (107585); Hannelore Waska (3665911),Figshare,https://doi.org/10.3389/frwa.2025.1507564.s001,atmosphere_aerosol; biogeochem_carbon; estuary_coastal; freshwater_lake; marine; microbial_coupling; sediment_porewater,7
2025,Data Sheet 1_Organo-mineral interactions modulate organic carbon retention and mobility in a deep subterranean estuary of a high-energy beach.docx,"Kojo Amoako (21343814), Anja Reckhardt (8965067), Magali Roberts (21343817) et al. (n=7)",Kojo Amoako (21343814); Anja Reckhardt (8965067); Magali Roberts (21343817); Rena Meyer (11808833); Simone Brick (20438951); Thorsten Dittmar (107585); Hannelore Waska (3665911),Figshare,https://doi.org/10.3389/frwa.2025.1507564.s002,atmosphere_aerosol; biogeochem_carbon; estuary_coastal; freshwater_lake; marine; microbial_coupling; sediment_porewater,7
2025,Synergistic Photochemistryof Dissolved Black CarbonMediated by Iron: A Critical Pathway for Enhancing Hydroxyl RadicalGeneration,"Huanxin Ma (8713296), Yalan Chen (1590334), Yue Wang (65477) et al. (n=7)",Huanxin Ma (8713296); Yalan Chen (1590334); Yue Wang (65477); Chunhua Feng (2334277); Zhi Dang (683027); Shishu Zhu (4475128); Ke Sun (542534),Figshare,https://doi.org/10.1021/acs.est.5c10858.s001,biochar_black_carbon; biogeochem_carbon,2
2025,Molecular Insightsinto the Transformation of DissolvedOrganic Matter during Chlorine Photolysis: The Importance of OxygenAddition Reactions in the Disinfection Byproducts Formation,"Chuze Chen (20356342), Xiating Zhao (22070892), Boyun Ma (22509011) et al. (n=6)",Chuze Chen (20356342); Xiating Zhao (22070892); Boyun Ma (22509011); Yuting Wang (434390); Zhigang Li (145495); Qiming Xian (2657002),Figshare,https://doi.org/10.1021/acs.est.5c07137.s001,biogeochem_carbon; wastewater_drinking,2
2025,Acknowledgements: EXCHANGE Consortium Authorship List.,"Jesse Alan Roebuck  Jr. (22582362), Allison N. Myers-Pigg (11034852), Peter Regier (9259406) et al. (n=12)",Jesse Alan Roebuck  Jr. (22582362); Allison N. Myers-Pigg (11034852); Peter Regier (9259406); Nicholas D. Ward (1967944); Matthew J. Cooper (17646714); Kenneth M. Kemner (34706); Amy M. Marcarelli (2906798); Elizabeth C. Minor (2256001); Michael Philben (22582365); Bongkeun Song (345775); Rodrigo Vargas (731512); Jianqiu Zheng (1654498),Figshare,https://doi.org/10.1371/journal.pwat.0000465.s001,biogeochem_carbon; estuary_coastal; freshwater_lake; marine,4
2025,Internal Calibrationwithout Internal Calibrants byMass Difference Analysis in FT-ICR Mass Spectrometry,"Ryan P. Rodgers (1235655), Christopher L. Hendrickson (1961692), Christopher A. Holder Montenegro (22086991) et al. (n=12)",Ryan P. Rodgers (1235655); Christopher L. Hendrickson (1961692); Christopher A. Holder Montenegro (22086991); Alvaro J. Tello-Rodriguez (22086994); Teja Potu (22086997); Benjohn Shung (22087000); Mason Hagan (22087003); Chad R. Weisbrod (219622); Pierre Giusti (1323330); Christopher P. Rüger (1460731); Martha L. Aguilera (22087006); Germain Salvato Vallverdu (12882652),Figshare,https://doi.org/10.1021/acs.analchem.5c02420.s001,atmosphere_aerosol; biochar_black_carbon; biogeochem_carbon; methods_instrumentation; petroleum_fossil,5
2025,The potential nature of “dark” dissolved organic matter in the biosphere,"Khan M. G. Mostofa, Jie Yuan, Xuemei Yang et al. (n=9)",Khan M. G. Mostofa; Jie Yuan; Xuemei Yang; Mohammad Mohinuzzaman; Cong‐Qiang Liu; Nicola Senesi; N. Senesi; Davide Vione; Si‐Liang Li,Frontiers in Earth Science,https://doi.org/10.3389/feart.2025.1517025,atmosphere_aerosol; biogeochem_carbon; disturbance_anthropogenic; estuary_coastal; freshwater_river; groundwater; marine; microbial_coupling; sediment_porewater; soil_terrestrial,10
2025,Organo-mineral interactions modulate organic carbon retention and mobility in a deep subterranean estuary of a high-energy beach,"Kojo Amoako, Anja Reckhardt, M.H.T. Roberts et al. (n=7)",Kojo Amoako; Anja Reckhardt; M.H.T. Roberts; Rena Meyer; Simone Brick; Thorsten Dittmar; Hannelore Waska,Frontiers in Water,https://doi.org/10.3389/frwa.2025.1507564,atmosphere_aerosol; biogeochem_carbon; estuary_coastal; freshwater_lake; groundwater; marine; microbial_coupling; sediment_porewater,8
2025,Exploring the fate and chemical transformation of organics by UV/H2O2-GAC and UV/H2O2-BAC based on pilot-scale systems in the treatment of micro-polluted surface water,"Wenxuan Yin, Wenjun Sun, Yongqin Yuan et al. (n=6)",Wenxuan Yin; Wenjun Sun; Yongqin Yuan; Daoyi Zhang; Yuanna Zhang; Fengyi Zheng,Frontiers of Environmental Science & Engineering,https://doi.org/10.1007/s11783-025-2008-5,,0
2025,"Distinct molecular complexing mechanisms of smoke dissolved organic matters (SDOMs) from various solid fuels combustion toward heavy metals: New insights based on FT-ICR-MS, two dimensional fluorescence EEM and FTIR","Yixin Xu, Shiming Xu, Cheng Yue et al. (n=8)",Yixin Xu; Shiming Xu; Cheng Yue; Weifeng Chen; Huiying Zhang; Hui Jia; Wei Ran; Jinzhi Ni,Fuel,https://doi.org/10.1016/j.fuel.2025.136646,atmosphere_aerosol,1
2025,Hydrothermal mobilization and molecular transformations of dissolved organic matter from deep subsurface sediments,"Melina Knoke, Thorsten Dittmar, Jana Günther et al. (n=6)",Melina Knoke; Thorsten Dittmar; Jana Günther; Philipp Böning; Andreas Teske; Michael Seidel,Geochimica et Cosmochimica Acta,https://doi.org/10.1016/j.gca.2025.06.005,atmosphere_aerosol; biogeochem_carbon; freshwater_lake; groundwater; marine; microbial_coupling; sediment_porewater,7
2025,Strong depth-dependent chemical and structural characteristics of dissolved organic matter (DOM) in organic-rich sediment in a shallow temperate lake,"Chenhui Wei, Shu Tao, Patrick G. Hatcher et al. (n=4)",Chenhui Wei; Shu Tao; Patrick G. Hatcher; Dongqiang Zhu,Geochimica et Cosmochimica Acta,https://doi.org/10.1016/j.gca.2025.05.002,estuary_coastal; freshwater_lake; marine; microbial_coupling; sediment_porewater,5
2025,Contrasting photochemical behaviors between biogenic-sourced and combustion-sourced dissolved organic nitrogen,"Zhiyuan Zhang, Xiurui Cui, Chenhui Wei et al. (n=6)",Zhiyuan Zhang; Xiurui Cui; Chenhui Wei; Shuning Zang; Shu Tao; Dongqiang Zhu,Geochimica et Cosmochimica Acta,https://doi.org/10.1016/j.gca.2025.10.036,atmosphere_aerosol; biochar_black_carbon; biogeochem_carbon; estuary_coastal; marine,5
2025,Process zone specific alteration of rare earth element (REE) patterns across the land–ocean transition of the southern North Sea,"Corinna Mori, Olaf Dellwig, Jochen Wollschläger et al. (n=4)",Corinna Mori; Olaf Dellwig; Jochen Wollschläger; Michael Seidel,Geochimica et Cosmochimica Acta,https://doi.org/10.1016/j.gca.2025.06.017,biogeochem_carbon; estuary_coastal; freshwater_lake; freshwater_river; marine; microbial_coupling; sediment_porewater; soil_terrestrial,8
2025,Transportation and transformation of dissolved organic matter from overlying to bottom waters of cold seeps in the South China Sea: insights at the molecular level,"Shi Tang, Zhenwei Yan, Yuanbi Yi et al. (n=7)",Shi Tang; Zhenwei Yan; Yuanbi Yi; Yuan Shen; Wei Xie; Ding He; Penghui Li,Global and Planetary Change,https://doi.org/10.1016/j.gloplacha.2025.104920,biogeochem_carbon; estuary_coastal; marine,3
2025,Long‐Term and Seasonal Drivers of Organic Matter in the Clearwater Tapajós River and Implications for the Amazon River Basin,"Martin R. Kurek, Rafael Corrêa Muniz, José Mauro Sousa de Moura et al. (n=7)",Martin R. Kurek; Rafael Corrêa Muniz; José Mauro Sousa de Moura; Bernhard Peucker‐Ehrenbrink; R. M. Holmes; Amy M. McKenna; Robert G. M. Spencer,Global Biogeochemical Cycles,https://doi.org/10.1029/2025gb008545,atmosphere_aerosol; biogeochem_carbon; disturbance_anthropogenic; estuary_coastal; freshwater_river; marine; microbial_coupling; soil_terrestrial,8
2025,Hydrology and Trophic Status Control Lake Dissolved Organic Matter Concentration and Composition at a Continental Scale,"Amir Reza Shahabinia, Ryan Hutchins, Jean‐François Lapierre et al. (n=4)",Amir Reza Shahabinia; Ryan Hutchins; Jean‐François Lapierre; Paul A. del Giorgio,Global Biogeochemical Cycles,https://doi.org/10.1029/2025gb008644,biogeochem_carbon; disturbance_anthropogenic; estuary_coastal; freshwater_lake; marine; soil_terrestrial,6
2025,Effects of <scp>DOM</scp> Chemodiversity on Microbial Diversity in Forest Soils on a Continental Scale,"Jian Wang, Lingrui Qu, Helena Osterholz et al. (n=7)",Jian Wang; Lingrui Qu; Helena Osterholz; Yulin Qi; Xiangfeng Zeng; Edith Bai; Chao Wang,Global Change Biology,https://doi.org/10.1111/gcb.70131,biogeochem_carbon; freshwater_lake; microbial_coupling; soil_terrestrial,4
2025,"Molecular Composition of Stream Dissolved Organic Matter in Cool-Temperate Forest Headwaters with Landslides, Northern Japan","Jun’ichiro Ide, Kenta Hara, Yohei Arata et al. (n=7)",Jun’ichiro Ide; Kenta Hara; Yohei Arata; Izuki Endo; Mizue Ohashi; Hiroshi Nishimura; Takashi Gomi,Hydrology,https://doi.org/10.3390/hydrology12030063,biogeochem_carbon; disturbance_anthropogenic; freshwater_river; marine; soil_terrestrial,5
2025,Molecular-level study of the effect of nitrogen addition levels on soil dissolved organic matter composition in a desert steppe of northwest China,"Yan Wang, Bin Xue, Longwei Fu et al. (n=11)",Yan Wang; Bin Xue; Longwei Fu; Lingtong Du; Kun Ma; Ruili Gao; Kaiyang Qiu; Guohui Wang; Xiang Zheng; Xuying Hai; Georges Martial Ndzana,International Journal of Biological Macromolecules,https://doi.org/10.1016/j.ijbiomac.2025.147494,estuary_coastal; marine; microbial_coupling; soil_terrestrial,4
2025,Molecular Humification Mechanisms of Dissolved Organic Matter during Maize Straw Composting Enhanced by Humus Soil Biomaterial: Paired-Molecule Mass Difference Reactomics Analysis Based on FT-ICR MS,"Zheng-Liang Du, Qing‐Long Fu, Jiayu Liu et al. (n=5)",Zheng-Liang Du; Qing‐Long Fu; Jiayu Liu; Xiaoli Chai; Boran Wu,Journal of Agricultural and Food Chemistry,https://doi.org/10.1021/acs.jafc.5c05559,biogeochem_carbon; disturbance_anthropogenic; microbial_coupling; soil_terrestrial,4
2025,Enclosure restoration regulates epiphytic microbial communities involved in carbon sequestration in a restored urban lake: A new insight from the stability of dissolved organic matter,"Siwen Hu, Dayong Zhao, Rujia He et al. (n=5)",Siwen Hu; Dayong Zhao; Rujia He; Xiaojian Sun; Jin Zeng,Journal of Cleaner Production,https://doi.org/10.1016/j.jclepro.2025.145295,biogeochem_carbon; estuary_coastal; freshwater_lake; marine; microbial_coupling,5
2025,Sustainable transformation of DOM in sedimentation sludge water by UV-Fe2+/PAA: Toward cleaner production via FT-ICR MS,"Jingkai Chen, Ya Wang, Fangqi Peng et al. (n=13)",Jingkai Chen; Ya Wang; Fangqi Peng; Naixin Kang; Xuefan Rao; Wei Liu; Mi Deng; Ming Sun; Tong Zhen-gong; Guizhen Feng; Caixia Kang; Lili Fang; Liwen Jiang,Journal of Cleaner Production,https://doi.org/10.1016/j.jclepro.2025.145452,biogeochem_carbon; sediment_porewater,2
2025,Potential of ozone-ultraviolet combined technology on mitigating the aquatic risks of receiving river: The significance of dissolved organic matter,"Wenqi Xue, Chongjun Zhang, Han Cui et al. (n=4)",Wenqi Xue; Chongjun Zhang; Han Cui; Dandan Zhou,Journal of Cleaner Production,https://doi.org/10.1016/j.jclepro.2025.146022,biogeochem_carbon; estuary_coastal; freshwater_river; marine,4
2025,Molecular-level insights into the spatiotemporal variation of dissolved organic matter: Linking of FT-ICR MS with spectroscopy by rank correlation,"Zhenkun Chu, Yaqi Kang, Kemin Qi et al. (n=6)",Zhenkun Chu; Yaqi Kang; Kemin Qi; Xiaoyun Xie; Siting Li; Zhaowei Wang,Journal of environmental chemical engineering,https://doi.org/10.1016/j.jece.2025.116360,estuary_coastal; marine,2
2025,"Advances in membrane bioreactor for landfill leachate treatment: A review of characterization, challenges, and novel configurations","Oumaima El Hachimi, Bikash R. Tiwari, Patrick Drogui et al. (n=5)",Oumaima El Hachimi; Bikash R. Tiwari; Patrick Drogui; Satinder Kaur Brar; Jean‐François Blais,Journal of environmental chemical engineering,https://doi.org/10.1016/j.jece.2025.116653,biogeochem_carbon; methods_instrumentation; microbial_coupling; wastewater_drinking,4
2025,Pretreatments strategies and characterization techniques of dissolved organic matter in natural waters: A comprehensive review,"Chengyu Suo, Yatang Jin, Wensi Zhao et al. (n=7)",Chengyu Suo; Yatang Jin; Wensi Zhao; Shasha Liu; Lei Chen; Yue Qiu; Fengchang Wu,Journal of environmental chemical engineering,https://doi.org/10.1016/j.jece.2025.118529,biogeochem_carbon; estuary_coastal; marine,3
2025,The intricate mechanism for refractory DOM conversion in the traditional treatment of coalbed methane produced water,"Tingting Zang, Yuanyuan Hu, Qiyue Kuang et al. (n=4)",Tingting Zang; Yuanyuan Hu; Qiyue Kuang; Zhaoji Zhang,Journal of environmental chemical engineering,https://doi.org/10.1016/j.jece.2025.115923,atmosphere_aerosol; biogeochem_carbon; freshwater_lake; petroleum_fossil,4
2025,Molecular-Level insights into dissolved organic matter degradation in persulfate/Fe²⁺-driven groundwater remediation,"Xiaoliang Zhao, Shaohui Feng, Juan Chen et al. (n=7)",Xiaoliang Zhao; Shaohui Feng; Juan Chen; Yunhui Zhang; Huizhen Cao; Lingjian Kong; Bin Yang,Journal of environmental chemical engineering,https://doi.org/10.1016/j.jece.2025.118300,biogeochem_carbon; groundwater,2
2025,Novel insights into the evolution of dissolved organic matter during different full-scale advanced treatment processes for textile secondary effluent,"Cheng Cheng, Chuanyang Liu, Jian Shen et al. (n=9)",Cheng Cheng; Chuanyang Liu; Jian Shen; Siting Wang; Xiaojin Wu; Qiuran Xiong; Hongmei Mu; Bingliang Zhang; Jing Wu,Journal of environmental chemical engineering,https://doi.org/10.1016/j.jece.2025.116266,wastewater_drinking,1
2025,Applying synchronous fluorescence spectroscopy with Gaussian band fitting and high-resolution mass spectrometry to monitor dissolved organic matter characteristics changes in pharmaceutical wastewater,"Chenqiang Yang, Yujie Yu, Bo Yao et al. (n=5)",Chenqiang Yang; Yujie Yu; Bo Yao; Jiansheng Cui; Haiying Yu,Journal of environmental chemical engineering,https://doi.org/10.1016/j.jece.2025.120499,biogeochem_carbon; estuary_coastal; marine; wastewater_drinking,4
2025,"Sustainable management of wastewater in an enclosed campus via an integrated treatment system: Pollutant removal, organic matter transformation, and microbial interactions","Hualiang Feng, Boxun Zhou, Jie Wu et al. (n=5)",Hualiang Feng; Boxun Zhou; Jie Wu; Kan Wang; Zhaoji Zhang,Journal of environmental chemical engineering,https://doi.org/10.1016/j.jece.2025.120301,biogeochem_carbon; microbial_coupling; wastewater_drinking; wetland_peatland,4
2025,Composition and contribution of disinfection by-product precursors in dissolved organic matter leached from aquatic plant residues,"Jiachang Pi, Tingting Gong, Lei Gao et al. (n=7)",Jiachang Pi; Tingting Gong; Lei Gao; Xin Li; Yong‐Ze Lu; Hongyang Wang; Guangcan Zhu,Journal of environmental chemical engineering,https://doi.org/10.1016/j.jece.2025.117935,biogeochem_carbon; soil_terrestrial; wastewater_drinking,3
2025,Molecular characteristics of clays selectively binding with biomass-burning smoke-derived dissolved organic matters and their interaction with tetracycline adsorption,"Weifeng Chen, Huiying Zhang, Yinhua Zhong et al. (n=7)",Weifeng Chen; Huiying Zhang; Yinhua Zhong; Jinzhi Ni; Ran Wei; Yanbin Ma; Zhichong Qi,Journal of environmental chemical engineering,https://doi.org/10.1016/j.jece.2025.119117,atmosphere_aerosol; biogeochem_carbon,2
2025,Molecular insights into the adsorption and fractionation of dissolved organic phosphorus induced by lanthanum-activated hydrogel,"Shuai Liu, Fengjuan Yang, Changhong Hong et al. (n=6)",Shuai Liu; Fengjuan Yang; Changhong Hong; Da Liu; Yanpeng Cai; Shengrui Wang,Journal of environmental chemical engineering,https://doi.org/10.1016/j.jece.2025.120792,soil_terrestrial; wastewater_drinking; wetland_peatland,3
2025,Molecular-level insights into pre-treatment strategies for dissolved organic matter removal and disinfection by-products control during sedimentation sludge water recycling,"Ya Wang, Tong Zhen-gong, Wei Liu et al. (n=8)",Ya Wang; Tong Zhen-gong; Wei Liu; Jingkai Chen; Tianyang Xing; Xuefan Rao; Jinping Xu; Liwen Jiang,Journal of environmental chemical engineering,https://doi.org/10.1016/j.jece.2025.118898,biogeochem_carbon; sediment_porewater; wastewater_drinking,3
2025,Mechanism of organic matter removal from biotreated landfill leachate effluent in a continuous fixed-bed reaction system with pyrite/H2O2,"Xuefei Zhao, Xi Luo, Xinglong Chen",Xuefei Zhao; Xi Luo; Xinglong Chen,Journal of environmental chemical engineering,https://doi.org/10.1016/j.jece.2025.119093,biogeochem_carbon; wastewater_drinking,2
2025,Dissolved organic matter molecular signature-driven source apportionment of domestic sewage in an urban river: Integrating absolute principal component score-multiple linear regression receptor modeling with ultra-high-resolution Orbitrap mass spectrometry,"Xin Qi, Jingwei Feng, Liu Zhang et al. (n=8)",Xin Qi; Jingwei Feng; Liu Zhang; Hao Yin; Yang Fei; Xiaoyu Sun; Q F Liu; Shaofeng Xia,Journal of environmental chemical engineering,https://doi.org/10.1016/j.jece.2025.120648,biogeochem_carbon; estuary_coastal; freshwater_river; marine; wastewater_drinking,5
2025,Sustainable treatment of hazardous wastewater and carbon sequestration: Zn-doped δ-MnO2 catalyzed humification of toxic DOM and pollutant removal,"Chao Zhu, Yiruo Huang, Zhenhuan Ding et al. (n=8)",Chao Zhu; Yiruo Huang; Zhenhuan Ding; Jinsong Xu; Mengnan Wang; Bing Yang; Hongrui Ma; Chengtao Li,Journal of environmental chemical engineering,https://doi.org/10.1016/j.jece.2025.118643,biogeochem_carbon; wastewater_drinking,2
2025,"Changes in dissolved organic matter chemistry of plateau lakes along gradients of human activity intensity in Yunnan Province, China","Lei Xu, Wenjun Zhong, Zetian Liu et al. (n=9)",Lei Xu; Wenjun Zhong; Zetian Liu; Qian Hu; Xin Xiong; Jianlin Tang; Tao Chen; Wei Liao; Aiwen Zhong,Journal of Environmental Management,https://doi.org/10.1016/j.jenvman.2025.127513,biogeochem_carbon; estuary_coastal; freshwater_lake; marine; microbial_coupling,5
2025,Revealing the effects and mechanisms of lake autochthonous dissolved organic matter on phosphorus sequestration by lanthanum-modified clay at the molecular level,"Tianlun Han, Yan Wang, Min-Hui Cai et al. (n=6)",Tianlun Han; Yan Wang; Min-Hui Cai; Hongbin Yin; Huacheng Xu; Ming Kong,Journal of Environmental Management,https://doi.org/10.1016/j.jenvman.2025.125959,biogeochem_carbon; estuary_coastal; freshwater_lake; marine,4
2025,Transformation of dissolved organic matter in membrane-concentrated landfill leachate during Cu-Fenton-biological treatment,"Chunying Teng, Xinyu Jing, Zhi Ping Xu et al. (n=4)",Chunying Teng; Xinyu Jing; Zhi Ping Xu; Wei Chen,Journal of Environmental Management,https://doi.org/10.1016/j.jenvman.2025.124462,biogeochem_carbon; wastewater_drinking,2
2025,Biochar-enhanced iron cycling in Fenton systems for the degradation and transformation of dissolved organic matter in hydrothermal liquid,"Hao Yu, Zhiwei Li, Jingxin Huang et al. (n=5)",Hao Yu; Zhiwei Li; Jingxin Huang; Ruixia Han; Yin Wang,Journal of Environmental Sciences,https://doi.org/10.1016/j.jes.2025.12.076,biochar_black_carbon; microbial_coupling; wastewater_drinking,3
2025,Machine learning uncovers tidal DOM transformations and keystone molecules via FT-ICR MS and reactomics for estuarine nutrient cycling,"Guosheng Zhao, Longfei Wang, Yi Li et al. (n=6)",Guosheng Zhao; Longfei Wang; Yi Li; Jiaying Chen; Lihua Niu; Li Lin,Journal of Environmental Sciences,https://doi.org/10.1016/j.jes.2025.12.043,biogeochem_carbon; estuary_coastal; marine; microbial_coupling,4
2025,Microbial-mediated soil dissolved organic nitrogen transformation pathways: Implications for groundwater nitrogen contamination risk mitigation,"Leyun Wang, Miao Li, Xiang Liu",Leyun Wang; Miao Li; Xiang Liu,Journal of Environmental Sciences,https://doi.org/10.1016/j.jes.2025.01.007,biogeochem_carbon; groundwater; microbial_coupling; soil_terrestrial; wastewater_drinking,5
2025,Novel Insights Into the Molecular Characteristics of Dissolved Organophosphorus in Biomass Burning Smoke: Implication on the Environmental Stability and Cycling of Atmospheric Organophosphorus,"Weifeng Chen, Huiying Zhang, Shiming Xu et al. (n=7)",Weifeng Chen; Huiying Zhang; Shiming Xu; Zhigeng Wang; Qin Dai; Lingling Lv; Hui Jia,Journal of Geophysical Research Atmospheres,https://doi.org/10.1029/2025jd043374,atmosphere_aerosol; biogeochem_carbon; disturbance_anthropogenic,3
2025,Signatures of Arctic Change: Molecular‐Level Composition and Bioavailability of Shifting Dissolved Organic Matter Sources,"Alexis Slentz, Amy M. McKenna, Anne M. Kellerman et al. (n=12)",Alexis Slentz; Amy M. McKenna; Anne M. Kellerman; Amy D. Holt; A. J. Burns; Max Miller; Sasha Wagner; Maria Tzortziou; Hugh G. Smith; Antonio Mannino; Jeffrey P. Chanton; Robert G. M. Spencer,Journal of Geophysical Research Biogeosciences,https://doi.org/10.1029/2025jg008899,biogeochem_carbon; cryosphere; estuary_coastal; freshwater_river; marine; microbial_coupling; soil_terrestrial,7
2025,Linking Microbial Communities and Molecular Transformations of Dissolved Organic Matter to the Fate of Nitrogen in Karst Aquifers,"Ruixuan Gai, Jing Bao, Wei Xiu et al. (n=6)",Ruixuan Gai; Jing Bao; Wei Xiu; Fang Guo; Qiang Li; Qiang Zhang,Journal of Geophysical Research Biogeosciences,https://doi.org/10.1029/2025jg008961,biogeochem_carbon; groundwater; microbial_coupling; soil_terrestrial,4
2025,Deciphering Microbially Driven Labile and Refractory Molecular Candidates in Dissolved Organic Matter,"Qi Chen, Jiaxin Chen, Ruanhong Cai et al. (n=8)",Qi Chen; Jiaxin Chen; Ruanhong Cai; Chen He; Quan Shi; Chuanlun Zhang; Nianzhi Jiao; Qiang Zheng,Journal of Geophysical Research Biogeosciences,https://doi.org/10.1029/2024jg008484,biogeochem_carbon; marine; microbial_coupling; soil_terrestrial,4
2025,Assessing the Molecular‐Level Controls of Dissolved Organic Matter Cycling in West Siberian Lowland Rivers,"Martin R. Kurek, Oleg S. Pokrovsky, I.V. Kritskov et al. (n=6)",Martin R. Kurek; Oleg S. Pokrovsky; I.V. Kritskov; Artem G. Lim; Mikhail Korets; Robert G. M. Spencer,Journal of Geophysical Research Biogeosciences,https://doi.org/10.1029/2024jg008537,atmosphere_aerosol; biogeochem_carbon; cryosphere; disturbance_anthropogenic; estuary_coastal; freshwater_river; groundwater; marine; soil_terrestrial; wetland_peatland,10
2025,Wildfires Change Summertime Dissolved Organic Matter in Boreal Headwater Streams,"Erin Matula, Erik J. S. Emilson, Emily Smenderovac et al. (n=6)",Erin Matula; Erik J. S. Emilson; Emily Smenderovac; Jérémy Fonvielle; Erika C. Freeman; Andrew J. Tanentzap,Journal of Geophysical Research Biogeosciences,https://doi.org/10.1029/2025jg008980,biochar_black_carbon; biogeochem_carbon; disturbance_anthropogenic; estuary_coastal; freshwater_river; marine; microbial_coupling; soil_terrestrial,8
2025,Wildfires Impact the Thermal Stability and Molecular Composition but Not the Age of Dissolved Organic Carbon Exported by Northern Streams,"Leonardo Mena‐Rivera, Joshua Dean, Mark H. Garnett et al. (n=11)",Leonardo Mena‐Rivera; Joshua Dean; Mark H. Garnett; Amy D. Holt; Amy Pickard; Roxane Andersen; Edward Graham; Jack B. Bishop; Robert G. M. Spencer; Chris Evans; Robert Hilton,Journal of Geophysical Research Biogeosciences,https://doi.org/10.1029/2025jg009083,biogeochem_carbon; disturbance_anthropogenic; estuary_coastal; freshwater_river; marine; soil_terrestrial; wetland_peatland,7
2025,Seasonality of Surface Dissolved Organic Matter Composition in the Northern Part of a Large Marginal Sea in an Extremely Dry Year,"Fu‐Tao Fang, ⎜Zhuoyi Zhu, Yuanbi Yi et al. (n=4)",Fu‐Tao Fang; ⎜Zhuoyi Zhu; Yuanbi Yi; Ding He,Journal of Geophysical Research Oceans,https://doi.org/10.1029/2024jc022019,biogeochem_carbon; estuary_coastal; freshwater_river; marine; microbial_coupling; soil_terrestrial,6
2025,Significant role of sludge-derived organic matter in enhancing Cr (III) immobilization by jarosite: Insights from molecular selective adsorption and co-precipitation,"Jun Gao, Yunhui Zhang, Shijie Yuan et al. (n=6)",Jun Gao; Yunhui Zhang; Shijie Yuan; Lei Li; Bin Dong; Zuxin Xu,Journal of Hazardous Materials,https://doi.org/10.1016/j.jhazmat.2025.137743,atmosphere_aerosol; biogeochem_carbon; disturbance_anthropogenic,3
2025,"Occurrence, removal and ecotoxicological assessment of halogenated dissolved organic matter in waste leachates","Xian-Ge Wang, Wei He, Xiaosong He et al. (n=6)",Xian-Ge Wang; Wei He; Xiaosong He; Xu Cao; Yue Sun; Xianjiang Zeng,Journal of Hazardous Materials,https://doi.org/10.1016/j.jhazmat.2025.139640,biogeochem_carbon,1
2025,"Deciphering the impacts of main inflowing rivers on dissolved organic matter in Lake Daye using isotopes, optical spectroscopy, and FT-ICR MS during non-flood season","Xiaowen Lin, Xiaodong Wu, Bingfa Chen et al. (n=8)",Xiaowen Lin; Xiaodong Wu; Bingfa Chen; Xuguang Ge; Chao Wu; Xincai Gu; Shunmei Zhu; Zhenni Gao,Journal of Hydrology,https://doi.org/10.1016/j.jhydrol.2025.134090,disturbance_anthropogenic; estuary_coastal; freshwater_lake; freshwater_river; marine,5
2025,Molecular insights into the seasonal variation of fluorescent dissolved organic matter in a hydrologically isolated aquatic continuum,"Cheng Du, Zhibing Chang, Wenzhong Tang et al. (n=8)",Cheng Du; Zhibing Chang; Wenzhong Tang; Zhineng Hao; Meiyi Zhang; Xiaoyue Zhang; Muxing Liu; Hong Zhang,Journal of Hydrology,https://doi.org/10.1016/j.jhydrol.2025.133620,atmosphere_aerosol; disturbance_anthropogenic; estuary_coastal; marine; microbial_coupling,5
2025,"Spatial and temporal variability in molecular characteristics of dissolved organic matter in a large freshwater lake: A case from the Dongting Lake, central China","Rui Xu, Yao Du, Tianming Wu et al. (n=11)",Rui Xu; Yao Du; Tianming Wu; Xinrui Jiang; Baisong Deng; M. Li; Yiqun Gan; Mengjie Song; Shaobo Liao; Rui Zhang; Yanxin Wang,Journal of Hydrology,https://doi.org/10.1016/j.jhydrol.2025.133831,disturbance_anthropogenic; estuary_coastal; freshwater_lake; marine,4
2025,Natural organic matter drives nitrogen biogeochemical cycling in groundwater of the Hetao Basin: evidence from multi-isotopes and FT-ICR MS,"Jingxian Zhang, Xianjun Xie, Junxia Li et al. (n=6)",Jingxian Zhang; Xianjun Xie; Junxia Li; Xingtao Liu; Yanlong Li; Hongjie Pan,Journal of Hydrology,https://doi.org/10.1016/j.jhydrol.2025.133957,biogeochem_carbon; disturbance_anthropogenic; groundwater,3
2025,Surface water infiltration and sediment degradation shaping dissolved organic matter in groundwater related to chronic kidney disease of unknown etiology,"Xianjiang Zeng, Wei He, Qiutong Shi et al. (n=7)",Xianjiang Zeng; Wei He; Qiutong Shi; Sandun Sandanayake; Meththika Vithanage; Jun Yao; Huaming Guo,Journal of Hydrology,https://doi.org/10.1016/j.jhydrol.2025.132699,biogeochem_carbon; disturbance_anthropogenic; groundwater; sediment_porewater,4
2025,Complementary roles of bacteria and microeukaryotes in shaping DOM composition along the Eastern Route of South-to-North Water Diversion Project,"Peilian Zhang, Qiao Xv, Shouliang Huo et al. (n=4)",Peilian Zhang; Qiao Xv; Shouliang Huo; Hanxiao Zhang,Journal of Hydrology,https://doi.org/10.1016/j.jhydrol.2025.134551,biogeochem_carbon; disturbance_anthropogenic; estuary_coastal; freshwater_river; marine; microbial_coupling,6
2025,The preferential fractionation of dissolved organic matter (DOM) by co-precipitation with iron in diverse environmental conditions,"Tingcang Hu, Chunmei Chen, Yulin Qi et al. (n=5)",Tingcang Hu; Chunmei Chen; Yulin Qi; Pingqing Fu; Si-Liang Li,Journal of Hydrology,https://doi.org/10.1016/j.jhydrol.2025.134850,atmosphere_aerosol; biogeochem_carbon; estuary_coastal; marine,4
2025,Determining the source contributions of dissolved organophosphorus compounds in lake water utilizing FT-ICR-MS and PCA-APCS-MLR receptor models,"Xinrui Jiang, Yao Du, Mengze Li et al. (n=10)",Xinrui Jiang; Yao Du; Mengze Li; Rui Xu; Tianming Wu; Baisong Deng; Dandan Si; Wen Zhang; Jingwen Yu; Yanxin Wang,Journal of Hydrology,https://doi.org/10.1016/j.jhydrol.2025.134652,biogeochem_carbon; freshwater_lake; soil_terrestrial; wastewater_drinking,4
2025,Effect mechanism of photochemical transformation on microbial transformation of algal dissolved organic matter,"Kang Ruyun, ShiLin An, XiuLin Huang et al. (n=6)",Kang Ruyun; ShiLin An; XiuLin Huang; Wu Fengting; Xueyan Li; Yingxun Du,Journal of Lake Sciences,https://doi.org/10.18307/2025.0412,biogeochem_carbon; estuary_coastal; freshwater_lake; marine; microbial_coupling,5
2025,"Molecular characterization and transformation of dissolved organic matter in snow and meltwater from Baishui Glacier No. 1, Mt. Yulong","Lin Feng, Y. Liu, Hewen Niu et al. (n=4)",Lin Feng; Y. Liu; Hewen Niu; Jianzhong Xu,Journal of Mountain Science,https://doi.org/10.1007/s11629-025-9657-5,biogeochem_carbon; cryosphere; disturbance_anthropogenic; estuary_coastal; marine,5
2025,Evaluating the Chemical Reactivity of Wildfire-Derived Dissolved Organic Molecules: Glutathione Binding through Kendrick Mass Defect Analysis,"Hannah M. Hamontree, Patrick G. Hatcher",Hannah M. Hamontree; Patrick G. Hatcher,Journal of the American Society for Mass Spectrometry,https://doi.org/10.1021/jasms.5c00077,atmosphere_aerosol; biochar_black_carbon; biogeochem_carbon; disturbance_anthropogenic; methods_instrumentation,5
2025,Effect of Organic Enrichment and Desalination on Sample Pretreatment for Non-targeted Analysis of Dissolved Organic Matter in Urban River Water by LC-ESI-Orbitrap MS,"Yutaro Uehara, Ikuro Kasuga, Hiroaki Furumai et al. (n=4)",Yutaro Uehara; Ikuro Kasuga; Hiroaki Furumai; Futoshi Kurisu,Journal of Water and Environment Technology,https://doi.org/10.2965/jwet.24-121,biogeochem_carbon; freshwater_river; wastewater_drinking,3
2025,Variation characteristics of dissolved organic matter along with functional microbes in a full-scale urban domestic wastewater treatment plant,"Yun Kong, Qingyun Zhou, Renjuan Wang et al. (n=7)",Yun Kong; Qingyun Zhou; Renjuan Wang; Jiamiao Li; Jin Shao; Yimeng Fan; Qi Chen,Journal of Water Process Engineering,https://doi.org/10.1016/j.jwpe.2025.107626,biogeochem_carbon; estuary_coastal; marine; microbial_coupling; wastewater_drinking,5
2025,Transformation of dissolved organic matter at molecular level during UV222/chlorine process,"Hu Chen-Yan, Jia-Nan Chen, Ling-Mei Gao et al. (n=10)",Hu Chen-Yan; Jia-Nan Chen; Ling-Mei Gao; Xiao-Cong Ma; Ming Zheng; Xiwei Yang; Jiaqi Yang; Tian-Hong Qiu; Hai-qing Ding; Zheng-Yu Dong,Journal of Water Process Engineering,https://doi.org/10.1016/j.jwpe.2025.109347,biogeochem_carbon,1
2025,Unraveling the molecular transformation of textile-dyeing wastewater DOM: A key to optimizing full-scale TDWW treatment performance,"Minru Liu, Xiaojun Niu, Zhenrong Lin et al. (n=8)",Minru Liu; Xiaojun Niu; Zhenrong Lin; Xuechang Ren; Kejing Fang; Zhihua Tang; Qizhe Fan; Kai Li,Journal of Water Process Engineering,https://doi.org/10.1016/j.jwpe.2025.107760,wastewater_drinking,1
2025,"Sodium percarbonate/Fe(II) pre-oxidation enhancing coagulation for shale oil flowback water decontamination: Identification, removal and transformation of dissolved organic matter","Siyi Zhang, Yongli He, Bo Yuan et al. (n=6)",Siyi Zhang; Yongli He; Bo Yuan; Wanjin Hu; Lingli Li; Wenshi Liu,Journal of Water Process Engineering,https://doi.org/10.1016/j.jwpe.2025.107166,atmosphere_aerosol; biogeochem_carbon; freshwater_lake; petroleum_fossil; wastewater_drinking,5
2025,Molecular transformation of dissolved organic matter for shale gas flowback wastewater during ozonation treatment,"Yun Kong, Qingyun Zhou, Jiamiao Li et al. (n=12)",Yun Kong; Qingyun Zhou; Jiamiao Li; Ziwei Zhou; Bin Wang; Wei Li; Yike Zhou; Yunjun Mei; Wenbin Hu; Xu Hui; Jin Shao; Qi Chen,Journal of Water Process Engineering,https://doi.org/10.1016/j.jwpe.2025.109097,atmosphere_aerosol; biogeochem_carbon; wastewater_drinking,3
2025,Photochemistry of Lake Taihu dissolved organic matter: Reactive species generation and effects on microcystin photodegradation,"Haishuo Wang, Xinke Tian, Jie Zhang et al. (n=6)",Haishuo Wang; Xinke Tian; Jie Zhang; Heyong Huang; Shiyin Li; Guoxiang Wang,Journal of Water Process Engineering,https://doi.org/10.1016/j.jwpe.2025.108161,biogeochem_carbon; estuary_coastal; freshwater_lake; marine,4
2025,"Deciphering the optical properties and molecular composition of dissolved organic matter in estuarine constructed wetlands of Erhai Lake, Southwest China","Lei Xu, Jianlin Tang, Gang Wu et al. (n=10)",Lei Xu; Jianlin Tang; Gang Wu; Bangyao Zhong; Chongqing Yu; Aiwen Zhong; Qian Hu; Wei Liao; Tao Chen; Yansong Peng,Journal of Water Process Engineering,https://doi.org/10.1016/j.jwpe.2025.108946,estuary_coastal; freshwater_lake; marine; wastewater_drinking; wetland_peatland,5
2025,Fraction-to-molecular insights reveal hierarchical pore structures mitigating NOM interference in micropollutant activated carbon adsorption,"Qi Wang, Fan Yang, Fang Liu et al. (n=9)",Qi Wang; Fan Yang; Fang Liu; Ying Wen; Hongzhan Wang; Quanyong Wang; Chunmiao Wang; Jianwei Yu; Min Yang,Journal of Water Process Engineering,https://doi.org/10.1016/j.jwpe.2025.109257,biogeochem_carbon; wastewater_drinking,2
2025,Removal of dissolved organic matter from sugar mill effluents using magnetic anion exchange (MIEX) and Amberlite,"Pattakamol Somboot, Sattawat Thuangchon, Phanwatt Phungsai et al. (n=5)",Pattakamol Somboot; Sattawat Thuangchon; Phanwatt Phungsai; Thunyalux Ratpukdi; Patiparn Punyapalakul,Journal of Water Process Engineering,https://doi.org/10.1016/j.jwpe.2025.107132,biogeochem_carbon; wastewater_drinking,2
2025,Decipher the Persistence of Soil Dissolved Organic Matter Under Different Land Use Types Using Potential Molecular Transformations,"Aoping Mao, Jingming Zheng, Ziteng Wang et al. (n=8)",Aoping Mao; Jingming Zheng; Ziteng Wang; Fuhong Sun; Yimin Sang; Xiuyuan Chen; Yimiao Li; Anning Miao,Land Degradation and Development,https://doi.org/10.1002/ldr.70156,biogeochem_carbon; disturbance_anthropogenic; estuary_coastal; marine; soil_terrestrial; wetland_peatland,6
2025,Interdecadal Dynamics in the Chemodiversity of Soil Dissolved Organic Matter After the Conversion of Chinese Fir Plantations to Citrus Orchard,"Junquan Chen, Yanqi Guo, Xinyue Ma et al. (n=8)",Junquan Chen; Yanqi Guo; Xinyue Ma; Lan Li; Guanjie Jiang; Long Peng; Taihui Zheng; Qin Zhang,Land Degradation and Development,https://doi.org/10.1002/ldr.70323,biogeochem_carbon; disturbance_anthropogenic; microbial_coupling; soil_terrestrial,4
2025,Molecular evidence for depth‐dependent microbial transformation of dissolved organic matter into carboxyl‐rich alicyclic molecules in coastal marginal seas,"Yang Liu, Zhengguo Cui, Shulian Xie et al. (n=5)",Yang Liu; Zhengguo Cui; Shulian Xie; Chao Ma; Yuqiu Wei,Limnology and Oceanography,https://doi.org/10.1002/lno.70306,biogeochem_carbon; estuary_coastal; freshwater_lake; marine; microbial_coupling; soil_terrestrial,6
2025,Molecular composition of dissolved organic matter from young organic‐rich hydrothermal deep‐sea sediments,"Jonas Brünjes, Florence Schubotz, Andreas Teske et al. (n=4)",Jonas Brünjes; Florence Schubotz; Andreas Teske; Michael Seidel,Limnology and Oceanography,https://doi.org/10.1002/lno.12812,biogeochem_carbon; estuary_coastal; marine; microbial_coupling; petroleum_fossil; sediment_porewater,6
2025,Eutrophication‐induced dinoflagellate succession contributes to marine carbon sequestration through refractory dissolved organic matter accumulation,"Fu‐Tao Fang, ⎜Zhuoyi Zhu, Yuanbi Yi et al. (n=7)",Fu‐Tao Fang; ⎜Zhuoyi Zhu; Yuanbi Yi; Ding He; Hong‐Yan Bao; En‐Ren Zhang; Cheng‐Xu Zhou,Limnology and Oceanography,https://doi.org/10.1002/lno.70097,biogeochem_carbon; estuary_coastal; marine; microbial_coupling,4
2025,Chemical proxies of glacier‐derived and marine organic matter reveal low mixing in summer‐stratified Arctic fjords,"Fabian Moye, Jana K. Geuer, Claudia Burau et al. (n=8)",Fabian Moye; Jana K. Geuer; Claudia Burau; Mourad Harir; Philippe Schmitt‐Kopplin; Boris Koch; Tilmann Harder; Jan Tebben,Limnology and Oceanography,https://doi.org/10.1002/lno.70140,biogeochem_carbon; cryosphere; estuary_coastal; marine; soil_terrestrial,5
2025,Refining resolution settings for analysis of dissolved organic matter in varied natural environments by Fourier‐transform ion cyclotron resonance mass spectrometry,"Shuchai Gan, Shi-Ting Huang, Pengran Guo et al. (n=9)",Shuchai Gan; Shi-Ting Huang; Pengran Guo; Ying Wu; Faming Wang; Bin Jiang; Yumei Song; Jia-Chuan Pan; Zheng Gong,Limnology and Oceanography Methods,https://doi.org/10.1002/lom3.10696,biogeochem_carbon; freshwater_lake; marine; sediment_porewater,4
2025,Seasonal dynamics of DOM diversity and molecular composition in the NW Mediterranean Sea,"Nawal Bouchachi, Hélène Lavanant, Carlos Afonso et al. (n=7)",Nawal Bouchachi; Hélène Lavanant; Carlos Afonso; Schmitz Isabelle; Barbara Marie; Ingrid Obernosterer; Ortega-Retuerta Eva,Marine Chemistry,https://doi.org/10.1016/j.marchem.2025.104562,biogeochem_carbon; estuary_coastal; marine,3
2025,Unsaturated aliphatic and sulfur-containing organic matter as surfactants in the surface microlayer,"Nicole Coffey, Felix E. Agblemanyo, Amy M. McKenna et al. (n=4)",Nicole Coffey; Felix E. Agblemanyo; Amy M. McKenna; Andrew S. Wozniak,Marine Chemistry,https://doi.org/10.1016/j.marchem.2025.104547,atmosphere_aerosol; estuary_coastal; marine,3
2025,"Advancing the characterization of organic Cu(II)-binding ligands in Arctic Ocean waters: Integration of IMAC, SPE, HRMS, and fluorescence techniques","Louis Criqui, Céline Guéguen",Louis Criqui; Céline Guéguen,Marine Chemistry,https://doi.org/10.1016/j.marchem.2025.104578,biogeochem_carbon; estuary_coastal; marine,3
2025,Dissolved organic phosphorus utilization and composition under different water regimes of a river-dominated estuary,"Xia Zhang, Lijun Cui, Songlin Liu et al. (n=6)",Xia Zhang; Lijun Cui; Songlin Liu; Yunchao Wu; Jinlong Li; Xiaoping Huang,Marine Pollution Bulletin,https://doi.org/10.1016/j.marpolbul.2025.118481,biogeochem_carbon; disturbance_anthropogenic; estuary_coastal; freshwater_river; marine,5
2025,Estuarine plumes: Modulators of dissolved organic matter molecular signatures and biogeochemical fate in coastal ecosystems,"Guodong Sun, Na Wang, Wenbo Wang et al. (n=12)",Guodong Sun; Na Wang; Wenbo Wang; Yihui Guo; Juan Xu; Zijia Zeng; Penghui Du; Penghui Li; Chen He; Quan Shi; Dongxiao Wang; Wei Xie,Marine Pollution Bulletin,https://doi.org/10.1016/j.marpolbul.2025.118648,atmosphere_aerosol; biogeochem_carbon; estuary_coastal; marine; soil_terrestrial,5
2025,Phages Shape the Transformation of Organic Matter During Composting,"Yuanyuan Bao, Jan Dolfing, Ruirui Chen et al. (n=10)",Yuanyuan Bao; Jan Dolfing; Ruirui Chen; Chongwen Qiu; Jianwei Zhang; Xin Zhou; Liang Liu; Yiming Wang; Xu Lin; Youzhi Feng,Microbial Biotechnology,https://doi.org/10.1111/1751-7915.70291,biogeochem_carbon; microbial_coupling; soil_terrestrial,3
2025,Unraveling the Molecular Composition and Reactivity Differentiation of Algae- and Macrophyte-Derived Dissolved Organic Matter in Plateau Lakes: Insights from Optical Properties and High Resolution Mass Spectrometry Characterization,"Qiuxing Li, Runyu Zhang, Haijun Yuan et al. (n=5)",Qiuxing Li; Runyu Zhang; Haijun Yuan; Liying Wang; Shuxia Xu,Molecules,https://doi.org/10.3390/molecules30173510,biogeochem_carbon; estuary_coastal; freshwater_lake; freshwater_river; marine; microbial_coupling,6
2025,Decomposing the molecular complexity and transformation of dissolved organic matter for innovative anaerobic bioprocessing,"Jun Hu, C. Z. Liu, Wenkai Zhang et al. (n=9)",Jun Hu; C. Z. Liu; Wenkai Zhang; Xuewen Liu; Bin Dong; Zhandong Wang; Yuan-Guo Xie; Zheng‐Shuang Hua; Xian‐Wei Liu,Nature Communications,https://doi.org/10.1038/s41467-025-60240-3,biogeochem_carbon; wastewater_drinking,2
2025,Pathways and selectivity of Fenton degradation of different precursor species of dissolved organic matter,"Qi Chen, Fan Lü, Junjie Qiu et al. (n=5)",Qi Chen; Fan Lü; Junjie Qiu; Hua Zhang; Pinjing He,Nature Communications,https://doi.org/10.1038/s41467-025-61753-7,biogeochem_carbon; estuary_coastal; marine; wastewater_drinking,4
2025,Molecular-level insights into derivation dynamics of microplastic-derived dissolved organic matter,"Shiting Liu, Xiamu Zelang, Chao Ma et al. (n=8)",Shiting Liu; Xiamu Zelang; Chao Ma; Zhuoyu Li; Xinyue Wang; Hanyu Ju; Jingjie Zhang; Jiunian Guan,New Contaminants,https://doi.org/10.48130/newcontam-0025-0016,biogeochem_carbon; estuary_coastal; marine,3
2025,Sachbericht zum Verwendungsnachweis,"Michael Seidel, Dariya Baiko, Thorsten Dittmar",Michael Seidel; Dariya Baiko; Thorsten Dittmar,Open MIND,,biogeochem_carbon; estuary_coastal; marine,3
2025,Chemodiversity of soil dissolved organic matter complementally improved by stepwise elution and electrospray ionization modes,"Shasha Zhuo, Qin Rong, Qing‐Long Fu",Shasha Zhuo; Qin Rong; Qing‐Long Fu,Organic Geochemistry,https://doi.org/10.1016/j.orggeochem.2025.104965,methods_instrumentation; soil_terrestrial,2
2025,Insights into the complex nature of dissolved organic matter from plant residues using multiple spectroscopic techniques,"Zongtang Yang, Biswaranjan Mohanty, Feike A. Dijkstra et al. (n=5)",Zongtang Yang; Biswaranjan Mohanty; Feike A. Dijkstra; Georg Guggenberger; Balwant Singh,Organic Geochemistry,https://doi.org/10.1016/j.orggeochem.2025.105095,biogeochem_carbon; estuary_coastal; marine; microbial_coupling; soil_terrestrial,5
2025,Compositional convergence of dissolved organic matter from root litter to rhizosphere soil in a semiarid grassland of North China,"Xiaohan Mo, Zongxiao Zhang, Mengke Wang et al. (n=11)",Xiaohan Mo; Zongxiao Zhang; Mengke Wang; Qiang Zhang; Guodong Sun; Weifeng Hu; Guoping Chen; Deliang Kong; Chengcheng Dong; Hui Zeng; Junjian Wang,Organic Geochemistry,https://doi.org/10.1016/j.orggeochem.2025.105061,microbial_coupling; soil_terrestrial,2
2025,Implications of negative and positive electrospray ionization mode use on 21 T Fourier-transform ion cyclotron resonance mass spectrometric determined aquatic dissolved organic matter characteristics,"Amy M. Mckenna, Andrew S Wozniak, Tianyin Ouyang et al. (n=4)",Amy M. Mckenna; Andrew S Wozniak; Tianyin Ouyang; Felix E. Agblemanyo,OSF Preprints (OSF Preprints),,biogeochem_carbon; methods_instrumentation; soil_terrestrial,3
2025,"Historical inputs and biogeochemical transformations of dissolved organic matter since 1850 CE in a small plateau-lake, Southwest China","Shuaidong Li, Xiao‐Lei Wang, Jinliang Liu et al. (n=12)",Shuaidong Li; Xiao‐Lei Wang; Jinliang Liu; Yanhui Zhang; Robert G. M. Spencer; Anne M. Kellerman; Amy M. McKenna; Xiaohua Ma; Quanliang Jiang; Tao Huang; Hao Yang; Changchun Huang,Palaeogeography Palaeoclimatology Palaeoecology,https://doi.org/10.1016/j.palaeo.2025.112798,biogeochem_carbon; estuary_coastal; freshwater_lake; marine,4
2025,Dissolved organic matter composition differs across water types in Mid-Atlantic and Great Lakes coastal regions,"Jesse Alan Roebuck, Allison Myers‐Pigg, Peter Regier et al. (n=12)",Jesse Alan Roebuck; Allison Myers‐Pigg; Peter Regier; Nicholas Ward; Matthew J. Cooper; Kenneth Kemner; Amy Marcarelli; Elizabeth C. Minor; Michael Philben; Bongkeun Song; Rodrigo Vargas; Jianqiu Zheng,PLOS Water,https://doi.org/10.1371/journal.pwat.0000465,biogeochem_carbon; estuary_coastal; freshwater_lake; freshwater_river; marine; soil_terrestrial,6
2025,Logging disrupts the ecology of molecules in headwater streams,"Erika C. Freeman, Erik J. S. Emilson, Kara L. Webster et al. (n=5)",Erika C. Freeman; Erik J. S. Emilson; Kara L. Webster; Thorsten Dittmar; Andrew J. Tanentzap,Proceedings of the National Academy of Sciences,https://doi.org/10.1073/pnas.2409104122,atmosphere_aerosol; biogeochem_carbon; disturbance_anthropogenic; estuary_coastal; freshwater_river; marine; microbial_coupling; soil_terrestrial,8
2025,Underestimated input of terrestrial dissolved organic carbon to the ocean,"Yuanbi Yi, Andrew J. Tanentzap, Chen He et al. (n=15)",Yuanbi Yi; Andrew J. Tanentzap; Chen He; Julian Merder; Helena Osterholz; Hongyan Bao; Jeffrey A. Hawkes; Ruanhong Cai; Si‐Liang Li; Quan Shi; Sheng Xu; Chuanlun Zhang; Cong-Qiang Liu; Meixun Zhao; Ding He,Proceedings of the National Academy of Sciences,https://doi.org/10.1073/pnas.2505838122,atmosphere_aerosol; biogeochem_carbon; estuary_coastal; freshwater_river; marine; soil_terrestrial,6
2025,[Research Progress on Component Characteristics and Influencing Factors of Dissolved Organic Matter in Water Bodies of the Yangtze River Basin].,"Xian-Qiang Lai, Bo Gao, Dongyu Xu",Xian-Qiang Lai; Bo Gao; Dongyu Xu,PubMed,https://doi.org/10.13227/j.hjkx.202402128,biogeochem_carbon; disturbance_anthropogenic; freshwater_lake; freshwater_river; marine,5
2025,Isolation and Identification of Mercury–Dissolved Organic Matter Complexes in Mercury–Humic Acid Suspensions,"Ghulam Hussain Qasim, Lisa Harris, Vaughn Mangal et al. (n=6)",Ghulam Hussain Qasim; Lisa Harris; Vaughn Mangal; Mario Montesdeoca; Svetoslava Todorova; Charles T. Driscoll,Rapid Communications in Mass Spectrometry,https://doi.org/10.1002/rcm.9986,biogeochem_carbon; methods_instrumentation,2
2025,RO permeate DOM alteration and emerging oxidation byproduct formation in the UV/NHCl<sub>2</sub> and UV/NH<sub>2</sub>Cl processes in the presence of bromide,"Kun Wang, Yingying XIANG, Jean Philippe Croué et al. (n=5)",Kun Wang; Yingying XIANG; Jean Philippe Croué; Hervé Gallard; Chii Shang,Rare & Special e-Zone (The Hong Kong University of Science and Technology),,biogeochem_carbon; wastewater_drinking,2
2025,Chemical characteristics of dissolved organic matter in southeastern China marginal seas are related to source and biogeochemical processes,"Liang Liu, Yasong Wang, Yasong Wang et al. (n=10)",Liang Liu; Yasong Wang; Yasong Wang; Zhiliang Liu; Weichao Wu; Sishang Pan; Liuyan Wang; Yinghui Wang; Yinghui Wang; Yunping Xu,Regional Studies in Marine Science,https://doi.org/10.1016/j.rsma.2025.104174,biogeochem_carbon; estuary_coastal; marine; microbial_coupling,4
2025,Advances in Glacier Biogeochemistry: A Global Survey of Dissolved Organic Matter in Glacial Meltwater,"Alexandre M. Anesio, Joel Barker, Lisa Bröder",Alexandre M. Anesio; Joel Barker; Lisa Bröder,Repository for Publications and Research Data (ETH Zurich),https://doi.org/10.3929/ethz-c-000799260,biogeochem_carbon; cryosphere; microbial_coupling,3
2025,Logging disrupts the ecology of molecules in headwater streams,"Erika C. Freeman, Erik J.S. Emilson, Kara L. Webster et al. (n=5)",Erika C. Freeman; Erik J.S. Emilson; Kara L. Webster; Thorsten Dittmar; Andrew J. Tanentzap,Repository for Publications and Research Data (ETH Zurich),https://doi.org/10.3929/ethz-c-000793234,atmosphere_aerosol; biogeochem_carbon; disturbance_anthropogenic; freshwater_river; microbial_coupling; soil_terrestrial,6
2025,Molecular Diversity of Dissolved Organic Matter Reflects Macroecological Patterns in River Networks,"Erika C. Freeman, Maruti Kumar Mudunuru, Kelli L. Feeser et al. (n=10)",Erika C. Freeman; Maruti Kumar Mudunuru; Kelli L. Feeser; Emily Ann McClure; Ricardo González‐Pinzón; Christopher Ward; Eric Bottos; Stefan Krause; Jasquelin Peña; Michelle Newcomer,Research Square,https://doi.org/10.21203/rs.3.rs-5565614/v1,biogeochem_carbon; freshwater_river,2
2025,Geographical patterns and drivers of dissolved organic matter in the global ocean,"Jianjun Wang, Ang Hu, Yifan Cui et al. (n=9)",Jianjun Wang; Ang Hu; Yifan Cui; Sarah K. Bercovici; Xiancai Lu; Jay T. Lennon; Janne Soininen; Yongqin Liu; Nianzhi Jiao,Research Square,https://doi.org/10.21203/rs.3.rs-6624570/v1,biogeochem_carbon; estuary_coastal; marine,3
2025,Long-term organic fertilization decreases soil carbon biodegradability by mediating molecular transformation of dissolved organic matter,"Siwei Shi, Danna Chang, Ting Liang et al. (n=6)",Siwei Shi; Danna Chang; Ting Liang; Songjuan Gao; Guopeng Zhou; Weidong Cao,Resources Environment and Sustainability,https://doi.org/10.1016/j.resenv.2025.100261,atmosphere_aerosol; biogeochem_carbon; microbial_coupling; soil_terrestrial,4
2025,"Carbon dynamics in coastal vegetated communities: evaluation of anthropogenic impacts, chemical characterization of dissolved organic matter, and its influence on blue carbon sequestration","Casal Porras, Isabel","Casal Porras, Isabel",RODIN (Universidad de Cádiz),,atmosphere_aerosol; biogeochem_carbon; estuary_coastal; marine; microbial_coupling; sediment_porewater,6
2025,Characterizing Dissolved Organic Matter Composition in a Southeastern United States Watershed,"Hopper, Gwendolyn Marcelette","Hopper, Gwendolyn Marcelette",Scholar Commons (University of South Carolina),,atmosphere_aerosol; biogeochem_carbon; disturbance_anthropogenic; estuary_coastal; freshwater_river; marine; microbial_coupling; soil_terrestrial,8
2025,Constraining biorecalcitrance of carboxyl-rich alicyclic molecules in the ocean,"Ruanhong Cai, Oliver J. Lechtenfeld, Zhenwei Yan et al. (n=9)",Ruanhong Cai; Oliver J. Lechtenfeld; Zhenwei Yan; Yuanbi Yi; Xiaoxia Chen; Qiang Zheng; Boris Koch; Nianzhi Jiao; Ding He,Science Advances,https://doi.org/10.1126/sciadv.adw1148,biogeochem_carbon; estuary_coastal; freshwater_lake; marine; microbial_coupling,5
2025,The role of typical inorganic anions on the transformation of dissolved organic matters in catalytic ozonation,"Min Li, Zhouyang Li, Liya Fu et al. (n=5)",Min Li; Zhouyang Li; Liya Fu; Zhikai Qin; Changyong Wu,Separation and Purification Technology,https://doi.org/10.1016/j.seppur.2025.133808,atmosphere_aerosol; wastewater_drinking,2
2025,Removal efficiency and molecular transformation of dissolved organic matter in combined sewer overflow during micro-nano bubble ozonation treatment,"Cong Wang, Qing Xia, Yang Wang et al. (n=7)",Cong Wang; Qing Xia; Yang Wang; Chuanting Zhou; Xiaodan Zhao; Mian Wu; Zhen Zhou,Separation and Purification Technology,https://doi.org/10.1016/j.seppur.2025.134940,biogeochem_carbon; wastewater_drinking,2
2025,"Coagulation for pretreatment of blackwater from septic tank: performance, mechanism and dissolved organic matter removal property","Changjun He, Shikun Cheng, Zhen Yang et al. (n=4)",Changjun He; Shikun Cheng; Zhen Yang; Zifu Li,Separation and Purification Technology,https://doi.org/10.1016/j.seppur.2025.134182,biogeochem_carbon; wastewater_drinking,2
2025,"Unravelling molecular transformation of dissolved organic matter in UV/Dichloroisocyanurate, UV/Chlorine, and UV/Chloramine processes using high resolution mass spectrometry","Quanfa Zhong, Wangbao Gong, Guangjun Wang et al. (n=9)",Quanfa Zhong; Wangbao Gong; Guangjun Wang; Jun Xie; Jianshu Zhao; Qinghai Jin; Xiaoming Ma; Zhangxin Wang; Di He,Separation and Purification Technology,https://doi.org/10.1016/j.seppur.2025.135032,biogeochem_carbon,1
2025,Explainable machine learning combined with FT-ICR MS unveils the evolution of dissolved organic nitrogen during advanced wastewater treatment processes,"Hao Liu, Liqing Li",Hao Liu; Liqing Li,Separation and Purification Technology,https://doi.org/10.1016/j.seppur.2025.134790,wastewater_drinking,1
2025,Molecular insights into the enhanced water purification of algal-rich water by in-situ ozonation/manganese-doped ceramic membrane process,"Jingyi Zou, Yanjun Li, Tianhao Tang et al. (n=8)",Jingyi Zou; Yanjun Li; Tianhao Tang; Yuepeng Deng; Kai Yang; Yulong Yang; Shengyin Tang; Xihui Zhang,Separation and Purification Technology,https://doi.org/10.1016/j.seppur.2025.134283,biogeochem_carbon; wastewater_drinking,2
2025,Molecular-level determination of chloride-induced shifts in DOM transformation in UV/H2O2 and UV/PDS systems,"Zhepei Gu, Feiyan Fang, Xiaoyu Wang et al. (n=4)",Zhepei Gu; Feiyan Fang; Xiaoyu Wang; Qibin Li,Separation and Purification Technology,https://doi.org/10.1016/j.seppur.2025.136396,,0
2025,Role of permafrost thaw transitions in biogeochemical nitrogen cycling,"Merritt Logan, Monique Patzner, Jacob P. VanderRoest et al. (n=11)",Merritt Logan; Monique Patzner; Jacob P. VanderRoest; Bridget B. McGivern; Nivetha Srikanthan; Myrna J. Simpson; Amy M. McKenna; Kelly Wrighton; Casey Bryce; Andreas Kappler; Thomas Borch,Soil & Environmental Health,https://doi.org/10.1016/j.seh.2025.100148,biogeochem_carbon; cryosphere; methods_instrumentation; microbial_coupling; wetland_peatland,5
2025,Vegetation restoration shapes soil organic matter chemistry and microbial processes,"Shuzhen Wang, Wenxin Chen, Kate V. Heal et al. (n=7)",Shuzhen Wang; Wenxin Chen; Kate V. Heal; Jingjing Liang; Weijuan Qiu; Yuanchun Yu; Chuifan Zhou,Soil Biology and Biochemistry,https://doi.org/10.1016/j.soilbio.2025.109970,biogeochem_carbon; microbial_coupling; soil_terrestrial; wetland_peatland,4
2025,Challenges in integrating dissolved organic matter chemodiversity into kinetic models of soil respiration,"Arjun Chakrawal, Odeta Qafoku, Satish Karra et al. (n=5)",Arjun Chakrawal; Odeta Qafoku; Satish Karra; John Bargar; Emily Graham,Soil Biology and Biochemistry,https://doi.org/10.1016/j.soilbio.2025.109954,biogeochem_carbon; soil_terrestrial,2
2025,Organic matter accelerated microbial iron reduction and available phosphorus release in reflooded paddy soils,"Xipeng Liu, Yuchen Shu, Kejie Li et al. (n=8)",Xipeng Liu; Yuchen Shu; Kejie Li; Haotian Wang; Qing-Fang Bi; Haibo Wang; Chengliang Sun; Xianyong Lin,Soil Ecology Letters,https://doi.org/10.1007/s42832-025-0316-0,biogeochem_carbon; microbial_coupling; soil_terrestrial; wastewater_drinking; wetland_peatland,5
2025,Effects of Coal Rank and Subsurface Thermal Conditions on the Optical and Molecular Characteristics of Dissolved Organic Matter,"Zepeng Wan, Pengfei Lu, Wei Zou et al. (n=7)",Zepeng Wan; Pengfei Lu; Wei Zou; Shun Yang; Yangcheng Xu; Yanqing Wu; Baisheng Nie,SSRN Electronic Journal,https://doi.org/10.2139/ssrn.5405510,biogeochem_carbon; freshwater_lake; groundwater; petroleum_fossil,4
2025,Molecular composition changes of soil dissolved organic matter (SDOM) during non-thermal plasma treatment,"Zhendong Li, Zhuyu Sun, Lulu Chen et al. (n=4)",Zhendong Li; Zhuyu Sun; Lulu Chen; Yanan Liu,SSRN Electronic Journal,https://doi.org/10.2139/ssrn.5646261,biogeochem_carbon; soil_terrestrial,2
2025,Municipal effluent alters molecular signatures of DOM-microbial interactions in receiving river,"Peipei Chen, Jianfeng Ye, Xin Sun et al. (n=9)",Peipei Chen; Jianfeng Ye; Xin Sun; Qing Wei; Wencan Zhang; Feng Hu; Zhanzhan Yuan; Jingyi Zhang; Zuxin Xu,SSRN Electronic Journal,https://doi.org/10.2139/ssrn.5731902,biogeochem_carbon; estuary_coastal; freshwater_river; marine; microbial_coupling; soil_terrestrial; wastewater_drinking,7
2025,Molecular Composition of Soil-Derived Dissolved Organic Matter Regulates Photodegradation of 6PPD-Quinone,"Jiale Liu, Linbin Zhu, Hua Yin et al. (n=7)",Jiale Liu; Linbin Zhu; Hua Yin; Yibo Yuan; Yuhao Cai; Shaoyu Tang; Junfeng Niu,SSRN Electronic Journal,https://doi.org/10.2139/ssrn.5732769,biogeochem_carbon; soil_terrestrial,2
2025,Molecular Insights into the Seasonal Variation of Fluorescent Dissolved Organic Matter in an Isolated Aquatic Continuum,"Cheng Du, Wenzhong Tang, Zhineng Hao et al. (n=8)",Cheng Du; Wenzhong Tang; Zhineng Hao; Meiyi Zhang; Xiaoyue Zhang; Muxing Liu; Zhibing Chang; Hong Zhang,SSRN Electronic Journal,https://doi.org/10.2139/ssrn.5132779,biogeochem_carbon; estuary_coastal; marine; microbial_coupling,4
2025,Thermal Hydrolysis-Induced Molecular Transformations in Sludge: Implications for Photochemical Reactivity and Dissolved Antibiotics Photodissipation,"Haifeng Wen, Xin Wang, Xinchao Zhang et al. (n=7)",Haifeng Wen; Xin Wang; Xinchao Zhang; Yiyang He; Lin Gu; Hanlin Zhang; P J Wu,SSRN Electronic Journal,https://doi.org/10.2139/ssrn.5101167,biogeochem_carbon,1
2025,Microbial Processes Dominate Dom Degradation in Alpine Karst Lakes Over Photochemical Effects,"Yanbao Lei, Qianqian You, Hanyong Zeng et al. (n=9)",Yanbao Lei; Qianqian You; Hanyong Zeng; Muhammad Ibrar; Dalin Zhu; Demeng Zhao; Yutao Cao; Yunde Zhang; Geng Sun,SSRN Electronic Journal,https://doi.org/10.2139/ssrn.5185882,biogeochem_carbon; disturbance_anthropogenic; freshwater_lake; microbial_coupling,4
2025,"Mechanism of Organic Carbon Composition and Characteristics Driving the Differentiation of Greenhouse Gas (Ch4, Co2 and N2o) Production: Evidence from Ft-Icr Ms and Metagenomics","Jingjie Zhang, Chunlan Li, Meng How Tan et al. (n=10)",Jingjie Zhang; Chunlan Li; Meng How Tan; Liping Yu; Zhenghan Liu; Lingling Wan; Xiuyun Cao; Yiyong Zhou; Chunlei Song; Yanxia Zuo,SSRN Electronic Journal,https://doi.org/10.2139/ssrn.5252414,atmosphere_aerosol,1
2025,Organic Fertilization-Derived Lignin Alters the Dissemination of Antibiotic Resistance Genes from Soil to the Rhizosphere,"Bing-Jie Jin, Song-Can Chen, Bi-Xiao Ji et al. (n=8)",Bing-Jie Jin; Song-Can Chen; Bi-Xiao Ji; Hai-Bo Wang; Xin-Yuan Li; Yi Zhao; Kai Ding; Gang Li,SSRN Electronic Journal,https://doi.org/10.2139/ssrn.5839293,biogeochem_carbon; microbial_coupling; soil_terrestrial,3
2025,"Coagulation for Pretreatment of Blackwater from Septic Tank: Performance, Mechanism and Dissolved Organic Matter Removal Property","Changjun He, Shikun Cheng, Zhen Yang et al. (n=4)",Changjun He; Shikun Cheng; Zhen Yang; Zifu Li,SSRN Electronic Journal,https://doi.org/10.2139/ssrn.5251295,biogeochem_carbon; wastewater_drinking,2
2025,Molecular evidence from FT-ICR MS and Bayesian mixing model reveals hillslope soils as dominant DOM contributors during rainfall,"Xiaodie Hu, Wanying Yan, Silin Ma et al. (n=6)",Xiaodie Hu; Wanying Yan; Silin Ma; Jian Wang; Haibing Xiao; Zhihua Shi,SSRN Electronic Journal,https://doi.org/10.2139/ssrn.5908150,atmosphere_aerosol; biogeochem_carbon; disturbance_anthropogenic; estuary_coastal; groundwater; marine; soil_terrestrial,7
2025,Iron-modified cement hydration regulates DOM transformation and carbon stabilization in soil-concrete systems during rainfall-runoff,"Qiao Li, Yipeng Wang, Jiuxian Yang et al. (n=8)",Qiao Li; Yipeng Wang; Jiuxian Yang; Wenyou Wu; Jiyuan Jin; Xinchao Zhang; Yuanyuan Pei; Yi Xu,SSRN Electronic Journal,https://doi.org/10.2139/ssrn.5731658,biogeochem_carbon; disturbance_anthropogenic; microbial_coupling; soil_terrestrial,4
2025,Molecular Insights into the Bioavailability and Transformation of Dissolved Organic Phosphorus and Nitrogen in a Wastewater Treatment Plant,"Hongwei Bai, Yike Kang, Ying Yuan et al. (n=7)",Hongwei Bai; Yike Kang; Ying Yuan; Qiao Liu; Dongyang Li; Wenbing Tan; Dongyu Cui,SSRN Electronic Journal,https://doi.org/10.2139/ssrn.5181770,biogeochem_carbon; wastewater_drinking,2
2025,Molecular insights into the bioavailability and transformation of dissolved organic phosphorus and nitrogen in a wastewater treatment plant,"Hongwei Bai, Qiao Liu, Xuhui Shen et al. (n=8)",Hongwei Bai; Qiao Liu; Xuhui Shen; Wenbing Tan; Ying Yuan; Dongyang Li; Yike Kang; Dongyu Cui,SSRN Electronic Journal,https://doi.org/10.2139/ssrn.5557668,biogeochem_carbon; wastewater_drinking,2
2025,Estuarine Plumes: Modulators of Dissolved Organic Matter Molecular Signatures and Biogeochemical Fate in Coastal Ecosystems,"Guodong Sun, Na Wang, Wenbo Wang et al. (n=12)",Guodong Sun; Na Wang; Wenbo Wang; Yihui Guo; Juan Xu; Zijia Zeng; Penghui Du; Penghui Li; Chen He; Quan Shi; Dongxiao Wang; Wei Xie,SSRN Electronic Journal,https://doi.org/10.2139/ssrn.5291508,biogeochem_carbon; estuary_coastal; marine,3
2025,Investigation on the Mechanism of Dissolved Organic Matter Degradation in Printing and Dyeing Wastewater by Plasma-Treated La0.5sr0.5co3-Δ   Activating Persulfate,"Yang Yang, Jingyuan Wang, Tongwen Xu et al. (n=5)",Yang Yang; Jingyuan Wang; Tongwen Xu; Bin Zhu; Xiaomin Zhang,SSRN Electronic Journal,https://doi.org/10.2139/ssrn.5181748,wastewater_drinking,1
2025,Differential Aging Processes of Microplastics in Paddy Soil Under Wet-Dry Alternation: Insights into Chemical Structure Alteration and Dissolved Organic Matter Formation,"Ruchun Jiang, Fanyang Bu, Xiaodong Li et al. (n=7)",Ruchun Jiang; Fanyang Bu; Xiaodong Li; Zongquan Sun; Yayun Xiang; Wenxiu Liu; Qingbao Gu,SSRN Electronic Journal,https://doi.org/10.2139/ssrn.5362059,biogeochem_carbon; soil_terrestrial,2
2025,Molecular-Level Insights into Pre-Treatment Strategies for Dissolved Organic Matter Removal and Disinfection By-Products Control During Sedimentation Sludge Water Recycling,"Tong Zhen-gong, Ya Wang, Wei Liu et al. (n=8)",Tong Zhen-gong; Ya Wang; Wei Liu; Jingkai Chen; Tianyang Xing; Xuefan Rao; Jinping Xu; Liwen Jiang,SSRN Electronic Journal,https://doi.org/10.2139/ssrn.5316585,biogeochem_carbon; sediment_porewater; wastewater_drinking,3
2025,Comparison of hydroxyl radical and carbonate radical-mediated transformation of NOM by FT-ICR MS and machine learning,"Junfang Li, Wenlei Qin, Jingyun Fang",Junfang Li; Wenlei Qin; Jingyun Fang,SSRN Electronic Journal,https://doi.org/10.2139/ssrn.5760300,atmosphere_aerosol; biogeochem_carbon,2
2025,A Novel Single-Chamber Bio-Electro-Fenton for E2-3s Removal: Insights into the Effects of Wastewater-Derived Dom Composition from Molecular and Species Levels,"Qingmiao Yu, Linchang Guan, Fuzheng Zhao et al. (n=7)",Qingmiao Yu; Linchang Guan; Fuzheng Zhao; Yi Bao; Yue Rao; Hongqiang Ren; Jinju Geng,SSRN Electronic Journal,https://doi.org/10.2139/ssrn.5130995,biogeochem_carbon; microbial_coupling; wastewater_drinking,3
2025,Microbial functional shifts along a peach monoculture and replant soil chronosequence are driven by dissolved organic matter dynamics,"Xiangyu Liu, Qingnan Chu, Detian Li et al. (n=10)",Xiangyu Liu; Qingnan Chu; Detian Li; Shuai Yin; Chunxi Li; Jinnan Shen; Hua Wang; Min Zhang; Zhimin Sha; chengrong chen,SSRN Electronic Journal,https://doi.org/10.2139/ssrn.5669233,biogeochem_carbon; microbial_coupling; soil_terrestrial,3
2025,Seasonal Modulation of Watershed Characteristics and Geographical Patterns Controls Dissolved Organic Matter Chemodiversity in Subtropical Rivers,"Guanglong Zhang, Zhenli Guo, Juanfang Du et al. (n=12)",Guanglong Zhang; Zhenli Guo; Juanfang Du; Yue Ke; Hanyi Li; Mingbao Feng; Jingchun Liu; Haoliang Lu; Chongling Yan; Nianzhi Jiao; Xilin Xiao; Hualong Hong,SSRN Electronic Journal,https://doi.org/10.2139/ssrn.5318783,freshwater_river,1
2025,Sustainable Treatment of Hazardous Wastewater and Carbon Sequestration: Zn-Doped Δ-Mno2 Catalyzed Humification of Toxic Dom and Pollutant Removal,"Chao Zhu, Yiruo Huang, Zhenhuan Ding et al. (n=8)",Chao Zhu; Yiruo Huang; Zhenhuan Ding; Jinsong Xu; Mengnan Wang; Bing Yang; Hongrui Ma; Chengtao Li,SSRN Electronic Journal,https://doi.org/10.2139/ssrn.5297565,biogeochem_carbon; wastewater_drinking,2
2025,Strong reprocessing of dissolved organic matter along South-to-North water diversion,"Xiaofeng Cao, Jie Wang, Zitong Sun et al. (n=10)",Xiaofeng Cao; Jie Wang; Zitong Sun; Jianghao Ji; Jiangyong Chu; Yuewei Wang; Weixiao Qi; Jianfeng Peng; Huijuan Liu; Jiuhui Qu,The Innovation Geoscience,https://doi.org/10.59717/j.xinn-geo.2025.100170,biogeochem_carbon; estuary_coastal; marine; microbial_coupling,4
2025,Thermal regimes during overwintering recovery shape microbial network and dissolved organic matter complexity in <i>Microcystis</i> -dominated systems,"Yang Liu, Zongjie Xie, Jia Feng et al. (n=5)",Yang Liu; Zongjie Xie; Jia Feng; Shulian Xie; Chao Ma,The ISME Journal,https://doi.org/10.1093/ismejo/wraf227,biogeochem_carbon; estuary_coastal; marine; microbial_coupling,4
2025,Decreased stability of soil dissolved organic matter under disturbance of periodic flooding and drying in reservoir drawdown area,"Shengman Zhang, Yuchun Wang, Ming Sheng et al. (n=9)",Shengman Zhang; Yuchun Wang; Ming Sheng; Xueping Chen; Zi-Yuan Zhang; Shanze Li; Yong Qin; Pingqing Fu; Fushun Wang,The Science of The Total Environment,https://doi.org/10.1016/j.scitotenv.2025.178973,biogeochem_carbon; disturbance_anthropogenic; freshwater_lake; groundwater; soil_terrestrial; wetland_peatland,6
2025,Imprint of incomplete combustion processes on the water column of the anthropogenic-pressured Baltic Sea,"Tassiana Soares Gonçalves Serafim, Detlef E. Schulz‐Bull, Christopher P. Rüger et al. (n=8)",Tassiana Soares Gonçalves Serafim; Detlef E. Schulz‐Bull; Christopher P. Rüger; Thorsten Dittmar; Jutta Niggemann; Ralf Zimmermann; Joanna J Waniek; Helena Osterholz,The Science of The Total Environment,https://doi.org/10.1016/j.scitotenv.2025.178537,atmosphere_aerosol; biochar_black_carbon; biogeochem_carbon; estuary_coastal; freshwater_river; marine; soil_terrestrial,7
2025,Molecular dynamics and factors governing recalcitrance of dissolved organic matter: Insights from laboratory incubation and ultra-high resolution mass spectrometry,"Penghui Li, Shi‐Yang Tang, Ruanhong Cai et al. (n=7)",Penghui Li; Shi‐Yang Tang; Ruanhong Cai; Zekun Zhang; Chen He; Quan Shi; Ding He,The Science of The Total Environment,https://doi.org/10.1016/j.scitotenv.2025.178580,atmosphere_aerosol; biogeochem_carbon; estuary_coastal; marine,4
2025,"sea4soCiety-DOM - AP2 - Kohlenstoff Qualität und Quellen: Rekalzitranz und Sequestrierung von organischem Material; Projekt: ""Rekalzitranz von gelöstem organischem Material aus Küstenökosystemen""","Michael Seidel, Dariya Baiko, Thorsten Dittmar",Michael Seidel; Dariya Baiko; Thorsten Dittmar,TIB Repositorium,https://doi.org/10.34657/29593,biogeochem_carbon; estuary_coastal,2
2025,Natural organic matter dynamics in permafrost peatlands: Critical overview of recent findings and characterization tools,"Diogo Folhas, Raoul‐Marie Couture, Isabelle Laurion et al. (n=5)",Diogo Folhas; Raoul‐Marie Couture; Isabelle Laurion; Gonçalo Vieira; João Canário,TrAC Trends in Analytical Chemistry,https://doi.org/10.1016/j.trac.2025.118153,biogeochem_carbon; cryosphere; estuary_coastal; marine; microbial_coupling; wetland_peatland,6
2025,Formation of regulated and novel disinfection by-products during chlorine and chlorine dioxide disinfection of surface water and groundwater,"Nihemaiti, Maolida, Wullenweber, Jon, Stefanoni, Mattia et al. (n=9)","Nihemaiti, Maolida; Wullenweber, Jon; Stefanoni, Mattia; Kahle, Laura; Lechtenfeld, Oliver J.; Cantoni, Beatrice; Antonelli, Manuela; Ernst, Mathias; Reemtsma, Thorsten",TUHH Open Research,https://doi.org/10.15480/882.16297,biogeochem_carbon; groundwater,2
2025,Liquid chromatography Fourier transform ion cyclotron resonance mass spectrometry (LC-FT-ICR MS) and 1H NMR data from peat pore water and north sea water and LC-MS data for labeled model compounds,"Rodrigues Matos, Rebecca, Craig, Alexander, Tebben, Jan et al. (n=8)","Rodrigues Matos, Rebecca; Craig, Alexander; Tebben, Jan; Kaesler, Jan Michael; Koch, Boris P.; Hawkes, Jeffrey; Zherebker, Alexander; Lechtenfeld, Oliver",UFZ Datenrechercheportal,https://doi.org/10.48758/ufz.16221,biogeochem_carbon; marine; sediment_porewater; wetland_peatland,4
2025,The Utilization of Dissolved Organic Matter Spectral and Molecular Properties in Freshwater Eutrophication Studies: A Mini Review,"Wengang Yan, Jun Xing, Chunzhao Chen et al. (n=5)",Wengang Yan; Jun Xing; Chunzhao Chen; Yihua Xiao; Changqing Liu,Water,https://doi.org/10.3390/w17020151,biogeochem_carbon; estuary_coastal; marine; sediment_porewater; soil_terrestrial,5
2025,"Unravelling the Effect of Low-Molecular-Weight Dissolved Organic Matter on Antimony Enrichment in Groundwater of the Xikuangshan Sb Mining Area, China","Tongchun Qin, Zijian Li, Qianqian Sun et al. (n=4)",Tongchun Qin; Zijian Li; Qianqian Sun; Chunming Hao,Water,https://doi.org/10.3390/w17081206,biogeochem_carbon; disturbance_anthropogenic; groundwater; microbial_coupling,4
2025,Tidal Effects on Dissolved Organic Matter Dynamics in a Brackish Water Front Adjacent to Yangtze River Estuary,"Yasong Wang, Niting Peng, Zhiliang Liu et al. (n=7)",Yasong Wang; Niting Peng; Zhiliang Liu; Liang Liu; Sishang Pan; Dayu Duan; Yunping Xu,Water,https://doi.org/10.3390/w17020226,biogeochem_carbon; disturbance_anthropogenic; estuary_coastal; freshwater_river; marine; microbial_coupling; sediment_porewater; soil_terrestrial; wetland_peatland,9
2025,Microscopic mechanism of organic carbon sequestration and redox properties influenced by iron (Oxyhydr)oxides,"Chuanjin Lin, Bin Dong, Zuxin Xu",Chuanjin Lin; Bin Dong; Zuxin Xu,Water Research,https://doi.org/10.1016/j.watres.2025.123220,biogeochem_carbon,1
2025,Sediment amplifies organic matter cycling and nutrients feedback in eutrophic lake zones,"Jun Xing, Yuping Zhou, Ding He et al. (n=10)",Jun Xing; Yuping Zhou; Ding He; Fen Guo; Penghui Li; Yuan Zhang; Rui Lv; Runze Xue; Changqing Liu; Yihua Xiao,Water Research,https://doi.org/10.1016/j.watres.2025.124164,estuary_coastal; freshwater_lake; marine; sediment_porewater,4
2025,Coupling electrooxidation-coagulation with membrane distillation using recycled Al can cathodes for sustainable landfill leachate treatment: Fouling control and mechanism insights,"Xin Zhang, Jiayu Luo, Tianwei Hao et al. (n=6)",Xin Zhang; Jiayu Luo; Tianwei Hao; Xin Liu; Chongxuan Liu; Yang Lei,Water Research,https://doi.org/10.1016/j.watres.2025.124415,biogeochem_carbon; wastewater_drinking,2
2025,Chemically recalcitrant molecules are the primary components regulating the electron-donating capacity (EDC) of dissolved organic matter,"Sihua Zhu, Peijie Yang, Peili Tian et al. (n=12)",Sihua Zhu; Peijie Yang; Peili Tian; Siqi Zhang; Shanyi Tian; Yongguang Yin; Jitao Lv; Caiyun Yang; Zhongbo Zhou; Zhenwu Tang; Dingyong Wang; Tao Jiang,Water Research,https://doi.org/10.1016/j.watres.2025.124316,atmosphere_aerosol; biogeochem_carbon; estuary_coastal; marine,4
2025,Organic molecular network analysis reveals transformation signatures of dissolved organic matter during anaerobic digestion process,"Xingsheng Yang, Xi Peng, Kai Feng et al. (n=6)",Xingsheng Yang; Xi Peng; Kai Feng; Shang Wang; Zou Xiao; Ye Deng,Water Research,https://doi.org/10.1016/j.watres.2025.123777,biogeochem_carbon; freshwater_lake,2
2025,The role of dissolved organic matter in fuelling coastal hypoxia: Identifying key molecules and drivers,"Wenzhao Liang, Penghui Li, Yifei Pan et al. (n=12)",Wenzhao Liang; Penghui Li; Yifei Pan; Zhe‐Xuan Zhang; Yuanbi Yi; Zhao Liang Chen; Chen Zhao; Ruanhong Cai; Zekun Zhang; Christian Lønborg; Jianping Gan; Ding He,Water Research,https://doi.org/10.1016/j.watres.2025.124210,atmosphere_aerosol; biogeochem_carbon; estuary_coastal; marine,4
2025,The impact of water-sediment regulation scheme (WSRS) on the chemistry of dissolved organic matter in the Yellow River estuary and adjacent waters,"Donglei Niu, Yanfang Li, Yang Tan et al. (n=7)",Donglei Niu; Yanfang Li; Yang Tan; Chao Ma; Yulin Qi; Yanan Li; Jianhui Tang,Water Research,https://doi.org/10.1016/j.watres.2025.123669,biogeochem_carbon; disturbance_anthropogenic; estuary_coastal; freshwater_river; marine; microbial_coupling; sediment_porewater; soil_terrestrial,8
2025,Molecular-level insights into dissolved organic matter during Ulva prolifera degradation and its regulation on the environmental behaviour of the organic pollutant tributyl phosphate,"Hanwen Hu, Chengmin Wang, Xuexi Tang et al. (n=7)",Hanwen Hu; Chengmin Wang; Xuexi Tang; Ying Wang; Xiaoyang Jian; Suyang Liu; Xinxin Zhang,Water Research,https://doi.org/10.1016/j.watres.2025.123436,biogeochem_carbon; estuary_coastal; marine,3
2025,Spatiotemporal changes in dissolved organic matter chemodiversity and its interaction with microbial composition in heavy-metal polluted river,"Chun Liu, Rujie Li, Yuheng Zhang et al. (n=12)",Chun Liu; Rujie Li; Yuheng Zhang; Lijie Zhang; Zhaoling Liu; Ping Li; Guanghui Fan; Yingjie Zhu; Yue Zuo; Xule Liu; Zhiyong Fu; Xiufeng Zhang,Water Research,https://doi.org/10.1016/j.watres.2025.124738,biogeochem_carbon; freshwater_river; microbial_coupling; wastewater_drinking,4
2025,Unraveling the links between molecular weight and multidimensional dynamics of dissolved organic matter in the runoff from gentle sloping land under rainfall,"Guo Chen, Hao Wang, Qiang Zhang et al. (n=11)",Guo Chen; Hao Wang; Qiang Zhang; Chao Chang; Fei Wang; Qingwei Zhang; Jian Wang; Yu Pang; Ming Li; Biao Zhu; Ding He,Water Research,https://doi.org/10.1016/j.watres.2025.124061,disturbance_anthropogenic; estuary_coastal; marine; microbial_coupling; wetland_peatland,5
2025,Exploring the chemical behaviors of dissolved organic matter to thermal hydrolysis temperature at the molecular level and its fate in anaerobic membrane bioreactor,"Jian Yin, Teng Cai, Yizhi Zhang et al. (n=8)",Jian Yin; Teng Cai; Yizhi Zhang; Qicai Dai; Yijing Gao; Siqin Li; Xueqin Lü; Guangyin Zhen,Water Research,https://doi.org/10.1016/j.watres.2025.123650,biogeochem_carbon; wastewater_drinking,2
2025,Impact of organic carbon concentration on the molecular properties and assembly of riverine dissolved organic matter,"Feijian Mao, Changbing Liu, Guoliang Li et al. (n=9)",Feijian Mao; Changbing Liu; Guoliang Li; Yuli Wang; Qiyi Yuan; Karina Yew‐Hoong Gin; Huifang Zhang; Xu Chen; Wenxuan Li,Water Research,https://doi.org/10.1016/j.watres.2025.124261,estuary_coastal; marine,2
2025,Seasonal and longitudinal dynamics of DOM within headwater streams of a tropical evergreen forest,"Samantha N. Sullivan, Jennifer C. Bowen, Louis A. Kaplan et al. (n=5)",Samantha N. Sullivan; Jennifer C. Bowen; Louis A. Kaplan; Rose M. Cory; Patrick G. Hatcher,Water Research,https://doi.org/10.1016/j.watres.2025.123668,disturbance_anthropogenic; freshwater_river,2
2025,Rainfall shapes CO₂ emission and dissolved organic matter dynamics in a karst catchment: Controlling factors revealed by isotopic and molecular signatures,"Jinfeng Ge, Yulin Qi, Yuanbi Yi et al. (n=11)",Jinfeng Ge; Yulin Qi; Yuanbi Yi; Chao Ma; Wenrui Yao; Xin Liu; Haoyang Wang; Keyan Li; Fu‐Jun Yue; Tao Peng; Si‐Liang Li,Water Research,https://doi.org/10.1016/j.watres.2025.124875,biogeochem_carbon; disturbance_anthropogenic; estuary_coastal; groundwater; marine,5
2025,Iron and sulfate reduction vs. methanogenesis: Contrasting terminal anaerobic organic matter degradation pathways regulate groundwater iodine enrichment,"Yamin Deng, Yuxiao Xu, Jiangkai Xue et al. (n=5)",Yamin Deng; Yuxiao Xu; Jiangkai Xue; Yao Du; Yanxin Wang,Water Research,https://doi.org/10.1016/j.watres.2025.124788,atmosphere_aerosol; biogeochem_carbon; groundwater; soil_terrestrial,4
2025,Integrating dual-stage gas permeable membranes and humic acid recovery to optimize fenton oxidation of landfill leachate: Insights into full-process performance and DOM molecular-level transformation,"Linjun Wu, Huan Li, Yanyue Gu et al. (n=6)",Linjun Wu; Huan Li; Yanyue Gu; Zhiqiang Shen; Yuexi Zhou; Jiane Zuo,Water Research,https://doi.org/10.1016/j.watres.2025.123525,biogeochem_carbon; wastewater_drinking,2
2025,Ecological regime shifts weaken sedimentary carbon sequestration in shallow Lake liangzi,"Jinglin Hou, Qi Lin, Jiasheng Zhang et al. (n=11)",Jinglin Hou; Qi Lin; Jiasheng Zhang; Shixin Huang; Yuan Jin; Yanhua Wang; Haibo He; Pierre Taillardat; David Taylor; Ke Zhang; Michael E. Meadows,Water Research,https://doi.org/10.1016/j.watres.2025.125173,biogeochem_carbon; estuary_coastal; freshwater_lake; marine,4
2025,Methane biogeochemical turnover constrains arsenic transformation in groundwater systems: Organic molecular signatures and microbial functional networks,"Xianjun Xie, E. Anu Li, Honglin Jiang et al. (n=6)",Xianjun Xie; E. Anu Li; Honglin Jiang; Kunfu Pi; Yanhui Lu; Shuai Shen,Water Research,https://doi.org/10.1016/j.watres.2025.125083,biogeochem_carbon; disturbance_anthropogenic; groundwater; microbial_coupling,4
2025,Reforming solid-liquid interfacial chemical compositions of anaerobic digestate liquor through rapid subcritical hydrothermal treatment with implications on enhanced colloidal solid removal,"Jieling Feng, Xiaoli Chai, Xiaohu Dai et al. (n=4)",Jieling Feng; Xiaoli Chai; Xiaohu Dai; Boran Wu,Water Research,https://doi.org/10.1016/j.watres.2025.125076,biogeochem_carbon,1
2025,Molecular characteristics and plastic additives in dissolved organic matter derived from polystyrene microplastics: Effects of cumulative irradiation and microplastic concentrations,"Yuanyuan Cao, Yang Liu, Kehui Guo et al. (n=6)",Yuanyuan Cao; Yang Liu; Kehui Guo; Wei He; Jin Hur; Huaming Guo,Water Research,https://doi.org/10.1016/j.watres.2025.123641,biogeochem_carbon,1
2025,Unraveling the mechanism of dissolved organic matter in enhancing nitrogen removal from leachate wastewater treatment via aerobic granular sludge process,"Zihan Mei, Jiale Wang, Jinghai Luo et al. (n=9)",Zihan Mei; Jiale Wang; Jinghai Luo; Xiejuan Lu; Juan Mao; Feixiang Zan; Min Zheng; Guanghao Chen; Xiaohui Wu,Water Research,https://doi.org/10.1016/j.watres.2025.124407,biogeochem_carbon; wastewater_drinking; wetland_peatland,3
2025,Molecular fingerprints of dissolved organic matter leached from microplastics over prolonged photochemical aging: Implications for aquatic carbon cycling,"Zekun Zhang, Zhao Liang Chen, Yanjun Liu et al. (n=10)",Zekun Zhang; Zhao Liang Chen; Yanjun Liu; Yuanbi Yi; Ruanhong Cai; Ming Ye; Mengyang Liu; Meng Yan; Kmy Leung; Ding He,Water Research,https://doi.org/10.1016/j.watres.2025.124163,biogeochem_carbon,1
2025,Molecular-level mapping of high-valent metal-governed reaction patterns of micropollutants and dissolved organic matter,"Shuiqin Shi, Linke Jiang, Kaiting Zhang et al. (n=7)",Shuiqin Shi; Linke Jiang; Kaiting Zhang; Tian Li; Junmei Yan; Lianbao Chi; Mingbao Feng,Water Research,https://doi.org/10.1016/j.watres.2025.124134,biogeochem_carbon,1
2025,Biodegradation reshapes chlorine reactivity of litter-derived dissolved organic matter from herbaceous and woody plants,"Qi Ren, Qiang Zhang, Fang Chen et al. (n=8)",Qi Ren; Qiang Zhang; Fang Chen; Zhineng Hao; Ruizhe Wang; Yanmei Liu; Junjian Wang; Dong Ren,Water Research,https://doi.org/10.1016/j.watres.2025.125262,biogeochem_carbon; microbial_coupling; wastewater_drinking; wetland_peatland,4
2025,Plastispheres as unique niches for promoting turnover of dissolved organic matter in aquatic environments,"Yanjun Liu, Zhenghao Li, Yan‐Yun Hu et al. (n=6)",Yanjun Liu; Zhenghao Li; Yan‐Yun Hu; Jia-Heng Zhao; Yuan Li; Guo‐Ping Sheng,Water Research,https://doi.org/10.1016/j.watres.2025.124191,biogeochem_carbon; microbial_coupling; soil_terrestrial,3
2025,Dissolved organic matter in surface sediments along a river-to-ocean continuum: Molecular characteristics and sediment–water exchange dynamics,"Zekun Zhang, Peng Yao, Bin Zhao et al. (n=10)",Zekun Zhang; Peng Yao; Bin Zhao; Yuanbi Yi; Zhao Liang Chen; Chen Zhao; Ruanhong Cai; Wenzhao Liang; Chenglong Wang; Ding He,Water Research,https://doi.org/10.1016/j.watres.2025.125238,biogeochem_carbon; estuary_coastal; freshwater_river; marine; microbial_coupling; sediment_porewater; wetland_peatland,7
2025,Molecular weight: A key factor influencing the removal efficiency of dissolved organic matter and disinfection byproducts by an aquatic plant,"Ruixin Qu, Shunke Ding, Yingying Zhou et al. (n=7)",Ruixin Qu; Shunke Ding; Yingying Zhou; Zhenqi Du; Pin Wang; Michael R. Templeton; Wenhai Chu,Water Research,https://doi.org/10.1016/j.watres.2025.124505,biogeochem_carbon,1
2025,Lake dissolved organic matters seasonal variations is a main driver of N2O emission: In molecular insights by using FT-ICR MS,"Zezheng Wang, Lu Li, Chengchao Liao et al. (n=7)",Zezheng Wang; Lu Li; Chengchao Liao; Min Deng; Senbati Yeerken; Yongxia Huang; Kang Song,Water Research X,https://doi.org/10.1016/j.wroa.2025.100321,atmosphere_aerosol; biogeochem_carbon; freshwater_lake; microbial_coupling; sediment_porewater,5
2025,Iron (oxyhydr)oxide-driven chemodiversity in algal-derived dissolved organic matter: Mechanistic coupling of electron transfer and radical-induced bond cleavage under light and dark conditions,"Zelong Yan, Minhan Pi, Tingting You et al. (n=6)",Zelong Yan; Minhan Pi; Tingting You; Li Wang; Shaofeng Wang; Xiangfeng Zeng,Water Research X,https://doi.org/10.1016/j.wroa.2025.100364,atmosphere_aerosol; biogeochem_carbon; estuary_coastal; marine,4
2025,Properties of iron-bound organic carbon and its implications for the conservation of coastal wetland vegetation,"Zihan Zheng, Yanting Zhang, Qing‐Ying Yu et al. (n=7)",Zihan Zheng; Yanting Zhang; Qing‐Ying Yu; Tingcang Hu; Chao Ma; Chunmei Chen; Yulin Qi,Water Research X,https://doi.org/10.1016/j.wroa.2025.100368,biogeochem_carbon; disturbance_anthropogenic; estuary_coastal; freshwater_river; soil_terrestrial; wetland_peatland,6
2025,Exploring the Complex Dynamics of Dissolved Organic Matter Across Diverse Ecosystems in Padilla Bay,"Karp, Lauren","Karp, Lauren",Western CEDAR (Western Washington University),,biogeochem_carbon; estuary_coastal; marine; wetland_peatland,4
