year,title,authors_short,all_authors,journal,doi,openalex_id
2000,Fundamentals and Advances of Orbitrap Mass Spectrometry,"Michaela Ščigelová, Alexander Makarov",Michaela Ščigelová; Alexander Makarov,Encyclopedia of Analytical Chemistry,https://doi.org/10.1002/9780470027318.a9309,https://openalex.org/W1512746871
2002,Imagined Olympians: Body Culture and Colonial Representation in Rwanda,John Bale,John Bale,Medical Entomology and Zoology,https://doi.org/10.1016/j.exer.2022.109061,https://openalex.org/W35390333
2005,,Etsuko Yasugi,Etsuko Yasugi,Journal of Lipid Nutrition,https://doi.org/10.4010/jln.14.85,https://openalex.org/W2514364441
2005,Targeted lipidomics: Signaling lipids and drugs of abuse,"Rao S. Rapaka, Daniele Piomelli, Sarah Spiegel et al. (n=5)",Rao S. Rapaka; Daniele Piomelli; Sarah Spiegel; Nicolás G. Bazán; Edward A. Dennis,Prostaglandins & Other Lipid Mediators,https://doi.org/10.1016/j.prostaglandins.2005.06.005,https://openalex.org/W2076012926
2007,"Method for Lipidomic Analysis:  p53 Expression Modulation of Sulfatide, Ganglioside, and Phospholipid Composition of U87 MG Glioblastoma Cells","Huan He, Charles A. Conrad, Carol L. Nilsson et al. (n=7)",Huan He; Charles A. Conrad; Carol L. Nilsson; Yongjie Ji; Tanner Schaub; Alan G. Marshall; Mark R. Emmett,Analytical Chemistry,https://doi.org/10.1021/ac071413m,https://openalex.org/W1998462729
2007,Top-Down Lipidomic Screens by Multivariate Analysis of High-Resolution Survey Mass Spectra,"Dominik Schwudke, J. Thomas Hannich, Vineeth Surendranath et al. (n=8)",Dominik Schwudke; J. Thomas Hannich; Vineeth Surendranath; Vinciane Grimard; Thomas J. Moehring; Lyle Burton; Teymuras V. Kurzchalia; Andrej Shevchenko,Analytical Chemistry,https://doi.org/10.1021/ac062455y,https://openalex.org/W2022787379
2008,Even Electron Mass Spectrometry with Biomolecule Applications,Bryan Ham,Bryan Ham,Medical Entomology and Zoology,,https://openalex.org/W655048115
2009,Electrospray Ionization Fourier Transform Ion Cyclotron Resonance Mass Spectrometry in Biological Applications: Lipids and Proteins,,,DigiNole (Florida State University),,https://openalex.org/W7112074150
2009,Top-Down Lipidomics Reveals Ether Lipid Deficiency in Blood Plasma of Hypertensive Patients,"Juergen Graessler, Dominik Schwudke, Peter E. H. Schwarz et al. (n=6)",Juergen Graessler; Dominik Schwudke; Peter E. H. Schwarz; Ronny Herzog; Andrej Shevchenko; Stefan R. Bornstein,PLoS ONE,https://doi.org/10.1371/journal.pone.0006261,https://openalex.org/W2166628970
2009,"High‐resolution extracted ion chromatography, a new tool for metabolomics and lipidomics using a second‐generation orbitrap mass spectrometer","Albert Koulman, Gary Woffendin, Vinod K. Narayana et al. (n=6)",Albert Koulman; Gary Woffendin; Vinod K. Narayana; Helen Welchman; Catharina Crone; Dietrich A. Volmer,Rapid Communications in Mass Spectrometry,https://doi.org/10.1002/rcm.4015,https://openalex.org/W2165009222
2010,Perturbations in the lipid profile of individuals with newly diagnosed type 1 diabetes mellitus: Lipidomics analysis of a Diabetes Antibody Standardization Program sample subset,"Christina M. Sorensen, Jie Ding, Qibin Zhang et al. (n=8)",Christina M. Sorensen; Jie Ding; Qibin Zhang; Thierry Alquier; Rui Zhao; Patricia W. Mueller; Richard Smith; Thomas Metz,Clinical Biochemistry,https://doi.org/10.1016/j.clinbiochem.2010.04.075,https://openalex.org/W1993305379
2010,Precise and global identification of phospholipid molecular species by an Orbitrap mass spectrometer and automated search engine Lipid Search,"Ryo Taguchi, Masaki Ishikawa",Ryo Taguchi; Masaki Ishikawa,Journal of Chromatography A,https://doi.org/10.1016/j.chroma.2010.04.034,https://openalex.org/W1982555544
2010,Software tool for mining liquid chromatography/multi‐stage mass spectrometry data for comprehensive glycerophospholipid profiling,"Eva‐Maria Hein, Bertram Bödeker, Jürgen Nolte et al. (n=4)",Eva‐Maria Hein; Bertram Bödeker; Jürgen Nolte; Heiko Hayen,Rapid Communications in Mass Spectrometry,https://doi.org/10.1002/rcm.4614,https://openalex.org/W2013581823
2010,Profiling of lipids in <i>Leishmania donovani</i> using hydrophilic interaction chromatography in combination with Fourier transform mass spectrometry,"Liang Zheng, Ruben T'Kind, Saskia Decuypere et al. (n=6)",Liang Zheng; Ruben T'Kind; Saskia Decuypere; Simona John von Freyend; Graham H. Coombs; David G. Watson,Rapid Communications in Mass Spectrometry,https://doi.org/10.1002/rcm.4618,https://openalex.org/W2089327460
2011,Qualitative and quantitative analysis of ceramide species in biological samples in an untargeted lipidomic profiling platform by high resolution LC-MS,"李佳, 赵欣捷, 胡春秀 et al. (n=6)",李佳; 赵欣捷; 胡春秀; 陈世礼; 周丽娜; 许国旺,,,https://openalex.org/W2415041341
2011,Bottom-Up Shotgun Lipidomics by Higher Energy Collisional Dissociation on LTQ Orbitrap Mass Spectrometers,"Kai Schuhmann, Ronny Herzog, Dominik Schwudke et al. (n=6)",Kai Schuhmann; Ronny Herzog; Dominik Schwudke; Wolfgang Metelmann-Strupat; Stefan R. Bornstein; Andrej Shevchenko,Analytical Chemistry,https://doi.org/10.1021/ac102505f,https://openalex.org/W2335725835
2011,Lipidomics: What does the future hold?,Anna Nicolaou,Anna Nicolaou,European Journal of Lipid Science and Technology,https://doi.org/10.1002/ejlt.201100117,https://openalex.org/W2017497567
2011,Quantitative profiling of phosphatidylethanol molecular species in human blood by liquid chromatography high resolution mass spectrometry,"Alessandro Nalesso, Guido Viel, Giovanni Cecchetto et al. (n=7)",Alessandro Nalesso; Guido Viel; Giovanni Cecchetto; Davide Mioni; Gloria Pessa; Donata Favretto; Santo Davide Ferrara,Journal of Chromatography A,https://doi.org/10.1016/j.chroma.2011.09.068,https://openalex.org/W2047900500
2011,Analysis of low molecular weight compounds by MALDI-FTICR-MS,"Haoyang Wang, Chu Xu, Zhixiong Zhao et al. (n=5)",Haoyang Wang; Chu Xu; Zhixiong Zhao; Xiaoshuang He; Yinlong Guo,Journal of Chromatography B,https://doi.org/10.1016/j.jchromb.2011.03.037,https://openalex.org/W1988866684
2011,A comprehensive method for lipid profiling by liquid chromatography-ion cyclotron resonance mass spectrometry,"Alexander Fauland, Harald Köfeler, Martin Trötzmüller et al. (n=9)",Alexander Fauland; Harald Köfeler; Martin Trötzmüller; Astrid Knopf; Jürgen Hartler; Anita Eberl; Chandramohan Chitraju; Ernst Lankmayr; Friedrich Spener,Journal of Lipid Research,https://doi.org/10.1194/jlr.d016550,https://openalex.org/W2143481724
2011,Spatial Distribution of Glycerophospholipids in the Ocular Lens,"Jaroslav Pól, Veronika Vidová, Tuulia Hyötyläinen et al. (n=10)",Jaroslav Pól; Veronika Vidová; Tuulia Hyötyläinen; Michael Volný; Petr Novák; Martin Strohalm; Risto Kostiainen; Vladimı́r Havlı́ček; Susanne Κ. Wiedmer; Juha M. Holopainen,PLoS ONE,https://doi.org/10.1371/journal.pone.0019441,https://openalex.org/W1968216553
2011,Plasma and Liver Lipidomics Response to an Intervention of Rimonabant in ApoE*3Leiden.CETP Transgenic Mice,"Chunxiu Hu, Heng Wei, Anita M. van den Hoek et al. (n=14)",Chunxiu Hu; Heng Wei; Anita M. van den Hoek; Mei Wang; Rob van der Heijden; Gerwin Spijksma; Theo Reijmers; Jildau Bouwman; Suzan Wopereis; Louis M. Havekes; Elwin Verheij; Thomas Hankemeier; Guowang Xu; J. van der Greef,PLoS ONE,https://doi.org/10.1371/journal.pone.0019423,https://openalex.org/W2077036335
2012,Applying Q Exactive Benchtop Orbitrap LC-MS/MS and SIEVE Software for Cutting Edge Metabolomics and Lipidomics Research,"Michael Athanas, David A. Peake, Mark Dreyer et al. (n=6)",Michael Athanas; David A. Peake; Mark Dreyer; Mark Sanders; Jessica Wang; Yingying Huang,,,https://openalex.org/W2186133480
2012,Characterization of microalgal lipid feedstock by direct-infusion FT-ICR mass spectrometry,"F. Omar Holguín, Tanner Schaub",F. Omar Holguín; Tanner Schaub,Algal Research,https://doi.org/10.1016/j.algal.2012.11.005,https://openalex.org/W1969119657
2012,Shotgun lipidomics on a LTQ Orbitrap mass spectrometer by successive switching between acquisition polarity modes,"Kai Schuhmann, Reinaldo Almeida, Mark Baumert et al. (n=6)",Kai Schuhmann; Reinaldo Almeida; Mark Baumert; Ronny Herzog; Stefan R. Bornstein; Andrej Shevchenko,Journal of Mass Spectrometry,https://doi.org/10.1002/jms.2031,https://openalex.org/W1569454591
2012,Comparative Lipidomic Profiling of S. cerevisiae and Four Other Hemiascomycetous Yeasts,"Eva‐Maria Hein, Heiko Hayen",Eva‐Maria Hein; Heiko Hayen,Metabolites,https://doi.org/10.3390/metabo2010254,https://openalex.org/W2025576437
2012,Shotgun lipidomics of metabolic disorders by high resolution mass spectrometry,Kai Schuhmann,Kai Schuhmann,Qucosa (Saxon State and University Library Dresden),,https://openalex.org/W302965751
2013,"Profiling of lipid species by normal-phase liquid chromatography, nanoelectrospray ionization, and ion trap–orbitrap mass spectrometry","Elena Sokol, Reinaldo Almeida, Hans Kristian Hannibal‐Bach et al. (n=10)",Elena Sokol; Reinaldo Almeida; Hans Kristian Hannibal‐Bach; Dorota Kotowska; Johannes Vogt; Jan Baumgart; Karsten Kristiansen; Robert Nitsch; Jens Knudsen; Christer S. Ejsing,Analytical Biochemistry,https://doi.org/10.1016/j.ab.2013.08.020,https://openalex.org/W1994718777
2013,"Stable Isotope-Assisted Lipidomics Combined with Nontargeted Isotopomer Filtering, a Tool to Unravel the Complex Dynamics of Lipid Metabolism","Jia Li, Miriam Hoene, Xinjie Zhao et al. (n=11)",Jia Li; Miriam Hoene; Xinjie Zhao; Shili Chen; Hai Wei; Hans‐Ulrich Häring; Xiaohui Lin; Zhongda Zeng; Cora Weigert; Rainer Lehmann; Guowang Xu,Analytical Chemistry,https://doi.org/10.1021/ac400293y,https://openalex.org/W2048645427
2013,Differential effects of lipoprotein apheresis by lipidfiltration or dextran sulfate adsorption on lipidomic profile,"J Gräßler, Steffi Kopprasch, Jens Passauer et al. (n=10)",J Gräßler; Steffi Kopprasch; Jens Passauer; Sabine Fischer; Karin Schuhmann; S. Bergmann; Gabriele Siegert; Andrej Shevchenko; Stefan R. Bornstein; Ulrich Julius,Atherosclerosis Supplements,https://doi.org/10.1016/j.atherosclerosissup.2012.10.006,https://openalex.org/W2026969704
2013,Supercritical fluid chromatography/Orbitrap mass spectrometry based lipidomics platform coupled with automated lipid identification software for accurate lipid profiling,"Takayuki Yamada, Takato Uchikata, Shigeru Sakamoto et al. (n=8)",Takayuki Yamada; Takato Uchikata; Shigeru Sakamoto; Yasuto Yokoi; Shin Nishiumi; Masaru Yoshida; Eiichiro Fukusaki; Takeshi Bamba,Journal of Chromatography A,https://doi.org/10.1016/j.chroma.2013.05.057,https://openalex.org/W2057133662
2013,Development of a lipid profiling system using reverse-phase liquid chromatography coupled to high-resolution mass spectrometry with rapid polarity switching and an automated lipid identification software,"Takayuki Yamada, Takato Uchikata, Shigeru Sakamoto et al. (n=6)",Takayuki Yamada; Takato Uchikata; Shigeru Sakamoto; Yasuto Yokoi; Eiichiro Fukusaki; Takeshi Bamba,Journal of Chromatography A,https://doi.org/10.1016/j.chroma.2013.01.078,https://openalex.org/W2012966224
2013,"Simultaneous quantitation of naturally occurring insecticides, acaricides, and piscicides in rapeseed oil by UV-MALDI mass spectrometry","Bojidarka Ivanova, Michael Spiteller",Bojidarka Ivanova; Michael Spiteller,Journal of Food Measurement & Characterization,https://doi.org/10.1007/s11694-013-9161-4,https://openalex.org/W2171876369
2013,Abstract B37: Proteomic and metabolomic analyses of glioblastoma using mass spectrometry.,"Soo Jung Ha, Gordon Showalter, Jenna L. Rickus et al. (n=11)",Soo Jung Ha; Gordon Showalter; Jenna L. Rickus; Shanbao Cai; Haiyan Wang; Wei Michael Liu; Jann N. Sarkaria; John Springer; Jiří Adamec; Karen E. Pollok; Kari Clase,Molecular Cancer Therapeutics,https://doi.org/10.1158/1535-7163.targ-13-b37,https://openalex.org/W2061772944
2013,Analysis of Lipid Experiments (ALEX): A Software Framework for Analysis of High-Resolution Shotgun Lipidomics Data,"Peter Husen, Kirill V. Tarasov, Maciej Katafiasz et al. (n=9)",Peter Husen; Kirill V. Tarasov; Maciej Katafiasz; Elena Sokol; Johannes Vogt; Jan Baumgart; Robert Nitsch; Kim Ekroos; Christer S. Ejsing,PLoS ONE,https://doi.org/10.1371/journal.pone.0079736,https://openalex.org/W1993423688
2013,Determination of ubiquinone and related metabolites in zebrafish embryos by LC-HRMS.,"Claudio Medana, Federica Dal Bello, Chiara Martano et al. (n=5)",Claudio Medana; Federica Dal Bello; Chiara Martano; Massimo Santoro; Vera Mugoni,Research Padua  Archive (University of Padua),,https://openalex.org/W2626528813
2013,Lipid profiling from biological samples,Päivi Pöhö,Päivi Pöhö,Työväentutkimus Vuosikirja,,https://openalex.org/W2617302890
2013,Экономические риски в проектах государственно-частного партнерства,Талгат Мустафаевич Матаев,Талгат Мустафаевич Матаев,Российское предпринимательство,https://doi.org/10.3390/ijms17060816,https://openalex.org/W27231903
2014,Tissue imaging and serum lipidomic profiling for screening potential biomarkers of thyroid tumors by matrix-assisted laser desorption/ionization-Fourier transform ion cyclotron resonance mass spectrometry,"Shuai Guo, Ling Qiu, Yanming Wang et al. (n=9)",Shuai Guo; Ling Qiu; Yanming Wang; Xuzhen Qin; Hui Liu; Manwen He; Yaping Zhang; Zhili Li; Xiaohong Chen,Analytical and Bioanalytical Chemistry,https://doi.org/10.1007/s00216-014-7846-0,https://openalex.org/W1995755619
2014,Quantitative Spatial Analysis of the Mouse Brain Lipidome by Pressurized Liquid Extraction Surface Analysis,"Reinaldo Almeida, Zane Berzina, Eva C. Arnspang et al. (n=7)",Reinaldo Almeida; Zane Berzina; Eva C. Arnspang; Jan Baumgart; Johannes Vogt; Robert Nitsch; Christer S. Ejsing,Analytical Chemistry,https://doi.org/10.1021/ac503627z,https://openalex.org/W2081450250
2014,High throughput MS techniques for caviar lipidomics,"Andréia M. Porcari, Gabriel D. Fernandes, Kátia Roberta A. Belaz et al. (n=10)",Andréia M. Porcari; Gabriel D. Fernandes; Kátia Roberta A. Belaz; Nicolas V. Schwab; Vanessa G. Santos; Rosana M. Alberici; Varvara A. Gromova; Marcos N. Eberlin; Аlbert T. Lebedev; Alessandra Tata,Analytical Methods,https://doi.org/10.1039/c3ay41954a,https://openalex.org/W1991905797
2014,Lipidomic Analysis of Glioblastoma Multiforme Using Mass Spectrometry,"Soo Jung Ha, Gordon Showalter, Shanbao Cai et al. (n=12)",Soo Jung Ha; Gordon Showalter; Shanbao Cai; Haiyan Wang; Wei Liu; Aaron Cohen‐Gadol; Jann N. Sarkaria; Jenna L. Rickus; John Springer; Jiří Adamec; Karen E. Pollok; Kari Clase,Current Metabolomics,https://doi.org/10.2174/2213235x02666141107215357,https://openalex.org/W2479548852
2014,A comprehensive method for lipid profiling by liquid chromatography-ion cyclotron resonance mass spectrometry,Harald Köfeler,Harald Köfeler,Figshare,https://doi.org/10.6084/m9.figshare.987074,https://openalex.org/W4394560456
2014,Principles and practice of lipidomics,"Frédéric M. Vaz, Mia L. Pras‐Raves, Albert H. Bootsma et al. (n=4)",Frédéric M. Vaz; Mia L. Pras‐Raves; Albert H. Bootsma; Antoine H. C. van Kampen,Journal of Inherited Metabolic Disease,https://doi.org/10.1007/s10545-014-9792-6,https://openalex.org/W2089130341
2014,Spatial Segmentation of MALDI FT-ICR MSI Data: A Powerful Tool to Explore the Head and Neck Tumor In Situ Lipidome,"Lukáš Krásný, Franziska Hoffmann, Günther Ernst et al. (n=9)",Lukáš Krásný; Franziska Hoffmann; Günther Ernst; Dennis Trede; Theodore Alexandrov; Vladimı́r Havlı́ček; Orlando Guntinas‐Lichius; Ferdinand von Eggeling; Anna C. Crecelius,Journal of the American Society for Mass Spectrometry,https://doi.org/10.1007/s13361-014-1018-5,https://openalex.org/W2091316089
2014,Comprehensive Lipidome Analysis by Shotgun Lipidomics on a Hybrid Quadrupole-Orbitrap-Linear Ion Trap Mass Spectrometer,"Reinaldo Almeida, Josch K. Pauling, Elena Sokol et al. (n=5)",Reinaldo Almeida; Josch K. Pauling; Elena Sokol; Hans Kristian Hannibal‐Bach; Christer S. Ejsing,Journal of the American Society for Mass Spectrometry,https://doi.org/10.1007/s13361-014-1013-x,https://openalex.org/W1980992560
2014,Lipidomic Analysis of Glioblastoma Multiforme Using Mass Spectrometry,"Soo Jung Ha, Gordon Showalter, Shanbao Cai et al. (n=12)",Soo Jung Ha; Gordon Showalter; Shanbao Cai; Haiyan Wang; Wei Michael Liu; Aaron Cohen‐Gadol; Jann N. Sarkaria; Jenna L. Rickus; John Springer; Jiří Adamec; Karen E. Pollok; Kari Clase,Lincoln (University of Nebraska),,https://openalex.org/W2530813261
2014,High-content screening of yeast mutant libraries by shotgun lipidomics,"Kirill V. Tarasov, Adam Stefanko, Albert Casanovas et al. (n=8)",Kirill V. Tarasov; Adam Stefanko; Albert Casanovas; Michał A. Surma; Zane Berzina; Hans Kristian Hannibal‐Bach; Kim Ekroos; Christer S. Ejsing,Molecular BioSystems,https://doi.org/10.1039/c3mb70599d,https://openalex.org/W2131525103
2014,Lipidomics on Intact Breast Cancer Cell Lines Using Desorption Electrospray Ionization Mass Spectrometry,"Heather M. Robison, Richard H. Perry",Heather M. Robison; Richard H. Perry,NSUWorks (Nova Southeastern University),,https://openalex.org/W2810621391
2014,Lipidomic Classification of Human Mammary Cancer Cells According to Metastatic Potential and Oncogene Expression by Desorption Electrospray Ionization Mass Spectrometry,"Heather M. Robison, Troy J. Comi, Seung Woo Ryu et al. (n=4)",Heather M. Robison; Troy J. Comi; Seung Woo Ryu; Richard H. Perry,NSUWorks (Nova Southeastern University),,https://openalex.org/W2899165180
2014,Searching for novel gene functions in yeast : identification of thousands of novel molecular interactions by protein-fragment complementation assay followed by automated gene function prediction and high-throughput lipidomics,Kirill V. Tarasov,Kirill V. Tarasov,Papyrus : Institutional Repository (Université de Montréal),https://doi.org/10.71781/28403,https://openalex.org/W1139809392
2014,Lipidomic analysis of glioblastoma multiforme,Soo Jung Ha,Soo Jung Ha,Purdue e-Pubs (Purdue University System),,https://openalex.org/W182932540
2014,"Dimer ion formation and intermolecular fragmentation of 1,2‐diacylglycerols revealed by electrospray ionization Fourier transform ion cyclotron resonance mass spectrometry for more comprehensive lipid analysis","Constanze Müller, Basem Kanawati, Theresa M. Rock et al. (n=6)",Constanze Müller; Basem Kanawati; Theresa M. Rock; Sara Forcisi; Franco Moritz; Philippe Schmitt‐Kopplin,Rapid Communications in Mass Spectrometry,https://doi.org/10.1002/rcm.6956,https://openalex.org/W2159845028
2014,"A uniform 2,5-dihydroxybenzoic acid layer as a matrix for MALDI-FTICR MS-based lipidomics","Yanbo Wei, Yangyang Zhang, Yu Lin et al. (n=8)",Yanbo Wei; Yangyang Zhang; Yu Lin; Lin Li; Jianan Liu; Zhenpeng Wang; Shaoxiang Xiong; Zhenwen Zhao,The Analyst,https://doi.org/10.1039/c4an01964d,https://openalex.org/W2023687466
2015,Lipidomics study on antiviral effects of baical skullcap root extraction based on liquid chromatography-mass spectrography,Du Lin,Du Lin,,,https://openalex.org/W2382138837
2015,Development and Validation of a Human Blood Acyl-Specific Lipidomic Profiling Method for Clinical Applications,"Aristizabal Henao, Juan José",Aristizabal Henao; Juan José,,,https://openalex.org/W2332308141
2015,"Imaging mass spectrometry increased resolution using 2-mercaptobenzothiazole and 2,5-diaminonaphtalene matrices: application to lipid distribution in human colon","Jone Garate, Roberto Fernández, Sergio Lage et al. (n=12)",Jone Garate; Roberto Fernández; Sergio Lage; Joan Bestard-Escalas; Daniel H. López; Rebeca Reigada; Sam Khorrami; Daniel Ginard; José Reyes; Isabel Amengual; Gwendolyn Barceló‐Coblijn; José A. Fernández,Analytical and Bioanalytical Chemistry,https://doi.org/10.1007/s00216-015-8673-7,https://openalex.org/W2063132858
2015,Spatial Segmentation of MALDI FT-ICR MSI Data: A Powerful Tool to Explore the Head and Neck Tumor in Situ Lipodome,"L. (Libor) Krásný, F. Hoffmann, G. Ernst et al. (n=9)",L. (Libor) Krásný; F. Hoffmann; G. Ernst; D. Trede; T. Alexandrov; V. (Vladimír) Havlíček; O. Gruntinas-Lichius; F. Eggeling; Anna C. Cerecelius,ASEP,,https://openalex.org/W7132154058
2015,Identification and Annotation of Lipid Species in Metabolomics Studies Need Improvement,"Gerhard Liebisch, Christer S. Ejsing, Kim Ekroos",Gerhard Liebisch; Christer S. Ejsing; Kim Ekroos,Clinical Chemistry,https://doi.org/10.1373/clinchem.2015.244830,https://openalex.org/W2188317747
2015,Mass Spectrometric Lipidomic Analyses of Human Aqueous Humor,Catalina Garzon,Catalina Garzon,Florida International University Digital Commons (Florida International University),,https://openalex.org/W1689080422
2015,Lipidomic analysis of plasma lipoprotein fractions in myocardial infarction-prone rabbits,"Hiroaki Takeda, Tomonari Koike, Yoshihiro Izumi et al. (n=8)",Hiroaki Takeda; Tomonari Koike; Yoshihiro Izumi; Takayuki Yamada; Masaru Yoshida; Masashi Shiomi; Eiichiro Fukusaki; Takeshi Bamba,Journal of Bioscience and Bioengineering,https://doi.org/10.1016/j.jbiosc.2015.02.015,https://openalex.org/W797079988
2015,Structural characterization of ether lipids from the archaeon <i>Sulfolobus islandicus</i> by high‐resolution shotgun lipidomics,"Sara Munk Jensen, Martin Brandl, Alexander H. Treusch et al. (n=4)",Sara Munk Jensen; Martin Brandl; Alexander H. Treusch; Christer S. Ejsing,Journal of Mass Spectrometry,https://doi.org/10.1002/jms.3553,https://openalex.org/W1955412091
2015,Qualitative Characterization of the Rat Liver Mitochondrial Lipidome Using All Ion Fragmentation on an Exactive Benchtop Orbitrap MS,"Susan S. Bird, Irina G. Stavrovskaya, Rose M. Gathungu et al. (n=5)",Susan S. Bird; Irina G. Stavrovskaya; Rose M. Gathungu; Fateme Tousi; Bruce S. Kristal,Methods in molecular biology,https://doi.org/10.1007/978-1-4939-2257-4_36,https://openalex.org/W2412622217
2015,Hyphenating size‐exclusion chromatography with electrospray mass spectrometry; using on‐line liquid‐liquid extraction to study the lipid composition of lipoprotein particles,"Michael Kwabena Osei, Julian L. Griffin, Albert Koulman",Michael Kwabena Osei; Julian L. Griffin; Albert Koulman,Rapid Communications in Mass Spectrometry,https://doi.org/10.1002/rcm.7301,https://openalex.org/W2103247766
2015,Mass Spectrometry Based Proteomics and Lipidomics Studies,Huan Yean Kang,Huan Yean Kang,ScholarsArchive  (Brigham Young University),,https://openalex.org/W2597999385
2016,Quantification of Individual Lipid Species in Lipidomics,Xianlin Han,Xianlin Han,,https://doi.org/10.1002/9781119085263.ch14,https://openalex.org/W2911407013
2016,Development of a high throuput global lipidomics platform and its applicationin studies on metabolic disease,Marina Armeni,Marina Armeni,,,https://openalex.org/W2472456337
2016,Abstract 15489: Adipose Tissue Lipolysis Modifies the Cardiac Lipidome in Chronic Heart Failure,"Annelie Blumrich, Janek Salatzki, Anna Foryst‐Ludwig et al. (n=14)",Annelie Blumrich; Janek Salatzki; Anna Foryst‐Ludwig; Kajetan Bentele; Elia Smeir; Zsófia Bán; Sarah Brix; Jana Grune; Robert Klopfleisch; Christian Klose; Erin E. Kershaw; Dieter Beule; Nikolaus Marx; Ulrich Kintscher,,,https://openalex.org/W2786397806
2016,Off-line mixed-mode liquid chromatography coupled with reversed phase high performance liquid chromatography-high resolution mass spectrometry to improve coverage in lipidomics analysis,"Mónica Narváez-Rivas, Ngoc Vu, Guan‐Yuan Chen et al. (n=4)",Mónica Narváez-Rivas; Ngoc Vu; Guan‐Yuan Chen; Qibin Zhang,Analytica Chimica Acta,https://doi.org/10.1016/j.aca.2016.12.003,https://openalex.org/W2559949308
2016,Identification of triacylglycerol using automated annotation of high resolution multistage mass spectral trees,"Xiupin Wang, Qingzhi Peng, Peiwu Li et al. (n=7)",Xiupin Wang; Qingzhi Peng; Peiwu Li; Qi Zhang; Xiaoxia Ding; Wen Zhang; Liangxiao Zhang,Analytica Chimica Acta,https://doi.org/10.1016/j.aca.2016.07.036,https://openalex.org/W2501297431
2016,A study of inter-species ion suppression in electrospray ionization-mass spectrometry of some phospholipid classes,"Spiro Khoury, Nadine El Banna, Sana Tfaili et al. (n=4)",Spiro Khoury; Nadine El Banna; Sana Tfaili; Pierre Chaminade,Analytical and Bioanalytical Chemistry,https://doi.org/10.1007/s00216-015-9245-6,https://openalex.org/W2306532392
2016,Wolbachia Modulates Lipid Metabolism in Aedes albopictus Mosquito Cells,"Jenny Molloy, Ulf Sommer, Mark R. Viant et al. (n=4)",Jenny Molloy; Ulf Sommer; Mark R. Viant; Steven P. Sinkins,Applied and Environmental Microbiology,https://doi.org/10.1128/aem.00275-16,https://openalex.org/W2296845215
2016,"Lipidomics profiling of goat milk, soymilk and bovine milk by UPLC-Q-Exactive Orbitrap Mass Spectrometry","Qiangqiang Li, Yan Zhao, Dan Zhu et al. (n=7)",Qiangqiang Li; Yan Zhao; Dan Zhu; Xiumei Pang; Yue Liu; Russell Frew; Gang Chen,Food Chemistry,https://doi.org/10.1016/j.foodchem.2016.12.083,https://openalex.org/W2562242166
2016,Applications of Fourier Transform Ion Cyclotron Resonance (FT-ICR) and Orbitrap Based High Resolution Mass Spectrometry in Metabolomics and Lipidomics,"Manoj Ghaste, Robert Mistrík, Vladimir Shulaev",Manoj Ghaste; Robert Mistrík; Vladimir Shulaev,International Journal of Molecular Sciences,https://doi.org/10.3390/ijms17060816,https://openalex.org/W2399540273
2016,1092 WS Mycobacterium avium subspecies paratuberculosis serum lipid profile analysis through Fourier transform ion cyclotron resonance mass spectrometry,"A. L. Salazar, Jacqueline M. Jarvis, Nilusha Sudasinghe et al. (n=9)",A. L. Salazar; Jacqueline M. Jarvis; Nilusha Sudasinghe; Sajal Kumar; Mingzhou Song; Judith R. Stabel; Tyler C. Thacker; S. L. Ivey; Tanner Schaub,Journal of Animal Science,https://doi.org/10.2527/jam2016-1092,https://openalex.org/W2552521065
2016,Comprehensive untargeted lipidomic analysis using core–shell C30 particle column and high field orbitrap mass spectrometer,"Mónica Narváez-Rivas, Qibin Zhang",Mónica Narváez-Rivas; Qibin Zhang,Journal of Chromatography A,https://doi.org/10.1016/j.chroma.2016.02.054,https://openalex.org/W2285668184
2016,"Free fatty acids, tri-, di- and monoacylglycerol production and depth-related cycling in the Northeast Atlantic","Blaženka Gašparović, Abra Penezić, Richard S. Lampitt et al. (n=5)",Blaženka Gašparović; Abra Penezić; Richard S. Lampitt; Nilusha Sudasinghe; Tanner Schaub,Marine Chemistry,https://doi.org/10.1016/j.marchem.2016.09.002,https://openalex.org/W2520942611
2016,An Improved Molecular Histology Method for Ion Suppression Monitoring and Quantification of Phosphatidyl Cholines During MALDI MSI Lipidomics Analyses,"Laure Jadoul, Nicolas Smargiasso, Fabien Pamelard et al. (n=7)",Laure Jadoul; Nicolas Smargiasso; Fabien Pamelard; Deborah Alberts; Agnès Noël; Edwin De Pauw; Rémi Longuespée,OMICS A Journal of Integrative Biology,https://doi.org/10.1089/omi.2015.0165,https://openalex.org/W2256476311
2016,Lipidomics for the Prediction of the Unstable Coronary Plaque,"Shana Jacob, Nasser Rizk, Rajvir Singh et al. (n=5)",Shana Jacob; Nasser Rizk; Rajvir Singh; Jassim Al Suwaidi; Magdi H. Yacoub,Qatar Foundation Annual Research Conference Proceedings Volume 2016 Issue 1,https://doi.org/10.5339/qfarc.2016.hbpp1391,https://openalex.org/W2546721230
2016,Determination of ester position in isomeric ( <i>O</i> ‐acyl)‐hydroxy fatty acids by ion trap mass spectrometry,"David L. Marshall, Jennifer T. Saville, Alan T. Maccarone et al. (n=7)",David L. Marshall; Jennifer T. Saville; Alan T. Maccarone; Ramesh Ailuri; Michael J. Kelso; Todd W. Mitchell; Stephen J. Blanksby,Rapid Communications in Mass Spectrometry,https://doi.org/10.1002/rcm.7715,https://openalex.org/W2512745407
2016,Advances in Mass Spectrometry Within Drug Discovery,"Jonathan Wingfield, Ian D. Wilson",Jonathan Wingfield; Ian D. Wilson,SLAS DISCOVERY,https://doi.org/10.1177/1087057115623454,https://openalex.org/W2377887541
2016,MALDI-LTQ-Orbitrap mass spectrometry imaging for lipidomic analysis in kidney under cisplatin chemotherapy,"Estefanía Moreno-Gordaliza, Diego Esteban‐Fernández, Alberto Lázaro et al. (n=8)",Estefanía Moreno-Gordaliza; Diego Esteban‐Fernández; Alberto Lázaro; Blanca Humanes; Sarah Aboulmagd; Alberto Tejedor; Michael Linscheid; M. Milagros Gómez-Gómez,Talanta,https://doi.org/10.1016/j.talanta.2016.11.026,https://openalex.org/W2552328637
2016,Functional Lipidomics: From Lipid Timelines To Regulation Of Metabolic Networks,Christer S. Ejsing,Christer S. Ejsing,The FASEB Journal,https://doi.org/10.1096/fasebj.30.1_supplement.393.1,https://openalex.org/W4389034219
2017,Method development and application of multi-omics analysis to plasma samples of patients suffering from metabolic disorders,Monika Marjanovic,Monika Marjanovic,,,https://openalex.org/W3213778960
2017,Identification of the role of polar glycerolipids in lipid metabolism and their acyl attribution for TAG accumulation in Nannochloropsis oceanica,"Yingying Meng, Xupeng Cao, Changhong Yao et al. (n=5)",Yingying Meng; Xupeng Cao; Changhong Yao; Song Xue; Qing Yang,Algal Research,https://doi.org/10.1016/j.algal.2017.03.004,https://openalex.org/W2603755546
2017,Profiling of cardiolipins and their hydroperoxides in HepG2 cells by LC/MS,"Zhen Chen, Yue Wu, Yi‐Shing Ma et al. (n=8)",Zhen Chen; Yue Wu; Yi‐Shing Ma; Yuu Kobayashi; Yaoyao Zhao; Yusuke Miura; Hitoshi Chiba; Shu‐Ping Hui,Analytical and Bioanalytical Chemistry,https://doi.org/10.1007/s00216-017-0515-3,https://openalex.org/W2740429455
2017,Holistic Lipidomics of the Human Gut Phenotype Using Validated Ultra-High-Performance Liquid Chromatography Coupled to Hybrid Orbitrap Mass Spectrometry,"Lieven Van Meulebroek, Ellen De Paepe, Vicky Vercruysse et al. (n=7)",Lieven Van Meulebroek; Ellen De Paepe; Vicky Vercruysse; Beata Pomian; Simon Bos; Bruno Lapauw; Lynn Vanhaecke,Analytical Chemistry,https://doi.org/10.1021/acs.analchem.7b03606,https://openalex.org/W2765260670
2017,Monitoring Membrane Lipidome Turnover by Metabolic <sup>15</sup>N Labeling and Shotgun Ultra-High-Resolution Orbitrap Fourier Transform Mass Spectrometry,"Kai Schuhmann, Kristina Srzentić, Konstantin O. Nagornov et al. (n=8)",Kai Schuhmann; Kristina Srzentić; Konstantin O. Nagornov; Henrik Thomas; Theresia Gutmann; Ünal Coskun; Yury O. Tsybin; Andrej Shevchenko,Analytical Chemistry,https://doi.org/10.1021/acs.analchem.7b03437,https://openalex.org/W2767374852
2017,Particulate intact polar diacylglycerol (IP-DAG) lipids measured in water column samples from the Drake Passage and Bellingshausen Sea,"James R. Collins, Hugh W. Ducklow, Adrian Marchetti et al. (n=4)",James R. Collins; Hugh W. Ducklow; Adrian Marchetti; Benjamin A. S. Van Mooy,Figshare,https://doi.org/10.1594/pangaea.879618,https://openalex.org/W2943494814
2017,Intact polar diacylglycerol (IP-DAG) lipids measured in cultures of four Antarctic diatom isolates,"James R. Collins, Hugh W. Ducklow, Adrian Marchetti et al. (n=4)",James R. Collins; Hugh W. Ducklow; Adrian Marchetti; Benjamin A. S. Van Mooy,Figshare,https://doi.org/10.1594/pangaea.879617,https://openalex.org/W2914442851
2017,Aberrant Lipid Metabolism in Hepatocellular Carcinoma Revealed by Liver Lipidomics,"Zhao Li, Ming Guan, Yu Lin et al. (n=7)",Zhao Li; Ming Guan; Yu Lin; Xiao Cui; Yangyang Zhang; Zhenwen Zhao; Jiye Zhu,International Journal of Molecular Sciences,https://doi.org/10.3390/ijms18122550,https://openalex.org/W2768125705
2017,UPLC-Q-Exactive Orbitrap/MS-Based Lipidomics Approach To Characterize Lipid Extracts from Bee Pollen and Their in Vitro Anti-Inflammatory Properties,"Qiangqiang Li, Xinwen Liang, Liang Zhao et al. (n=7)",Qiangqiang Li; Xinwen Liang; Liang Zhao; Zhongyin Zhang; Xiaofeng Xue; Kai Wang; Liming Wu,Journal of Agricultural and Food Chemistry,https://doi.org/10.1021/acs.jafc.7b02285,https://openalex.org/W2737933406
2017,Lipidomics by ultrahigh performance liquid chromatography-high resolution mass spectrometry and its application to complex biological samples,"Alexander Triebl, Martin Trötzmüller, Jürgen Hartler et al. (n=5)",Alexander Triebl; Martin Trötzmüller; Jürgen Hartler; Tatjana Stojaković; Harald Köfeler,Journal of Chromatography A,,https://openalex.org/W3023082716
2017,Lipidomics by ultrahigh performance liquid chromatography-high resolution mass spectrometry and its application to complex biological samples,"Alexander Triebl, Martin Trötzmüller, Jürgen Hartler et al. (n=5)",Alexander Triebl; Martin Trötzmüller; Jürgen Hartler; Tatjana Stojaković; Harald Köfeler,Journal of Chromatography B,https://doi.org/10.1016/j.jchromb.2017.03.027,https://openalex.org/W2599278944
2017,Separation and identification of lipids in the photosynthetic cousins of Apicomplexa <i>Chromera velia</i> and <i>Vitrella brassicaformis</i>,"Aleš Tomčala, Veronika Kyselová, Ivana Schneedorferová et al. (n=8)",Aleš Tomčala; Veronika Kyselová; Ivana Schneedorferová; Iva Opekarová; Martin Moos; Petra Urajová; Jitka Kručinská; Miroslav Obornı́k,Journal of Separation Science,https://doi.org/10.1002/jssc.201700171,https://openalex.org/W2725576723
2017,A complete workflow for high-resolution spectral-stitching nanoelectrospray direct-infusion mass-spectrometry-based metabolomics and lipidomics,"Andrew D. Southam, Ralf J. M. Weber, Jasper Engel et al. (n=5)",Andrew D. Southam; Ralf J. M. Weber; Jasper Engel; Martin R. Jones; Mark R. Viant,Nature Protocols,https://doi.org/10.1038/nprot.2016.156,https://openalex.org/W2574393842
2017,Tissue and serum lipidome shows altered lipid composition with diagnostic potential in mycosis fungoides,"Chenchen Xu, Dan Zhou, Yixin Luo et al. (n=8)",Chenchen Xu; Dan Zhou; Yixin Luo; Shuai Guo; Tao Wang; Jie Liu; Yuehua Liu; Zhili Li,Oncotarget,https://doi.org/10.18632/oncotarget.18228,https://openalex.org/W2619980260
2017,Depth-related cycling of suspended nitrogen-containing lipids in the northeast Atlantic,"Blaženka Gašparović, Abra Penezić, Richard S. Lampitt et al. (n=5)",Blaženka Gašparović; Abra Penezić; Richard S. Lampitt; Nilusha Sudasinghe; Tanner Schaub,Organic Geochemistry,https://doi.org/10.1016/j.orggeochem.2017.07.008,https://openalex.org/W2736494454
2017,Improving negative liquid chromatography/electrospray ionization mass spectrometry lipidomic analysis of human plasma using acetic acid as a mobile‐phase additive,"Cian Monnin, Parsram Ramrup, Carolann Daigle‐Young et al. (n=4)",Cian Monnin; Parsram Ramrup; Carolann Daigle‐Young; Dajana Vuckovic,Rapid Communications in Mass Spectrometry,https://doi.org/10.1002/rcm.8024,https://openalex.org/W2767211704
2017,"INTEGRATING THE INFLUENCE OF HOST, DIET AND MICROBIOME VIA FECAL METABOLOMICS AND LIPIDOMICS TO REVEAL METABOLIC PERTURBATIONS IN TYPE 2 DIABETES","Lieven Van Meulebroek, Ellen De Paepe, Simon Bos et al. (n=5)",Lieven Van Meulebroek; Ellen De Paepe; Simon Bos; Bruno Lapauw; Lynn Vanhaecke,Scripta Scientifica Pharmaceutica,https://doi.org/10.14748/ssp.v4i1.3973,https://openalex.org/W3139374080
2017,Assessment of potential false positives via orbitrap-based untargeted lipidomics from rat tissues,"Lina Xu, Xueying Wang, Yupei Jiao et al. (n=4)",Lina Xu; Xueying Wang; Yupei Jiao; Xiaohui Liu,Talanta,https://doi.org/10.1016/j.talanta.2017.09.046,https://openalex.org/W2755436255
2017,Mass Spectrometric Imaging of Brain Lipid Alterations Following Exposure to Cocaine,"Sumitra Pati, Min Sun, Peggi M. Angel et al. (n=6)",Sumitra Pati; Min Sun; Peggi M. Angel; Richard R. Drake; John Wagner; Brian S. Cummings,The FASEB Journal,https://doi.org/10.1096/fasebj.31.1_supplement.987.5,https://openalex.org/W2940962484
2017,Palmitic and Stearic Free Fatty Acids Are Consistently Found in Materials used for Dried Blood Spot Collection,"Jan Gunash, Juan J. Aristizabal Henao, Ken D. Stark",Jan Gunash; Juan J. Aristizabal Henao; Ken D. Stark,The FASEB Journal,https://doi.org/10.1096/fasebj.31.1_supplement.955.13,https://openalex.org/W4389020697
2017,"Flaxseed oil rich in omega-3 protects aorta against inflammation and endoplasmic reticulum stress partially mediated by GPR120 receptor in obese, diabetic and dyslipidemic mice models","Alexandre Moura‐Assis, Milessa Silva Afonso, Vanessa de Oliveira et al. (n=14)",Alexandre Moura‐Assis; Milessa Silva Afonso; Vanessa de Oliveira; Joseane Morari; Gustavo Aparecido dos Santos; Márcia Kiyomi Koike; Ana Maria Lottenberg; Rodrigo Ramos Catharino; Lı́cio A. Velloso; Adelino Sánchez Ramos da Silva; LP de Moura; Eduardo R. Ropelle; José Rodrigo Pauli; Dennys E. Cintra,The Journal of Nutritional Biochemistry,https://doi.org/10.1016/j.jnutbio.2017.09.015,https://openalex.org/W2766621853
2017,Analysis of Glycerophospholipids and Sphingolipids in Murine Brain Using Liquid Chromatography – Electrospray Ionization - Tandem Mass Spectrometry and Matrix-Assisted Laser Desorption Ionization – Imaging Mass Spectrometry,Thao Nguyen-Tran,Thao Nguyen-Tran,uO Research (University of Ottawa),https://doi.org/10.20381/ruor-20816,https://openalex.org/W2745876489
2018,Fast TOF-MSI combined to high resolution FT-ICR-MSI for lipidomic studies of rat brain slices,"Mathieu Tiquet, Edwin De Pauw, Daan van Kruining et al. (n=4)",Mathieu Tiquet; Edwin De Pauw; Daan van Kruining; Pilar Martínez,,,https://openalex.org/W3115852330
2018,Towards measuring growth rates of pathogens during infections by D <sub>2</sub> O-labeling lipidomics,"Cajetan Neubauer, Alex L. Sessions, Ian R. Booth et al. (n=7)",Cajetan Neubauer; Alex L. Sessions; Ian R. Booth; Benjamin P. Bowen; Sebastian Kopf; Dianne K. Newman; Nathan F. Dalleska,bioRxiv (Cold Spring Harbor Laboratory),https://doi.org/10.1101/330464,https://openalex.org/W2803509901
2018,Abstract 3203: Modulation of cellular phospholipids correlates with tumor regression grade and radio resistance in rectal cancer,"Liam Poynter, Reza Mirnezami, Renata F. Soares et al. (n=10)",Liam Poynter; Reza Mirnezami; Renata F. Soares; James S. McKenzie; Pranav Patel; Nadia Peppa; Alexander Mirnezami; James Kinross; Ara Darzi; Zoltán Takáts,Cancer Research,https://doi.org/10.1158/1538-7445.am2018-3203,https://openalex.org/W2810482235
2018,Regulation of endogenic metabolites by rosuvastatin in hyperlipidemia patients: An integration of metabolomics and lipidomics,"Hyunbeom Lee, Jong Min Choi, Joo‐Youn Cho et al. (n=6)",Hyunbeom Lee; Jong Min Choi; Joo‐Youn Cho; Tae‐Eun Kim; Hwa Jeong Lee; Byung Hwa Jung,Chemistry and Physics of Lipids,https://doi.org/10.1016/j.chemphyslip.2018.05.005,https://openalex.org/W2805783423
2018,Particulate sulfur-containing lipids: Production and cycling from the epipelagic to the abyssopelagic zone,"Blaženka Gašparović, Abra Penezić, Sanja Frka et al. (n=8)",Blaženka Gašparović; Abra Penezić; Sanja Frka; Saša Kazazić; Richard S. Lampitt; F. Omar Holguín; Nilusha Sudasinghe; Tanner Schaub,Deep Sea Research Part I Oceanographic Research Papers,https://doi.org/10.1016/j.dsr.2018.03.007,https://openalex.org/W2790395953
2018,Application of FT-ICR Mass Spectrometry in Hydrogen Deuterium Exchange and Lipidomics,,,DigiNole (Florida State University),,https://openalex.org/W7112071784
2018,Dysregulation of lipid metabolism induced by airway exposure to polycyclic aromatic hydrocarbons in C57BL/6 mice,"Fang Li, Binbin Xiang, Yan Jin et al. (n=8)",Fang Li; Binbin Xiang; Yan Jin; Chao Li; Jingguang Li; Songlei Ren; Huiting Huang; Qian Luo,Environmental Pollution,https://doi.org/10.1016/j.envpol.2018.11.049,https://openalex.org/W2901623688
2018,Improving the identification of nitrated phospholipids: low vs high energy-dependent fragmentation,"Bruna Neves, Tânia Melo, M. Rosário Domingues et al. (n=4)",Bruna Neves; Tânia Melo; M. Rosário Domingues; Pedro Domíngues,Free Radical Biology and Medicine,https://doi.org/10.1016/j.freeradbiomed.2018.04.301,https://openalex.org/W2803803004
2018,Targeted lipidomics profiling of marine phospholipids from different resources by UPLC-Q-Exactive Orbitrap/MS approach,"Xiaobin Li, Qiuxia He, Hairong Hou et al. (n=9)",Xiaobin Li; Qiuxia He; Hairong Hou; Shanshan Zhang; Xuanming Zhang; Yun Zhang; Ximin Wang; Liwen Han; Kechun Liu,Journal of Chromatography A,,https://openalex.org/W3020762417
2018,Targeted lipidomics profiling of marine phospholipids from different resources by UPLC-Q-Exactive Orbitrap/MS approach,"Xiaobin Li, Qiuxia He, Hairong Hou et al. (n=9)",Xiaobin Li; Qiuxia He; Hairong Hou; Shanshan Zhang; Xuanming Zhang; Yun Zhang; Ximin Wang; Liwen Han; Kechun Liu,Journal of Chromatography B,https://doi.org/10.1016/j.jchromb.2018.08.018,https://openalex.org/W2888063819
2018,Rapid discrimination of pediatric brain tumors by mass spectrometry imaging,"Amanda R. Clark, David Calligaris, Michael S. Regan et al. (n=12)",Amanda R. Clark; David Calligaris; Michael S. Regan; Daniel Pomeranz Krummel; Jeffrey N. Agar; Laura Kallay; Tobey J. MacDonald; Matthew Schniederjan; Sandro Santagata; Scott L. Pomeroy; Nathalie Y.R. Agar; Soma Sengupta,Journal of Neuro-Oncology,https://doi.org/10.1007/s11060-018-2978-2,https://openalex.org/W2888482961
2018,Phospholipids as a component of the oceanic phosphorus cycle,"Blaženka Gašparović, Abra Penezić, Richard S. Lampitt et al. (n=5)",Blaženka Gašparović; Abra Penezić; Richard S. Lampitt; Nilusha Sudasinghe; Tanner Schaub,Marine Chemistry,https://doi.org/10.1016/j.marchem.2018.08.002,https://openalex.org/W2888735198
2018,Integrated Proteomics and Lipidomics Investigation of the Mechanism Underlying the Neuroprotective Effect of N-benzylhexadecanamide,"Yanyan Zhou, Hongjie Wang, Feifei Guo et al. (n=10)",Yanyan Zhou; Hongjie Wang; Feifei Guo; Nan Si; Adelheid Brantner; Jian Yang; Lingyu Han; Xiaolu Wei; Haiyu Zhao; Baolin Bian,Molecules,https://doi.org/10.3390/molecules23112929,https://openalex.org/W2899787323
2018,Specific metabolic association between osteoarthritis and type 2 diabetes revealed by mass spectrometry imaging,"Maxime Eveque, Pieter J. Emans, Tim J. M. Welting et al. (n=6)",Maxime Eveque; Pieter J. Emans; Tim J. M. Welting; Annelies Boonen; Ron M. A. Heeren; B. Cillero Pastor,Osteoarthritis and Cartilage,https://doi.org/10.1016/j.joca.2018.02.362,https://openalex.org/W2800983276
2018,Mitochondrial changes of articular chondrocytes revealed by omics analyses,"B. Bakker, Gert B. Eijkel, Ronny Mohren et al. (n=7)",B. Bakker; Gert B. Eijkel; Ronny Mohren; Ron M. A. Heeren; Marcel Karperien; Janine N. Post; Berta Cillero‐Pastor,Osteoarthritis and Cartilage,https://doi.org/10.1016/j.joca.2018.02.370,https://openalex.org/W2801875690
2018,Lipidomic Characterisation of the Human Huntington's Disease Brain,Mandana Hunter,Mandana Hunter,ResearchSpace (University of Auckland),,https://openalex.org/W2900550729
2018,Analyses de macrophages : de la lipidomique à l'oxylipidomique,Guillaume Sayet,Guillaume Sayet,theses.fr (ABES),,https://openalex.org/W2895023707
2019,Structural characterization of lipids using 193 nm ultraviolet photodissociation mass spectrometry,Dustin R. Klein,Dustin R. Klein,,https://doi.org/10.26153/tsw/2277,https://openalex.org/W2967708510
2019,177: Metabolomic biomarkers in midtrimester maternal plasma can accurately predict the development of preeclampsia,"Seung Mi Lee, Young Mi Jung, Yujin Kang et al. (n=9)",Seung Mi Lee; Young Mi Jung; Yujin Kang; Eun Mi Lee; Subeen Hong; Chan‐Wook Park; Errol R. Norwitz; Do Yup Lee; Joong Shin Park,American Journal of Obstetrics and Gynecology,https://doi.org/10.1016/j.ajog.2019.11.193,https://openalex.org/W2998622442
2019,Validated comprehensive metabolomics and lipidomics analysis of colon tissue and cell lines,"Caroline Rombouts, Margot De Spiegeleer, Lieven Van Meulebroek et al. (n=5)",Caroline Rombouts; Margot De Spiegeleer; Lieven Van Meulebroek; Winnok H. De Vos; Lynn Vanhaecke,Analytica Chimica Acta,https://doi.org/10.1016/j.aca.2019.03.020,https://openalex.org/W2921005414
2019,Abstract 343: Novel Regulation of Cholesterol Metabolism Using a Systems Biology Approach,"Benjamin L. Parker, Thomas A Vallim, Marcus Seldin et al. (n=14)",Benjamin L. Parker; Thomas A Vallim; Marcus Seldin; Michael F. Keating; Elizabeth J. Tarling; Eser J. Zerenturk; Sarah C. Moody; Yingying Liu; Calvin Pan; Peter J. Meikle; Aldons J. Lusis; David E. James; Brian G. Drew; Anna C. Calkin,Arteriosclerosis Thrombosis and Vascular Biology,https://doi.org/10.1161/atvb.39.suppl_1.343,https://openalex.org/W4409221981
2019,"Lipidomic changes in the rat hippocampus following cocaine conditioning, extinction, and reinstatement of drug‐seeking","Sumitra Pati, Peggi M. Angel, Richard R. Drake et al. (n=5)",Sumitra Pati; Peggi M. Angel; Richard R. Drake; John J. Wagner; Brian S. Cummings,Brain and Behavior,https://doi.org/10.1002/brb3.1451,https://openalex.org/W2986825211
2019,Rational selection of reverse phase columns for high throughput LC–MS lipidomics,"Angela Criscuolo, Martin Zeller, Ken Cook et al. (n=5)",Angela Criscuolo; Martin Zeller; Ken Cook; Georgia Angelidou; Maria Fedorova,Chemistry and Physics of Lipids,https://doi.org/10.1016/j.chemphyslip.2019.03.006,https://openalex.org/W2925756695
2019,In-Plate Metabolomics of Single Zebrafish Embryos,"Anton Ribbenstedt, Malte Posselt, Carl Brunius et al. (n=4)",Anton Ribbenstedt; Malte Posselt; Carl Brunius; Jonathan P. Benskin,ChemRxiv,https://doi.org/10.26434/chemrxiv.10048550,https://openalex.org/W4236632480
2019,In-Plate Metabolomics of Single Zebrafish Embryos,"Anton Ribbenstedt, Malte Posselt, Carl Brunius et al. (n=4)",Anton Ribbenstedt; Malte Posselt; Carl Brunius; Jonathan P. Benskin,ChemRxiv,https://doi.org/10.26434/chemrxiv.10048550.v1,https://openalex.org/W3212237563
2019,Fundamentals and Advances of Orbitrap Mass Spectrometry,"Elizabeth S. Hecht, Michaela Ščigelová, Shannon Eliuk et al. (n=4)",Elizabeth S. Hecht; Michaela Ščigelová; Shannon Eliuk; Alexander Makarov,Encyclopedia of Analytical Chemistry,https://doi.org/10.1002/9780470027318.a9309.pub2,https://openalex.org/W4210997203
2019,Effect of three types of thermal processing methods on the lipidomics profile of tilapia fillets by UPLC-Q-Extractive Orbitrap mass spectrometry,"Cuiping Shi, Hao Guo, Tingting Wu et al. (n=6)",Cuiping Shi; Hao Guo; Tingting Wu; Ningping Tao; Xichang Wang; Jian Zhong,Food Chemistry,https://doi.org/10.1016/j.foodchem.2019.125029,https://openalex.org/W2953060448
2019,Development of mass spectrometry-based omics for studying neurometabolic changes associated with exposure of polybrominated diphenyl ethers and its correlation with Parkinson's disease,Fenfen Ji,Fenfen Ji,HKBU Institutional Repository (Hong Kong Baptist University),,https://openalex.org/W2991108536
2019,Searching for Potential Lipid Biomarkers of Parkinson’s Disease in Parkin-Mutant Human Skin Fibroblasts by HILIC-ESI-MS/MS: Preliminary Findings,"Cosima Damiana Calvano, Giovanni Ventura, Anna Maria Sardanelli et al. (n=8)",Cosima Damiana Calvano; Giovanni Ventura; Anna Maria Sardanelli; Laura Savino; Ilario Losito; Giuseppe De Michele; Francesco Palmisano; Tommaso R. I. Cataldi,International Journal of Molecular Sciences,https://doi.org/10.3390/ijms20133341,https://openalex.org/W2955552662
2019,R-BEL Mitigates Total Body Irradiation By Inhibiting iPLA2γ Which Prevents Lipid Mediator Generation in the Ileum,"Vladimir A. Tyurin, Yulia Y. Tyurina, Andrew A. Amoscato et al. (n=11)",Vladimir A. Tyurin; Yulia Y. Tyurina; Andrew A. Amoscato; L. Sparovero; Michael W. Epperly; Claudette M. St. Croix; Alicia Watson; Simon C. Watkins; Joel S. Greenberger; Hülya Bayır; Valerian E. Kagan,International Journal of Radiation Oncology*Biology*Physics,https://doi.org/10.1016/j.ijrobp.2019.06.557,https://openalex.org/W2972649919
2019,Ultra Performance Liquid Chromatography–Q Exactive Orbitrap/Mass Spectrometry-Based Lipidomics Reveals the Influence of Nitrogen Sources on Lipid Biosynthesis of <i>Mortierella alpina</i>,"Hengqian Lu, Haiqin Chen, Xin Tang et al. (n=7)",Hengqian Lu; Haiqin Chen; Xin Tang; Qin Yang; Hao Zhang; Yong Q. Chen; Wei Chen,Journal of Agricultural and Food Chemistry,https://doi.org/10.1021/acs.jafc.9b04455,https://openalex.org/W2974288125
2019,Lipidomic profiles disturbed by the internet gaming disorder in young Korean males,"Chang-Wan Lee, Deokjong Lee, Eun Mi Lee et al. (n=7)",Chang-Wan Lee; Deokjong Lee; Eun Mi Lee; Soo‐Jin Park; Dong Ji; Do Yup Lee; Young‐Chul Jung,Journal of Chromatography A,,https://openalex.org/W2997247383
2019,Lipidomic profiles disturbed by the internet gaming disorder in young Korean males,"Chang-Wan Lee, Deokjong Lee, Eun Mi Lee et al. (n=7)",Chang-Wan Lee; Deokjong Lee; Eun Mi Lee; Soo‐Jin Park; Dong Ji; Do Yup Lee; Young‐Chul Jung,Journal of Chromatography B,https://doi.org/10.1016/j.jchromb.2019.03.027,https://openalex.org/W2926314468
2019,Analysis of plasma metabolic profiling and evaluation of the effect of the intake of Angelica keiskei using metabolomics and lipidomics,"Hyun‐A Oh, Hyunbeom Lee, Soo-yeon Park et al. (n=8)",Hyun‐A Oh; Hyunbeom Lee; Soo-yeon Park; Yeni Lim; Oran Kwon; Ji Yeon Kim; Donghak Kim; Byung Hwa Jung,Journal of Ethnopharmacology,https://doi.org/10.1016/j.jep.2019.112058,https://openalex.org/W2955323250
2019,"Study of BDE-47 induced Parkinson’s disease-like metabolic changes in C57BL/6 mice by integrated metabolomic, lipidomic and proteomic analysis","Fenfen Ji, Sravan Gopalkrishnashetty Sreenivasmurthy, Juntong Wei et al. (n=10)",Fenfen Ji; Sravan Gopalkrishnashetty Sreenivasmurthy; Juntong Wei; Xiaojian Shao; Hemi Luan; Lin Zhu; Ju‐Xian Song; Liangfeng Liu; Min Li; Zongwei Cai,Journal of Hazardous Materials,https://doi.org/10.1016/j.jhazmat.2019.06.015,https://openalex.org/W2951903539
2019,Discovery of metabolite profiles of metabolic syndrome using untargeted and targeted LC–MS based lipidomics approach,"Lili Gong, Song Yang, Wen Zhang et al. (n=8)",Lili Gong; Song Yang; Wen Zhang; Fei-fei Han; Yali Lv; Lingling Xuan; He Liu; Lihong Liu,Journal of Pharmaceutical and Biomedical Analysis,https://doi.org/10.1016/j.jpba.2019.112848,https://openalex.org/W2970558330
2019,Untargeted Lipidomics Reveals Specific Lipid Abnormalities in Nonfunctioning Human Pituitary Adenomas,"Chunxiu Hu, Yang Zhou, Jie Feng et al. (n=14)",Chunxiu Hu; Yang Zhou; Jie Feng; Shi-Yu Zhou; Chuzhong Li; Sida Zhao; Yutao Shen; Lichuan Hong; Qiuhui Xuan; Xinyu Liu; Qi Li; Xiaolin Wang; Yazhuo Zhang; Guowang Xu,Journal of Proteome Research,https://doi.org/10.1021/acs.jproteome.9b00637,https://openalex.org/W2979579078
2019,Design and Evaluation of a Gas Chromatograph-Atmospheric Pressure Chemical Ionization Interface for an Exactive Orbitrap Mass Spectrometer,"Joshua B. Powers, Shawn R. Campagna",Joshua B. Powers; Shawn R. Campagna,Journal of the American Society for Mass Spectrometry,https://doi.org/10.1007/s13361-019-02311-6,https://openalex.org/W2972728748
2019,Evaluation of Lipid In-Source Fragmentation on Different Orbitrap-based Mass Spectrometers,"Angela Criscuolo, Martin Zeller, Maria Fedorova",Angela Criscuolo; Martin Zeller; Maria Fedorova,Journal of the American Society for Mass Spectrometry,https://doi.org/10.1021/jasms.9b00061,https://openalex.org/W2997229199
2019,Surfactant Lipidomics of Alveolar Lavage Fluid in Mice Based on Ultra-High-Performance Liquid Chromatography Coupled to Hybrid Quadrupole-Exactive Orbitrap Mass Spectrometry,"Rui Yang, Ying Zhang, Wenjuan Qian et al. (n=10)",Rui Yang; Ying Zhang; Wenjuan Qian; Linxiu Peng; Lili Lin; Jia Xu; Tong Xie; Jianjian Ji; Xiuqin Zhan; Jinjun Shan,Metabolites,https://doi.org/10.3390/metabo9040080,https://openalex.org/W2940847401
2019,Untargeted and Semi-targeted Lipid Analysis of Biological Samples Using Mass Spectrometry-Based Metabolomics,"Julie A. Reisz, Connie Zheng, Angelo D’Alessandro et al. (n=4)",Julie A. Reisz; Connie Zheng; Angelo D’Alessandro; Travis Nemkov,Methods in molecular biology,https://doi.org/10.1007/978-1-4939-9236-2_8,https://openalex.org/W2946569365
2019,Characterisation of the metabolomes of epigenetically distinct subgroups of paediatric ependymoma,"Alison Woodward, Salah Abdelrazig, Catharine A. Ortori et al. (n=7)",Alison Woodward; Salah Abdelrazig; Catharine A. Ortori; David A. Barrett; Richard G. Grundy; Donghyun Kim; Ruman Rahman,Neuro-Oncology,https://doi.org/10.1093/neuonc/noz167.042,https://openalex.org/W2980276303
2019,Identification of Altered Metabolic Pathways during Disease Progression in EAE Mice via Metabolomics and Lipidomics,"Gakyung Lee, Mahbub Hasan, Oh‐Seung Kwon et al. (n=4)",Gakyung Lee; Mahbub Hasan; Oh‐Seung Kwon; Byung Hwa Jung,Neuroscience,https://doi.org/10.1016/j.neuroscience.2019.07.029,https://openalex.org/W2966057072
2019,Analysis of urinary lipid biomarker candidates from tuberculosis patients by multiple reaction monitoring,Elizabeth Louise Waldron,Elizabeth Louise Waldron,Open University of Cape Town (University of Cape Town),,https://openalex.org/W3006125474
2019,The Power of LC-MS Based Multiomics: Exploring Adipogenic Differentiation of Human Mesenchymal Stem/Stromal Cells,"Evelyn Rampler, Dominik Egger, Harald Schoeny et al. (n=9)",Evelyn Rampler; Dominik Egger; Harald Schoeny; Mate Rusz; Maria Pires Pacheco; Giada Marino; Cornelia Kasper; Thomas Naegele; Gunda Koellensperger,Preprints.org,https://doi.org/10.20944/preprints201909.0017.v1,https://openalex.org/W3121458027
2019,Increased throughput and ultra-high mass resolution in DESI FT-ICR MS imaging through new-generation external data acquisition system and advanced data processing approaches,"Pieter C. Kooijman, Konstantin O. Nagornov, Anton N. Kozhinov et al. (n=7)",Pieter C. Kooijman; Konstantin O. Nagornov; Anton N. Kozhinov; David P. A. Kilgour; Yury O. Tsybin; Ron M. A. Heeren; Shane R. Ellis,Scientific Reports,https://doi.org/10.1038/s41598-018-36957-1,https://openalex.org/W2905157120
2019,Optimizing Lipid Extraction in Anabaena,"Hope Deann Menning, Paula Deann Mazzer",Hope Deann Menning; Paula Deann Mazzer,The FASEB Journal,https://doi.org/10.1096/fasebj.2019.33.1_supplement.638.1,https://openalex.org/W3176288080
2019,Time‐Resolved Shotgun Lipidomic Analysis of Murine Astrocyte Cells Exposed to Airborne Particulate Matter,"Meghan Travis, Noah Vettrus, Anthony Johansen‐Sallee et al. (n=4)",Meghan Travis; Noah Vettrus; Anthony Johansen‐Sallee; Paula Mazzer,The FASEB Journal,https://doi.org/10.1096/fasebj.2019.33.1_supplement.786.5,https://openalex.org/W3174552124
2019,Phospholipids as Indicators of Docetaxel‐Resistant Castration‐Resistant Prostate Cancer,"Lishann Ingram, Maryam Mansoura, Brian S. Cummings",Lishann Ingram; Maryam Mansoura; Brian S. Cummings,The FASEB Journal,https://doi.org/10.1096/fasebj.2019.33.1_supplement.675.1,https://openalex.org/W3169835074
2019,Lipidomics Profiles are Related to Preterm Birth and Depressive Symptoms in Pregnant African American Women,"Nadia Saadat, Todd A. Lydic, Dawn P. Misra et al. (n=4)",Nadia Saadat; Todd A. Lydic; Dawn P. Misra; Carmen Giurgescu,The FASEB Journal,https://doi.org/10.1096/fasebj.2019.33.1_supplement.638.2,https://openalex.org/W3177016815
2019,Utilisation de la métabolomique pour l'étude de l'encéphalopathie hépatique et développement de nouvelles approches pour l'acquisition de données par spectrométrie de masse,Pierre Barbier Saint Hilaire,Pierre Barbier Saint Hilaire,theses.fr (ABES),,https://openalex.org/W4399106282
2020,"Review for ""&lt;i&gt;Rhodiola crenulata&lt;/i&gt; protects against Alzheimer's disease in rats: a brain lipidomics study by RPLC/HILIC FT‐ICR MS""",,,,https://doi.org/10.1002/rcm.8969/v1/review1,https://openalex.org/W4236031013
2020,"Author response for ""&lt;i&gt;Rhodiola crenulata&lt;/i&gt; protects against Alzheimer's disease in rats: a brain lipidomics study by RPLC/HILIC FT‐ICR MS""","Wei Sun, Chun Liu, Yanan Wang et al. (n=10)",Wei Sun; Chun Liu; Yanan Wang; Xing Zhou; Wenwen Sui; Yu Zhang; Qingyu Zhang; Jing Han; Xintong Li; Fei Han,,https://doi.org/10.1002/rcm.8969/v3/response1,https://openalex.org/W4206261260
2020,"Decision letter for ""&lt;i&gt;Rhodiola crenulata&lt;/i&gt; protects against Alzheimer's disease in rats: a brain lipidomics study by RPLC/HILIC FT‐ICR MS""",,,,https://doi.org/10.1002/rcm.8969/v2/decision1,https://openalex.org/W4234117454
2020,"Decision letter for ""&lt;i&gt;Rhodiola crenulata&lt;/i&gt; protects against Alzheimer's disease in rats: a brain lipidomics study by RPLC/HILIC FT‐ICR MS""",,,,https://doi.org/10.1002/rcm.8969/v1/decision1,https://openalex.org/W4243002722
2020,"Author response for ""&lt;i&gt;Rhodiola crenulata&lt;/i&gt; protects against Alzheimer's disease in rats: a brain lipidomics study by RPLC/HILIC FT‐ICR MS""","Wei Sun, Chun Liu, Yanan Wang et al. (n=10)",Wei Sun; Chun Liu; Yanan Wang; Xing Zhou; Wenwen Sui; Yu Zhang; Qingyu Zhang; Jing Han; Xintong Li; Fei Han,,https://doi.org/10.1002/rcm.8969/v2/response1,https://openalex.org/W4252995951
2020,"Decision letter for ""&lt;i&gt;Rhodiola crenulata&lt;/i&gt; protects against Alzheimer's disease in rats: a brain lipidomics study by RPLC/HILIC FT‐ICR MS""",,,,https://doi.org/10.1002/rcm.8969/v3/decision1,https://openalex.org/W4229553814
2020,Tissue Preparation for Spatial Metabolomics v1,"Guanshi Zhang, Dušan Veličković, Annapurna Pamreddy et al. (n=7)",Guanshi Zhang; Dušan Veličković; Annapurna Pamreddy; Jessica Lukowski; Theodore Alexandrov; Chris Anderton; Kumar Sharma,,https://doi.org/10.17504/protocols.io.bcraiv2e,https://openalex.org/W3015453951
2020,Matrix-Assisted Laser Desorption/Ionization-Mass Spectrometric Imaging (MALDI-MSI) v1,"Guanshi Zhang, Dušan Veličković, Annapurna Pamreddy et al. (n=7)",Guanshi Zhang; Dušan Veličković; Annapurna Pamreddy; Jessica Lukowski; Theodore Alexandrov; Chris Anderton; Kumar Sharma,,https://doi.org/10.17504/protocols.io.bctfiwjn,https://openalex.org/W3015194557
2020,Tissue Preparation for Spatial Metabolomics v2,"Guanshi Zhang, Brittney Gorman, Leila Hejazi et al. (n=7)",Guanshi Zhang; Brittney Gorman; Leila Hejazi; Dušan Veličković; Theodore Alexandrov; Christopher Anderton; Kumar Sharma,,https://doi.org/10.17504/protocols.io.d7gf9jtn,https://openalex.org/W4409208574
2020,Matrix-Assisted Laser Desorption/Ionization-Mass Spectrometric Imaging (MALDI-MSI)_V2.0 v2,"Ian M. Tamayo, Guanshi Zhang, Dušan Veličković et al. (n=8)",Ian M. Tamayo; Guanshi Zhang; Dušan Veličković; Soumya Maity; Theodore Alexandrov; Christopher Anderton; Kumar Sharma; Brittney Gorman,,https://doi.org/10.17504/protocols.io.14egn84dyg5d/v2,https://openalex.org/W4400893713
2020,Optimized protocol for metabolomic and lipidomic profiling in formalin-fixed paraffin-embedded kidney tissue by LC-MS,"Sylvia K. Neef, Stefan Winter, Ute Hofmann et al. (n=14)",Sylvia K. Neef; Stefan Winter; Ute Hofmann; Thomas E. Mürdter; Elke Schaeffeler; Heike Horn; Achim Buck; Axel Walch; Jörg Hennenlotter; German Ott; Falko Fend; Jens Bedke; Matthias Schwab; Mathias Haag,Analytica Chimica Acta,https://doi.org/10.1016/j.aca.2020.08.005,https://openalex.org/W3048442950
2020,Untargeted Lipidomic Analysis of Plasma from High-fat Diet-induced Obese Rats Using UHPLC–Linear Trap Quadrupole–Orbitrap MS,"Siddabasave Gowda B. Gowda, Zijun Gao, Zhen Chen et al. (n=10)",Siddabasave Gowda B. Gowda; Zijun Gao; Zhen Chen; Takayuki Abe; Shota Hori; Satoru Fukiya; Satoshi Ishizuka; Atsushi Yokota; Hitoshi Chiba; Shu‐Ping Hui,Analytical Sciences,https://doi.org/10.2116/analsci.19p442,https://openalex.org/W3000548156
2020,OP0240 A MULTIMODAL MASS SPECTROMETRY APPROACH REVEALS SPECIFIC CARTILAGE MOLECULAR PROFILES ASSOCIATED TO TYPE 2 DIABETIC PATIENTS,"Maxime Eveque, Pieter J. Emans, Britt S. R. Claes et al. (n=6)",Maxime Eveque; Pieter J. Emans; Britt S. R. Claes; Freek G. Bouwman; Ron M. A. Heeren; Berta Cillero‐Pastor,Annals of the Rheumatic Diseases,https://doi.org/10.1136/annrheumdis-2020-eular.5399,https://openalex.org/W3032966586
2020,Dysregulation of lipid metabolism in PLHC-1 and ZFL cells exposed to tributyltin an all-trans retinoic acid,"Anna Marqueño, Cintia Flores, Marta Casado et al. (n=4)",Anna Marqueño; Cintia Flores; Marta Casado; Cinta Porte,Aquatic Toxicology,https://doi.org/10.1016/j.aquatox.2020.105733,https://openalex.org/W3115502158
2020,Evaluation of the antitumor effects of PP242 in an LS174T cell-induced colon cancer xenograft model using comprehensive metabolomics and lipidomics,"Md Mamunur Rashid, Hyunbeom Lee, Byung Hwa Jung",Md Mamunur Rashid; Hyunbeom Lee; Byung Hwa Jung,Authorea,https://doi.org/10.22541/au.158567053.30508849,https://openalex.org/W3014922630
2020,Automated untargeted stable isotope assisted lipidomics of liver cells on high glucose shows alteration of sphingolipid kinetics,"Davide Noto, Francesca Di Gaudio, Ida Altieri et al. (n=14)",Davide Noto; Francesca Di Gaudio; Ida Altieri; Angelo B. Cefalù; Sergio Indelicato; Francesca Fayer; Rossella Spina; C. Scrimali; Antonina Giammanco; Alessandro Mattina; Serena Indelicato; Massimiliano Greco; David Bongiorno; Maurizio Averna,Biochimica et Biophysica Acta (BBA) - Molecular and Cell Biology of Lipids,https://doi.org/10.1016/j.bbalip.2020.158656,https://openalex.org/W3004599061
2020,Lipidome Profiles Are Related to Depressive Symptoms and Preterm Birth Among African American Women,"Nadia Saadat, Todd A. Lydic, Dawn P. Misra et al. (n=6)",Nadia Saadat; Todd A. Lydic; Dawn P. Misra; Rhonda Dailey; Deborah S. Walker; Carmen Giurgescu,Biological Research For Nursing,https://doi.org/10.1177/1099800420923032,https://openalex.org/W3022374513
2020,Dynamic binning peak detection and assessment of various lipidomics liquid chromatography-mass spectrometry pre-processing platforms,"Xiaodong Feng, Wenxuan Zhang, Folkert Kuipers et al. (n=6)",Xiaodong Feng; Wenxuan Zhang; Folkert Kuipers; Ido P. Kema; Andrei Barcaru; Péter Horvatovich,bioRxiv (Cold Spring Harbor Laboratory),https://doi.org/10.1101/2020.10.10.334342,https://openalex.org/W3092151040
2020,Interventional effects of the direct application of “Sanse powder” on knee osteoarthritis in rats as determined from lipidomics via UPLC-Q-Exactive Orbitrap MS,"Peng Wu, Zhengquan Huang, Jinjun Shan et al. (n=13)",Peng Wu; Zhengquan Huang; Jinjun Shan; Zichen Luo; Li Zhang; Songjiang Yin; Cunsi Shen; Runlin Xing; Wei Mei; Yancheng Xiao; Bo Xu; Jun J. Mao; Peimin Wang,Chinese Medicine,https://doi.org/10.1186/s13020-020-0290-5,https://openalex.org/W3007827418
2020,Lipid profile dataset of optogenetics induced optic nerve regeneration,"Jennifer Arcuri, Yuan Liu, Richard K. Lee et al. (n=4)",Jennifer Arcuri; Yuan Liu; Richard K. Lee; Sanjoy K. Bhattacharya,Data in Brief,https://doi.org/10.1016/j.dib.2020.106001,https://openalex.org/W3038606655
2020,PLHC-1 topminnow liver cells: An alternative model to investigate the toxicity of plastic additives in the aquatic environment,"Elisabet Pérez‐Albaladejo, Alejandra Elizabeth Urbiola Solís, Ilaria Bani et al. (n=4)",Elisabet Pérez‐Albaladejo; Alejandra Elizabeth Urbiola Solís; Ilaria Bani; Cinta Porte,Ecotoxicology and Environmental Safety,https://doi.org/10.1016/j.ecoenv.2020.111746,https://openalex.org/W3111557134
2020,miRNAlipidomics.zip,"Jèssica Latorre, Francisco Ortega, Laura Liñares‐Pose et al. (n=15)",Jèssica Latorre; Francisco Ortega; Laura Liñares‐Pose; José María Moreno‐Navarrete; Aina Lluch; Ferran Comas; Núria Oliveras‐Cañellas; Wifredo Ricart; Marcus Höring; Gerhard Liebisch; You Zhou; Nidhina Haridas PA; Vesa M. Olkkonen; Miguel López; José Manuel Fernández‐Real,Figshare,https://doi.org/10.6084/m9.figshare.11854563,https://openalex.org/W4394069554
2020,Investigation on green tea lipids and their metabolic variations during manufacturing by nontargeted lipidomics,"Jia Li, Jinjie Hua, Haibo Yuan et al. (n=9)",Jia Li; Jinjie Hua; Haibo Yuan; Yuliang Deng; Qinghua Zhou; Yanqin Yang; Chunwang Dong; Jun Zeng; Yongwen Jiang,Food Chemistry,https://doi.org/10.1016/j.foodchem.2020.128114,https://openalex.org/W3089172718
2020,A comprehensive study of lipid profiles of round scad (Decapterus maruadsi) based on lipidomic with UPLC-Q-Exactive Orbitrap-MS,"Chen He, Zexin Sun, Xingchen Qu et al. (n=6)",Chen He; Zexin Sun; Xingchen Qu; Jun Cao; Xuanri Shen; Chuan Li,Food Research International,https://doi.org/10.1016/j.foodres.2020.109138,https://openalex.org/W3010458711
2020,Intervention of Uncaria and Its Components on Liver Lipid Metabolism in Spontaneously Hypertensive Rats,"Zhenhua Tian, Shiming Zhang, Huanjuan Wang et al. (n=9)",Zhenhua Tian; Shiming Zhang; Huanjuan Wang; Zhenshan Chen; Mengjia Sun; Linlin Sun; Lili Gong; Yunlun Li; Haiqiang Jiang,Frontiers in Pharmacology,https://doi.org/10.3389/fphar.2020.00910,https://openalex.org/W3043545615
2020,Lipidomics Analysis Indicates Disturbed Hepatocellular Lipid Metabolism in Reynoutria multiflora-Induced Idiosyncratic Liver Injury,"Xiaofang Wu, Yating Zhang, Jiaqi Qiu et al. (n=10)",Xiaofang Wu; Yating Zhang; Jiaqi Qiu; Ya Xu; Jing Zhang; Juan Huang; Junqi Bai; Zhihai Huang; Xiaohui Qiu; Wen Xu,Frontiers in Pharmacology,https://doi.org/10.3389/fphar.2020.569144,https://openalex.org/W3117809499
2020,Antihypertensive activity of oleanolic acid is mediated via downregulation of secretory phospholipase A2 and fatty acid synthase in spontaneously hypertensive rats,"Shiming Zhang, Yuecheng Liu, Xiaoming Wang et al. (n=7)",Shiming Zhang; Yuecheng Liu; Xiaoming Wang; Zhenhua Tian; Dongmei Qi; Yunlun Li; Haiqiang Jiang,International Journal of Molecular Medicine,https://doi.org/10.3892/ijmm.2020.4744,https://openalex.org/W3090154038
2020,Lipid Fingerprinting of Different Material Sources by UPLC-Q-Exactive Orbitrap/MS Approach and Their Zebrafish-Based Activities Comparison,"Xiaobin Li, Chenyang Li, Yongqiang Zhu et al. (n=12)",Xiaobin Li; Chenyang Li; Yongqiang Zhu; Yongping Shi; Xuanming Zhang; Shanshan Zhang; Lizhen Wang; Hou‐Wen Lin; Hairong Hou; Chung‐Der Hsiao; Liwen Han; Kechun Liu,Journal of Agricultural and Food Chemistry,https://doi.org/10.1021/acs.jafc.9b06132,https://openalex.org/W3001802972
2020,Application of untargeted lipidomics based on UHPLC-high resolution tandem MS analysis to profile the lipid metabolic disturbances in the heart of diabetic cardiomyopathy mice,"Xuejun Xu, Zichen Luo, Yu He et al. (n=6)",Xuejun Xu; Zichen Luo; Yu He; Jinjun Shan; Jianming Guo; Jianping Li,Journal of Pharmaceutical and Biomedical Analysis,https://doi.org/10.1016/j.jpba.2020.113525,https://openalex.org/W3046710979
2020,Lipidomic profiling reveals triacylglycerol accumulation in the liver during pregnane X receptor activation-induced hepatomegaly,"Yiming Jiang, Xinpeng Yao, Shicheng Fan et al. (n=7)",Yiming Jiang; Xinpeng Yao; Shicheng Fan; Yue Gao; Huizhen Zhang; Min Huang; Huichang Bi,Journal of Pharmaceutical and Biomedical Analysis,https://doi.org/10.1016/j.jpba.2020.113851,https://openalex.org/W3113056266
2020,Ultrahigh-Resolution Mass Spectrometry Method for Resolving <sup>13</sup>C-Enrichment Patterns in a Microalgal Lipidome,"Sheik Nadeem Elahee Doomun, Shuai Nie, Stella Loke et al. (n=6)",Sheik Nadeem Elahee Doomun; Shuai Nie; Stella Loke; Greg M. Kowalski; Peter L. Beech; Damien L. Callahan,Journal of the American Society for Mass Spectrometry,https://doi.org/10.1021/jasms.0c00192,https://openalex.org/W3035874585
2020,Lipidomics Approach to Characterize Lipid Alterations in Human Kidney 2 Cells Treated with Iohexol,"Fangfang Zhou, Yixin Chen, Luo L. Xin et al. (n=5)",Fangfang Zhou; Yixin Chen; Luo L. Xin; Yi Lu; Qun Luo,Journal of the American Society of Nephrology,https://doi.org/10.1681/asn.20203110s1124a,https://openalex.org/W4396999165
2020,Changes in lipid profiles of epileptic mouse model,"Alicia Johnson, Ryan Grove, Deepak Madhavan et al. (n=12)",Alicia Johnson; Ryan Grove; Deepak Madhavan; Cory H. T. Boone; Camila Pereira Braga; Hannah Kyllo; Kaeli Samson; Kristina A. Simeone; Timothy A. Simeone; Tomáš Helikar; Corrine Hanson; Jiří Adamec,Metabolomics,https://doi.org/10.1007/s11306-020-01729-4,https://openalex.org/W3091009317
2020,SWATH-MS for metabolomics and lipidomics: critical aspects of qualitative and quantitative analysis,"Michel Raetz, R. F. Bonner, Gérard Hopfgartner",Michel Raetz; R. F. Bonner; Gérard Hopfgartner,Metabolomics,https://doi.org/10.1007/s11306-020-01692-0,https://openalex.org/W3033038840
2020,Abstracts,,,Michigan Academician,https://doi.org/10.7245/0026-2005-47.3.1,https://openalex.org/W4240313627
2020,Fast and sensitive flow-injection mass spectrometry metabolomics by analyzing sample-specific ion distributions,"Boris Sarvin, Shoval Lagziel, Nikita Sarvin et al. (n=7)",Boris Sarvin; Shoval Lagziel; Nikita Sarvin; Dzmitry Mukha; Praveen Kumar; É. M. Aizenshtein; Tomer Shlomi,Nature Communications,https://doi.org/10.1038/s41467-020-17026-6,https://openalex.org/W3037719963
2020,An apoplastic fluid extraction method for the characterization of grapevine leaves proteome and metabolome from a single sample,"Joana Figueiredo, Ana Rita Cavaco, Leonor Guerra‐Guimarães et al. (n=11)",Joana Figueiredo; Ana Rita Cavaco; Leonor Guerra‐Guimarães; Céline C. Leclercq; Jenny Renaut; Jorge Cunha; José Eiras‐Dias; Carlos Cordeiro; Ana Rita Matos; Marta Sousa Silva; Andreia Figueiredo,Physiologia Plantarum,https://doi.org/10.1111/ppl.13198,https://openalex.org/W3081561198
2020,New tools based on mass spectrometry approaches for the identification of nitrated complex lipids,Bruna Filipa Brito Neves,Bruna Filipa Brito Neves,"Portuguese National Funding Agency for Science, Research and Technology (RCAAP Project by FCT)",,https://openalex.org/W3172962101
2020,Targeted Omics: Finding the Needle,"Cristina Coman, Robert Ahrends",Cristina Coman; Robert Ahrends,PROTEOMICS,https://doi.org/10.1002/pmic.201900024,https://openalex.org/W3031448674
2020,<i>Rhodiola crenulata</i> protects against Alzheimer's disease in rats: A brain lipidomics study by Fourier‐transform ion cyclotron resonance mass spectrometry coupled with high‐performance reversed‐phase liquid chromatography and hydrophilic interaction liquid chromatography,"Wei Sun, Chun Liu, Yanan Wang et al. (n=10)",Wei Sun; Chun Liu; Yanan Wang; Xing Zhou; Wenwen Sui; Yu Zhang; Qingyu Zhang; Jing Han; Xintong Li; Fei Han,Rapid Communications in Mass Spectrometry,https://doi.org/10.1002/rcm.8969,https://openalex.org/W3092378045
2020,Evaluating a targeted multiple reaction monitoring approach to global untargeted lipidomic analyses of human plasma,"Mostafa J. Khan, Simona G. Codreanu, Sandeep Goyal et al. (n=11)",Mostafa J. Khan; Simona G. Codreanu; Sandeep Goyal; Phillip A. Wages; Santosh Kapil Kumar Gorti; Mackenzie Pearson; Isabel Uribe; Stacy D. Sherrod; John A. McLean; Ned A. Porter; Renã A. S. Robinson,Rapid Communications in Mass Spectrometry,https://doi.org/10.1002/rcm.8911,https://openalex.org/W3046419324
2020,Identification of Lipidomic Profiles Associated with Drug-Resistant Prostate Cancer Cells,"Lishann Ingram, Maryam Mansoura, Chau-Wen Chou et al. (n=4)",Lishann Ingram; Maryam Mansoura; Chau-Wen Chou; Brian S. Cummings,Research Square,https://doi.org/10.21203/rs.3.rs-88681/v1,https://openalex.org/W4250535539
2020,"Expression And Functional Sialome Of Triatomines, Insect Vectors Of Chagas Disease",Maria Tays Mendes,Maria Tays Mendes,scholarworks - UTEP (The University of Texas at El Paso),,https://openalex.org/W3037262419
2020,Metabolomic biomarkers in midtrimester maternal plasma can accurately predict the development of preeclampsia,"Seung Mi Lee, Yujin Kang, Eun Mi Lee et al. (n=10)",Seung Mi Lee; Yujin Kang; Eun Mi Lee; Young Mi Jung; Subeen Hong; Soo Jin Park; Chan‐Wook Park; Errol R. Norwitz; Do Yup Lee; Joong Shin Park,Scientific Reports,https://doi.org/10.1038/s41598-020-72852-4,https://openalex.org/W3089616948
2020,Evaluation of the antitumor effects of PP242 in a colon cancer xenograft mouse model using comprehensive metabolomics and lipidomics,"Md Mamunur Rashid, Hyunbeom Lee, Byung Hwa Jung",Md Mamunur Rashid; Hyunbeom Lee; Byung Hwa Jung,Scientific Reports,https://doi.org/10.1038/s41598-020-73721-w,https://openalex.org/W3093087868
2020,Comparative lipidomic analysis of mammalian retinal ganglion cells and Müller glia in situ and in vitro using High-Resolution Imaging Mass Spectrometry,"Xandra Pereiro, Roberto Fernández, Gabriel Barreda‐Gómez et al. (n=8)",Xandra Pereiro; Roberto Fernández; Gabriel Barreda‐Gómez; Noelia Ruzafa; Arantxa Acera; Javier Araiz; Egoitz Astigarraga; Elena Vecino,Scientific Reports,https://doi.org/10.1038/s41598-020-77087-x,https://openalex.org/W3104999129
2020,Lipidomic Analysis Demonstrates that 36:1 Phosphatidylcholine is Enriched in Cell Models of Drug Resistance Prostate Cancer,"Morgan C. Finnerty, Lishann Ingram, Maryam Mansoura et al. (n=4)",Morgan C. Finnerty; Lishann Ingram; Maryam Mansoura; Brian S. Cummings,The FASEB Journal,https://doi.org/10.1096/fasebj.2020.34.s1.03279,https://openalex.org/W3017614672
2020,Development of a Flow Injection Analysis Fourier Transform Mass Spectrometry (FIA-FTMS) Method to Quantify Lipid Species Profiles of Biological Samples,Marcus Höring,Marcus Höring,University of Regensburg Publication Server (University of Regensburg),https://doi.org/10.5283/epub.40704,https://openalex.org/W3048694002
2021,rMSIannotation: A peak annotation tool for mass spectrometry imaging based on the analysis of isotopic intensity ratios,"Lluc Sementé, Gerard Baquer, María García‐Altares et al. (n=5)",Lluc Sementé; Gerard Baquer; María García‐Altares; Xavier Correig; Pere Ràfols,Analytica Chimica Acta,https://doi.org/10.1016/j.aca.2021.338669,https://openalex.org/W3164473061
2021,Comparative In Vitro Antioxidant Capacity and Terpenoid Profiling of Pumpkin Fruit Pulps from a Serbian Cucurbita maxima and Cucurbita moschata Breeding Collection,"Milorad Miljić, Gabriele Rocchetti, Sanja Vlaisavljević et al. (n=9)",Milorad Miljić; Gabriele Rocchetti; Sanja Vlaisavljević; Aleksandra Mišan; Milka Brdar‐Jokanović; Fabio Marcheggiani; Erika Martinelli; Luigi Lucini; Elisabetta Damiani,Antioxidants,https://doi.org/10.3390/antiox10101580,https://openalex.org/W3202159177
2021,Lipidomic‐based investigation into the therapeutic effects of polyene phosphatidylcholine and Babao Dan on rats with non‐alcoholic fatty liver disease,"Yicong Zhang, Jinxiao Lv, Jiayuan Zhang et al. (n=5)",Yicong Zhang; Jinxiao Lv; Jiayuan Zhang; Zhihua Lv; Mingming Yu,Biomedical Chromatography,https://doi.org/10.1002/bmc.5271,https://openalex.org/W3208426858
2021,Lipidomics reveals the dysregulated ceramide metabolism in oxidized low‐density lipoprotein‐induced macrophage‐derived foam cell,"Jie Liu, Tong Li, Wen-Xuan Pei et al. (n=8)",Jie Liu; Tong Li; Wen-Xuan Pei; Ye Zhao; Xin Zhang; Xiu-Jia Shi; Yanping Li; Wenjuan Xu,Biomedical Chromatography,https://doi.org/10.1002/bmc.5297,https://openalex.org/W4200035829
2021,"Root carbon interaction with soil minerals is dynamic, leaving a legacy of microbially-derived residues","Rachel Neurath, Jennifer Pett‐Ridge, Ilexis Chu‐Jacoby et al. (n=11)",Rachel Neurath; Jennifer Pett‐Ridge; Ilexis Chu‐Jacoby; Donald J. Herman; Thea Whitman; Peter Nico; Andrew Lipton; Jennifer Kyle; Malak Tfaily; Allison Thompson; Mary K. Firestone,bioRxiv (Cold Spring Harbor Laboratory),https://doi.org/10.1101/2021.03.23.436628,https://openalex.org/W3137276162
2021,Rewiring the Three-Carbon Metabolism Abrogates Multiple MAPK-Induced Cellular Dysfunctions During Metabolic Disorder,"Alexandre K. Dubé, Nicolas Malenfant, Florence Ladonne et al. (n=10)",Alexandre K. Dubé; Nicolas Malenfant; Florence Ladonne; Amanda Piano; Karamat Mohammad; Marc Bélanger; Frédéric Bégin; Florence Lebel-Guay; Vladimir I. Titorenko; Yves Bourbonnais,bioRxiv (Cold Spring Harbor Laboratory),https://doi.org/10.1101/2021.06.30.450468,https://openalex.org/W3173741440
2021,Untargeted lipidomics analysis in women with intrahepatic cholestasis of pregnancy: a cross‐sectional study,"Xiaotong Sun, Tao Qu, Wenjing Wang et al. (n=11)",Xiaotong Sun; Tao Qu; Wenjing Wang; Chun Li; Xiao Yang; Xiaowei He; Y Wang; G Xing; Xiangxiang Xu; Lei Yang; Hao Zhang,BJOG An International Journal of Obstetrics & Gynaecology,https://doi.org/10.1111/1471-0528.17026,https://openalex.org/W3214314398
2021,Mass spectrometry raw file (.RAW Format) from metabolomic and lipidomic analyses of GH deficiency,Breno De San-Martin,Breno De San-Martin,Data Archiving and Networked Services (DANS),https://doi.org/10.17632/8z736ssxdj.1,https://openalex.org/W3184916016
2021,Methods of lipid analysis,"Bebiana C. Sousa, Michael J.O. Wakelam, Andrea F. Lopez‐Clavijo",Bebiana C. Sousa; Michael J.O. Wakelam; Andrea F. Lopez‐Clavijo,Elsevier eBooks,https://doi.org/10.1016/b978-0-12-824048-9.00010-9,https://openalex.org/W3201109572
2021,DataSheet5_Integrated Network Pharmacology and Lipidomics to Reveal the Inhibitory Effect of Qingfei Oral Liquid on Excessive Autophagy in RSV-Induced Lung Inflammation.xlsx,"Lili Lin (451927), Li An (399351), Hui Chen (28597) et al. (n=11)",Lili Lin (451927); Li An (399351); Hui Chen (28597); Lu Feng (193271); Mengjiang Lu (8505321); Yuling Liu (781309); Chu Chu (6210905); Jinjun Shan (585940); Tong Xie (3592568); Xiaorong Wang (448738); Shouchuan Wang (638475),Figshare,https://doi.org/10.3389/fphar.2021.777689.s005,https://openalex.org/W4200155529
2021,DataSheet6_Integrated Network Pharmacology and Lipidomics to Reveal the Inhibitory Effect of Qingfei Oral Liquid on Excessive Autophagy in RSV-Induced Lung Inflammation.pdf,"Lili Lin (451927), Li An (399351), Hui Chen (28597) et al. (n=11)",Lili Lin (451927); Li An (399351); Hui Chen (28597); Lu Feng (193271); Mengjiang Lu (8505321); Yuling Liu (781309); Chu Chu (6210905); Jinjun Shan (585940); Tong Xie (3592568); Xiaorong Wang (448738); Shouchuan Wang (638475),Figshare,https://doi.org/10.3389/fphar.2021.777689.s006,https://openalex.org/W4200150226
2021,DataSheet2_Integrated Network Pharmacology and Lipidomics to Reveal the Inhibitory Effect of Qingfei Oral Liquid on Excessive Autophagy in RSV-Induced Lung Inflammation.xlsx,"Lili Lin (451927), Li An (399351), Hui Chen (28597) et al. (n=11)",Lili Lin (451927); Li An (399351); Hui Chen (28597); Lu Feng (193271); Mengjiang Lu (8505321); Yuling Liu (781309); Chu Chu (6210905); Jinjun Shan (585940); Tong Xie (3592568); Xiaorong Wang (448738); Shouchuan Wang (638475),Figshare,https://doi.org/10.3389/fphar.2021.777689.s002,https://openalex.org/W4200478287
2021,DataSheet4_Integrated Network Pharmacology and Lipidomics to Reveal the Inhibitory Effect of Qingfei Oral Liquid on Excessive Autophagy in RSV-Induced Lung Inflammation.xlsx,"Lili Lin (451927), Li An (399351), Hui Chen (28597) et al. (n=11)",Lili Lin (451927); Li An (399351); Hui Chen (28597); Lu Feng (193271); Mengjiang Lu (8505321); Yuling Liu (781309); Chu Chu (6210905); Jinjun Shan (585940); Tong Xie (3592568); Xiaorong Wang (448738); Shouchuan Wang (638475),Figshare,https://doi.org/10.3389/fphar.2021.777689.s004,https://openalex.org/W4200071347
2021,DataSheet3_Integrated Network Pharmacology and Lipidomics to Reveal the Inhibitory Effect of Qingfei Oral Liquid on Excessive Autophagy in RSV-Induced Lung Inflammation.xlsx,"Lili Lin (451927), Li An (399351), Hui Chen (28597) et al. (n=11)",Lili Lin (451927); Li An (399351); Hui Chen (28597); Lu Feng (193271); Mengjiang Lu (8505321); Yuling Liu (781309); Chu Chu (6210905); Jinjun Shan (585940); Tong Xie (3592568); Xiaorong Wang (448738); Shouchuan Wang (638475),Figshare,https://doi.org/10.3389/fphar.2021.777689.s003,https://openalex.org/W4200272946
2021,DataSheet1_Integrated Network Pharmacology and Lipidomics to Reveal the Inhibitory Effect of Qingfei Oral Liquid on Excessive Autophagy in RSV-Induced Lung Inflammation.doc,"Lili Lin (451927), Li An (399351), Hui Chen (28597) et al. (n=11)",Lili Lin (451927); Li An (399351); Hui Chen (28597); Lu Feng (193271); Mengjiang Lu (8505321); Yuling Liu (781309); Chu Chu (6210905); Jinjun Shan (585940); Tong Xie (3592568); Xiaorong Wang (448738); Shouchuan Wang (638475),Figshare,https://doi.org/10.3389/fphar.2021.777689.s001,https://openalex.org/W4200359562
2021,A microRNA cluster controls fat cell differentiation and adipose tissue expansion by regulating SNCG,"Ruth Rodríguez‐Barrueco, Jèssica Latorre, Laura Devis et al. (n=21)",Ruth Rodríguez‐Barrueco; Jèssica Latorre; Laura Devis; Aina Lluch; Núria Bonifaci; Francisco J. Llobet; Mireia Oliván; Laura Coll‐Iglesias; Katja Gassner; Meredith L. Davis; José María Moreno‐Navarrete; Anna Castells‐Nobau; Marcus Höring; Gerhard Liebisch; Vesa M. Olkkonen; María Arnoriaga‐Rodríguez; Wifredo Ricart; José Manuel Fernández‐Real; José Malanho Silva; Francisco Ortega; David Llobet‐Navàs,Figshare,https://doi.org/10.6084/m9.figshare.16803235,https://openalex.org/W4394457674
2021,Characterization and bioactivities of phospholipids from squid viscera and gonads using ultra-performance liquid chromatography-Q-exactive orbitrap/mass spectrometry-based lipidomics and zebrafish models,"Peihai Li, Mengqi Zhang, Dongxiao Xie et al. (n=10)",Peihai Li; Mengqi Zhang; Dongxiao Xie; Xuanming Zhang; Shanshan Zhang; Fei‐Yue Gao; Yuliang Wang; Chung‐Der Hsiao; Xiaobin Li; Kechun Liu,Food & Function,https://doi.org/10.1039/d1fo00796c,https://openalex.org/W3176461852
2021,Lipidomics Strategy for the Identification of Ultra-High Temperature and Reconstituted Milk by UPLC-Q-Exactive Orbitrap Mass Spectrometry,"Jing Cui, Dan Zhu, Meicheng Su et al. (n=8)",Jing Cui; Dan Zhu; Meicheng Su; Dongfei Tan; Xia Zhang; Man Jia; Huaxing Wu; Gang Chen,Food Analytical Methods,https://doi.org/10.1007/s12161-020-01947-5,https://openalex.org/W3119070755
2021,UHPLC-Q-Orbitrap-based lipidomics reveals molecular mechanism of lipid changes during preservatives treatment of Hengshan goat meat sausages,"Wei Jia, Xixuan Wu, Rong Zhang et al. (n=4)",Wei Jia; Xixuan Wu; Rong Zhang; Lin Shi,Food Chemistry,https://doi.org/10.1016/j.foodchem.2021.130948,https://openalex.org/W3193312994
2021,UHPLC-Q-Orbitrap HRMS-based quantitative lipidomics reveals the chemical changes of phospholipids during thermal processing methods of Tan sheep meat,"Wei Jia, Ruiting Li, Xixuan Wu et al. (n=5)",Wei Jia; Ruiting Li; Xixuan Wu; Shuxing Liu; Lin Shi,Food Chemistry,https://doi.org/10.1016/j.foodchem.2021.130153,https://openalex.org/W3162595153
2021,Molecular mechanism of lipid transformation in cold chain storage of Tan sheep,"Wei Jia, Ruiting Li, Xixuan Wu et al. (n=6)",Wei Jia; Ruiting Li; Xixuan Wu; Li Liu; Shuxing Liu; Lin Shi,Food Chemistry,https://doi.org/10.1016/j.foodchem.2021.129007,https://openalex.org/W3118979509
2021,Lipidomics profile of irradiated ground meat to support food safety,"Luca Maria Chiesa, Federica Di Cesare, Giacomo Mosconi et al. (n=9)",Luca Maria Chiesa; Federica Di Cesare; Giacomo Mosconi; Radmila Pavlović; Maria Campaniello; Michele Tomaiuolo; Michele Mangiacotti; E. Chiaravalle; Sara Panseri,Food Chemistry,https://doi.org/10.1016/j.foodchem.2021.131700,https://openalex.org/W3217401308
2021,Analysis of lipidomics profile of rice and changes during storage by UPLC-Q-extractive orbitrap mass spectrometry,"Dong Zhang, Xiaoliang Duan, Bo Shang et al. (n=5)",Dong Zhang; Xiaoliang Duan; Bo Shang; Yu Hong; Hui Sun,Food Research International,https://doi.org/10.1016/j.foodres.2021.110214,https://openalex.org/W3129905747
2021,Lipidomic analysis of non-esterified furan fatty acids and fatty acid compositions in dietary shellfish and salmon by UHPLC/LTQ-Orbitrap-MS,"Siddabasave Gowda B. Gowda, Yusuke Minami, Divyavani Gowda et al. (n=6)",Siddabasave Gowda B. Gowda; Yusuke Minami; Divyavani Gowda; Daisuke Furuko; Hitoshi Chiba; Shu‐Ping Hui,Food Research International,https://doi.org/10.1016/j.foodres.2021.110325,https://openalex.org/W3147510336
2021,Discovery of lipid biomarkers between bovine colostrum and milk using UHPLC-Q-TOF-MS lipidomics,"Mohan Li, Qilong Li, Wanying Song et al. (n=7)",Mohan Li; Qilong Li; Wanying Song; Yiming Liu; Xiumin Zhang; Yan Zheng; Xiqing Yue,International Dairy Journal,https://doi.org/10.1016/j.idairyj.2021.105091,https://openalex.org/W3157899703
2021,Untargeted lipidomics analysis of Mori Fructus polysaccharide on acute alcoholic liver injury in mice using ultra performance liquid chromatography-quadrupole-orbitrap-high resolution mass spectrometry,"Liang Bian, Huaguo Chen, Xin Zhou",Liang Bian; Huaguo Chen; Xin Zhou,International Immunopharmacology,https://doi.org/10.1016/j.intimp.2021.107521,https://openalex.org/W3157652163
2021,Time-Series Lipidomics Insights into the Progressive Characteristics of Lipid Constituents of Fresh Walnut during Postharvest Storage,"Rong Zhang, Zhenbao Zhu, Wei Jia",Rong Zhang; Zhenbao Zhu; Wei Jia,Journal of Agricultural and Food Chemistry,https://doi.org/10.1021/acs.jafc.1c05120,https://openalex.org/W3212877285
2021,Early antiretroviral therapy initiation effect on metabolic profile in vertically HIV-1-infected children,"Laura Tarancón‐Díez, Anna Rull, Pol Herrero et al. (n=10)",Laura Tarancón‐Díez; Anna Rull; Pol Herrero; Elena Vázquez‐Alejo; Joaquim Peraire; Sara Guillén; María Luisa Navarro‐Gómez; Consuelo Viladés; María Ángeles Muñoz‐Fernández; Francesc Vidal,Journal of Antimicrobial Chemotherapy,https://doi.org/10.1093/jac/dkab277,https://openalex.org/W3198877732
2021,Comparative lipidomics profiling of donkey milk with cow and human milk by UHPLC-Q-Exactive Orbitrap Mass Spectrometry,"Xinhao Zhang, Haijing Li, Yang Li et al. (n=7)",Xinhao Zhang; Haijing Li; Yang Li; Guimiao Jiang; Chuanliang Ji; Qin Zhang; Fuwei Zhao,Journal of Food Composition and Analysis,https://doi.org/10.1016/j.jfca.2021.103988,https://openalex.org/W3165086545
2021,An imaging mass spectrometry atlas of lipids in the human neurologically normal and Huntington’s disease caudate nucleus,"Mandana Hunter, Nicholas J. Demarais, Richard L. M. Faull et al. (n=5)",Mandana Hunter; Nicholas J. Demarais; Richard L. M. Faull; Angus C. Grey; Maurice A. Curtis,Journal of Neurochemistry,https://doi.org/10.1111/jnc.15325,https://openalex.org/W3133014232
2021,Analytical approaches to assess metabolic changes in psoriasis,"Wojciech Łuczaj, Agnieszka Gęgotek, Elźbieta Skrzydlewska",Wojciech Łuczaj; Agnieszka Gęgotek; Elźbieta Skrzydlewska,Journal of Pharmaceutical and Biomedical Analysis,https://doi.org/10.1016/j.jpba.2021.114359,https://openalex.org/W3198377001
2021,Untargeted Lipidomics Reveals the Potential Mechanism of Ferroptosis in HK-2 Cells Treated with Iohexol,"Fangfang Zhou, Lianxin Luo, Yixin Chen et al. (n=5)",Fangfang Zhou; Lianxin Luo; Yixin Chen; Yi Lu; Qun Luo,Journal of the American Society of Nephrology,https://doi.org/10.1681/asn.20213210s1164b,https://openalex.org/W4396993797
2021,"Sex-specific plasma lipid profiles of ME/CFS patients and their association with pain, fatigue, and cognitive symptoms","Aurore Nkiliza, Megan Parks, Adam Cseresznye et al. (n=12)",Aurore Nkiliza; Megan Parks; Adam Cseresznye; Sarah Oberlin; James E. Evans; Teresa Darcey; Kristina Aenlle; Daniel Niedospial; Michael Mullan; Fiona Crawford; Nancy G. Klimas; Laila Abdullah,Journal of Translational Medicine,https://doi.org/10.1186/s12967-021-03035-6,https://openalex.org/W3197447391
2021,Identification of lipidomic profiles associated with drug-resistant prostate cancer cells,"Lishann Ingram, Morgan C. Finnerty, Maryam Mansoura et al. (n=5)",Lishann Ingram; Morgan C. Finnerty; Maryam Mansoura; Chau-Wen Chou; Brian S. Cummings,Lipids in Health and Disease,https://doi.org/10.1186/s12944-021-01437-5,https://openalex.org/W3130107892
2021,Investigation on lipid profile of peanut oil and changes during roasting by lipidomic approach,"Dong Zhang, Xu Guo, Qian Wang et al. (n=8)",Dong Zhang; Xu Guo; Qian Wang; Luyao Zhao; Qincai Sun; Xiaoliang Duan; Yanping Cao; Hui Sun,LWT,https://doi.org/10.1016/j.lwt.2021.112594,https://openalex.org/W3206324839
2021,"Metabolomic approaches to analyze the seasonal variations of amino acid, 5′-Nucleotide, and lipid profile of clam (Ruditapes philippinarum)","Zheng Zhou, Yuying Zhang, Jing-Xuan Gao et al. (n=8)",Zheng Zhou; Yuying Zhang; Jing-Xuan Gao; Li-Xin Ma; Xu-Hui Huang; Jie Zheng; Xiuping Dong; Lei Qin,LWT,https://doi.org/10.1016/j.lwt.2021.111709,https://openalex.org/W3161518918
2021,Short-term changes in the serum metabolome after laparoscopic sleeve gastrectomy and Roux-en-Y gastric bypass,"Gakyung Lee, Young Suk Park, Chamlee Cho et al. (n=17)",Gakyung Lee; Young Suk Park; Chamlee Cho; Hyunbeom Lee; Jin-Young Park; Do Joong Park; Joo Ho Lee; Hyuk‐Joon Lee; Tae Kyung Ha; Yong Jin Kim; Seung-Wan Ryu; Sang-Moon Han; Moon‐Won Yoo; Sung Soo Park; Sang‐Uk Han; Yoonseok Heo; Byung Hwa Jung,Metabolomics,https://doi.org/10.1007/s11306-021-01826-y,https://openalex.org/W3192573830
2021,Prenatal exposure to poly-/per-fluoroalkyl substances is associated with alteration of lipid profiles in cord-blood,"Lisanna Sinisalu, Leo W. Y. Yeung, Jing‐Hua Wang et al. (n=6)",Lisanna Sinisalu; Leo W. Y. Yeung; Jing‐Hua Wang; Yitao Pan; Jiayin Dai; Tuulia Hyötyläinen,Metabolomics,https://doi.org/10.1007/s11306-021-01853-9,https://openalex.org/W3217045809
2021,Global Lipidomics Profiling by a High Resolution LC-MS Platform,"Thomas Züllig, Martin Trötzmüller, Harald Köfeler",Thomas Züllig; Martin Trötzmüller; Harald Köfeler,Methods in molecular biology,https://doi.org/10.1007/978-1-0716-1410-5_3,https://openalex.org/W3157359290
2021,Qualitative Characterization of the Rat Liver Mitochondrial Lipidome Using All Ion Fragmentation on an Exactive Benchtop Orbitrap MS,"Irina G. Stavrovskaya, Rose M. Gathungu, Susan S. Bird et al. (n=4)",Irina G. Stavrovskaya; Rose M. Gathungu; Susan S. Bird; Bruce S. Kristal,Methods in molecular biology,https://doi.org/10.1007/978-1-0716-1262-0_24,https://openalex.org/W3166308322
2021,Lipid profile migration during the tilapia muscle steaming process revealed by a transactional analysis between MS data and lipidomics data,"Rui Sun, Tingting Wu, Hao Guo et al. (n=8)",Rui Sun; Tingting Wu; Hao Guo; Jiamin Xu; Jiahui Chen; Ningping Tao; Xichang Wang; Jian Zhong,npj Science of Food,https://doi.org/10.1038/s41538-021-00115-1,https://openalex.org/W3214531216
2021,"Associated Lipidomics, Metabolomics and Gut Microbiota Changes in CDAA-induced NAFLD Mice After Polyene Phosphatidylcholine Treatment","Jiayuan Zhang, Xiaoling Zang, Jinxiao Lv et al. (n=6)",Jiayuan Zhang; Xiaoling Zang; Jinxiao Lv; Yicong Zhang; Zhihua Lv; Mingming Yu,Research Square,https://doi.org/10.21203/rs.3.rs-974725/v1,https://openalex.org/W4235328875
2021,High-coverage Lipidomics Analysis Reveals Biomarkers for Diagnosis of Acute Exacerbation of Chronic Obstructive Pulmonary Disease With Two Traditional Chinese Medicine Syndromes,"Xinguang Liu, Hailong Zhang, Yimei Si et al. (n=6)",Xinguang Liu; Hailong Zhang; Yimei Si; Yan Du; Jinyan Wu; Jiansheng Li,Research Square,https://doi.org/10.21203/rs.3.rs-1057383/v1,https://openalex.org/W3217793525
2021,High resolution mass spectrometric analysis reveals that <i>Giardia</i> cysts are metabolically active and generates membrane lipids with long chain fatty acyl moieties,"Cameron C. Ellis, Brian Grajeda, Breanna Pence et al. (n=6)",Cameron C. Ellis; Brian Grajeda; Breanna Pence; Vanessa Enríquez; Igor C. Almeida; Siddhartha Das,The FASEB Journal,https://doi.org/10.1096/fasebj.2021.35.s1.04608,https://openalex.org/W3167129797
2021,Lipin Expression Correlates to Differences in Phospholipid Profiles in Prostate Cancer Progression,"Morgan C. Finnerty, Lishann Ingram, Brian S. Cummings",Morgan C. Finnerty; Lishann Ingram; Brian S. Cummings,The FASEB Journal,https://doi.org/10.1096/fasebj.2021.35.s1.02291,https://openalex.org/W3167972432
2021,Development and Application of a High-Resolution Flow Injection Analysis Fourier Transform Mass Spectrometry (FIA-FTMS) Method to Identify and Quantify Lipids in Human Fecal Samples,Verena M. Ertl,Verena M. Ertl,University of Regensburg Publication Server (University of Regensburg),https://doi.org/10.5283/epub.45275,https://openalex.org/W3145665436
2022,LC-Orbitrap-HRMS method for analysis of traces of triacylglycerols featuring furan fatty acids,"Nina Wiedmaier‐Czerny, Walter Vetter",Nina Wiedmaier‐Czerny; Walter Vetter,Analytical and Bioanalytical Chemistry,https://doi.org/10.1007/s00216-022-04480-y,https://openalex.org/W4312019124
2022,Maximizing MS/MS Acquisition for Lipidomics Using Capillary Separation and Orbitrap Tribrid Mass Spectrometer,"Yuchen He, Dain R. Brademan, Paul D. Hutchins et al. (n=5)",Yuchen He; Dain R. Brademan; Paul D. Hutchins; Katherine A. Overmyer; Joshua J. Coon,Analytical Chemistry,https://doi.org/10.1021/acs.analchem.1c05552,https://openalex.org/W4210849448
2022,Temporal lipid profiling in the progression from acute to chronic heart failure in mice and ischemic human hearts,"Siddabasave Gowda B. Gowda, Divyavani Gowda, Fengjue Hou et al. (n=8)",Siddabasave Gowda B. Gowda; Divyavani Gowda; Fengjue Hou; Hitoshi Chiba; Vibhu Parcha; Pankaj Arora; Ganesh V. Halade; Shu‐Ping Hui,Atherosclerosis,https://doi.org/10.1016/j.atherosclerosis.2022.11.005,https://openalex.org/W4308903315
2022,,"Raviswamy G H Math, Harish Holla, Doddabasappa Talimarada et al. (n=100)",Raviswamy G H Math; Harish Holla; Doddabasappa Talimarada; Vikas Kumar; Veena Prasad; Suwanand Deshmukh; Savithri Bhat; Dhananjay Shinde; Vi- Kas Kumar; Su- Wanand Deshmukh; S Roodenrys; D Booth; S Bulzomi; A Phipps; C Micallef; C Sivaramakrishna; C Rao; G Trimurtulu; M Vanisree; G Subbaraju; C Kongkeaw; P Dilokthornsakul; P Thanarangsarit; N Limpeanchob; Norman Scholfield; C; B Manyam; J Mehla; P Gupta; M Pahuja; D Diwan; D Diksha; S Akhondzadeh; M Noroozian; M Mohammadi; S Ohadinia; A Jamshidi; N Perry; C Bollen; E Perry; C Ballard; S Aguiar; T Borowski; C Neale; D Camfield; J Reay; C Stough; A Scholey; F Eze; K Ingkaninan; P Prapunpoj; B Singh; S Pandey; M Rumman; A Mahdi; T Best; C Clarke; N Nuzum; W Teo; L Holcomb; M Dhanasekaran; A Hitt; K Young; M Riggs; N Limpeanchob; S Jaipan; S Rattanakaruna; W Phrompittayarat; K Ingkaninan; A Chakravarty; T Sarkar; K Masuda; K Shiojima; T Nakane; W Pardridge; H Palethorpe; E Smith; Y Tomita; M Nakhjavani; A Yool; P Bhandari; N Kumar; B Singh; V Kaul; A Chakravarty; T Sarkar; T Nakane; N Kawahara; K Masuda; Qms Jamal; M Siddiqui; A Alharbi; F Albejaidi; S Akhtar; G Jeena; S Fatima; P Tripathi; S Upadhyay; Shukla R K; E Defossez,Biomedical Journal of Scientific & Technical Research,https://doi.org/10.26717/bjstr.46.4,https://openalex.org/W4306691471
2022,1349-P: Bariatric Surgery Causes an Early Improvement in the Lipidomic Profile and a Decrease in Plasma Ceramides and Diacylglycerols in Patients with Type 2 Diabetes and NAFLD,"Srilaxmi Kalavalapalli, DIANA BARB, RACHEL E. DILLARD et al. (n=11)",Srilaxmi Kalavalapalli; DIANA BARB; RACHEL E. DILLARD; EDDISON GODINEZ; Jeffrey D. Friedman; Nada Fanous; CURTIS O. WARREN; FERNANDO BRIL; ROMINA LOMONACO; ALI ZARRINPAR; KENNETH CUSI,Diabetes,https://doi.org/10.2337/db22-1349-p,https://openalex.org/W4281776789
2022,"Lipidomics and metabolomics datasets for ""Adverse effects of arsenic uptake in rice metabolome and lipidome revealed by untargeted liquid chromatography coupled to mass spectrometry (LC-MS) and regions of interest multivariate curve resolution""","Joaquim Jaumot, Miriam Pérez-Cova, Romá Tauler",Joaquim Jaumot; Miriam Pérez-Cova; Romá Tauler,DIGITAL.CSIC (Spanish National Research Council (CSIC)),https://doi.org/10.5281/zenodo.6222067,https://openalex.org/W4393615280
2022,Lipidomic analysis of mussel hemocytes exposed to polystyrene nanoplastics,"Nathalie Leroux, Mahboubeh Hosseinzadeh, Alberto Katsumiti et al. (n=5)",Nathalie Leroux; Mahboubeh Hosseinzadeh; Alberto Katsumiti; Cinta Porte; Miren P. Cajaraville,Environmental Research,https://doi.org/10.1016/j.envres.2022.113763,https://openalex.org/W4283798557
2022,Comparative study of the lipid profile of tears and plasma enriched in growth factors,"Arantxa Acera, Beatriz Abad‐García, Xandra Pereiro et al. (n=7)",Arantxa Acera; Beatriz Abad‐García; Xandra Pereiro; Francisco D. Rodríguez; Noelia Ruzafa; Juan A. Durán; Elena Vecino,Experimental Eye Research,https://doi.org/10.1016/j.exer.2022.109061,https://openalex.org/W4223468803
2022,Supplementary material for efficient lipid profile characterization of mozzarella cheese,"Rosalia Zianni, Annalisa Mentana, Maria Campaniello et al. (n=7)",Rosalia Zianni; Annalisa Mentana; Maria Campaniello; Michele Tomaiuolo; Andrea Chiappinelli; Marco Iammarino; Valeria Nardelli,Figshare,https://doi.org/10.6084/m9.figshare.20455626,https://openalex.org/W4394355970
2022,A compound directed against S6K1 hampers fat mass expansion and mitigates diet-induced hepatosteatosis,"Aina Lluch, Sónia R. Veiga, Jèssica Latorre et al. (n=15)",Aina Lluch; Sónia R. Veiga; Jèssica Latorre; José María Moreno‐Navarrete; Núria Bonifaci; Van Dien Nguyen; You Zhou; Marcus Höring; Gerhard Liebisch; Vesa M. Olkkonen; David Llobet; George Thomas; Ruth Rodríguez‐Barrueco; José Manuel Fernández‐Real; Francisco Ortega,Figshare,https://doi.org/10.6084/m9.figshare.18393854,https://openalex.org/W4394209267
2022,Optimized Identification of Triacylglycerols in Milk by HPLC-HRMS,"Sebastian Imperiale, Ksenia Morozova, Giovanna Ferrentino et al. (n=4)",Sebastian Imperiale; Ksenia Morozova; Giovanna Ferrentino; Matteo Scampicchio,Food Analytical Methods,https://doi.org/10.1007/s12161-022-02270-x,https://openalex.org/W4220726051
2022,UHPLC-Q-Exactive Orbitrap MS/MS-based untargeted lipidomics reveals molecular mechanisms and metabolic pathways of lipid changes during golden pomfret (Trachinotus ovatus) fermentation,"Huifang Wang, Yanyan Wu, Huan Xiang et al. (n=8)",Huifang Wang; Yanyan Wu; Huan Xiang; Dongxiao Sun‐Waterhouse; Yongqiang Zhao; Shengjun Chen; Laihao Li; Yueqi Wang,Food Chemistry,https://doi.org/10.1016/j.foodchem.2022.133676,https://openalex.org/W4285096983
2022,UHPLC-Q-Exactive Orbitrap mass spectrometry reveals the lipidomics of bovine milk and yogurt,"Wenhao Gao, Qianlong Yin, Xiaodi Wang et al. (n=7)",Wenhao Gao; Qianlong Yin; Xiaodi Wang; Xiangyu Teng; Ritian Jin; Ning Liu; Haowei Ren,Food Chemistry,https://doi.org/10.1016/j.foodchem.2022.133267,https://openalex.org/W4280503723
2022,Investigation of oyster Crassostrea gigas lipid profile from three sea areas of China based on non-targeted lipidomics for their geographic region traceability,"Zhiqing Liu, Zhiqing Liu, Mantong Zhao et al. (n=9)",Zhiqing Liu; Zhiqing Liu; Mantong Zhao; Xinwen Wang; Chuan Li; Zhongyuan Liu; Zhongyuan Liu; Xuanri Shen; Dayong Zhou,Food Chemistry,https://doi.org/10.1016/j.foodchem.2022.132748,https://openalex.org/W4220719924
2022,Detection and characterization of lipids in eleven species of fish by non-targeted liquid chromatography/mass spectrometry,"Siddabasave Gowda B. Gowda, Yusuke Minami, Divyavani Gowda et al. (n=5)",Siddabasave Gowda B. Gowda; Yusuke Minami; Divyavani Gowda; Hitoshi Chiba; Shu‐Ping Hui,Food Chemistry,https://doi.org/10.1016/j.foodchem.2022.133402,https://openalex.org/W4281647992
2022,Optimizing accelerated solvent extraction combined with liquid chromatography-Orbitrap mass spectrometry for efficient lipid profile characterization of mozzarella cheese,"Annalisa Mentana, Rosalia Zianni, Maria Campaniello et al. (n=7)",Annalisa Mentana; Rosalia Zianni; Maria Campaniello; Michele Tomaiuolo; Andrea Chiappinelli; Marco Iammarino; Valeria Nardelli,Food Chemistry,https://doi.org/10.1016/j.foodchem.2022.133542,https://openalex.org/W4283209027
2022,Novel top-down high-resolution mass spectrometry-based metabolomics and lipidomics reveal molecular change mechanism in A2 milk after CSN2 gene mutation,"Wei Jia, An Du, Zibian Fan et al. (n=4)",Wei Jia; An Du; Zibian Fan; Lin Shi,Food Chemistry,https://doi.org/10.1016/j.foodchem.2022.133270,https://openalex.org/W4281254121
2022,The dynamic changes of flavors and UPLC-Q-Exactive-Orbitrap-MS based lipidomics in mackerel (Scomberomorus niphonius) during dry-cured processing,"Qiaoyu Liu, Jianjun Lin, Wenhong Zhao et al. (n=6)",Qiaoyu Liu; Jianjun Lin; Wenhong Zhao; Menglin Lei; Juan Yang; Weidong Bai,Food Research International,https://doi.org/10.1016/j.foodres.2022.112273,https://openalex.org/W4310857046
2022,Differentiation of three commercial tuna species through Q-Exactive Orbitrap mass spectrometry based lipidomics and chemometrics,"Lingping Hu, Hongwei Zhang, Zhiheng Hu et al. (n=9)",Lingping Hu; Hongwei Zhang; Zhiheng Hu; Yaoxian Chin; Gaoshang Li; Jiayin Huang; Xiaomei Zhang; Bingxue Jiang; Yaqin Hu,Food Research International,https://doi.org/10.1016/j.foodres.2022.111509,https://openalex.org/W4282829010
2022,Alismatis Rhizoma methanolic extract—Effects on metabolic syndrome and mechanisms of triterpenoids using a metabolomic and lipidomic approach,"Jia Li, Min Zhang, Pengli Wang et al. (n=10)",Jia Li; Min Zhang; Pengli Wang; Liming Wang; Lei Peng; Ruijiao Du; Lifeng Han; Peng Zhang; Yuefei Wang; Miaomiao Jiang,Frontiers in Pharmacology,https://doi.org/10.3389/fphar.2022.983428,https://openalex.org/W4295183063
2022,High-coverage lipidomics analysis reveals biomarkers for diagnosis of acute exacerbation of chronic obstructive pulmonary disease,"Xinguang Liu, Hailong Zhang, Yimei Si et al. (n=6)",Xinguang Liu; Hailong Zhang; Yimei Si; Yan Du; Jinyan Wu; Jiansheng Li,Journal of Chromatography B,https://doi.org/10.1016/j.jchromb.2022.123278,https://openalex.org/W4229002308
2022,Effects of cold treatments on lipidomics profiles of large yellow croaker (Larimichthys crocea) fillets by UPLC-Q-Exactive Orbitrap MS analysis,"Yongshi Chen, Qian Ning, Shengnan Wang et al. (n=8)",Yongshi Chen; Qian Ning; Shengnan Wang; Yu Chen; Xinyuan Mo; Peng Liang; Jie Pang; Xiuping Dong,Journal of Food Composition and Analysis,https://doi.org/10.1016/j.jfca.2022.104481,https://openalex.org/W4213453928
2022,UHPLC-Q-Exactive Orbitrap MS/MS based untargeted lipidomics reveals fatty acids and lipids profiles in different parts of capelin (Mallotus villosus),"Mingyu Yin, Min Chen, Ryosuke Matsuoka et al. (n=7)",Mingyu Yin; Min Chen; Ryosuke Matsuoka; Xinyi Song; Yinci Xi; Long Zhang; Xichang Wang,Journal of Food Composition and Analysis,https://doi.org/10.1016/j.jfca.2022.105096,https://openalex.org/W4312056116
2022,"Corrigendum to “Comparative lipidomics profiling of donkey milk with cow and human milk by UHPLC-Q-Exactive Orbitrap Mass Spectrometry” [J. Food Compos. Anal., 101 (2021) 103988]","Xinhao Zhang, Haijing Li, Yang Li et al. (n=7)",Xinhao Zhang; Haijing Li; Yang Li; Guimiao Jiang; Chuanliang Ji; Qin Zhang; Fuwei Zhao,Journal of Food Composition and Analysis,https://doi.org/10.1016/j.jfca.2021.104242,https://openalex.org/W4206830509
2022,<scp>UHPLC‐Q‐Orbitrap</scp>‐based untargeted lipidomics reveals the variation of yolk lipids during egg storage,"Yaqi Meng, Ning Qiu, Vincent Guyonnet et al. (n=6)",Yaqi Meng; Ning Qiu; Vincent Guyonnet; Russell Keast; Chunxia Zhu; Yoshinori Mine,Journal of the Science of Food and Agriculture,https://doi.org/10.1002/jsfa.11916,https://openalex.org/W4223562625
2022,Comprehensive evaluation of lipidomics profiles in golden threadfin bream (Nemipterus virgatus) and its by-products using UHPLC-Q-exactive Orbitrap-MS,"Jingtao Cui, Jun Cao, Shunjiang Zeng et al. (n=6)",Jingtao Cui; Jun Cao; Shunjiang Zeng; Jiachen Ge; Pengyan Li; Chuan Li,LWT,https://doi.org/10.1016/j.lwt.2022.113690,https://openalex.org/W4283330855
2022,Stimulating the Hematopoietic Effect of Simulated Digestive Product of Fucoidan from Sargassum fusiforme on Cyclophosphamide-Induced Hematopoietic Damage in Mice and Its Protective Mechanisms Based on Serum Lipidomics,"Wei-Ping Ma, Shi-Ning Yin, Jiapeng Chen et al. (n=10)",Wei-Ping Ma; Shi-Ning Yin; Jiapeng Chen; Xicheng Geng; Ming-Fei Liu; Ming-Fei Liu; Haihua Li; Ming Liu; Ming Liu; Hongbing Liu,Marine Drugs,https://doi.org/10.3390/md20030201,https://openalex.org/W4220859760
2022,MALDI Mass Spectrometry Imaging Highlights Specific Metabolome and Lipidome Profiles in Salivary Gland Tumor Tissues,"Eduardo Sommella, Emanuela Salviati, Vicky Caponigro et al. (n=12)",Eduardo Sommella; Emanuela Salviati; Vicky Caponigro; Manuela Grimaldi; Simona Musella; Alessia Bertamino; Luigi Cacace; Remo Palladino; Giuseppe Di Mauro; Federico Marini; Anna Maria D’Ursi; Pietro Campiglia,Metabolites,https://doi.org/10.3390/metabo12060530,https://openalex.org/W4282582542
2022,Cyclophosphamide Induces Lipid and Metabolite Perturbation in Amniotic Fluid during Rat Embryonic Development,"Jianya Xu, Huafeng Fang, Chong Ying et al. (n=9)",Jianya Xu; Huafeng Fang; Chong Ying; Lili Lin; Tong Xie; Jianjian Ji; Cunsi Shen; Chen Shi; Jinjun Shan,Metabolites,https://doi.org/10.3390/metabo12111105,https://openalex.org/W4309005570
2022,Prioritize biologically relevant ions for data-independent acquisition (BRI-DIA) in LC–MS/MS-based lipidomics analysis,"Likun Duan, Grace Scheidemantle, Mareca Lodge et al. (n=8)",Likun Duan; Grace Scheidemantle; Mareca Lodge; Magdalina J Cummings; Eva Pham; Xiaoqiu Wang; Arion Kennedy; Xiaojing Liu,Metabolomics,https://doi.org/10.1007/s11306-022-01913-8,https://openalex.org/W4285677483
2022,Comprehensive plasma metabolomics and lipidomics of benign and malignant solitary pulmonary nodules,"Wei Zhou, Lili Lin, Lian-yong Jiang et al. (n=13)",Wei Zhou; Lili Lin; Lian-yong Jiang; Jinlong Wu; Wei-chen Xu; Yang Zhou; Ma-jie Wang; Xiangming Cao; Hui-qing Lin; Jian Yang; Lichun Deng; Zhihao Zhang; Jinjun Shan,Metabolomics,https://doi.org/10.1007/s11306-022-01929-0,https://openalex.org/W4293759479
2022,Lipid Profiles of the Heads of Four Shrimp Species by UPLC–Q–Exactive Orbitrap/MS and Their Cardiovascular Activities,"Yongqiang Zhu, Peihai Li, Ronghua Meng et al. (n=11)",Yongqiang Zhu; Peihai Li; Ronghua Meng; Xiaobin Li; Yuezi Qiu; Lizhen Wang; Shanshan Zhang; Xuanming Zhang; Hou‐Wen Lin; Hongbin Zhai; Kechun Liu,Molecules,https://doi.org/10.3390/molecules27020350,https://openalex.org/W4205504012
2022,Comprehensive lipidomic analysis reveals regulation of glyceride metabolism in rat visceral adipose tissue by high-altitude chronic hypoxia,"Hong Liang, Jun Yan, Kang Song",Hong Liang; Jun Yan; Kang Song,PLoS ONE,https://doi.org/10.1371/journal.pone.0267513,https://openalex.org/W4229056276
2022,Understanding the nitrolipidome: From chemistry to mass spectrometry and biological significance of modified complex lipids,"Bruna Neves, Dolores Pérez‐Sala, Helena Beatriz Ferreira et al. (n=8)",Bruna Neves; Dolores Pérez‐Sala; Helena Beatriz Ferreira; Inês M. S. Guerra; Ana S. P. Moreira; Pedro Domíngues; M. Rosário Domingues; Tânia Melo,Progress in Lipid Research,https://doi.org/10.1016/j.plipres.2022.101176,https://openalex.org/W4281858668
2022,Matrix‐assisted laser desorption/ionization‐Fourier‐transform ion cyclotron resonance‐mass spectrometry analysis of exosomal lipids from human serum,"Iqbal Jalaludin, Huu‐Quang Nguyen, Kyoung‐Soon Jang et al. (n=6)",Iqbal Jalaludin; Huu‐Quang Nguyen; Kyoung‐Soon Jang; Jaebeom Lee; David M. Lubman; Jeongkwon Kim,Rapid Communications in Mass Spectrometry,https://doi.org/10.1002/rcm.9427,https://openalex.org/W4307967060
2022,Prioritize biologically relevant ions for data-independent acquisition (BRI- DIA) in LC-MS/MS-based lipidomics analysis,"Likun Duan, Grace Scheidemantle, Mareca Lodge et al. (n=8)",Likun Duan; Grace Scheidemantle; Mareca Lodge; Magdalina J Cummings; Eva Pham; Xiaoqiu Wang; Arion Kennedy; Xiaojing Liu,Research Square,https://doi.org/10.21203/rs.3.rs-1585328/v1,https://openalex.org/W4224797203
2022,Uncovering the Treatment of Metabolic Syndrome Effects and Mechanisms of Triterpenoids in &lt;i&gt;Alismatis Rhizoma&lt;/i&gt; Based on Metabolomics and Lipidomics,"Jia Li, Min Zhang, Pengli Wang et al. (n=10)",Jia Li; Min Zhang; Pengli Wang; Liming Wang; Lei Peng; Ruijiao Du; Lifeng Han; Peng Zhang; Yuefei Wang; Miaomiao Jiang,SSRN Electronic Journal,https://doi.org/10.2139/ssrn.4055990,https://openalex.org/W4225472813
2022,Lipin Expression Correlates to Differences in Phospholipid Profiles in Drug‐Resistant Prostate Cancer Cells,"Morgan C. Finnerty, Brian S. Cummings",Morgan C. Finnerty; Brian S. Cummings,The FASEB Journal,https://doi.org/10.1096/fasebj.2022.36.s1.r3533,https://openalex.org/W4225405023
2022,"Lipidomics and metabolomics datasets for ""Adverse effects of arsenic uptake in rice metabolome and lipidome revealed by untargeted liquid chromatography coupled to mass spectrometry (LC-MS) and regions of interest multivariate curve resolution""","Joaquim Jaumot, Miriam Pérez-Cova, Romá Tauler",Joaquim Jaumot; Miriam Pérez-Cova; Romá Tauler,Zenodo (CERN European Organization for Nuclear Research),https://doi.org/10.5281/zenodo.6222066,https://openalex.org/W4393615688
2022,Escape from NK cell tumor surveillance by NGFR-induced lipid remodeling in melanoma,"Julian Hengsteler, Nicole Caduff, Ewelina Krzywińska et al. (n=12)",Julian Hengsteler; Nicole Caduff; Ewelina Krzywińska; Salome Stierli; Adrián Salas-Bastos; Benjamin Loos; Mitchell P. Levesque; Reinhard Dummer; Christian Stockmann; Christian Münz; Johanna Diener; Lukas Sommer,Zenodo (CERN European Organization for Nuclear Research),https://doi.org/10.5281/zenodo.7306810,https://openalex.org/W4393440132
2022,Escape from NK cell tumor surveillance by NGFR-induced lipid remodeling in melanoma,"Julian Hengsteler, Nicole Caduff, Ewelina Krzywińska et al. (n=12)",Julian Hengsteler; Nicole Caduff; Ewelina Krzywińska; Salome Stierli; Adrián Salas-Bastos; Benjamin Loos; Mitchell P. Levesque; Reinhard Dummer; Christian Stockmann; Christian Münz; Johanna Diener; Lukas Sommer,Zenodo (CERN European Organization for Nuclear Research),https://doi.org/10.5281/zenodo.7306811,https://openalex.org/W4393877720
2022,Chromatography High-Resolution Mass Spectrometry in Food and Environmental Chemistry,Yong-Lai Feng,Yong-Lai Feng,The handbook of environmental chemistry,https://doi.org/10.1007/698_2022_892,https://openalex.org/W4312863930
2023,Soil Lipidomics: A LC-MS/MS based workflow with advanced data processing for biomarker discovery in soil communities,"Rahul Samrat, Rahul Samrat, Wolfgang Wanek",Rahul Samrat; Rahul Samrat; Wolfgang Wanek,,https://doi.org/10.5194/egusphere-egu23-6106,https://openalex.org/W4321480813
2023,Data from Lipidomic Profiles of Plasma Exosomes Identify Candidate Biomarkers for Early Detection of Hepatocellular Carcinoma in Patients with Cirrhosis,"Jessica I. Sanchez, Jingjing Jiao, Suet‐Ying Kwan et al. (n=12)",Jessica I. Sanchez; Jingjing Jiao; Suet‐Ying Kwan; Lucas Veillon; Marc O. Warmoes; Lin Tan; Mobolaji Odewole; Nicole E. Rich; Peng Wei; Philip L. Lorenzi; Amit G. Singal; Laura Beretta,,https://doi.org/10.1158/1940-6207.c.6547316.v1,https://openalex.org/W4362545252
2023,Data from Lipidomic Profiles of Plasma Exosomes Identify Candidate Biomarkers for Early Detection of Hepatocellular Carcinoma in Patients with Cirrhosis,"Jessica I. Sanchez, Jingjing Jiao, Suet‐Ying Kwan et al. (n=12)",Jessica I. Sanchez; Jingjing Jiao; Suet‐Ying Kwan; Lucas Veillon; Marc O. Warmoes; Lin Tan; Mobolaji Odewole; Nicole E. Rich; Peng Wei; Philip L. Lorenzi; Amit G. Singal; Laura Beretta,,https://doi.org/10.1158/1940-6207.c.6547316,https://openalex.org/W4392690534
2023,Ultrahigh-Mass Resolution Mass Spectrometry Imaging with an Orbitrap Externally Coupled to a High-Performance Data Acquisition System,"Andrej Grgic, Konstantin O. Nagornov, Anton N. Kozhinov et al. (n=8)",Andrej Grgic; Konstantin O. Nagornov; Anton N. Kozhinov; Jesse A. Michael; Ian G. M. Anthony; Yury O. Tsybin; Ron M. A. Heeren; Shane R. Ellis,Analytical Chemistry,https://doi.org/10.1021/acs.analchem.3c04146,https://openalex.org/W4390047948
2023,Experimental Assessment of Mammalian Lipidome Complexity Using Multimodal 21 T FTICR Mass Spectrometry Imaging,"Gregory W. Vandergrift, Kevin Zemaitis, Dušan Veličković et al. (n=7)",Gregory W. Vandergrift; Kevin Zemaitis; Dušan Veličković; Jessica Lukowski; Ljiljana Paša‐Tolić; Christopher Anderton; William Kew,Analytical Chemistry,https://doi.org/10.1021/acs.analchem.3c00518,https://openalex.org/W4383711423
2023,A Dual-Gated Structures for Lossless Ion Manipulations-Ion Mobility Orbitrap Mass Spectrometry Platform for Combined Ultra-High-Resolution Molecular Analysis,"Adam Hollerbach, Yehia Ibrahim, Vanessa Meras et al. (n=9)",Adam Hollerbach; Yehia Ibrahim; Vanessa Meras; Randolph V. Norheim; Adam P. Huntley; Gordon Anderson; Thomas Metz; Robert G. Ewing; Richard Smith,Analytical Chemistry,https://doi.org/10.1021/acs.analchem.3c00881,https://openalex.org/W4380302889
2023,Integrative metabolomics of plasma and PBMCs identifies distinctive metabolic signatures in Behçet’s disease,"Soo Jin Park, Mi Jin Park, Sun Park et al. (n=5)",Soo Jin Park; Mi Jin Park; Sun Park; Eun‐So Lee; Do Yup Lee,Arthritis Research & Therapy,https://doi.org/10.1186/s13075-022-02986-5,https://openalex.org/W4313642963
2023,Integration of lipidomics and metabolomics reveals plasma and urinary profiles associated with pediatric <scp><i>Mycoplasma pneumoniae</i></scp> infections and its severity,"Hui Chen, Jiabin Chen, Lina Du et al. (n=8)",Hui Chen; Jiabin Chen; Lina Du; Haixia Yuan; Jinjun Shan; Shouchuan Wang; Jin Ye; Lili Lin,Biomedical Chromatography,https://doi.org/10.1002/bmc.5817,https://openalex.org/W4390107772
2023,Smart utilization of betaine lipids in giant clam <i>Tridacna crocea</i>,"Ryuichi Sakai, Naoko Goto‐Inoue, Hiroshi Yamashita et al. (n=6)",Ryuichi Sakai; Naoko Goto‐Inoue; Hiroshi Yamashita; Naoya Aimoto; Yuto Kitai; Tadashi Maruyama,bioRxiv (Cold Spring Harbor Laboratory),https://doi.org/10.1101/2023.01.16.524159,https://openalex.org/W4317369990
2023,Omics Scale Quantitative Mass Spectrometry Imaging of Lipids in Brain Tissue using a Multi-Class Internal Standard Mixture,"Michiel Vandenbosch, Shadrack M. Mutuku, Maria José Q. Mantas et al. (n=11)",Michiel Vandenbosch; Shadrack M. Mutuku; Maria José Q. Mantas; Nathan Heath Patterson; Tucker Hallmark; Marc Claesen; Ron M. A. Heeren; Nathan G. Hatcher; Nico Verbeeck; Kim Ekroos; Shane R. Ellis,bioRxiv (Cold Spring Harbor Laboratory),https://doi.org/10.1101/2023.06.21.546027,https://openalex.org/W4381890131
2023,Chemical Profiling of <i>Nitraria roborowskii</i> Kom. by UPLC‐Q‐Orbitrap‐MS and Their Hypolipidemic Effects <i>in Vivo</i>,"Qiang‐Qiang Jia, Zufan Yang, Qian Wang et al. (n=8)",Qiang‐Qiang Jia; Zufan Yang; Qian Wang; Qing Zhao; Yujiao Jia; Banghao H. Guo; Xiangyang Li; Wen Wang,Chemistry & Biodiversity,https://doi.org/10.1002/cbdv.202300683,https://openalex.org/W4387392337
2023,A Dual UHPLC-HRMS-Based Fecal Metabolomics and Lipidomics Analysis and Automated Data Processing Pipeline for Comprehen-sive Gut Phenotyping,"Pablo Vangeenderhuysen, Jasmien Van Arnhem, Beata Pomian et al. (n=11)",Pablo Vangeenderhuysen; Jasmien Van Arnhem; Beata Pomian; Marilyn De Graeve; Lindsey De Commer; Gwen Falony; Jeroen Raes; Alexandra Zhernakova; Jingyuan Fu; Lieselot Hemeryck; Lynn Vanhaecke,ChemRxiv,https://doi.org/10.26434/chemrxiv-2023-5f252,https://openalex.org/W4316669754
2023,A Dual UHPLC-HRMS-Based Fecal Metabolomics and Lipidomics Analysis and Automated Data Processing Pipeline for Comprehensive Gut Phenotyping,"Pablo Vangeenderhuysen, Jasmien Van Arnhem, Beata Pomian et al. (n=11)",Pablo Vangeenderhuysen; Jasmien Van Arnhem; Beata Pomian; Marilyn De Graeve; Lindsey De Commer; Gwen Falony; Jeroen Raes; Alexandra Zhernakova; Jingyuan Fu; Lieselot Hemeryck; Lynn Vanhaecke,ChemRxiv,https://doi.org/10.26434/chemrxiv-2023-5f252-v2,https://openalex.org/W4317397276
2023,Mass spectrometry dataset of LC-MS lipidomics analysis of Xenopus laevis optic nerve,"Emily Neag, Isabella Moceri, Faith Christine Harvey et al. (n=6)",Emily Neag; Isabella Moceri; Faith Christine Harvey; Ava J. Udvadia; Sanjoy K. Bhattacharya; Fiona L. Watson,Data in Brief,https://doi.org/10.1016/j.dib.2023.109313,https://openalex.org/W4380853098
2023,Untargeted Lipidomics and Chemometric Tools for the Characterization and Discrimination of Irradiated Camembert Cheese Analyzed by UHPLC-Q-Orbitrap-MS,"Michele Tomaiuolo, Valeria Nardelli, Annalisa Mentana et al. (n=6)",Michele Tomaiuolo; Valeria Nardelli; Annalisa Mentana; Maria Campaniello; Rosalia Zianni; Marco Iammarino,Foods,https://doi.org/10.3390/foods12112198,https://openalex.org/W4378901938
2023,Evaluation of Lipidomics Profile of Quinoa Flour and Changes during Storage Based on Ultra Performance Liquid Chromatography Coupled with Quadrupole Exactive Orbitrap Mass Spectrometry,"Y. Ba, Rui Li, Jia‐Yi Zhang et al. (n=6)",Y. Ba; Rui Li; Jia‐Yi Zhang; Liang Zou; Ding‐Tao Wu; Yichen Hu,Foods,https://doi.org/10.3390/foods12244434,https://openalex.org/W4389538032
2023,UPLC-Q-Exactive Orbitrap-MS-Based Untargeted Lipidomic Analysis of Lipid Molecular Species in Spinal Cords from Different Domesticated Animals,"Na Li, Long Xu, Hongbo Li et al. (n=6)",Na Li; Long Xu; Hongbo Li; Zhenbin Liu; Haizhen Mo; Yue Wu,Foods,https://doi.org/10.3390/foods12193634,https://openalex.org/W4387258411
2023,Lipid Composition Analysis and Characterization of Acyl Sterol Glycosides in Adzuki and Soybean Cultivars by Non-Targeted LC-MS,"Rachana M. Gangadhara, Siddabasave Gowda B. Gowda, Divyavani Gowda et al. (n=5)",Rachana M. Gangadhara; Siddabasave Gowda B. Gowda; Divyavani Gowda; Ken‐ichi Inui; Shu‐Ping Hui,Foods,https://doi.org/10.3390/foods12142784,https://openalex.org/W4385212578
2023,Effects of Bee Pollen Derived from Acer mono Maxim. or Phellodendron amurense Rupr. on the Lipid Composition of Royal Jelly Secreted by Honeybees,"Enning Zhou, Qi Wang, Xiangxin Li et al. (n=7)",Enning Zhou; Qi Wang; Xiangxin Li; Dan Zhu; Qingsheng Niu; Qiangqiang Li; Liming Wu,Foods,https://doi.org/10.3390/foods12030625,https://openalex.org/W4319001080
2023,Total Lipid Extracts of Honeybee Drone Larvae Are Modulated by Extraction Temperature and Display Consistent Anti-Inflammatory Potential,"Yiming Luo, Yuyang Guo, Wen Zhao et al. (n=7)",Yiming Luo; Yuyang Guo; Wen Zhao; Shaden A. M. Khalifa; Hesham R. El‐Seedi; Xiaoling Su; Liming Wu,Foods,https://doi.org/10.3390/foods12224058,https://openalex.org/W4388498501
2023,Differentiation in TCM patterns of chronic obstructive pulmonary disease by comprehensive metabolomic and lipidomic characterization,"Jiansheng Li, Xinguang Liu, Yanmin Shi et al. (n=8)",Jiansheng Li; Xinguang Liu; Yanmin Shi; Yang Xie; Jianya Yang; Yan Du; Ang Zhang; Jinyan Wu,Frontiers in Immunology,https://doi.org/10.3389/fimmu.2023.1208480,https://openalex.org/W4383694938
2023,Untargeted lipidomics approach using LC-Orbitrap HRMS to discriminate lard from beef tallow and chicken fat for the authentification of halal,"Anjar Windarsih, Nor Kartini Abu Bakar, Abdul Rohman et al. (n=5)",Anjar Windarsih; Nor Kartini Abu Bakar; Abdul Rohman; Florentinus Dika Octa Riswanto; Yuny Erwanto,Grasas y Aceites,https://doi.org/10.3989/gya.0980221,https://openalex.org/W4387496241
2023,"UHPLC-Q-Orbitrap-Based Integrated Lipidomics and Proteomics Reveal Propane-1,2-diol Exposure Accelerating Degradation of Lipids <i>via</i> the Allosteric Effect and Reducing the Nutritional Value of Milk","Zibian Fan, Wei Jia, An Du",Zibian Fan; Wei Jia; An Du,Journal of Agricultural and Food Chemistry,https://doi.org/10.1021/acs.jafc.2c07059,https://openalex.org/W4313488899
2023,Untargeted lipidomics-based study reveals the treatment mechanism of Qingxue Bawei tablets on atherosclerotic in ApoE−/− mice,"Zhen Du, Xin Zhao, Luping Sun et al. (n=7)",Zhen Du; Xin Zhao; Luping Sun; Bingqing Chi; Zhen Ma; Zhenhua Tian; Yuecheng Liu,Journal of Chromatography B,https://doi.org/10.1016/j.jchromb.2023.123889,https://openalex.org/W4386800085
2023,Integrated metabolomic and lipidomic analysis revealed the protective mechanisms of Erzhi Wan on senescent NRK cells through BRL cells,"Guanxiong Shang, Xuan Niu, Qingheng Tong et al. (n=12)",Guanxiong Shang; Xuan Niu; Qingheng Tong; Yan Zhao; Jiu Yin; Xiaoqi Zhou; Jia Xu; Yudan Cao; Fang-Fang Cheng; Beihua Bao; Zhipeng Li; Weifeng Yao,Journal of Ethnopharmacology,https://doi.org/10.1016/j.jep.2023.117482,https://openalex.org/W4388948011
2023,Identification and discrimination of lilii bulbus origins based on lipidomics using UHPLC–QE-Orbitrap/MS/MS combined with chemometrics analysis,"Li Zhou, Yuting Guan, Jiaxu Yao et al. (n=7)",Li Zhou; Yuting Guan; Jiaxu Yao; Minjie Zhao; Haiyan Fu; Ji‐Kai Liu; Eric Marchioni,Journal of Food Composition and Analysis,https://doi.org/10.1016/j.jfca.2023.105512,https://openalex.org/W4383616622
2023,Lipidomic investigation of the protective effects of Polygonum perfoliatum against chemical liver injury in mice,"Lei Peng, Huaguo Chen, Xin Zhou",Lei Peng; Huaguo Chen; Xin Zhou,Journal of Integrative Medicine,https://doi.org/10.1016/j.joim.2023.03.002,https://openalex.org/W4323664263
2023,Lipin-1 Silencing Alters the Phospholipid Profiles of Castration-Resistant Prostate Cancer Cells,"Morgan C. Finnerty, Brian S. Cummings",Morgan C. Finnerty; Brian S. Cummings,Journal of Pharmacology and Experimental Therapeutics,https://doi.org/10.1124/jpet.122.231370,https://openalex.org/W4377029312
2023,Metformin Monotherapy Alters the Human Plasma Lipidome Independent of Clinical Markers of Glycemic Control and Cardiovascular Disease Risk in a Type 2 Diabetes Clinical Cohort,"Benjamin Wancewicz, Yanlong Zhu, Rachel J. Fenske et al. (n=15)",Benjamin Wancewicz; Yanlong Zhu; Rachel J. Fenske; Alicia Weeks; Kent Wenger; Samantha Pabich; Michael Daniels; Margaret Punt; Randall Nall; Darby C. Peter; Allan R. Brasier; Elizabeth Cox; Dawn Belt Davis; Ying Ge; Michelle E. Kimple,Journal of Pharmacology and Experimental Therapeutics,https://doi.org/10.1124/jpet.122.001493,https://openalex.org/W4324131438
2023,Untargeted Analysis of Lipids Containing Very Long Chain Fatty Acids in Retina and Retinal Tight Junctions,"Julia V. Busik, Hannah Decot, Anna B. Lin et al. (n=4)",Julia V. Busik; Hannah Decot; Anna B. Lin; Todd A. Lydic,Methods in molecular biology,https://doi.org/10.1007/978-1-0716-2966-6_23,https://openalex.org/W4317241060
2023,Investigation of the Mechanism of Action of Periploca forrestii Schltr. Extract on Adjuvant Collagen Rats Based on UPLC-Q-Orbitrap-HRMS Non-Targeted Lipidomics,"Silan An, Xiaoting Yan, Huaguo Chen et al. (n=4)",Silan An; Xiaoting Yan; Huaguo Chen; Xin Zhou,Molecules,https://doi.org/10.3390/molecules28196751,https://openalex.org/W4386963797
2023,Integrated transcriptomics and lipidomics investigation of the mechanism underlying the gastrointestinal mucosa damage of Loropetalum chinense (R.Br.) and its representative component,"Jianfang Song, Zhi‐Hong Jiang, Xiaolu Wei et al. (n=13)",Jianfang Song; Zhi‐Hong Jiang; Xiaolu Wei; Yan Zhang; Baolin Bian; Hongjie Wang; Wenya Gao; Nan Si; Haoyuan Liu; Meng Cheng; Zhengzheng Zhao; Yanyan Zhou; Haiyu Zhao,Phytomedicine,https://doi.org/10.1016/j.phymed.2023.154758,https://openalex.org/W4324335431
2023,Single‐filament imaging mass spectrometry lipidomics in <i>Arthrospira platensis</i>,"Kaitlin C. Lesco, Steven M. Rowland, S. Kim Ratanathanawongs Williams et al. (n=4)",Kaitlin C. Lesco; Steven M. Rowland; S. Kim Ratanathanawongs Williams; Lieve M. L. Laurens,Rapid Communications in Mass Spectrometry,https://doi.org/10.1002/rcm.9525,https://openalex.org/W4366083196
2023,Data-dependent and -independent acquisition lipidomics analysis reveals the tissue-dependent effect of metformin on lipid metabolism,"Grace Scheidemantle, Likun Duan, Mareca Lodge et al. (n=9)",Grace Scheidemantle; Likun Duan; Mareca Lodge; Magdalina J Cummings; Dalton Hilovsky; Eva Pham; Xiaoqiu Wang; Arion Kennedy; Xiaojing Liu,Research Square,https://doi.org/10.21203/rs.3.rs-2444456/v1,https://openalex.org/W4313886551
2023,The elucidation of plasma lipidome profiles during severe influenza in a mouse model,"Marumi Ohno, Siddabasave Gowda B. Gowda, Toshiki Sekiya et al. (n=7)",Marumi Ohno; Siddabasave Gowda B. Gowda; Toshiki Sekiya; Naoki Nomura; Masashi Shingai; Shu‐Ping Hui; Hiroshi Kida,Scientific Reports,https://doi.org/10.1038/s41598-023-41055-y,https://openalex.org/W4386304188
2023,Multi-Dimensional Liquid Chromatography of Pulse Triacylglycerols with Triple Parallel Mass Spectrometry,"William Craig Byrdwell, Hari Kiran Kotapati",William Craig Byrdwell; Hari Kiran Kotapati,Separations,https://doi.org/10.3390/separations10120594,https://openalex.org/W4389340265
2023,Applications of lipidomics by mass spectrometry in the search for molecular alterations in patients diagnosed with COVID-19,"Andréa Rodrigues Chaves, Charles Ivo de Oliveira Júnior, Ricardo Alves Bernardo",Andréa Rodrigues Chaves; Charles Ivo de Oliveira Júnior; Ricardo Alves Bernardo,Seven Editora eBooks,https://doi.org/10.56238/devopinterscie-120,https://openalex.org/W4363677755
2023,Comprehensive Untargeted Lipidomics Analysis of Sea Buckthorn Using Uhplc-Hr-Am/Ms/Ms Combined with Principal Component Analysis,"Yue Ma, Jiaxu Yao, Li Zhou et al. (n=6)",Yue Ma; Jiaxu Yao; Li Zhou; Minjie Zhao; Ji‐Kai Liu; Eric Marchioni,SSRN Electronic Journal,https://doi.org/10.2139/ssrn.4372820,https://openalex.org/W4322707763
2023,Comprehensive Untargeted Lipidomics Analysis of Sea Buckthorn Using Uhplc-Hr-Am/Ms/Ms Combined with Principal Component Analysis,"Yue Ma, Jiaxu Yao, Li Zhou et al. (n=6)",Yue Ma; Jiaxu Yao; Li Zhou; Minjie Zhao; Ji‐Kai Liu; Eric Marchioni,SSRN Electronic Journal,https://doi.org/10.2139/ssrn.4369112,https://openalex.org/W4321784777
2023,Mass Spectrometry Dataset of LC-MS Lipidomics Analysis of Xenopus Laevis Optic Nerve,"Emily Neag, Isabella Moceri, Faith Christine Harvey et al. (n=6)",Emily Neag; Isabella Moceri; Faith Christine Harvey; Ava J. Udvadia; Sanjoy K. Bhattacharya; Fiona L. Watson,SSRN Electronic Journal,https://doi.org/10.2139/ssrn.4359578,https://openalex.org/W4323642959
2024,Caractérisatiοn du lipidοme et de la physiοlοgie de cellules persisters à la ciprοflοxacine d'Acinetοbacter baumannii.,Delphine Vergoz,Delphine Vergoz,,https://doi.org/10.70675/09519879z66e7z45f8za98dz37bfbe1a987d,https://openalex.org/W7151996364
2024,Discerning the functional role of plasmalogen at the synapse by shotgun lipidomics,"Iwan Gane, Kathryn A. Coates, Ann Hunter et al. (n=4)",Iwan Gane; Kathryn A. Coates; Ann Hunter; Roberto Angelini,,https://doi.org/10.14293/p2199-8442.1.sop-.pbajdk.v1,https://openalex.org/W4399319075
2024,Unraveling the structure and function of soil food webs using an untargeted lipidomics approach,"Rahul Samrat, Wolfgang Wanek",Rahul Samrat; Wolfgang Wanek,,https://doi.org/10.5194/egusphere-egu24-16422,https://openalex.org/W4392631016
2024,Investigating the role of ethanolamine plasmalogen lipid in zebrafish brain by interdisciplinary lipidomics,"Angelo Ross Andrew Villanueva Robles, Iwan Gane, David C. Lamb et al. (n=5)",Angelo Ross Andrew Villanueva Robles; Iwan Gane; David C. Lamb; Emma Kenyon; Roberto Angelini,,https://doi.org/10.14293/p2199-8442.1.sop-.pwmats.v1,https://openalex.org/W4396577502
2024,Développement de nouveaux protocoles d'analyse métabolomique par spectrométrie de masse pour des profils métaboliques plus robustes et informatifs : application au phénotypage de cohortes médicales,Vincent Marie,Vincent Marie,,https://doi.org/10.70675/07588e03z78f3z4b3azbe4dzd7efaf87f0b8,https://openalex.org/W7151834604
2024,Analysis of the lipidomic profile of vegetable oils and animal fats and changes during aging by UPLC-Q-exactive orbitrap mass spectrometry,"Pingyang Liu, Zhanfang Liu, Jun Zhu et al. (n=9)",Pingyang Liu; Zhanfang Liu; Jun Zhu; Hong Zhou; Guannan Zhang; Zhenwen Sun; Yajun Li; Zheng Zhou; Yao Liu,Analytical Methods,https://doi.org/10.1039/d4ay00538d,https://openalex.org/W4399576222
2024,Lipidome of Acinetobacter baumannii antibiotic persister cells,"Delphine Vergoz, Annick Schaumann, Isabelle Schmitz‐Afonso et al. (n=7)",Delphine Vergoz; Annick Schaumann; Isabelle Schmitz‐Afonso; Carlos Afonso; Emmanuelle Dé; Corinne Loutelier‐Bourhis; Stéphane Alexandre,Biochimica et Biophysica Acta (BBA) - Molecular and Cell Biology of Lipids,https://doi.org/10.1016/j.bbalip.2024.159539,https://openalex.org/W4401022129
2024,Direct analysis by ultra-high-resolution mass spectrometry of lipid A and phospholipids from Acinetobacter baumannii cells,"Delphine Vergoz, Annick Schaumann, Isabelle Schmitz‐Afonso et al. (n=10)",Delphine Vergoz; Annick Schaumann; Isabelle Schmitz‐Afonso; Maria A. van Agthoven; Sara Martí; Jordi Vilà; Carlos Afonso; Emmanuelle Dé; Corinne Loutelier‐Bourhis; Stéphane Alexandre,Biochimie,https://doi.org/10.1016/j.biochi.2024.09.012,https://openalex.org/W4402787758
2024,Lipidomics reveals the serum profiles of pediatric allergic rhinitis and its severity,"Tao Li, Yu-Zhu Dou, Jianjian Ji et al. (n=14)",Tao Li; Yu-Zhu Dou; Jianjian Ji; Hui Chen; Shaoyun Zhu; Min Wang; Yingcai Xiong; Zhao Wang; Jinjun Shan; Kangqi Qian; An Li; Lili Lin; Shouchuan Wang; Qigang Dai,Biomedical Chromatography,https://doi.org/10.1002/bmc.5927,https://openalex.org/W4399617296
2024,Spatial Lipidomics Maps Brain Alterations Associated with Mild Traumatic Brain Injury,"Dmitry Leontyev, Alexis N. Pulliam, Xin Ma et al. (n=6)",Dmitry Leontyev; Alexis N. Pulliam; Xin Ma; David A. Gaul; Michelle C. LaPlaca; Facundo M. Fernández,bioRxiv (Cold Spring Harbor Laboratory),https://doi.org/10.1101/2024.01.25.577203,https://openalex.org/W4391239561
2024,Abstract 4428: Integrated multi-omics analysis reveals systemic and localized metabolic disruptions in colorectal cancer,"Gary J. Patti, Ethan Stancliffe, Adam Richardson et al. (n=6)",Gary J. Patti; Ethan Stancliffe; Adam Richardson; A Mehta; Monil Gandhi; Kevin Cho,Cancer Research,https://doi.org/10.1158/1538-7445.am2024-4428,https://openalex.org/W4393090504
2024,Lipidomics Analysis of Different Marine Fish Oils Using Untargeted Liquid Chromatography–Orbitrap High-Resolution Mass Spectrometry and Chemometrics,"Anjar Windarsih, Irnawati Irnawati, Suratno Suratno et al. (n=8)",Anjar Windarsih; Irnawati Irnawati; Suratno Suratno; Hendy Dwi Warmiko; Lucky Prabowo Miftachul Alam; Indrawati Dian Utami; Abdul Rohman; Anastasia Wheni Indrianingsih,Chromatographia,https://doi.org/10.1007/s10337-024-04312-4,https://openalex.org/W4391896665
2024,Comprehensive lipidomics study of basa catfish and sole fish using ultra-performance liquid chromatography Q-extractive orbitrap mass spectrometry for fish authenticity,"Weibo Lu, Yunyan Li, Lijun Ge et al. (n=12)",Weibo Lu; Yunyan Li; Lijun Ge; Honghai Wang; Ting Liu; Qiaoling Zhao; Zhu-Jun Mao; Jingjing Liang; Pingya Wang; Kang Chen; Jing Xue; Qing Shen,Current Research in Food Science,https://doi.org/10.1016/j.crfs.2024.100812,https://openalex.org/W4400767695
2024,New insights into the role of lipids in aroma formation during black tea processing revealed by integrated lipidomics and volatolomics,"Shan Zhang, Le Chen, Linchi Niu et al. (n=10)",Shan Zhang; Le Chen; Linchi Niu; Haibo Yuan; Xujiang Shan; Qianting Zhang; Yuning Feng; Qinghua Zhou; Yongwen Jiang; Jia Li,Current Research in Food Science,https://doi.org/10.1016/j.crfs.2024.100910,https://openalex.org/W4403916331
2024,A lipidomic dataset for epidemiological studies of acute myocardial infarction,"Cecilia Castro, Eric L. Harshfield, Adam S. Butterworth et al. (n=6)",Cecilia Castro; Eric L. Harshfield; Adam S. Butterworth; Angela Wood; Albert Koulman; Julian L. Griffin,Data in Brief,https://doi.org/10.1016/j.dib.2024.110925,https://openalex.org/W4402467862
2024,Ultrahigh-Resolution Mass Spectrometry Method for Resolving <sup>13</sup>C-Enrichment Patterns in a Microalgal Lipidome,"SN Elahee Doomun (15798359), S Nie (9885824), Stella Loke (13095156) et al. (n=6)",SN Elahee Doomun (15798359); S Nie (9885824); Stella Loke (13095156); Greg Kowalski (13079640); PL Beech (14472501); Damien Callahan (13065873),Figshare,,https://openalex.org/W7113254333
2024,Unraveling the relationship between aroma characteristics and lipid profile of abalone (Haliotis discus hannai) during seasonal fluctuation and thermal processing,"He-He Tian, Yulian Li, Xu-Song Wang et al. (n=8)",He-He Tian; Yulian Li; Xu-Song Wang; Xu-Hui Huang; Yuying Zhang; Zi-Chun Zhang; Dayong Zhou; Lei Qin,Food Chemistry,https://doi.org/10.1016/j.foodchem.2024.138949,https://openalex.org/W4392571604
2024,Dissecting new lipids and their composition in herbal tea using untargeted LC/MS,"Lipsa Rani Nath, Siddabasave Gowda B. Gowda, Divyavani Gowda et al. (n=6)",Lipsa Rani Nath; Siddabasave Gowda B. Gowda; Divyavani Gowda; Fengjue Hou; Hitoshi Chiba; Shu Hui,Food Chemistry,https://doi.org/10.1016/j.foodchem.2024.138941,https://openalex.org/W4392381510
2024,Authentication of the species identity of squid rings using UHPLC-Q-Orbitrap MS/MS-based lipidome fingerprinting and chemoinformatics,"P. Haridas, Rajesh Ravichandran, Nasiruddin Shaikh et al. (n=7)",P. Haridas; Rajesh Ravichandran; Nasiruddin Shaikh; Pankaj Kishore; Satyen Kumar Panda; Kaushik Banerjee; Niladri Sekhar Chatterjee,Food Chemistry,https://doi.org/10.1016/j.foodchem.2024.138525,https://openalex.org/W4391058073
2024,Microwave-Assisted Extraction/UHPLC-Q-Orbitrap-MS-Based Lipidomic Workflow for Comprehensive Study of Lipids in Soft Cheese,"Maria Campaniello, Valeria Nardelli, Rosalia Zianni et al. (n=7)",Maria Campaniello; Valeria Nardelli; Rosalia Zianni; Michele Tomaiuolo; Oto Miedico; Marco Iammarino; Annalisa Mentana,Foods,https://doi.org/10.3390/foods13071033,https://openalex.org/W4393253986
2024,Exploration of New Lipid Nutrients and Their Characterization in Herbal Teas Using Non-Targeted Liquid Chromatography–Mass Spectrometry,"Md. Abdul Malek, Siddabasave B. Gowda, Rachana M. Gangadhara et al. (n=5)",Md. Abdul Malek; Siddabasave B. Gowda; Rachana M. Gangadhara; Divyavani Gowda; Shu‐Ping Hui,Foods,https://doi.org/10.3390/foods13121877,https://openalex.org/W4399668837
2024,The impact of normothermic and hypothermic preservation methods on kidney lipidome—comparative study using chemical biopsy with microextraction probes,"Natalia Warmuzińska, Kamil Łuczykowski, Iga Stryjak et al. (n=8)",Natalia Warmuzińska; Kamil Łuczykowski; Iga Stryjak; Hernando Rosales-Solano; Peter Urbanellis; Janusz Pawliszyn; Markus Selzner; Barbara Bojko,Frontiers in Molecular Biosciences,https://doi.org/10.3389/fmolb.2024.1341108,https://openalex.org/W4396775520
2024,Lipidomic Analysis of the Effects of Melittin on Ovarian Cancer Cells Using Mass Spectrometry,"Sanad Alonezi, Valerie A. Ferro, David G. Watson",Sanad Alonezi; Valerie A. Ferro; David G. Watson,International Journal of Recent Innovations in Medicine and Clinical Research,https://doi.org/10.18231/j.ijrimcr.2022.014,https://openalex.org/W4392052383
2024,460 Changes in Lipid Profiles with Progression of Pregnancy in Black Women,"Nadia Saadat, Fernando Aguate, Alexandra Nowak et al. (n=9)",Nadia Saadat; Fernando Aguate; Alexandra Nowak; Suzanne Hyer; Todd A. Lydic; Gustavo de los Campos; Vasantha Padmanabhan; Dawn P. Misra; Carmen Giurgescu,Journal of Clinical and Translational Science,https://doi.org/10.1017/cts.2024.391,https://openalex.org/W4393869546
2024,Discriminate shiitake mushroom (Lentinus edodes) from different origins by lipidomics based on UHPLC-QE HR-AM/MS/MS,"Dingkui Xiang, Yue Ma, Jiaxu Yao et al. (n=7)",Dingkui Xiang; Yue Ma; Jiaxu Yao; Minjie Zhao; Weiwei Li; Eric Marchioni; Li Zhou,Journal of Food Composition and Analysis,https://doi.org/10.1016/j.jfca.2024.106957,https://openalex.org/W4404201191
2024,Identification of lymph node adulteration in minced pork by comprehensive metabolomics and lipidomics approach based on UPLC/LTQ‐Orbitrap MS,"Wei Wang, Feng Jiang, Wanqin Wu et al. (n=7)",Wei Wang; Feng Jiang; Wanqin Wu; Xiao‐Ling Zhu; Huixia Wang; Zhang Li; Zhiyong Fan,Journal of Food Science,https://doi.org/10.1111/1750-3841.17005,https://openalex.org/W4392740602
2024,Network pharmacology combined with lipidomics to reveal the regulatory effects and mechanisms of Kangzao granules in the hypothalamus of rats with central precocious puberty,"Yanhua Jiang, Lixia Yang, Hui Chen et al. (n=11)",Yanhua Jiang; Lixia Yang; Hui Chen; Jiabin Chen; Lingling Yang; Zhao Wang; Xuejing Yuan; Jinjun Shan; Lili Lin; Hui Li; Ye Jin,Journal of Pharmaceutical and Biomedical Analysis,https://doi.org/10.1016/j.jpba.2024.116059,https://openalex.org/W4391914451
2024,Application of microdialysis combined with lipidomics to analyze fatty acid metabolic changes in the disease process of rheumatoid arthritis,"Xiaoman Jiang, Yulong Zhu, Peirong Gan et al. (n=9)",Xiaoman Jiang; Yulong Zhu; Peirong Gan; Ya Li; Shilin Xia; Jing Xu; Yi Wei; Ran Deng; Hong Wu,Journal of Pharmaceutical and Biomedical Analysis,https://doi.org/10.1016/j.jpba.2024.116448,https://openalex.org/W4401862366
2024,Ultrahigh-Resolution Mass Spectrometry Advances for Biogeochemical Analysis: From Seafloor Sediments to Petroleum and Marine Oil Spills,"Jagoš R. Radović, Renzo C. Silva",Jagoš R. Radović; Renzo C. Silva,Journal of the American Society for Mass Spectrometry,https://doi.org/10.1021/jasms.4c00266,https://openalex.org/W4405249534
2024,Biofluidos e espectrometria de massas para triagem de pacientes para COVID-19,Camila Medeiros de Almeida,Camila Medeiros de Almeida,LA Referencia (Red Federada de Repositorios Institucionales de Publicaciones Científicas),,https://openalex.org/W7119247307
2024,Data-dependent and -independent acquisition lipidomics analysis reveals the tissue-dependent effect of metformin on lipid metabolism,"Grace Scheidemantle, Likun Duan, Mareca Lodge et al. (n=9)",Grace Scheidemantle; Likun Duan; Mareca Lodge; Magdalina J Cummings; Dalton Hilovsky; Eva Pham; Xiaoqiu Wang; Arion Kennedy; Xiaojing Liu,Metabolomics,https://doi.org/10.1007/s11306-024-02113-2,https://openalex.org/W4396770014
2024,Investigating the mechanism of Qifu Yin in ameliorating memory disorders through pseudo-targeted lipidomics,"Fuxia Zhao, Jing Wang, Min Wu et al. (n=9)",Fuxia Zhao; Jing Wang; Min Wu; Jiaqi Fan; Shiqi Liu; Fanying Deng; Shixun Wang; Yan‐Gang Cheng; Yan Wang,Molecular Omics,https://doi.org/10.1039/d4mo00141a,https://openalex.org/W4404355358
2024,Kechuan Decoction mitigates apoptosis of airway epithelial cells by improving lipid metabolism disorders and mitochondria dysfunction in HDM-induced asthma,"Binshu Zhao, Chen Shi, Xuan Wang et al. (n=11)",Binshu Zhao; Chen Shi; Xuan Wang; Zhengpeng Sun; Yuyuan Ruan; Xi Wang; Zhitong Zhang; Tong Xie; Jinjun Shan; Jin Wang; Guiying Qian,Phytomedicine,https://doi.org/10.1016/j.phymed.2024.156299,https://openalex.org/W4404851125
2024,Metabolipidomic changes induced by dermal nickel penetration determined in an ex vivo porcine ear skin model,"Azar Rezaei, Yameera Ganashalingam, Siegfried Schindler et al. (n=6)",Azar Rezaei; Yameera Ganashalingam; Siegfried Schindler; Bernhard Spengler; Cornelia M. Keck; Sabine Schulz,Rapid Communications in Mass Spectrometry,https://doi.org/10.1002/rcm.9891,https://openalex.org/W4401844865
2024,Improved detection in untargeted lipidomics through silver‐doped infrared matrix‐assisted laser desorption electrospray ionization,"Seth M. Eisenberg, David C. Muddiman",Seth M. Eisenberg; David C. Muddiman,Rapid Communications in Mass Spectrometry,https://doi.org/10.1002/rcm.9832,https://openalex.org/W4399184924
2024,Impact of extraction method on the lipids of Himalayan marmot oil with ultrahigh‐performance liquid chromatography Q‐Exactive Orbitrap mass spectrometry analysis,"Xina Yu, Qingquan Kong, Ye Wu et al. (n=8)",Xina Yu; Qingquan Kong; Ye Wu; Weilong Li; Dorje Rinchen; Zhifeng Zhang; Qing Shen; Pei Luo,Rapid Communications in Mass Spectrometry,https://doi.org/10.1002/rcm.9761,https://openalex.org/W4396743758
2024,Lipid A double bond position determination using ozone and laser‐induced dissociation,"Abanoub Mikhael, Helena Pětrošová, Derek Smith et al. (n=5)",Abanoub Mikhael; Helena Pětrošová; Derek Smith; Robert K. Ernst; David R. Goodlett,Rapid Communications in Mass Spectrometry,https://doi.org/10.1002/rcm.9854,https://openalex.org/W4399785867
2024,Discrimination of Lentinus Edodes from Different Origins Based on Uhplc-Qe Hr-Am/Ms/Ms,"Dingkui Xiang, Yue Ma, Jiaxu Yao et al. (n=7)",Dingkui Xiang; Yue Ma; Jiaxu Yao; Minjie Zhao; Eric Marchioni; Weiwei Li; Li Zhou,SSRN Electronic Journal,https://doi.org/10.2139/ssrn.4881841,https://openalex.org/W4400187463
2024,Molecular Mechanisms of Lipid Transformation in Sturgeon Fillets: Interplay between Spoilage and Dominant Bacteria,"Chunming Tan, Shiqi Zhang, Fanglei Zou et al. (n=6)",Chunming Tan; Shiqi Zhang; Fanglei Zou; Boya Gao; Pinglan Li; Nan Shang,SSRN Electronic Journal,https://doi.org/10.2139/ssrn.4733620,https://openalex.org/W4392002602
2024,Abstract TMP25: Common Molecular Biomarkers in Different Types of Acute Brain Injuries Predicting Outcome,"Santtu Hellström, Antti Sajanti, Ying Cao et al. (n=24)",Santtu Hellström; Antti Sajanti; Ying Cao; Romuald Girard; J. Frantzén; Fredrika Koskimäki; Juzoh Umemori; Johannes Falter; Séan Lyne; Tomi Rantamäki; Kenneth Nazir; Bharat Gajera; Jussi P. Posti; Susanna Roine; Riikka Takala; Sulo Kolehmainen; Miro Jänkälä; Jukka Puolitaival; Mikko Kauppinen; Melissa Rahi; Jaakko Rinne; Anni I. Nieminen; Eero Ċastrén; Janne Koskimäki,Stroke,https://doi.org/10.1161/str.55.suppl_1.tmp25,https://openalex.org/W4391447998
2024,Development of innovative acquisition protocols for more robust and informative mass spectrometry-based metabolomics : application to the phenotyping of medical cohorts,Vincent Marié,Vincent Marié,theses.fr (ABES),,https://openalex.org/W4416226716
2024,Ultra-High-Performance Liquid Chromatography–Orbitrap-MS-Based Untargeted Lipidomics Reveal Lipid Characteristics of a Clinical Strain of Mycoplasma bovis from Holstein Cow,"Fei Yang, Mengmeng Yang, Fan Liu et al. (n=6)",Fei Yang; Mengmeng Yang; Fan Liu; Yanrong Qi; Yanan Guo; Shenghu He,Veterinary Sciences,https://doi.org/10.3390/vetsci11110577,https://openalex.org/W4404526879
2024,Herb Pair of Glycyrrhiza Radix–Platycodonis Radix Alleviates Respiratory Syncytial Virus Pneumonia in Mice by Modulating Lipid Metabolism and Inhibiting Inflammation,"Yu Tang, Chen Shi, Ling Sun et al. (n=9)",Yu Tang; Chen Shi; Ling Sun; Bin Yang; Jian‐Jian Ji; Tong Xie; Shouchuan Wang; Lili Lin; Jinjun Shan,World Journal of Traditional Chinese Medicine,https://doi.org/10.4103/wjtcm.wjtcm_79_24,https://openalex.org/W4402050535
2025,(Updated) Investigating the role of ethanolamine plasmalogen lipid in zebrafish brain by interdisciplinary lipidomics.,"Angelo Ross Andrew Villanueva Robles, Iwan Gane, Emma Kenyon et al. (n=4)",Angelo Ross Andrew Villanueva Robles; Iwan Gane; Emma Kenyon; Roberto Angelini,,https://doi.org/10.14293/p2199-8442.1.sop-.pts51q.v1,https://openalex.org/W4410439627
2025,Integrated Lipidomics and Network Pharmacology to Reveal the Mechanisms of <i>Swertia mussotii</i> Franch in the Treatment of Liver Fibrosis in Mice,"Lei Zhang, Xin Ding, Xuemei Su et al. (n=11)",Lei Zhang; Xin Ding; Xuemei Su; Yang Zhang; Yang Zhang; Yan Qiao; Guangguo Tan; Yuping Tang; Haibo Wang; Ya Zhang; Ya Zhang,ACS Omega,https://doi.org/10.1021/acsomega.5c01398,https://openalex.org/W4411476461
2025,Effects of manual acupuncture on fatty acid metabolism in a rat model of diarrhea-predominant irritable bowel syndrome: a multi-tissue metabolomic and plasma lipidomic investigation,"Ying Zhou, Lin Zhang, Tingting Xia et al. (n=7)",Ying Zhou; Lin Zhang; Tingting Xia; Xuemei Zhang; Lele Zhang; Lifeng Han; Xiumei Gao,Acupuncture in Medicine,https://doi.org/10.1177/09645284251365650,https://openalex.org/W4413051503
2025,Metabolomics of heavy metal exposure,"Shagufta Kamal, Sumble Malik, Farwa Batool et al. (n=5)",Shagufta Kamal; Sumble Malik; Farwa Batool; Kanwal Rehman; Muhammad Sajid Hamid Akash,Advances in clinical chemistry,https://doi.org/10.1016/bs.acc.2025.06.005,https://openalex.org/W4412588437
2025,An automated and high-throughput approach to profile betaine lipids in microalgae,"Yanrong Li, Tong Mu, Zhujun Zhu et al. (n=6)",Yanrong Li; Tong Mu; Zhujun Zhu; Yuanyuan Fu; Jilin Xu; Xiaojun Yan,Algal Research,https://doi.org/10.1016/j.algal.2025.104478,https://openalex.org/W4417168977
2025,Regional Lipidomic Characterization of the Lung Secretome in Human Lung Biofluids,"Natalie Stevens, Gérémy Clair, Anne M. Cawley et al. (n=13)",Natalie Stevens; Gérémy Clair; Anne M. Cawley; Catharina van Heusden; Z. Wiśniewski; Elizabeth M. Burns; Hong Dang; A.J. Ghio; Matthew R. Markovetz; Scott H. Randell; Wanda K. O’Neal; R.C. Boucher; Kenichi Okuda,American Journal of Respiratory and Critical Care Medicine,https://doi.org/10.1164/ajrccm.2025.211.abstracts.a6833,https://openalex.org/W4410275519
2025,"Qualitative and quantitative lipidomic profiling of cardiolipin, oxidized cardiolipin, and monolysocardiolipin from human skeletal muscle by UPLC-Orbitrap-MSn","Zhi‐Xin Yuan, Josephine M. Egan, Arsun Bektas et al. (n=8)",Zhi‐Xin Yuan; Josephine M. Egan; Arsun Bektas; Qu Tian; Alexey E. Lyashkov; Luigi Ferrucci; Christopher E. Ramsden; Ruin Moaddel,Analytica Chimica Acta,https://doi.org/10.1016/j.aca.2025.343825,https://openalex.org/W4407739587
2025,Novel Equivalent Carbon Number Strategy for Large-Scale Lipidomics Data Analysis via Ultrahigh–Performance Liquid Chromatography–Orbitrap Astral Mass Spectrometry,"Yao Chen, Xin Wang, Rui Zhong et al. (n=10)",Yao Chen; Xin Wang; Rui Zhong; Zixuan Wang; Ziquan Fan; Tian Liu; Chao Li; Yaorui Ye; Chunxiu Hu; Guowang Xu,Analytical Chemistry,https://doi.org/10.1021/acs.analchem.5c01863,https://openalex.org/W4412488960
2025,Unravelling lipid heterogeneity: Advances in single-cell lipidomics in cellular metabolism and disease,"Sutanu Sarkar, Rajgourab Ghosh",Sutanu Sarkar; Rajgourab Ghosh,BBA Advances,https://doi.org/10.1016/j.bbadva.2025.100169,https://openalex.org/W4411729260
2025,Systems lipidomics reveals sesamin-driven suppression of lipid metabolic reprogramming via AMPK activation in triple-negative breast cancer cells,"Prajakta Patil, Akanksha Mahajan, Rajesh B. Patil et al. (n=6)",Prajakta Patil; Akanksha Mahajan; Rajesh B. Patil; Anchal Singh; Akshay Deotare; Aniket Mali,Biochemical and Biophysical Research Communications,https://doi.org/10.1016/j.bbrc.2025.152672,https://openalex.org/W4414491114
2025,Lipidomic Analysis of Serum Lipid Profiles in Idiopathic Central Precocious Puberty and the Potential Regulatory Role of GnRHa in Lipid Metabolism,"Lixia Yang, Hui Chen, Yanhua Jiang et al. (n=12)",Lixia Yang; Hui Chen; Yanhua Jiang; Hui Li; Lingling Yang; Zhao Wang; Hua Shao; Jinjun Shan; Shouchuan Wang; Lili Lin; Ling Xu; Ye Jin,Biomedical Chromatography,https://doi.org/10.1002/bmc.70029,https://openalex.org/W4408243725
2025,Myocardial Lipidomics Revealed Glycerophospholipid and Sphingolipid Metabolism as Therapeutic Targets of Qifu Decoction Against Heart Failure,"Xuemei Su, Xin Ding, Junli Liang et al. (n=10)",Xuemei Su; Xin Ding; Junli Liang; Lei Zhang; Yang Zhang; Yan Qiao; Hongrui Ma; Ya Zhang; Yuping Tang; Guangguo Tan,Biomedical Chromatography,https://doi.org/10.1002/bmc.70063,https://openalex.org/W4408673389
2025,A Cooperative Strategy of Hippocampus Lipidomics and Anti‐Inflammatory Analysis to Evaluate the Antidepressant Effect of Zhi‐Zi‐Chi Decoction on CUMS Mice,"Chuan Chai, Bo Jin, Tong Xie et al. (n=8)",Chuan Chai; Bo Jin; Tong Xie; Yuhan Cui; Xiao‐Bing Cui; Chenxiao Shan; Yu Sheng; Hongmei Wen,Biomedical Chromatography,https://doi.org/10.1002/bmc.70058,https://openalex.org/W4408787524
2025,"The first integrated proteomic and lipidomic profiling reveals immune, metabolic, and membrane remodeling signatures in patients experiencing cytokine release storm (CRS) undergoing CAR-T cell therapy and serves as a new predictive and prognostic factor.","Kannathasan Thetchinamoorthy, Diana Wierzbicka, Jaromir Tomasik et al. (n=6)",Kannathasan Thetchinamoorthy; Diana Wierzbicka; Jaromir Tomasik; Grzegorz Basak; Mariusz Z. Ratajczak; Magda Kucia,Blood,https://doi.org/10.1182/blood-2025-3557,https://openalex.org/W4417019456
2025,Lipid metabolites as biomarkers and therapeutic targets in oral squamous cell carcinoma,"Hexin Ma, Chang Liu, Xibo Li et al. (n=14)",Hexin Ma; Chang Liu; Xibo Li; Lihua Zuo; LI Chun-shen; Xiaohui Xu; Shilong Zhang; Xiang Ma; Erli Yue; Bin Qiao; Yifei Wang; Wantao Chen; Zhi Sun; Hongyu Zhao,BMC Oral Health,https://doi.org/10.1186/s12903-025-06700-0,https://openalex.org/W4413857297
2025,"Biotransformation of bis(2-chloroethyl)2-chloroethylphosphphonate, and its effects on metabolism of lipid molecules in primary mouse hepatocytes","Qi Zhang, Jianan Huang, Ping Kang et al. (n=4)",Qi Zhang; Jianan Huang; Ping Kang; Guanyong Su,Chemosphere,https://doi.org/10.1016/j.chemosphere.2025.144195,https://openalex.org/W4407368222
2025,Integrated plasma and synovial membrane lipidomic profiling revealing the therapeutic effects of moxibustion in collagen-induced arthritis rat models,"Jiamin Wen, Rui Zhang, Danwen Wang et al. (n=4)",Jiamin Wen; Rui Zhang; Danwen Wang; Zhiling Sun,Digital Chinese Medicine,https://doi.org/10.1016/j.dcmed.2025.05.010,https://openalex.org/W4412992518
2025,Image 1_Organ-resolved lipid mapping in Steatoda nobilis spider model using high-resolution mass spectrometry imaging and Kendrick mass defect analysis.tif,"Damien Redureau (22175653), J. P. Dunbar (22175656), Raphaël La Rocca (22175659) et al. (n=12)",Damien Redureau (22175653); J. P. Dunbar (22175656); Raphaël La Rocca (22175659); Axel De Monts De Savasse (22175662); Quentin Bastiaens (22175665); Virginie Bertrand (673138); Christopher Kune (1718791); Mathieu Tiquet (7424402); Johann Far (1718797); Edwin De Pauw (7163165); Michel M. Dugon (22175668); Loïc Quinton (4860988),Figshare,https://doi.org/10.3389/fchem.2025.1658546.s001,https://openalex.org/W7111421478
2025,Image 6_Organ-resolved lipid mapping in Steatoda nobilis spider model using high-resolution mass spectrometry imaging and Kendrick mass defect analysis.tif,"Damien Redureau (22175653), J. P. Dunbar (22175656), Raphaël La Rocca (22175659) et al. (n=12)",Damien Redureau (22175653); J. P. Dunbar (22175656); Raphaël La Rocca (22175659); Axel De Monts De Savasse (22175662); Quentin Bastiaens (22175665); Virginie Bertrand (673138); Christopher Kune (1718791); Mathieu Tiquet (7424402); Johann Far (1718797); Edwin De Pauw (7163165); Michel M. Dugon (22175668); Loïc Quinton (4860988),Figshare,https://doi.org/10.3389/fchem.2025.1658546.s006,https://openalex.org/W7110793840
2025,Image 4_Organ-resolved lipid mapping in Steatoda nobilis spider model using high-resolution mass spectrometry imaging and Kendrick mass defect analysis.tif,"Damien Redureau (22175653), J. P. Dunbar (22175656), Raphaël La Rocca (22175659) et al. (n=12)",Damien Redureau (22175653); J. P. Dunbar (22175656); Raphaël La Rocca (22175659); Axel De Monts De Savasse (22175662); Quentin Bastiaens (22175665); Virginie Bertrand (673138); Christopher Kune (1718791); Mathieu Tiquet (7424402); Johann Far (1718797); Edwin De Pauw (7163165); Michel M. Dugon (22175668); Loïc Quinton (4860988),Figshare,https://doi.org/10.3389/fchem.2025.1658546.s004,https://openalex.org/W7110932243
2025,Image 3_Organ-resolved lipid mapping in Steatoda nobilis spider model using high-resolution mass spectrometry imaging and Kendrick mass defect analysis.tif,"Damien Redureau (22175653), J. P. Dunbar (22175656), Raphaël La Rocca (22175659) et al. (n=12)",Damien Redureau (22175653); J. P. Dunbar (22175656); Raphaël La Rocca (22175659); Axel De Monts De Savasse (22175662); Quentin Bastiaens (22175665); Virginie Bertrand (673138); Christopher Kune (1718791); Mathieu Tiquet (7424402); Johann Far (1718797); Edwin De Pauw (7163165); Michel M. Dugon (22175668); Loïc Quinton (4860988),Figshare,https://doi.org/10.3389/fchem.2025.1658546.s003,https://openalex.org/W7110788791
2025,Image 5_Organ-resolved lipid mapping in Steatoda nobilis spider model using high-resolution mass spectrometry imaging and Kendrick mass defect analysis.tif,"Damien Redureau (22175653), J. P. Dunbar (22175656), Raphaël La Rocca (22175659) et al. (n=12)",Damien Redureau (22175653); J. P. Dunbar (22175656); Raphaël La Rocca (22175659); Axel De Monts De Savasse (22175662); Quentin Bastiaens (22175665); Virginie Bertrand (673138); Christopher Kune (1718791); Mathieu Tiquet (7424402); Johann Far (1718797); Edwin De Pauw (7163165); Michel M. Dugon (22175668); Loïc Quinton (4860988),Figshare,https://doi.org/10.3389/fchem.2025.1658546.s005,https://openalex.org/W7111072667
2025,Image 2_Organ-resolved lipid mapping in Steatoda nobilis spider model using high-resolution mass spectrometry imaging and Kendrick mass defect analysis.tif,"Damien Redureau (22175653), J. P. Dunbar (22175656), Raphaël La Rocca (22175659) et al. (n=12)",Damien Redureau (22175653); J. P. Dunbar (22175656); Raphaël La Rocca (22175659); Axel De Monts De Savasse (22175662); Quentin Bastiaens (22175665); Virginie Bertrand (673138); Christopher Kune (1718791); Mathieu Tiquet (7424402); Johann Far (1718797); Edwin De Pauw (7163165); Michel M. Dugon (22175668); Loïc Quinton (4860988),Figshare,https://doi.org/10.3389/fchem.2025.1658546.s002,https://openalex.org/W7111125703
2025,Integrated Lipidomicsand Network Pharmacology toReveal the Mechanisms of Swertia mussotii Franch in the Treatment of Liver Fibrosis in Mice,"Lei Zhang (38117), Xin Ding (1529797), Xuemei Su (9310325) et al. (n=9)",Lei Zhang (38117); Xin Ding (1529797); Xuemei Su (9310325); Yang Zhang (30734); Yan Qiao (444377); Guangguo Tan (196006); Yuping Tang (249674); Haibo Wang (130324); Ya Zhang (7980),Figshare,https://doi.org/10.1021/acsomega.5c01398.s001,https://openalex.org/W7110880078
2025,Novel EquivalentCarbon Number Strategy for Large-ScaleLipidomics Data Analysis via Ultrahigh–Performance Liquid Chromatography–OrbitrapAstral Mass Spectrometry,"Yao Chen (149006), Xinxin Wang (134010), Rui Zhong (659088) et al. (n=10)",Yao Chen (149006); Xinxin Wang (134010); Rui Zhong (659088); Zixuan Wang (35190); Ziquan Fan (2037838); Tian Liu (78007); Qi Li (67548); Yaorui Ye (5352449); Chunxiu Hu (186733); Guowang Xu (135666),Figshare,https://doi.org/10.1021/acs.analchem.5c01863.s007,https://openalex.org/W7111157771
2025,Novel EquivalentCarbon Number Strategy for Large-ScaleLipidomics Data Analysis via Ultrahigh–Performance Liquid Chromatography–OrbitrapAstral Mass Spectrometry,"Yao Chen (149006), Xinxin Wang (134010), Rui Zhong (659088) et al. (n=10)",Yao Chen (149006); Xinxin Wang (134010); Rui Zhong (659088); Zixuan Wang (35190); Ziquan Fan (2037838); Tian Liu (78007); Qi Li (67548); Yaorui Ye (5352449); Chunxiu Hu (186733); Guowang Xu (135666),Figshare,https://doi.org/10.1021/acs.analchem.5c01863.s004,https://openalex.org/W7110969033
2025,Novel EquivalentCarbon Number Strategy for Large-ScaleLipidomics Data Analysis via Ultrahigh–Performance Liquid Chromatography–OrbitrapAstral Mass Spectrometry,"Yao Chen (149006), Xinxin Wang (134010), Rui Zhong (659088) et al. (n=10)",Yao Chen (149006); Xinxin Wang (134010); Rui Zhong (659088); Zixuan Wang (35190); Ziquan Fan (2037838); Tian Liu (78007); Qi Li (67548); Yaorui Ye (5352449); Chunxiu Hu (186733); Guowang Xu (135666),Figshare,https://doi.org/10.1021/acs.analchem.5c01863.s002,https://openalex.org/W7111226368
2025,Novel EquivalentCarbon Number Strategy for Large-ScaleLipidomics Data Analysis via Ultrahigh–Performance Liquid Chromatography–OrbitrapAstral Mass Spectrometry,"Yao Chen (149006), Xinxin Wang (134010), Rui Zhong (659088) et al. (n=10)",Yao Chen (149006); Xinxin Wang (134010); Rui Zhong (659088); Zixuan Wang (35190); Ziquan Fan (2037838); Tian Liu (78007); Qi Li (67548); Yaorui Ye (5352449); Chunxiu Hu (186733); Guowang Xu (135666),Figshare,https://doi.org/10.1021/acs.analchem.5c01863.s001,https://openalex.org/W7110998134
2025,Novel EquivalentCarbon Number Strategy for Large-ScaleLipidomics Data Analysis via Ultrahigh–Performance Liquid Chromatography–OrbitrapAstral Mass Spectrometry,"Yao Chen (149006), Xinxin Wang (134010), Rui Zhong (659088) et al. (n=10)",Yao Chen (149006); Xinxin Wang (134010); Rui Zhong (659088); Zixuan Wang (35190); Ziquan Fan (2037838); Tian Liu (78007); Qi Li (67548); Yaorui Ye (5352449); Chunxiu Hu (186733); Guowang Xu (135666),Figshare,https://doi.org/10.1021/acs.analchem.5c01863.s003,https://openalex.org/W7110908909
2025,Novel EquivalentCarbon Number Strategy for Large-ScaleLipidomics Data Analysis via Ultrahigh–Performance Liquid Chromatography–OrbitrapAstral Mass Spectrometry,"Yao Chen (149006), Xinxin Wang (134010), Rui Zhong (659088) et al. (n=10)",Yao Chen (149006); Xinxin Wang (134010); Rui Zhong (659088); Zixuan Wang (35190); Ziquan Fan (2037838); Tian Liu (78007); Qi Li (67548); Yaorui Ye (5352449); Chunxiu Hu (186733); Guowang Xu (135666),Figshare,https://doi.org/10.1021/acs.analchem.5c01863.s005,https://openalex.org/W7111158818
2025,Novel EquivalentCarbon Number Strategy for Large-ScaleLipidomics Data Analysis via Ultrahigh–Performance Liquid Chromatography–OrbitrapAstral Mass Spectrometry,"Yao Chen (149006), Xinxin Wang (134010), Rui Zhong (659088) et al. (n=10)",Yao Chen (149006); Xinxin Wang (134010); Rui Zhong (659088); Zixuan Wang (35190); Ziquan Fan (2037838); Tian Liu (78007); Qi Li (67548); Yaorui Ye (5352449); Chunxiu Hu (186733); Guowang Xu (135666),Figshare,https://doi.org/10.1021/acs.analchem.5c01863.s006,https://openalex.org/W7111111051
2025,"Lipid molecule profiling in Lentinula edodes during hot air drying via untargeted lipidomics: Composition, dynamic variations and contribution to characteristic flavor","Ruixue Wang, Songyi Lin, Lei Qin et al. (n=6)",Ruixue Wang; Songyi Lin; Lei Qin; Silu Wang; Yue Geng; Dong Chen,Food Bioscience,https://doi.org/10.1016/j.fbio.2025.107386,https://openalex.org/W4413119991
2025,Improving lipidomic coverage for animal matrices by optimizing extraction methods and resuspension solvents based on UHPLC-Q-Exactive Orbitrap MS/MS,"Ying Wang, Xinhui Bi, Xuhui Huang et al. (n=6)",Ying Wang; Xinhui Bi; Xuhui Huang; Dongmei Li; Lei Qin; Yuying Zhang,Food Chemistry,https://doi.org/10.1016/j.foodchem.2025.144367,https://openalex.org/W4409546697
2025,Lipidomic profiling reveals systemic serum lipid remodeling induced by dexamethasone in mice,"Aiping Zhang, Zhao Wang, Jianjian Ji",Aiping Zhang; Zhao Wang; Jianjian Ji,Frontiers in Molecular Biosciences,https://doi.org/10.3389/fmolb.2025.1644637,https://openalex.org/W4414552687
2025,食用穀物およびハーブに含まれる生理活性脂質の同定と特性解析に向けたフードミクスの応用,Lipsa Rani Nath,Lipsa Rani Nath,Institutional Repositories DataBase (IRDB),https://doi.org/10.14943/doctoral.k16678,https://openalex.org/W7143892100
2025,Lipidomic Analysis of Retinal Ganglion Cell Axons in Xenopus Laevis Ocular Explants,"E Neag, Marie‐Laure Baudet, E Corradi et al. (n=4)",E Neag; Marie‐Laure Baudet; E Corradi; Sanjoy Bhattacharya,Institutional Research Information System (Università degli Studi di Trento),,https://openalex.org/W7154792258
2025,Research on Brain Disease Mechanisms: Discovering the Hippocampal Metabolites Resulting Depression Using MALDI Imaging Mass Spectrometry,"Jae-won Kang, Seoyun Lee, Hoyoung Kang",Jae-won Kang; Seoyun Lee; Hoyoung Kang,International journal of high school research,https://doi.org/10.36838/v7i1.7,https://openalex.org/W4407254875
2025,Comprehensive lipid metabolites-pyroptosis profiling uncovers the therapeutic efficacy of Mailuo Shutong pill against Thromboangiitis obliterans,"Chenhan He, Peipei Zhou, Zhibo Zhang et al. (n=12)",Chenhan He; Peipei Zhou; Zhibo Zhang; Tongyin Yan; Liwei Liu; Yaojuan Chu; Lihua Zuo; Fanmei Zou; Linguo Zhao; Yifei Wang; Shuzhang Du; Zhi Sun,Journal of Ethnopharmacology,https://doi.org/10.1016/j.jep.2025.120145,https://openalex.org/W4411236359
2025,Identification of wolfberry origins using lipidomics and chemometric analysis,"Yue Ma, Jinrui Zhu, Yi Liu et al. (n=9)",Yue Ma; Jinrui Zhu; Yi Liu; Feng Yi; Dingkui Xiang; Eric Marchioni; Minjie Zhao; Li Zhou; Haiyan Fu,Journal of Food Composition and Analysis,https://doi.org/10.1016/j.jfca.2025.107946,https://openalex.org/W4411404940
2025,Discrimination of Russula vinosa Lindblad from different origins by lipidomics analysis using UHPLC-HR-AM/MS/MS,"Dingkui Xiang, Yi Liu, Minjie Zhao et al. (n=7)",Dingkui Xiang; Yi Liu; Minjie Zhao; Yue Ma; Eric Marchioni; Heping Chen; Li Zhou,Journal of Food Composition and Analysis,https://doi.org/10.1016/j.jfca.2025.108387,https://openalex.org/W4414676332
2025,Unraveling the influence of lipids on aroma formation during microwave roasting of hazelnuts based on lipidomics,"Hongyu Jiang, Meichu Liu, Chunmao Lyu et al. (n=6)",Hongyu Jiang; Meichu Liu; Chunmao Lyu; Mingyuan Yang; Ziyi Huang; Chengsheng Li,Journal of Future Foods,https://doi.org/10.1016/j.jfutfo.2025.08.019,https://openalex.org/W4416197412
2025,Sample preparation optimization for metabolomics and lipid profiling from a single plasma and liver tissue based on NMR and UHPLC-MS,"Chenxi Wang, Yan Gao, Ruibing Chen et al. (n=4)",Chenxi Wang; Yan Gao; Ruibing Chen; Yuefen Lou,Journal of Pharmaceutical and Biomedical Analysis,https://doi.org/10.1016/j.jpba.2025.117173,https://openalex.org/W4414676984
2025,"Integrative mass spectrometry-driven multi-omics and single cell technologies in ankylosing spondylitis: insights into pathogenesis, biomarker discovery, and precision medicine","Yan Gao, Xinge Li, Fengting Luo et al. (n=5)",Yan Gao; Xinge Li; Fengting Luo; Ruibing Chen; Xiangyang Zhang,Journal of Translational Autoimmunity,https://doi.org/10.1016/j.jtauto.2025.100319,https://openalex.org/W4414517342
2025,Phenol Red Thread-based Sampling Procedure for Untargeted Tear Fluid Lipidomics in Biomarker Discovery,"Kenrick Kai-yuen Chan, Jimmy Sung-Hei Tse, Jimmy Ka-Wai Cheung et al. (n=10)",Kenrick Kai-yuen Chan; Jimmy Sung-Hei Tse; Jimmy Ka-Wai Cheung; Hang Li; HH Leung; W.S. Fred Wong; Pui-Seng Chan; Hang‐Kin Kong; Lei Zhou; Thomas Chuen Lam,Journal of Visualized Experiments,https://doi.org/10.3791/69474,https://openalex.org/W4417288329
2025,Molecular and trace metal signatures of pristine and anthropogenically altered mangrove sediments,"Zhe‐Xuan Zhang, Julian P. Sachs, Yao-Ping Wang et al. (n=6)",Zhe‐Xuan Zhang; Julian P. Sachs; Yao-Ping Wang; Zhao Liang Chen; Arnaud Huguet; Ding He,Marine Pollution Bulletin,https://doi.org/10.1016/j.marpolbul.2025.118309,https://openalex.org/W4411473502
2025,Untargeted lipidomics profiling provides novel insights into pediatric patients with sepsis: an exploratory study,"Reyihangu Awuti, Jiayi Bai, Ye Cheng et al. (n=15)",Reyihangu Awuti; Jiayi Bai; Ye Cheng; Weili Yang; Zimei Cheng; Hetian Zhou; Guoyun Su; Kexin Wang; Yaodong Wang; Tingyan Liu; Ying Liu; Weiming Chen; Hehe Chen; Guoping Lu; Caiyan Zhang,Metabolomics,https://doi.org/10.1007/s11306-025-02255-x,https://openalex.org/W4409791211
2025,Diagnostic screening of COVID-19 based on multiomics data by high-resolution mass spectrometry (MALDI (+)-TOF MS and ESI(±)-Orbitrap MS),"Camila Medeiros de Almeida, Larissa C. Motta, Gabriely S. Folli et al. (n=14)",Camila Medeiros de Almeida; Larissa C. Motta; Gabriely S. Folli; Juliana de Mello do Carmo; Andréa Rodrigues Chaves; José Brango‐Vanegas; Rosiane Andrade da Costa; Octávio Luiz Franco; Frederico Garcia Pinto; Denise Coutinho Endringer; Paulo R. Filgueiras; Valério Garrone Baraúna; José Geraldo Mill; Wanderson Romão,Metabolomics,https://doi.org/10.1007/s11306-025-02299-z,https://openalex.org/W4411764208
2025,#1835 Glomerulonephritis-induced changes in epithelial lipid composition reveal a signature of prominent proximal tubules metabolic switch,"Lucia Martin Saiz, C. Zabala Sierra, Léa Resmini et al. (n=10)",Lucia Martin Saiz; C. Zabala Sierra; Léa Resmini; Ibai Calvo; Marion Rabant; Alexandre Karras; Olivia Lenoir; Olatz Fresnedo; José A. Fernández; Pierre‐Louis Tharaux,Nephrology Dialysis Transplantation,https://doi.org/10.1093/ndt/gfaf116.023,https://openalex.org/W4415426279
2025,Discovery of the pharmacodynamic material basis of Danggui Buxue Decoction in the treatment of diabetic kidney disease based on lipidomics regulation,"Xu Wang, Jing Liu, Tingting Liu et al. (n=8)",Xu Wang; Jing Liu; Tingting Liu; Fang Cheng; Lin Ding; Qiyao Li; Ke Yang; Xiuhong Wu,Phytomedicine,https://doi.org/10.1016/j.phymed.2025.156643,https://openalex.org/W4408763047
2025,GRAMO_FAT,"GUITTON, Yann, Axel, RAUX","GUITTON, Yann; Axel, RAUX",Recherche Data Gouv France,https://doi.org/10.57745/hjqmbm,https://openalex.org/W7115587790
2025,Untargeted Lipidomics Profiling Provides Novel Insights into Pediatric Patients with Sepsis: An Exploratory Study,"Reyihangu Awuti, Jiayi Bai, Ye Cheng et al. (n=15)",Reyihangu Awuti; Jiayi Bai; Ye Cheng; Weili Yang; Zimei Cheng; Hetian Zhou; Guoyun Su; Kexin Wang; Yaodong Wang; Tingyan Liu; Ying Liu; Weiming Chen; Hehe Chen; Guoping Lu; Caiyan Zhang,Research Square,https://doi.org/10.21203/rs.3.rs-6040682/v1,https://openalex.org/W4407740937
2025,"High-Resolution Lipidomics for Decoding Soil Biome: Improved Lipid Annotation, Quantitation, and Response to Climate Stress","Rahul Samrat, Erika Salas, Lucia Fuchslueger et al. (n=8)",Rahul Samrat; Erika Salas; Lucia Fuchslueger; Hannes Schmidt; Markus Gorfer; Michael Schagerl; Stephanie A. Eichorst; Wolfgang Wanek,SSRN Electronic Journal,https://doi.org/10.2139/ssrn.5209628,https://openalex.org/W4409242947
