year,title,authors_short,all_authors,journal,doi,openalex_id
2000,Quantitative Capability of Electrospray Ionization Fourier Transform Ion Cyclotron Resonance Mass Spectrometry for a Complex Mixture,"Keiko Miyabayashi, Yasuhide Naito, Mikio Miyake et al. (n=4)",Keiko Miyabayashi; Yasuhide Naito; Mikio Miyake; Kazuo Tsujimoto,European Journal of Mass Spectrometry,https://doi.org/10.1255/ejms.346,https://openalex.org/W2012198277
2000,00/00081 Operating conditions for oil shale thermogravimetry,,,Fuel and Energy Abstracts,https://doi.org/10.1016/s0140-6701(00)94876-8,https://openalex.org/W4229720660
2000,Complex samples: how well do we understand their complexity?,Andrei R. Timerbaev,Andrei R. Timerbaev,Talanta,https://doi.org/10.1016/s0039-9140(00)00486-0,https://openalex.org/W2093405149
2001,Kendrick Mass Defect Spectrum:  A Compact Visual Analysis for Ultrahigh-Resolution Broadband Mass Spectra,"Christine A. Hughey, Christopher L. Hendrickson, Ryan P. Rodgers et al. (n=5)",Christine A. Hughey; Christopher L. Hendrickson; Ryan P. Rodgers; Alan G. Marshall; Kuangnan Qian,Analytical Chemistry,https://doi.org/10.1021/ac010560w,https://openalex.org/W1963761986
2001,Molecular characterization of petroporphyrins in crude oil by electrospray ionization Fourier transform ion cyclotron resonance mass spectrometry,"Ryan P. Rodgers, Christopher L. Hendrickson, Mark R. Emmett et al. (n=6)",Ryan P. Rodgers; Christopher L. Hendrickson; Mark R. Emmett; Alan G. Marshall; Mark A. Greaney; Kuangnan Qian,Canadian Journal of Chemistry,https://doi.org/10.1139/v00-153,https://openalex.org/W2027914267
2001,Molecular characterization of petroporphyrins in crude oil by electrospray ionization Fourier transform ion cyclotron resonance mass spectrometry,"Ryan P. Rodgers, Christopher L. Hendrickson, Mark R. Emmett et al. (n=6)",Ryan P. Rodgers; Christopher L. Hendrickson; Mark R. Emmett; Alan G. Marshall; Mark A. Greaney; Kuangnan Qian,Canadian Journal of Chemistry,https://doi.org/10.1139/cjc-79-5-6-546,https://openalex.org/W4241651829
2001,Resolution and Identification of Elemental Compositions for More than 3000 Crude Acids in Heavy Petroleum by Negative-Ion Microelectrospray High-Field Fourier Transform Ion Cyclotron Resonance Mass Spectrometry,"Kuangnan Qian, Winston K. Robbins, Christine A. Hughey et al. (n=6)",Kuangnan Qian; Winston K. Robbins; Christine A. Hughey; Helen J. Cooper; Ryan P. Rodgers; Alan G. Marshall,Energy & Fuels,https://doi.org/10.1021/ef010111z,https://openalex.org/W2075737410
2001,Reading Chemical Fine Print:  Resolution and Identification of 3000 Nitrogen-Containing Aromatic Compounds from a Single Electrospray Ionization Fourier Transform Ion Cyclotron Resonance Mass Spectrum of Heavy Petroleum Crude Oil,"Kuangnan Qian, Ryan P. Rodgers, Christopher L. Hendrickson et al. (n=5)",Kuangnan Qian; Ryan P. Rodgers; Christopher L. Hendrickson; Mark R. Emmett; Alan G. Marshall,Energy & Fuels,https://doi.org/10.1021/ef000255y,https://openalex.org/W1985434890
2002,Resolution of 11 000 Compositionally Distinct Components in a Single Electrospray Ionization Fourier Transform Ion Cyclotron Resonance Mass Spectrum of Crude Oil,"Christine A. Hughey, Ryan P. Rodgers, Alan G. Marshall",Christine A. Hughey; Ryan P. Rodgers; Alan G. Marshall,Analytical Chemistry,https://doi.org/10.1021/ac020146b,https://openalex.org/W2059164480
2002,"Faculty Opinions recommendation of Resolution of 11,000 compositionally distinct components in a single electrospray ionization Fourier transform ion cyclotron resonance mass spectrum of crude oil.",Oliver Fiehn,Oliver Fiehn,Faculty Opinions – Post-Publication Peer Review of the Biomedical Literature,https://doi.org/10.3410/f.1009861.137207,https://openalex.org/W4247286808
2002,Identification of acidic NSO compounds in crude oils of different geochemical origins by negative ion electrospray Fourier transform ion cyclotron resonance mass spectrometry,"Christine A. Hughey, Ryan P. Rodgers, Alan G. Marshall et al. (n=5)",Christine A. Hughey; Ryan P. Rodgers; Alan G. Marshall; Kuangnan Qian; Winston K. Robbins,Organic Geochemistry,https://doi.org/10.1016/s0146-6380(02)00038-4,https://openalex.org/W2073985067
2003,Petroleomics:  The Next Grand Challenge for Chemical Analysis,"Alan G. Marshall, Ryan P. Rodgers",Alan G. Marshall; Ryan P. Rodgers,Accounts of Chemical Research,https://doi.org/10.1021/ar020177t,https://openalex.org/W2160823536
2003,High-Resolution Field Desorption/Ionization Fourier Transform Ion Cyclotron Resonance Mass Analysis of Nonpolar Molecules,"Tanner Schaub, Christopher L. Hendrickson, Kuangnan Qian et al. (n=5)",Tanner Schaub; Christopher L. Hendrickson; Kuangnan Qian; John Quinn; Alan G. Marshall,Analytical Chemistry,https://doi.org/10.1021/ac020627v,https://openalex.org/W2006323166
2003,Determination of the Nature of Naphthenic Acids Present in Crude Oils Using Nanospray Fourier Transform Ion Cyclotron Resonance Mass Spectrometry:  The Continued Battle Against Corrosion,"Mark P. Barrow, Liam A. McDonnell, Xidong Feng et al. (n=5)",Mark P. Barrow; Liam A. McDonnell; Xidong Feng; J. Walker; Peter J. Derrick,Analytical Chemistry,https://doi.org/10.1021/ac020388b,https://openalex.org/W2075936577
2004,"CHARACTERIZATION OF HEAVY, BIODEGRADED CRUDE OILS BY HIGH RESOLUTION ESI FT-ICR MASS SPECTROMETRY","Ryan P. Rodgers, Geoffrey C. Klein, Lateefah A. Stanford et al. (n=5)",Ryan P. Rodgers; Geoffrey C. Klein; Lateefah A. Stanford; Sunghwan Kim; Alan G. Marshall,,,https://openalex.org/W2556938395
2004,Two- and Three-Dimensional van Krevelen Diagrams:  A Graphical Analysis Complementary to the Kendrick Mass Plot for Sorting Elemental Compositions of Complex Organic Mixtures Based on Ultrahigh-Resolution Broadband Fourier Transform Ion Cyclotron Resonance Mass Measurements,"Zhigang Wu, Ryan P. Rodgers, Alan G. Marshall",Zhigang Wu; Ryan P. Rodgers; Alan G. Marshall,Analytical Chemistry,https://doi.org/10.1021/ac0355449,https://openalex.org/W2049288655
2004,Compositional Determination of Acidic Species in Illinois No. 6 Coal Extracts by Electrospray Ionization Fourier Transform Ion Cyclotron Resonance Mass Spectrometry,"Zhigang Wu, Ryan P. Rodgers, Alan G. Marshall",Zhigang Wu; Ryan P. Rodgers; Alan G. Marshall,Energy & Fuels,https://doi.org/10.1021/ef049933x,https://openalex.org/W2087334221
2005,Instrumentation and Method for Ultrahigh Resolution Field Desorption Ionization Fourier Transform Ion Cyclotron Resonance Mass Spectrometry of Nonpolar Species,"Tanner Schaub, Christopher L. Hendrickson, John Quinn et al. (n=5)",Tanner Schaub; Christopher L. Hendrickson; John Quinn; Ryan P. Rodgers; Alan G. Marshall,Analytical Chemistry,https://doi.org/10.1021/ac048766v,https://openalex.org/W2026700661
2005,Petroleomics: Applications in the Fingerprinting of the Acidic and Basic Crude Oil Components Detected by Electrospray Ionization Fourier Transform Ion Cyclotron Resonance Mass Spectrometry,,,DigiNole (Florida State University),,https://openalex.org/W7113251827
2005,"Laser-induced acoustic desorption/Fourier transform ion cyclotron resonance mass spectrometry and its application to peptide, hydrocarbon polymer and petroleum analysis",Kenroy E. Crawford,Kenroy E. Crawford,Purdue e-Pubs (Purdue University System),,https://openalex.org/W1508835442
2006,Advanced Evaluation of Crude Compositions for Optimum Corrosion Resistance and Processing Capabilities,"Ryan P. Rodgers, Parviz Rahimi, Barry Messer et al. (n=5)",Ryan P. Rodgers; Parviz Rahimi; Barry Messer; Terry Phillips; Alan Marshall,,https://doi.org/10.5006/c2006-06582,https://openalex.org/W318952464
2006,Atmospheric Pressure Photoionization Fourier Transform Ion Cyclotron Resonance Mass Spectrometry for Complex Mixture Analysis,"Jeremiah M. Purcell, Christopher L. Hendrickson, Ryan P. Rodgers et al. (n=4)",Jeremiah M. Purcell; Christopher L. Hendrickson; Ryan P. Rodgers; Alan G. Marshall,Analytical Chemistry,https://doi.org/10.1021/ac060754h,https://openalex.org/W2017604853
2006,APPLICATION OF FTICR MASS SPECTROMETRY FOR THE IDENTIFICATION OF POLAR COMPOUNDS IN ITALIAN CRUDE OIL,"Laura Scrano, Moritz Frommberger, Filomena Lelario et al. (n=5)",Laura Scrano; Moritz Frommberger; Filomena Lelario; Philippe Schmitt Kopplin; Sabino Aurelio Bufo,CINECA IRIS Institutional Research Information System (University of Basilicata),,https://openalex.org/W2804069294
2006,Characterization of Naturally Occurring Surface- and Interface-Active Molecules in Petrochemicals by Fourier Transform Ion Cyclotron Resonance Mass Spectrometry,,,DigiNole (Florida State University),,https://openalex.org/W7111655112
2006,Mass Spectral Analysis of Asphaltenes. II. Detailed Compositional Comparison of Asphaltenes Deposit to Its Crude Oil Counterpart for Two Geographically Different Crude Oils by ESI FT-ICR MS,"Geoffrey C. Klein, Sunghwan Kim, Ryan P. Rodgers et al. (n=5)",Geoffrey C. Klein; Sunghwan Kim; Ryan P. Rodgers; Alan G. Marshall; Andrew Yen,Energy & Fuels,https://doi.org/10.1021/ef0600208,https://openalex.org/W2067566877
2006,Use of Saturates/Aromatics/Resins/Asphaltenes (SARA) Fractionation To Determine Matrix Effects in Crude Oil Analysis by Electrospray Ionization Fourier Transform Ion Cyclotron Resonance Mass Spectrometry,"Geoffrey C. Klein, Annelie Angström, Ryan P. Rodgers et al. (n=4)",Geoffrey C. Klein; Annelie Angström; Ryan P. Rodgers; Alan G. Marshall,Energy & Fuels,https://doi.org/10.1021/ef050353p,https://openalex.org/W2073896201
2006,Structural Characterization and Interfacial Behavior of Acidic Compounds Extracted from a North Sea Oil,"Pål V. Hemmingsen, Sunghwan Kim, H Pettersen et al. (n=6)",Pål V. Hemmingsen; Sunghwan Kim; H Pettersen; Ryan P. Rodgers; Johan Sjöblom; Alan G. Marshall,Energy & Fuels,https://doi.org/10.1021/ef0504321,https://openalex.org/W2080593839
2006,Self-Association of Organic Acids in Petroleum and Canadian Bitumen Characterized by Low- and High-Resolution Mass Spectrometry,"Donald F. Smith, Tanner Schaub, Parviz Rahimi et al. (n=6)",Donald F. Smith; Tanner Schaub; Parviz Rahimi; Alem Teclemariam; Ryan P. Rodgers; Alan G. Marshall,Energy & Fuels,https://doi.org/10.1021/ef060387c,https://openalex.org/W2089395119
2006,Comparison of the Composition of Russian and North Sea Crude Oils and Their Eight Distillation Fractions Studied by Negative-Ion Electrospray Ionization Fourier Transform Ion Cyclotron Resonance Mass Spectrometry:  The Effect of Suppression,"Marjo J. Teräväinen, Jaana M. H. Pakarinen, Kim Wickström et al. (n=4)",Marjo J. Teräväinen; Jaana M. H. Pakarinen; Kim Wickström; Pirjo Vainiotalo,Energy & Fuels,https://doi.org/10.1021/ef060294v,https://openalex.org/W2037221385
2006,Oil Reservoir Characterization via Crude Oil Analysis by Downhole Fluid Analysis in Oil Wells with Visible−Near-Infrared Spectroscopy and by Laboratory Analysis with Electrospray Ionization Fourier Transform Ion Cyclotron Resonance Mass Spectrometry,"Oliver C. Mullins, Ryan P. Rodgers, Peter Weinheber et al. (n=7)",Oliver C. Mullins; Ryan P. Rodgers; Peter Weinheber; Geoffrey C. Klein; Lalitha Venkataramanan; A. Ballard Andrews; Alan G. Marshall,Energy & Fuels,https://doi.org/10.1021/ef060189l,https://openalex.org/W2071086134
2006,Mass Spectral Analysis of Asphaltenes. I. Compositional Differences between Pressure-Drop and Solvent-Drop Asphaltenes Determined by Electrospray Ionization Fourier Transform Ion Cyclotron Resonance Mass Spectrometry,"Geoffrey C. Klein, Sunghwan Kim, Ryan P. Rodgers et al. (n=6)",Geoffrey C. Klein; Sunghwan Kim; Ryan P. Rodgers; Alan G. Marshall; Andrew Yen; Sam Asomaning,Energy & Fuels,https://doi.org/10.1021/ef0600199,https://openalex.org/W2087494431
2006,Identification of hydrotreatment-resistant heteroatomic species in a crude oil distillation cut by electrospray ionization FT-ICR mass spectrometry,"Geoffrey C. Klein, Ryan P. Rodgers, Alan G. Marshall",Geoffrey C. Klein; Ryan P. Rodgers; Alan G. Marshall,Fuel,https://doi.org/10.1016/j.fuel.2006.04.004,https://openalex.org/W2021868005
2006,Detailed compositional comparison of acidic NSO compounds in biodegraded reservoir and surface crude oils by negative ion electrospray Fourier transform ion cyclotron resonance mass spectrometry,"Christine A. Hughey, Samantha A. Galasso, John E. Zumberge",Christine A. Hughey; Samantha A. Galasso; John E. Zumberge,Fuel,https://doi.org/10.1016/j.fuel.2006.08.029,https://openalex.org/W2143885521
2006,Truly “exact” mass: Elemental composition can be determined uniquely from molecular mass measurement at ∼0.1mDa accuracy for molecules up to ∼500Da,"Sunghwan Kim, Ryan P. Rodgers, Alan G. Marshall",Sunghwan Kim; Ryan P. Rodgers; Alan G. Marshall,International Journal of Mass Spectrometry,https://doi.org/10.1016/j.ijms.2006.02.001,https://openalex.org/W2166253531
2007,Petroleomics: Advanced Characterization of Petroleum-Derived Materials by Fourier Transform Ion Cyclotron Resonance Mass Spectrometry (FT-ICR MS),"Ryan P. Rodgers, Alan G. Marshall",Ryan P. Rodgers; Alan G. Marshall,,https://doi.org/10.1007/0-387-68903-6_3,https://openalex.org/W2236260645
2007,Petroleomics applications of Fourier transform ion cyclotron resonance mass spectrometry: Crude oil and bitumen analysis,Donald F. Smith,Donald F. Smith,,,https://openalex.org/W1515148633
2007,Petroleomics Applications of Fourier Transform Ion Cyclotron Resonance Mass Spectrometry,Donald F. Smith,Donald F. Smith,,,https://openalex.org/W2526819590
2007,Mass-spectrometric analysis of complex volatile and nonvolatile crude oil components: a challenge,"Saroj K. Panda, Jan T. Andersson, Wolfgang Schräder",Saroj K. Panda; Jan T. Andersson; Wolfgang Schräder,Analytical and Bioanalytical Chemistry,https://doi.org/10.1007/s00216-007-1583-6,https://openalex.org/W1986937267
2007,Petroleomics Applications of Fourier Transform Ion Cyclotron Resonance Mass Spectrometry: Crude Oil and Bitumen Analysis,,,DigiNole (Florida State University),,https://openalex.org/W7113512401
2007,Petroleum Analysis by Atmospheric Pressure Photoionization Fourier Transform Ion Cyclotron Resonance Mass Spectrometry,,,DigiNole (Florida State University),,https://openalex.org/W7113511868
2007,Sulfur Speciation in Petroleum:  Atmospheric Pressure Photoionization or Chemical Derivatization and Electrospray Ionization Fourier Transform Ion Cyclotron Resonance Mass Spectrometry,"Jeremiah M. Purcell, Priyanka Juyal, Do‐Gyun Kim et al. (n=6)",Jeremiah M. Purcell; Priyanka Juyal; Do‐Gyun Kim; Ryan P. Rodgers; Christopher L. Hendrickson; Alan G. Marshall,Energy & Fuels,https://doi.org/10.1021/ef700210q,https://openalex.org/W1966509748
2007,Distribution of Polycyclic Aromatic Sulfur Heterocycles in Three Saudi Arabian Crude Oils as Determined by Fourier Transform Ion Cyclotron Resonance Mass Spectrometry,"Saroj K. Panda, Wolfgang Schräder, Adnan A. Al-Hajji et al. (n=4)",Saroj K. Panda; Wolfgang Schräder; Adnan A. Al-Hajji; Jan T. Andersson,Energy & Fuels,https://doi.org/10.1021/ef060511s,https://openalex.org/W2068456707
2007,Compositional Characterization of Bitumen/Water Emulsion Films by Negative- and Positive-Ion Electrospray Ionization and Field Desorption/Ionization Fourier Transform Ion Cyclotron Resonance Mass Spectrometry,"Lateefah A. Stanford, Ryan P. Rodgers, Alan G. Marshall et al. (n=5)",Lateefah A. Stanford; Ryan P. Rodgers; Alan G. Marshall; Jan Czarnecki; Xin A. Wu,Energy & Fuels,https://doi.org/10.1021/ef060291i,https://openalex.org/W1992704315
2007,"Identification of Water-Soluble Heavy Crude Oil Organic-Acids, Bases, and Neutrals by Electrospray Ionization and Field Desorption Ionization Fourier Transform Ion Cyclotron Resonance Mass Spectrometry","Lateefah A. Stanford, Sunghwan Kim, Geoffrey C. Klein et al. (n=6)",Lateefah A. Stanford; Sunghwan Kim; Geoffrey C. Klein; Donald F. Smith; Ryan P. Rodgers; Alan G. Marshall,Environmental Science & Technology,https://doi.org/10.1021/es0624063,https://openalex.org/W2071552281
2007,Fourier Transform Ion Cyclotron Resonance: State of the Art,"Alan G. Marshall, Christopher L. Hendrickson, Mark R. Emmett et al. (n=6)",Alan G. Marshall; Christopher L. Hendrickson; Mark R. Emmett; Ryan P. Rodgers; Greg T. Blakney; Carol L. Nilsson,European Journal of Mass Spectrometry,https://doi.org/10.1255/ejms.846,https://openalex.org/W2073537468
2007,Characterization of the Chemical Properties of Crude Oils To Explain Observed Asphaltene Inhibitor Specificity,"Michael Squicciarini, Andrew Yen, Donald F. Smith et al. (n=6)",Michael Squicciarini; Andrew Yen; Donald F. Smith; Ryan P. Rodgers; Alan G. Marshall; Geoffrey C. Klein,International Symposium on Oilfield Chemistry,https://doi.org/10.2118/106209-ms,https://openalex.org/W1991184191
2007,Detailed Molecular Characterization of Naphthenic Acids in Liaohe Crude Oils by Negative Ion Electrospray Fourier Transform Ion Cyclotron Resonance Mass Spectrometry,Suoqi Zhao,Suoqi Zhao,Journal of Instrumental Analysis,,https://openalex.org/W2392300953
2007,Characterization of the Chemical Properties of Crude Oils To ExplainObserved Asphaltene Inhibitor Specificity,"Michael Squicciarini, Andrew Yen, Donald R. Smith et al. (n=6)",Michael Squicciarini; Andrew Yen; Donald R. Smith; Ryan P. Rodgers; Alan G. Marshall; Geoffrey C. Klein,Proceedings of International Symposium on Oilfield Chemistry,https://doi.org/10.2523/106209-ms,https://openalex.org/W4247689111
2008,Combining chip-ESI with APLI (cESILI) as a multimode source for analysis of complex mixtures with ultrahigh-resolution mass spectrometry,"Philippe Schmitt‐Kopplin, Matthias Englmann, Ramon Rosselló‐Móra et al. (n=7)",Philippe Schmitt‐Kopplin; Matthias Englmann; Ramon Rosselló‐Móra; Ralf Schiewek; Klaus J. Brockmann; Thorsten Benter; Oliver J. Schmitz,Analytical and Bioanalytical Chemistry,https://doi.org/10.1007/s00216-008-2211-9,https://openalex.org/W2028531314
2008,Fourier transform ion cyclotron resonance mass spectrometry in the speciation of high molecular weight sulfur heterocycles in vacuum gas oils of different boiling ranges,"Saroj K. Panda, Wolfgang Schräder, Jan T. Andersson",Saroj K. Panda; Wolfgang Schräder; Jan T. Andersson,Analytical and Bioanalytical Chemistry,https://doi.org/10.1007/s00216-008-2314-3,https://openalex.org/W2063783642
2008,Automated Liquid Injection Field Desorption/Ionization for Fourier Transform Ion Cyclotron Resonance Mass Spectrometry,"Donald F. Smith, Tanner Schaub, Ryan P. Rodgers et al. (n=5)",Donald F. Smith; Tanner Schaub; Ryan P. Rodgers; Christopher L. Hendrickson; Alan G. Marshall,Analytical Chemistry,https://doi.org/10.1021/ac801085r,https://openalex.org/W2053213413
2008,Crude Oil Polar Chemical Composition Derived from FT−ICR Mass Spectrometry Accounts for Asphaltene Inhibitor Specificity,"Donald F. Smith, Geoffrey C. Klein, Andrew Yen et al. (n=6)",Donald F. Smith; Geoffrey C. Klein; Andrew Yen; Michael P. Squicciarini; Ryan P. Rodgers; Alan G. Marshall,Energy & Fuels,https://doi.org/10.1021/ef800036a,https://openalex.org/W1969823586
2008,Nanoaggregates of Asphaltenes in a Reservoir Crude Oil and Reservoir Connectivity,"Soraya S. Betancourt, G. Todd Ventura, Andrew E. Pomerantz et al. (n=14)",Soraya S. Betancourt; G. Todd Ventura; Andrew E. Pomerantz; Oswaldo Viloria; Francois Dubost; Julian Y. Zuo; Gene Monson; Diane Bustamante; Jeremiah M. Purcell; Robert K. Nelson; Ryan P. Rodgers; Christopher M. Reddy; Alan G. Marshall; Oliver C. Mullins,Energy & Fuels,https://doi.org/10.1021/ef800598a,https://openalex.org/W2045765603
2008,Chemical Speciation of Calcium and Sodium Naphthenate Deposits by Electrospray Ionization FT-ICR Mass Spectrometry,"Mmilili M. Mapolelo, Lateefah A. Stanford, Ryan P. Rodgers et al. (n=7)",Mmilili M. Mapolelo; Lateefah A. Stanford; Ryan P. Rodgers; Andrew Yen; Justin D. Debord; Sam Asomaning; Alan G. Marshall,Energy & Fuels,https://doi.org/10.1021/ef800642b,https://openalex.org/W1963990833
2008,Stabilization of Water in Crude Oil Emulsions. Part 2,Jan Czarnecki,Jan Czarnecki,Energy & Fuels,https://doi.org/10.1021/ef800607u,https://openalex.org/W1981436432
2008,Limitations of Size-Exclusion Chromatography in Analyzing Petroleum Asphaltenes: A Proof by Atomic Force Microscopy,"Mahtab Behrouzi, Paul F. Luckham",Mahtab Behrouzi; Paul F. Luckham,Energy & Fuels,https://doi.org/10.1021/ef800064q,https://openalex.org/W1969944549
2008,Role of Naphthenic Acids in Emulsion Tightness for a Low Total Acid Number (TAN)/High Asphaltenes Oil: Characterization of the Interfacial Chemistry,"Hendrik Müller, Vincent Pauchard, Adnan A. Hajji",Hendrik Müller; Vincent Pauchard; Adnan A. Hajji,Energy & Fuels,https://doi.org/10.1021/ef800620e,https://openalex.org/W2038059198
2008,Automated electrospray ionization FT-ICR mass spectrometry for petroleum analysis,"Sunghwan Kim, Ryan P. Rodgers, Greg T. Blakney et al. (n=5)",Sunghwan Kim; Ryan P. Rodgers; Greg T. Blakney; Christopher L. Hendrickson; Alan G. Marshall,Journal of the American Society for Mass Spectrometry,https://doi.org/10.1016/j.jasms.2008.10.001,https://openalex.org/W1992702396
2008,Characterization of heavy oil by Fourier transform ion cyclotron resonance mass spectrometry,Keiko Miyabayashi,Keiko Miyabayashi,Medical Entomology and Zoology,,https://openalex.org/W2336477161
2008,Fourier transform ion cyclotron resonance mass spectrometry and liquid chromatography: An analytical approach to analyze nonvolatile components from complex crude oil mixtures,"Wolfgang Schräder, Saroj K. Panda, Kishore Srapada et al. (n=4)",Wolfgang Schräder; Saroj K. Panda; Kishore Srapada; Jan T. Andersson,MPG.PuRe (Max Planck Society),,https://openalex.org/W3092905428
2008,Characterization of heavy sulfur aromatic compounds in petroleum fractions,"Jan T. Andersson, Ansgar Japes, Saroj K. Panda et al. (n=4)",Jan T. Andersson; Ansgar Japes; Saroj K. Panda; Wolfgang Schräder,MPG.PuRe (Max Planck Society),,https://openalex.org/W3103893632
2008,Characterization of Nitrogen and Sulfur Compounds in Hydrocracking Feedstocks by Fourier Transform Ion Cyclotron Mass Spectrometry,"Adnan A. Al-Hajji, Hendrik Müller, Omer Refa Koseoglu",Adnan A. Al-Hajji; Hendrik Müller; Omer Refa Koseoglu,Oil & Gas Science and Technology – Revue d’IFP Energies nouvelles,https://doi.org/10.2516/ogst:2008001,https://openalex.org/W2110533511
2008,Petroleomics: Chemistry of the underworld,"Alan G. Marshall, Ryan P. Rodgers",Alan G. Marshall; Ryan P. Rodgers,Proceedings of the National Academy of Sciences,https://doi.org/10.1073/pnas.0805069105,https://openalex.org/W2009212043
2008,Structural elucidation of organic molecules and analysis of petroleum fractions via ion -molecule reactions in a Fourier transform ion cyclotron resonance (FT-ICR) mass spectrometer,Penggao Duan,Penggao Duan,Purdue e-Pubs (Purdue University System),,https://openalex.org/W1550371297
2008,"Naphthenic acids as indicators of crude oil biodegradation in soil, based on semi‐quantitative electrospray ionization Fourier transform ion cyclotron resonance mass spectrometry","Christine A. Hughey, Carina S. Minardi, Samantha A. Galasso‐Roth et al. (n=8)",Christine A. Hughey; Carina S. Minardi; Samantha A. Galasso‐Roth; George B. Paspalof; Mmilili M. Mapolelo; Ryan P. Rodgers; Alan G. Marshall; Daniel Ruderman,Rapid Communications in Mass Spectrometry,https://doi.org/10.1002/rcm.3813,https://openalex.org/W2064409728
2008,Observation of vanadyl porphyrins and sulfur‐containing vanadyl porphyrins in a petroleum asphaltene by atmospheric pressure photonionization Fourier transform ion cyclotron resonance mass spectrometry,"Kuangnan Qian, Anthony S. Mennito, Kathleen Edwards et al. (n=4)",Kuangnan Qian; Anthony S. Mennito; Kathleen Edwards; Dave T. Ferrughelli,Rapid Communications in Mass Spectrometry,https://doi.org/10.1002/rcm.3600,https://openalex.org/W2018806571
2008,Characterization of non-polar aromatic hydrocarbons in crude oil using atmospheric pressure laser ionization and Fourier transform ion cyclotron resonance mass spectrometry (APLI FT-ICR MS),"Wolfgang Schräder, Saroj K. Panda, Klaus J. Brockmann et al. (n=4)",Wolfgang Schräder; Saroj K. Panda; Klaus J. Brockmann; Thorsten Benter,The Analyst,https://doi.org/10.1039/b801031e,https://openalex.org/W2004240998
2008,Fourier Transform Ion Cyclotron Resonance Mass Spectrometry and Its Application in Petroleum Analysis,Dujie Hou,Dujie Hou,Zhipu xuebao,,https://openalex.org/W2380238626
2009,Detailed characterization of heavy crude oils and asphaltenes by ultrahigh resolution Fourier transform ion cyclotron resonance mass spectrometry,Amy M. McKenna,Amy M. McKenna,,,https://openalex.org/W1562034617
2009,Microchip Atmospheric Pressure Photoionization for Analysis of Petroleum by Fourier Transform Ion Cyclotron Resonance Mass Spectrometry,"Markus Haapala, Jeremiah M. Purcell, Ville Saarela et al. (n=9)",Markus Haapala; Jeremiah M. Purcell; Ville Saarela; Sami Franssila; Ryan P. Rodgers; Christopher L. Hendrickson; Tapio Kotiaho; Alan G. Marshall; Risto Kostiainen,Analytical Chemistry,https://doi.org/10.1021/ac802427m,https://openalex.org/W1989237022
2009,Petroleum Crude Oil Characterization by IMS-MS and FTICR MS,"Francisco Fernández-Lima, Christopher H. Becker, Amy M. McKenna et al. (n=6)",Francisco Fernández-Lima; Christopher H. Becker; Amy M. McKenna; Ryan P. Rodgers; Alan G. Marshall; David H. Russell,Analytical Chemistry,https://doi.org/10.1021/ac901594f,https://openalex.org/W2060484862
2009,"Combination of Statistical Methods and Fourier Transform Ion Cyclotron Resonance Mass Spectrometry for More Comprehensive, Molecular-Level Interpretations of Petroleum Samples","Manhoi Hur, Injoon Yeo, Eunsuk Park et al. (n=9)",Manhoi Hur; Injoon Yeo; Eunsuk Park; Young Hwan Kim; Jong‐Shin Yoo; Eunkyoung Kim; Myoung-han No; Jaesuk Koh; Sunghwan Kim,Analytical Chemistry,https://doi.org/10.1021/ac901748c,https://openalex.org/W1967002369
2009,"Enrichment, Resolution, and Identification of Nickel Porphyrins in Petroleum Asphaltene by Cyclograph Separation and Atmospheric Pressure Photoionization Fourier Transform Ion Cyclotron Resonance Mass Spectrometry","Kuangnan Qian, Kathleen Edwards, Anthony S. Mennito et al. (n=5)",Kuangnan Qian; Kathleen Edwards; Anthony S. Mennito; Clifford C. Walters; J. Douglas Kushnerick,Analytical Chemistry,https://doi.org/10.1021/ac902367n,https://openalex.org/W2074625217
2009,Characterization of Heavy Oil by FT-ICR MS Coupled with Various Ionization Techniques,"Keiko Miyabayashi, Yasuhide Naito, Mikio Miyake",Keiko Miyabayashi; Yasuhide Naito; Mikio Miyake,Bulletin of The Japan Petroleum Institute,,https://openalex.org/W3083128605
2009,Identification of Vanadyl Porphyrins in a Heavy Crude Oil and Raw Asphaltene by Atmospheric Pressure Photoionization Fourier Transform Ion Cyclotron Resonance (FT-ICR) Mass Spectrometry,"Amy M. McKenna, Jeremiah M. Purcell, Ryan P. Rodgers et al. (n=4)",Amy M. McKenna; Jeremiah M. Purcell; Ryan P. Rodgers; Alan G. Marshall,Energy & Fuels,https://doi.org/10.1021/ef800999e,https://openalex.org/W1986222854
2009,Investigation of Asphaltene Chemical Structural Modification Induced by Thermal Treatments,"Stefano Chiaberge, Gianfranco Guglielmetti, Luciano Montanari et al. (n=7)",Stefano Chiaberge; Gianfranco Guglielmetti; Luciano Montanari; Mario Salvalaggio; Luciano Santolini; Silvia Spera; Pietro Cesti,Energy & Fuels,https://doi.org/10.1021/ef900206n,https://openalex.org/W1980951403
2009,Stepwise Structural Characterization of Asphaltenes during Deep Hydroconversion Processes Determined by Atmospheric Pressure Photoionization (APPI) Fourier Transform Ion Cyclotron Resonance (FT-ICR) Mass Spectrometry,"Jeremiah M. Purcell, Isabelle Merdrignac, Ryan P. Rodgers et al. (n=6)",Jeremiah M. Purcell; Isabelle Merdrignac; Ryan P. Rodgers; Alan G. Marshall; Thierry Gauthier; Isabelle Guibard,Energy & Fuels,https://doi.org/10.1021/ef900897a,https://openalex.org/W2092839469
2009,Compositional Variations between Precipitated and Organic Solid Deposition Control (OSDC) Asphaltenes and the Effect of Inhibitors on Deposition by Electrospray Ionization Fourier Transform Ion Cyclotron Resonance (FT-ICR) Mass Spectrometry,"Priyanka Juyal, Andrew Yen, Ryan P. Rodgers et al. (n=6)",Priyanka Juyal; Andrew Yen; Ryan P. Rodgers; Stephan J. Allenson; Jianxin Wang; Jefferson L. Creek,Energy & Fuels,https://doi.org/10.1021/ef900959r,https://openalex.org/W2040537051
2009,Analysis of Recalcitrant Hexahydrodibenzothiophenes in Petroleum Products Using a Simple Fractionation Process,"Ansgar Japes, Markus Penassa, Jan T. Andersson",Ansgar Japes; Markus Penassa; Jan T. Andersson,Energy & Fuels,https://doi.org/10.1021/ef8010228,https://openalex.org/W2094178686
2009,Characterization of Naphthenic Acid Singly Charged Noncovalent Dimers and Their Dependence on the Accumulation Time within a Hexapole in Fourier Transform Ion Cyclotron Resonance Mass Spectrometry,"Raffaello Da Campo, Mark P. Barrow, Andrew G. Shepherd et al. (n=5)",Raffaello Da Campo; Mark P. Barrow; Andrew G. Shepherd; Malcolm Salisbury; Peter J. Derrick,Energy & Fuels,https://doi.org/10.1021/ef900594d,https://openalex.org/W1968058369
2009,Compositional Study of Polar Species in Untreated and Hydrotreated Gas Oil Samples by Electrospray Ionization Fourier Transform Ion Cyclotron Resonance Mass Spectrometry (ESI FTICR−MS),"Timo Kekäläinen, Jaana M. H. Pakarinen, Kim Wickström et al. (n=4)",Timo Kekäläinen; Jaana M. H. Pakarinen; Kim Wickström; Pirjo Vainiotalo,Energy & Fuels,https://doi.org/10.1021/ef9007592,https://openalex.org/W2051070575
2009,Analysis of Asphaltenes and Asphaltene Model Compounds by Laser-Induced Acoustic Desorption/Fourier Transform Ion Cyclotron Resonance Mass Spectrometry,"David S. Pinkston, Penggao Duan, Vanessa A. Gallardo et al. (n=9)",David S. Pinkston; Penggao Duan; Vanessa A. Gallardo; Steven C. Habicht; Xiaoli Tan; Kuangnan Qian; Murray R. Gray; K. Müllen; Hilkka I. Kenttämaa,Energy & Fuels,https://doi.org/10.1021/ef9006005,https://openalex.org/W2019755902
2009,Characterization of Heavy Oil by FT-ICR MS Coupled with Various Ionization Techniques,"Keiko Miyabayashi, Yasuhide Naito, Mikio Miyake",Keiko Miyabayashi; Yasuhide Naito; Mikio Miyake,Journal of the Japan Petroleum Institute,https://doi.org/10.1627/jpi.52.159,https://openalex.org/W637086388
2009,Molecular mass ranges of coal tar pitch fractions by mass spectrometry and size‐exclusion chromatography,"Fatma Karaca, Trevor Morgan, Anthe George et al. (n=7)",Fatma Karaca; Trevor Morgan; Anthe George; Ian D. Bull; Alan A. Herod; Marcos Millán; Rafael Kandiyoti,Rapid Communications in Mass Spectrometry,https://doi.org/10.1002/rcm.4104,https://openalex.org/W2005017849
2009,Development of Fourier Transform-Ion Cyclotron Resonance Mass Spectrometry Protocol for the Analysis of Asphaltene Field Samples and Solubility Fractions,"Wolfgang Schräder, Saroj K. Panda, Jan T. Andersson et al. (n=6)",Wolfgang Schräder; Saroj K. Panda; Jan T. Andersson; Matthew H. Salisbury; Mark Grutters; Andrew G. Shepherd,SPE International Symposium on Oilfield Chemistry,https://doi.org/10.2118/121670-ms,https://openalex.org/W2033674643
2010,CORROSION OF ACID CRUDE OILS AFTER THERMAL TREATMENT,Yingrong Liu,Yingrong Liu,Acta Petrolei Sinica(Petroleum Processing Section),,https://openalex.org/W2380920381
2010,Formation mechanism analysis of Sudan high acidity oils by electrospray ionization fourier transform ion cyclotron resonance mass spectrometry,Cheng Ding,Cheng Ding,Acta Petrologica Sinica,,https://openalex.org/W2371749915
2010,Petroleomics by EASI(±) FT-ICR MS,"Yuri Corilo, Boniek G. Vaz, Rosineide C. Simas et al. (n=10)",Yuri Corilo; Boniek G. Vaz; Rosineide C. Simas; Heliara D. Lopes Nascimento; Clécio F. Klitzke; Rosana C. L. Pereira; Wagner L. Bastos; Eugênio V. Santos Neto; Ryan P. Rodgers; Marcos N. Eberlin,Analytical Chemistry,https://doi.org/10.1021/ac100673v,https://openalex.org/W2041570745
2010,Tholinomics—Chemical Analysis of Nitrogen-Rich Polymers,"Pascal Pernot, Nathalie Carrasco, R. Thissen et al. (n=4)",Pascal Pernot; Nathalie Carrasco; R. Thissen; Isabelle Schmitz‐Afonso,Analytical Chemistry,https://doi.org/10.1021/ac902458q,https://openalex.org/W1992403256
2010,Application of Clustering Methods for Interpretation of Petroleum Spectra from Negative-Mode ESI FT-ICR MS,"Injoon Yeo, Jae‐Won Lee, Sunghwan Kim",Injoon Yeo; Jae‐Won Lee; Sunghwan Kim,Bulletin of the Korean Chemical Society,https://doi.org/10.5012/bkcs.2010.31.11.3151,https://openalex.org/W2077194644
2010,Characterization of Basic Nitrogen Compounds in Crude Oil by Electrospray Fourier Transform Ion Cyclotron Resonance-Mass Spectrometry,Hu Qiu,Hu Qiu,CHINESE JOURNAL OF ANALYTICAL CHEMISTRY (CHINESE VERSION),,https://openalex.org/W2377372703
2010,DEGRADATION OF CRUDE OIL IN WATER:EFFECTS OF THE COMBINED USE OF SONOLYSIS AND PHOTOCATALYSIS,"Mauro Tummolo, Laura Scrano, Sabino Aurelio Bufo et al. (n=5)",Mauro Tummolo; Laura Scrano; Sabino Aurelio Bufo; S. Ferronato; Jean‐Marc Chovelon,CINECA IRIS Institutional Research Information System (University of Basilicata),,https://openalex.org/W2805466453
2010,"Extraction, Chromatograhic Separation and Characterization of Polar Acidic Species in Crude Oils and Naphthenate Deposits by Ultrahigh Resolution Fourier Transform Ion Cyclotron Resonance Mass Spectrometry",,,DigiNole (Florida State University),,https://openalex.org/W7112513714
2010,Electrochemical pretreatment of heavy oil refinery wastewater using a three-dimensional electrode reactor,"Lingyong Wei, Shaohui Guo, Guangxu Yan et al. (n=5)",Lingyong Wei; Shaohui Guo; Guangxu Yan; Chunmao Chen; Xiaoyan Jiang,Electrochimica Acta,https://doi.org/10.1016/j.electacta.2010.08.011,https://openalex.org/W2036085966
2010,"Characterization of Heteroatom Compounds in a Crude Oil and Its Saturates, Aromatics, Resins, and Asphaltenes (SARA) and Non-basic Nitrogen Fractions Analyzed by Negative-Ion Electrospray Ionization Fourier Transform Ion Cyclotron Resonance Mass Spectrometry","Quan Shi, Dujie Hou, Keng H. Chung et al. (n=6)",Quan Shi; Dujie Hou; Keng H. Chung; Chunming Xu; Suoqi Zhao; Yahe Zhang,Energy & Fuels,https://doi.org/10.1021/ef901564e,https://openalex.org/W2027793366
2010,Distribution of Acids and Neutral Nitrogen Compounds in a Chinese Crude Oil and Its Fractions: Characterized by Negative-Ion Electrospray Ionization Fourier Transform Ion Cyclotron Resonance Mass Spectrometry,"Quan Shi, Suoqi Zhao, Zhiming Xu et al. (n=6)",Quan Shi; Suoqi Zhao; Zhiming Xu; Keng H. Chung; Yahe Zhang; Chunming Xu,Energy & Fuels,https://doi.org/10.1021/ef1004557,https://openalex.org/W2087260517
2010,Molecular Characterization of Sulfur Compounds in Venezuela Crude Oil and Its SARA Fractions by Electrospray Ionization Fourier Transform Ion Cyclotron Resonance Mass Spectrometry,"Peng Liu, Quan Shi, Keng H. Chung et al. (n=7)",Peng Liu; Quan Shi; Keng H. Chung; Yahe Zhang; Na Pan; Suoqi Zhao; Chunming Xu,Energy & Fuels,https://doi.org/10.1021/ef100904k,https://openalex.org/W1989247870
2010,Heavy Petroleum Composition. 1. Exhaustive Compositional Analysis of Athabasca Bitumen HVGO Distillates by Fourier Transform Ion Cyclotron Resonance Mass Spectrometry: A Definitive Test of the Boduszynski Model,"Amy M. McKenna, Jeremiah M. Purcell, Ryan P. Rodgers et al. (n=4)",Amy M. McKenna; Jeremiah M. Purcell; Ryan P. Rodgers; Alan G. Marshall,Energy & Fuels,https://doi.org/10.1021/ef100149n,https://openalex.org/W2047365962
2010,Heavy Petroleum Composition. 2. Progression of the Boduszynski Model to the Limit of Distillation by Ultrahigh-Resolution FT-ICR Mass Spectrometry,"Amy M. McKenna, Greg T. Blakney, Feng Xian et al. (n=6)",Amy M. McKenna; Greg T. Blakney; Feng Xian; P. Glaser; Ryan P. Rodgers; Alan G. Marshall,Energy & Fuels,https://doi.org/10.1021/ef1001502,https://openalex.org/W2066004132
2010,Analysis and Identification of Biomarkers and Origin of Color in a Bright Blue Crude Oil,"Priyanka Juyal, Amy M. McKenna, Andrew Yen et al. (n=11)",Priyanka Juyal; Amy M. McKenna; Andrew Yen; Ryan P. Rodgers; Christopher M. Reddy; Robert K. Nelson; A. Ballard Andrews; Esha Atolia; Stephan J. Allenson; Oliver C. Mullins; Alan G. Marshall,Energy & Fuels,https://doi.org/10.1021/ef1012243,https://openalex.org/W2331040432
2010,Tracking Neutral Nitrogen Compounds in Subfractions of Crude Oil Obtained by Liquid Chromatography Separation Using Negative-Ion Electrospray Ionization Fourier Transform Ion Cyclotron Resonance Mass Spectrometry,"Yahe Zhang, Chunming Xu, Quan Shi et al. (n=6)",Yahe Zhang; Chunming Xu; Quan Shi; Suoqi Zhao; Keng H. Chung; Dujie Hou,Energy & Fuels,https://doi.org/10.1021/ef1011512,https://openalex.org/W2333364192
2010,Characterization of Nitrogen Compounds in Coker Heavy Gas Oil and Its Subfractions by Liquid Chromatographic Separation Followed by Fourier Transform Ion Cyclotron Resonance Mass Spectrometry,"Xiaochun Zhu, Quan Shi, Yahe Zhang et al. (n=7)",Xiaochun Zhu; Quan Shi; Yahe Zhang; Na Pan; Chunming Xu; Keng H. Chung; Suoqi Zhao,Energy & Fuels,https://doi.org/10.1021/ef101328n,https://openalex.org/W2332742195
2010,Petroleomic Analysis of Bio-oils from the Fast Pyrolysis of Biomass: Laser Desorption Ionization−Linear Ion Trap−Orbitrap Mass Spectrometry Approach,"Erica A. Smith, Young‐Jin Lee",Erica A. Smith; Young‐Jin Lee,Energy & Fuels,https://doi.org/10.1021/ef100629a,https://openalex.org/W1989145988
2010,Petroleomics: A Test Bed for Ultra-High-Resolution Fourier Transform Ion Cyclotron Resonance Mass Spectrometry,"Alan G. Marshall, Greg T. Blakney, Steven C. Beu et al. (n=8)",Alan G. Marshall; Greg T. Blakney; Steven C. Beu; Christopher L. Hendrickson; Amy M. McKenna; Jeremiah M. Purcell; Ryan P. Rodgers; Feng Xian,European Journal of Mass Spectrometry,https://doi.org/10.1255/ejms.1063,https://openalex.org/W1975673602
2010,Bioremediation of crude oil-contaminated soil: Comparison of different biostimulation and bioaugmentation treatments,"Yaohui Xu, Mang Lu",Yaohui Xu; Mang Lu,Journal of Hazardous Materials,https://doi.org/10.1016/j.jhazmat.2010.07.038,https://openalex.org/W2021404381
2010,Ultrahigh resolution mass spectrometric investigations on asphaltene deposits,"Jan T. Andersson, Saroj K. Panda, Wolfgang Schräder",Jan T. Andersson; Saroj K. Panda; Wolfgang Schräder,Max Planck Digital Library,,https://openalex.org/W829894039
2010,Combining biomarker and bulk compositional gradient analysis to assess reservoir connectivity,"Andrew E. Pomerantz, G. Todd Ventura, Amy M. McKenna et al. (n=13)",Andrew E. Pomerantz; G. Todd Ventura; Amy M. McKenna; Jesús A. Cañas; J. B. Auman; K. R. Koerner; David J. Curry; Robert K. Nelson; Christopher M. Reddy; Ryan P. Rodgers; Alan G. Marshall; Kenneth E. Peters; Oliver C. Mullins,Organic Geochemistry,https://doi.org/10.1016/j.orggeochem.2010.05.003,https://openalex.org/W2086670422
2010,Characterization of petroleum products by laser-induced acoustic desorption in a Fourier transform ion cyclotron resonance (FT-ICR) mass spectrometer,David S. Pinkston,David S. Pinkston,Purdue e-Pubs (Purdue University System),,https://openalex.org/W1632346307
2010,The coupling of direct analysis in real time ionization to Fourier transform ion cyclotron resonance mass spectrometry for ultrahigh‐resolution mass analysis,"Julia L. Rummel, Amy M. McKenna, Alan G. Marshall et al. (n=5)",Julia L. Rummel; Amy M. McKenna; Alan G. Marshall; John R. Eyler; David H. Powell,Rapid Communications in Mass Spectrometry,https://doi.org/10.1002/rcm.4450,https://openalex.org/W2042105910
2010,Characterization of complex assemblages of organic acids in geological samples by negative electrospray ionization mass spectrometry using a double‐focusing magnetic sector field mass spectrometer,"Stefanie Pötz, Heinz Wilkes, Matthias Witt et al. (n=4)",Stefanie Pötz; Heinz Wilkes; Matthias Witt; Brian Horsfield,Rapid Communications in Mass Spectrometry,https://doi.org/10.1002/rcm.4503,https://openalex.org/W2082456424
2010,Assessing Reservoir Connectivity through Biomarker and Bulk Compositional Gradient Analysis,"Andrew E. Pomerantz, J. A. Cañas, Kenneth E. Peters et al. (n=7)",Andrew E. Pomerantz; J. A. Cañas; Kenneth E. Peters; Oliver C. Mullins; K. R. Koerner; J. B. Auman; David J. Curry,SPE Annual Technical Conference and Exhibition,https://doi.org/10.2118/135341-ms,https://openalex.org/W2053146082
2011,Distribution of Carboxylic Acids in Sudanese Dar Crude Oil: Characterized by Negative-Ion Electrospray Ionization Fou- rier Transform Ion Cyclotron Resonance Mass Spectrometry,"Zhen‐Hua Wang, Tu Yongshan",Zhen‐Hua Wang; Tu Yongshan,,,https://openalex.org/W959668835
2011,Atmospheric Pressure Laser-Induced Acoustic Desorption Chemical Ionization Fourier Transform Ion Cyclotron Resonance Mass Spectrometry for the Analysis of Complex Mixtures,"Leonard Nyadong, Amy M. McKenna, Christopher L. Hendrickson et al. (n=5)",Leonard Nyadong; Amy M. McKenna; Christopher L. Hendrickson; Ryan P. Rodgers; Alan G. Marshall,Analytical Chemistry,https://doi.org/10.1021/ac102543s,https://openalex.org/W2334814537
2011,Planar Limit-Assisted Structural Interpretation of Saturates/Aromatics/Resins/Asphaltenes Fractionated Crude Oil Compounds Observed by Fourier Transform Ion Cyclotron Resonance Mass Spectrometry,"Yunju Cho, Young Hwan Kim, Sunghwan Kim",Yunju Cho; Young Hwan Kim; Sunghwan Kim,Analytical Chemistry,https://doi.org/10.1021/ac2011685,https://openalex.org/W1993167624
2011,Detailed characterization of polar compounds of residual oil in contaminated soil revealed by Fourier transform ion cyclotron resonance mass spectrometry,"Jian Wang, Xu Zhang, Guanghe Li",Jian Wang; Xu Zhang; Guanghe Li,Chemosphere,https://doi.org/10.1016/j.chemosphere.2011.06.103,https://openalex.org/W1975414454
2011,Partitioning of Crude Oil Acidic Compounds into Subfractions by Extrography and Identification of Isoprenoidyl Phenols and Tocopherols,"Yahe Zhang, Quan Shi, Aiqun Li et al. (n=6)",Yahe Zhang; Quan Shi; Aiqun Li; Keng H. Chung; Suoqi Zhao; Chunming Xu,Energy & Fuels,https://doi.org/10.1021/ef2011854,https://openalex.org/W2035969152
2011,Molecular Investigation of Crude Oil Sludge from an Electric Dehydrator,"Yahe Zhang, Hui Zhao, Quan Shi et al. (n=6)",Yahe Zhang; Hui Zhao; Quan Shi; Keng H. Chung; Suoqi Zhao; Chunming Xu,Energy & Fuels,https://doi.org/10.1021/ef200512c,https://openalex.org/W2326767653
2011,Molecular Characterization and Comparison of Shale Oils Generated by Different Pyrolysis Methods,"Jang Mi Jin, Sunghwan Kim, Justin E. Birdwell",Jang Mi Jin; Sunghwan Kim; Justin E. Birdwell,Energy & Fuels,https://doi.org/10.1021/ef201517a,https://openalex.org/W1994731507
2011,Research on isolation and enrichment of sulfur compounds in heavy oil using ligand exchange chromatography,Cui Wenlong,Cui Wenlong,Huagong jinzhan,,https://openalex.org/W2367740380
2011,Argentation chromatography for the separation of polycyclic aromatic compounds according to ring number,"Margarete Nocun, Jan T. Andersson",Margarete Nocun; Jan T. Andersson,Journal of Chromatography A,https://doi.org/10.1016/j.chroma.2011.11.006,https://openalex.org/W2040191329
2011,Petroleomics: advanced molecular probe for petroleum heavy ends,"Chang Samuel Hsu, Christopher L. Hendrickson, Ryan P. Rodgers et al. (n=5)",Chang Samuel Hsu; Christopher L. Hendrickson; Ryan P. Rodgers; Amy M. McKenna; Alan G. Marshall,Journal of Mass Spectrometry,https://doi.org/10.1002/jms.1893,https://openalex.org/W2007185001
2011,The Naphthenic Acids Separation and Structural Analysis of Sudan Crude Oil With High Acid Value,Zhaoxia Dong,Zhaoxia Dong,Journal of Petrochemical Universities,,https://openalex.org/W2354395107
2011,Petroleomics by FT-ICR MS : revealing the polar composition of crude oil and its derivates,Boniek Gontijo Vaz,Boniek Gontijo Vaz,LA Referencia (Red Federada de Repositorios Institucionales de Publicaciones Científicas),,https://openalex.org/W7119348822
2011,Compositional Characterization of Petroleum Heavy Oils Generated from Vacuum Distillation and Catalytic Cracking by Positive-mode APPI FT-ICR Mass Spectrometry,"Eunkyoung Kim, Myoung-han No, Jaesuk Koh et al. (n=4)",Eunkyoung Kim; Myoung-han No; Jaesuk Koh; Sung-Whan Kim,Mass spectrometry letters,https://doi.org/10.5478/msl.2011.2.2.041,https://openalex.org/W1992927028
2011,Analysis and Comparison of Paraffinic Field Deposits to Cold Finger Deposits on a Brazilian Campos Basin Crude Oil,"Susan A. Garner, Priyanka Juyal, Crystal Hart et al. (n=9)",Susan A. Garner; Priyanka Juyal; Crystal Hart; David C. Podgorski; Amy M. McKenna; Cláudio M. Ziglio; Ryan P. Rodgers; Stephan J. Allenson; Alan G. Marshall,OTC Brasil,https://doi.org/10.4043/22660-ms,https://openalex.org/W1987150730
2011,Fourier transform ion cyclotron resonance mass spectrometry for petroleomics,Jennifer M. Hauschild,Jennifer M. Hauschild,Oxford University Research Archive (ORA) (University of Oxford),https://doi.org/10.5287/ora-j1m8j48eb,https://openalex.org/W647133189
2011,Production and structural characterization of surfactin (C14/Leu7) produced by Bacillus subtilis isolate LSFM-05 grown on raw glycerol from the biodiesel industry,"Andréia Fonseca de Faria, Diego Stéfani T. Martinez, Geraldo Nazareno de Oliveira Barbosa et al. (n=11)",Andréia Fonseca de Faria; Diego Stéfani T. Martinez; Geraldo Nazareno de Oliveira Barbosa; Boniek G. Vaz; Ísis Serrano Silva; Jerusa S. Garcia; Marcos Rogério Tótola; Marcos N. Eberlin; Matthew J. Grossman; Oswaldo Luiz Alves; Lúcia Regina Durrant,Process Biochemistry,https://doi.org/10.1016/j.procbio.2011.07.001,https://openalex.org/W2095438143
2011,Structural elucidation of organic molecules directly in complex mixtures by laser-induced acoustic desorption and collision-activated dissociation mass spectrometry,Lucas M. Amundson,Lucas M. Amundson,Purdue e-Pubs (Purdue University System),,https://openalex.org/W2592322710
2011,Atmospheric pressure laser ionization (APLI) coupled with Fourier transform ion cyclotron resonance mass spectrometry applied to petroleum samples analysis: comparison with electrospray ionization and atmospheric pressure photoionization methods,"Saroj K. Panda, Klaus‐J. Brockmann, Thorsten Benter et al. (n=4)",Saroj K. Panda; Klaus‐J. Brockmann; Thorsten Benter; Wolfgang Schräder,Rapid Communications in Mass Spectrometry,https://doi.org/10.1002/rcm.5122,https://openalex.org/W2121251778
2011,Separation and analysis of liquid crystalline material from heavy petroleum fractions,Brady Kenneth Masik,Brady Kenneth Masik,University of Alberta Library,https://doi.org/10.7939/r3m43z,https://openalex.org/W2898507241
2011,Distribution of Carboxylic Acids in Sudanese Dar Crude Oil： Characterized by Negative-Ion Electrospray Ionization Fourier Transform Ion Cyclotron Resonance Mass Spectrometry,"Wang, Zhenhua, Tu et al. (n=4)",Wang; Zhenhua; Tu; Yongshan,中国炼油与石油化工：英文版,,https://openalex.org/W3152435094
2012,Petroleômica,Rosana C. L. Pereira,Rosana C. L. Pereira,,https://doi.org/10.47749/t/unicamp.2012.907200,https://openalex.org/W4250987272
2012,Comprehensive study of a heavy fuel oil spill : modeling and analytical approaches to understanding environmental weathering,Karin L. Lemkau,Karin L. Lemkau,,https://doi.org/10.1575/1912/5278,https://openalex.org/W1536628603
2012,Petroleum Processing Efficiency Improvement,"USDOE, John F. Schabron, Petrobras et al. (n=8)","USDOE; John F. Schabron; Petrobras; Shell Global Solutions; Univ. of Wyoming, Laramie, WY (United States); Joseph F. Rovani; Mark M. Sanderson; Jenny Loveridge",,https://doi.org/10.2172/1050225,https://openalex.org/W2302759672
2012,Biodegradation of Paraffin Crude Oil by an Isolated &lt;i&gt;Pseudomonas aeruginosa&lt;/i&gt; N2 for Enhanced Oil Recovery,"Xiao Meng, Zhong Zhi Zhang, Shan Wang et al. (n=4)",Xiao Meng; Zhong Zhi Zhang; Shan Wang; Afang Shen,Advanced materials research,https://doi.org/10.4028/www.scientific.net/amr.616-618.924,https://openalex.org/W2044755538
2012,Impact of Different Ionization Methods on the Molecular Assignments of Asphaltenes by FT-ICR Mass Spectrometry,"Andras Gaspar, Elio Zellermann, Sami Lababidi et al. (n=5)",Andras Gaspar; Elio Zellermann; Sami Lababidi; Jennifer N. Reece; Wolfgang Schräder,Analytical Chemistry,https://doi.org/10.1021/ac300133p,https://openalex.org/W2316964273
2012,Atmospheric Pressure Laser-Induced Acoustic Desorption Chemical Ionization Mass Spectrometry for Analysis of Saturated Hydrocarbons,"Leonard Nyadong, John Quinn, Chang Samuel Hsu et al. (n=6)",Leonard Nyadong; John Quinn; Chang Samuel Hsu; Christopher L. Hendrickson; Ryan P. Rodgers; Alan G. Marshall,Analytical Chemistry,https://doi.org/10.1021/ac301307p,https://openalex.org/W2318859403
2012,High-Performance Liquid Chromatography/High-Resolution Multiple Stage Tandem Mass Spectrometry Using Negative-Ion-Mode Hydroxide-Doped Electrospray Ionization for the Characterization of Lignin Degradation Products,"Benjamin C. Owen, Laura J. Haupert, Tiffany M. Jarrell et al. (n=9)",Benjamin C. Owen; Laura J. Haupert; Tiffany M. Jarrell; Christopher L. Marcum; Trenton H. Parsell; Mahdi M. Abu‐Omar; Joseph J. Bozell; Stuart Black; Hilkka I. Kenttämaa,Analytical Chemistry,https://doi.org/10.1021/ac300762y,https://openalex.org/W2014403989
2012,High-molecular weight sulfur-containing aromatics refractory to weathering as determined by Fourier transform ion cyclotron resonance mass spectrometry,"Abdelrahman H. Hegazi, Eiman M. Fathalla, Saroj K. Panda et al. (n=5)",Abdelrahman H. Hegazi; Eiman M. Fathalla; Saroj K. Panda; Wolfgang Schräder; Jan T. Andersson,Chemosphere,https://doi.org/10.1016/j.chemosphere.2012.04.016,https://openalex.org/W1974942647
2012,"Analysis of the Nitrogen Content of Distillate Cut Gas Oils and Treated Heavy Gas Oils Using Normal Phase HPLC, Fraction Collection and Petroleomic FT-ICR MS Data","Nicole E. Oro, Charles A. Lucy",Nicole E. Oro; Charles A. Lucy,Energy & Fuels,https://doi.org/10.1021/ef301116j,https://openalex.org/W2327109981
2012,Petroleomics by Ultrahigh-Resolution Time-of-Flight Mass Spectrometry,"Clécio F. Klitzke, Yuri Corilo, K. H. Siek et al. (n=6)",Clécio F. Klitzke; Yuri Corilo; K. H. Siek; Joe Binkley; Jeffrey S. Patrick; Marcos N. Eberlin,Energy & Fuels,https://doi.org/10.1021/ef300961c,https://openalex.org/W2160712479
2012,"Application of Saturates, Aromatics, Resins, and Asphaltenes Crude Oil Fractionation for Detailed Chemical Characterization of Heavy Crude Oils by Fourier Transform Ion Cyclotron Resonance Mass Spectrometry Equipped with Atmospheric Pressure Photoionization","Yunju Cho, Jeong‐Geol Na, Nam‐Sun Nho et al. (n=5)",Yunju Cho; Jeong‐Geol Na; Nam‐Sun Nho; SungHong Kim; Sung Hwan Kim,Energy & Fuels,https://doi.org/10.1021/ef201312m,https://openalex.org/W2027300379
2012,"Characterization of Saturates, Aromatics, Resins, and Asphaltenes Heavy Crude Oil Fractions by Atmospheric Pressure Laser Ionization Fourier Transform Ion Cyclotron Resonance Mass Spectrometry","Andras Gaspar, Elio Zellermann, Sami Lababidi et al. (n=5)",Andras Gaspar; Elio Zellermann; Sami Lababidi; Jennifer N. Reece; Wolfgang Schräder,Energy & Fuels,https://doi.org/10.1021/ef3001407,https://openalex.org/W2034769926
2012,Heavy Petroleum Composition. 5. Compositional and Structural Continuum of Petroleum Revealed,"David C. Podgorski, Yuri Corilo, Leonard Nyadong et al. (n=9)",David C. Podgorski; Yuri Corilo; Leonard Nyadong; Vladislav V. Lobodin; Benjamin J. Bythell; Winston K. Robbins; Amy M. McKenna; Alan G. Marshall; Ryan P. Rodgers,Energy & Fuels,https://doi.org/10.1021/ef301737f,https://openalex.org/W2318893345
2012,"Gasoline, Kerosene, and Diesel Fingerprinting via Polar Markers","Renato Haddad, Thaís Regiani, Clécio F. Klitzke et al. (n=12)",Renato Haddad; Thaís Regiani; Clécio F. Klitzke; Gustavo B. Sanvido; Yuri Corilo; Daniella Vasconcellos Augusti; Vânya Márcia Duarte Pasa; Rita C. C. Pereira; Wanderson Romão; Boniek G. Vaz; Rodinei Augusti; Marcos N. Eberlin,Energy & Fuels,https://doi.org/10.1021/ef300277c,https://openalex.org/W2328780463
2012,Molecular Characterization of Polar Heteroatom Species in Venezuela Orinoco Petroleum Vacuum Residue and Its Supercritical Fluid Extraction Subfractions,"Linzhou Zhang, Zhiming Xu, Quan Shi et al. (n=9)",Linzhou Zhang; Zhiming Xu; Quan Shi; Xuewen Sun; Na Zhang; Yahe Zhang; Keng H. Chung; Chunming Xu; Suoqi Zhao,Energy & Fuels,https://doi.org/10.1021/ef3009663,https://openalex.org/W2328303535
2012,A novel analytical approach for oxygen speciation in coal-derived liquids,"Badaoui Omais, Nadège Charon, Marion Courtiade et al. (n=5)",Badaoui Omais; Nadège Charon; Marion Courtiade; Jérémie Ponthus; Didier Thiébaut,Fuel,https://doi.org/10.1016/j.fuel.2012.04.049,https://openalex.org/W1984637741
2012,"Analysis of the heavy oil distillation cuts corrosion by electrospray ionization FT-ICR mass spectrometry, electrochemical impedance spectroscopy, and scanning electron microscopy","Sérgio de Freitas, M. Malacarne, Wanderson Romão et al. (n=7)",Sérgio de Freitas; M. Malacarne; Wanderson Romão; Guilherme Pires Dalmaschio; Eustáquio Vinícius Ribeiro de Castro; V.G. Celante; Marcos. Freitas,Fuel,https://doi.org/10.1016/j.fuel.2012.05.003,https://openalex.org/W2064516810
2012,Classification of crude oil samples through statistical analysis of APPI FTICR mass spectra,"Stefano Chiaberge, Tiziana Fiorani, Alberto Savoini et al. (n=7)",Stefano Chiaberge; Tiziana Fiorani; Alberto Savoini; Anna Bionda; Stefano Ramello; Monica Pastori; Pietro Cesti,Fuel Processing Technology,https://doi.org/10.1016/j.fuproc.2012.07.023,https://openalex.org/W2060224789
2012,Baseline correction of absorption-mode Fourier transform ion cyclotron resonance mass spectra,"Feng Xian, Yuri Corilo, Christopher L. Hendrickson et al. (n=4)",Feng Xian; Yuri Corilo; Christopher L. Hendrickson; Alan G. Marshall,International Journal of Mass Spectrometry,https://doi.org/10.1016/j.ijms.2012.06.007,https://openalex.org/W2070750939
2012,Petroleomics : characterization of Brazilian crude oils by ultra high resolution mass spectrometry: what acidic compounds can reveal about petroleum,Rosana C. L. Pereira,Rosana C. L. Pereira,LA Referencia (Red Federada de Repositorios Institucionales de Publicaciones Científicas),,https://openalex.org/W7119321714
2012,Fourier transform ion cyclotron resonance mass spectrometry for petroleomics,Hugh Cartwright,Hugh Cartwright,OpenGrey (Institut de l'Information Scientifique et Technique),,https://openalex.org/W2283427221
2012,Distribution of acids and nitrogen-containing compounds in biodegraded oils of the Liaohe Basin by negative ion ESI FT-ICR MS,"Yuhong Liao, Quan Shi, Chang Samuel Hsu et al. (n=5)",Yuhong Liao; Quan Shi; Chang Samuel Hsu; Yinhua Pan; Yahe Zhang,Organic Geochemistry,https://doi.org/10.1016/j.orggeochem.2012.03.006,https://openalex.org/W2080247916
2012,Advanced characterisation of organic matter in oil sands and tailings sands used for land reclamation by Fourier transform-ion cyclotron resonance-mass spectrometry (FT-ICR-MS),"Mareike Noah, Andrea Vieth‐Hillebrand, Heinz Wilkes",Mareike Noah; Andrea Vieth‐Hillebrand; Heinz Wilkes,Publication Database GFZ (GFZ German Research Centre for Geosciences),,https://openalex.org/W3009314414
2012,Mass spectrometric studies of asphaltenes' molecular structures and the development of atmospheric pressure chemical ionization laser-induced acoustic desorption,David J. Borton,David J. Borton,Purdue e-Pubs (Purdue University System),,https://openalex.org/W18520790
2012,Expanding the data depth for the analysis of complex crude oil samples by Fourier transform ion cyclotron resonance mass spectrometry using the spectral stitching method,"Andras Gaspar, Wolfgang Schräder",Andras Gaspar; Wolfgang Schräder,Rapid Communications in Mass Spectrometry,https://doi.org/10.1002/rcm.6200,https://openalex.org/W1920098668
2012,Analysis of Nitrogen Species in Gas Oils Using High Performance Liquid Chromatography and Fourier Transform Ion Cyclotron Resonance Mass Spectrometry,Nicole E. Oro,Nicole E. Oro,University of Alberta Library,https://doi.org/10.7939/r37x1q,https://openalex.org/W2804634750
2013,"Application of FT-ICR Mass Spectrometry in Study of Proteomics, Petroleomics and Fragmentomics",Yuan Mao,Yuan Mao,,,https://openalex.org/W2521767942
2013,"An overview of the origin, pathways and controls of H2S production during thermal recovery operations of heavy and extra-heavy oil","Norka Marcano, Steve Larter, L R Snowdon et al. (n=4)",Norka Marcano; Steve Larter; L R Snowdon; Barry Bennett,,,https://openalex.org/W2181948715
2013,Direct Coupling of Normal-Phase High-Performance Liquid Chromatography to Atmospheric Pressure Laser Ionization Fourier Transform Ion Cyclotron Resonance Mass Spectrometry for the Characterization of Crude Oil,"Sami Lababidi, Saroj K. Panda, Jan T. Andersson et al. (n=4)",Sami Lababidi; Saroj K. Panda; Jan T. Andersson; Wolfgang Schräder,Analytical Chemistry,https://doi.org/10.1021/ac400670s,https://openalex.org/W2050112963
2013,Tetramethylammonium Hydroxide as a Reagent for Complex Mixture Analysis by Negative Ion Electrospray Ionization Mass Spectrometry,"Vladislav V. Lobodin, Priyanka Juyal, Amy M. McKenna et al. (n=5)",Vladislav V. Lobodin; Priyanka Juyal; Amy M. McKenna; Ryan P. Rodgers; Alan G. Marshall,Analytical Chemistry,https://doi.org/10.1021/ac401222b,https://openalex.org/W2320296636
2013,Throwing Light on Petroleum: Simulated Exposure of Crude Oil to Sunlight and Characterization Using Atmospheric Pressure Photoionization Fourier Transform Ion Cyclotron Resonance Mass Spectrometry,"Matthew T. Griffiths, Raffaello Da Campo, Peter B. O’Connor et al. (n=4)",Matthew T. Griffiths; Raffaello Da Campo; Peter B. O’Connor; Mark P. Barrow,Analytical Chemistry,https://doi.org/10.1021/ac4025335,https://openalex.org/W2071159593
2013,Enumeration of Labile Hydrogens in Natural Organic Matter by Use of Hydrogen/Deuterium Exchange Fourier Transform Ion Cyclotron Resonance Mass Spectrometry,"Yury Kostyukevich, А. С. Кононихин, Igor Popov et al. (n=7)",Yury Kostyukevich; А. С. Кононихин; Igor Popov; Oleg N. Kharybin; Irina V. Perminova; Andrey I. Konstantinov; Е. Н. Николаев,Analytical Chemistry,https://doi.org/10.1021/ac402609x,https://openalex.org/W2130406633
2013,Iterative Method for Mass Spectra Recalibration via Empirical Estimation of the Mass Calibration Function for Fourier Transform Mass Spectrometry-Based Petroleomics,"Anton N. Kozhinov, Konstantin O. Zhurov, Yury O. Tsybin",Anton N. Kozhinov; Konstantin O. Zhurov; Yury O. Tsybin,Analytical Chemistry,https://doi.org/10.1021/ac400972y,https://openalex.org/W2064171944
2013,Complex Mixture Analysis by Fourier Transform Ion Cyclotron Resonance Mass Spectrometry: Applications for the Fuel Industry,,,DigiNole (Florida State University),,https://openalex.org/W7112412504
2013,An Investigation of Deepwater Horizon Heavy End Environmental Transformation by High Resolution Detection and Isolation Fourier Transform Ion Cyclotron Resonance Mass Spectrometry,,,DigiNole (Florida State University),,https://openalex.org/W7111825200
2013,Evaluation of Extraction Method and Characterization of Water Soluble Organics from Produced Water by Fourier Transform Ion Cyclotron Resonance Mass Spectrometry,,,DigiNole (Florida State University),,https://openalex.org/W7112285977
2013,Predictive Petroleomics: Measurement of the Total Acid Number by Electrospray Fourier Transform Mass Spectrometry and Chemometric Analysis,"Boniek G. Vaz, Patrícia Verardi Abdelnur, Wérickson Fortunato de Carvalho Rocha et al. (n=5)",Boniek G. Vaz; Patrícia Verardi Abdelnur; Wérickson Fortunato de Carvalho Rocha; Alexandre O. Gomes; Rosana C. L. Pereira,Energy & Fuels,https://doi.org/10.1021/ef301515y,https://openalex.org/W2327972801
2013,Selectivity of Bio-oils Catalytic Hydrotreatment Assessed by Petroleomic and GC*GC/MS-FID Analysis,"Roberto Olcese, Vincent Carré, Frédéric Aubriet et al. (n=4)",Roberto Olcese; Vincent Carré; Frédéric Aubriet; Anthony Dufour,Energy & Fuels,https://doi.org/10.1021/ef302145g,https://openalex.org/W2330312028
2013,Characterization of Bio-oils from Different Pyrolysis Process Steps and Biomass Using High-Resolution Mass Spectrometry,"Patrícia Verardi Abdelnur, Boniek G. Vaz, José Dílcio Rocha et al. (n=6)",Patrícia Verardi Abdelnur; Boniek G. Vaz; José Dílcio Rocha; Marlon B.B. de Almeida; Marco Antônio Gomes Teixeira; Rosana C. L. Pereira,Energy & Fuels,https://doi.org/10.1021/ef400788v,https://openalex.org/W2316421440
2013,Petroleomics by Traveling Wave Ion Mobility–Mass Spectrometry Using CO<sub>2</sub>as a Drift Gas,"Maíra Fasciotti, Priscila M. Lalli, Clécio F. Klitzke et al. (n=9)",Maíra Fasciotti; Priscila M. Lalli; Clécio F. Klitzke; Yuri Corilo; Marcos A. Pudenzi; Rosana C. L. Pereira; Wagner L. Bastos; Romeu J. Daroda; Marcos N. Eberlin,Energy & Fuels,https://doi.org/10.1021/ef401630b,https://openalex.org/W2335575926
2013,Precision in Petroleomics via Ultrahigh Resolution Electrospray Ionization Fourier Transform Ion Cyclotron Resonance Mass Spectrometry,"Rosana C. L. Pereira, Rosineide C. Simas, Yuri Corilo et al. (n=12)",Rosana C. L. Pereira; Rosineide C. Simas; Yuri Corilo; Boniek G. Vaz; Clécio F. Klitzke; Eduardo Morgado Schmidt; Marcos A. Pudenzi; Raissa M. C. F. Silva; Erica T. Moraes; Wagner L. Bastos; Marcos N. Eberlin; Heliara D. Lopes Nascimento,Energy & Fuels,https://doi.org/10.1021/ef4006498,https://openalex.org/W2327436903
2013,Separation and Characterization of Vanadyl Porphyrins in Venezuela Orinoco Heavy Crude Oil,"Xu Zhao, Yu Liu, Chunming Xu et al. (n=10)",Xu Zhao; Yu Liu; Chunming Xu; Yuanyuan Yan; Yahe Zhang; Qingyu Zhang; Suoqi Zhao; Keng H. Chung; Murray R. Gray; Quan Shi,Energy & Fuels,https://doi.org/10.1021/ef400161p,https://openalex.org/W2333173499
2013,Evaluation of High-Field Orbitrap Fourier Transform Mass Spectrometer for Petroleomics,"Konstantin O. Zhurov, Anton N. Kozhinov, Yury O. Tsybin",Konstantin O. Zhurov; Anton N. Kozhinov; Yury O. Tsybin,Energy & Fuels,https://doi.org/10.1021/ef400203g,https://openalex.org/W2020345336
2013,Joint Industrial Case Study for Asphaltene Deposition,"Priyanka Juyal, Amy M. McKenna, Tianguang Fan et al. (n=13)",Priyanka Juyal; Amy M. McKenna; Tianguang Fan; Tran Cao; Rosa I. Rueda-Velásquez; Jade E. Fitzsimmons; Andrew Yen; Ryan P. Rodgers; Jianxin Wang; Jill S. Buckley; Murray R. Gray; Stephan J. Allenson; Jefferson L. Creek,Energy & Fuels,https://doi.org/10.1021/ef301956x,https://openalex.org/W2322307535
2013,Assessing Biodegradation in the Llanos Orientales Crude Oils by Electrospray Ionization Ultrahigh Resolution and Accuracy Fourier Transform Mass Spectrometry and Chemometric Analysis,"Boniek G. Vaz, Renzo C. Silva, Clécio F. Klitzke et al. (n=9)",Boniek G. Vaz; Renzo C. Silva; Clécio F. Klitzke; Rosineide C. Simas; Heliara D. Lopes Nascimento; Rosana C. L. Pereira; Diego Felipe Muniz Garcia; Marcos N. Eberlin; Débora A. Azevedo,Energy & Fuels,https://doi.org/10.1021/ef301766r,https://openalex.org/W2328734371
2013,Deep Well Deposits: Effects of Extraction on Mass Spectrometric Results,"Sami Lababidi, Saroj K. Panda, Jan T. Andersson et al. (n=4)",Sami Lababidi; Saroj K. Panda; Jan T. Andersson; Wolfgang Schräder,Energy & Fuels,https://doi.org/10.1021/ef301593r,https://openalex.org/W2008342448
2013,Heavy Petroleum Composition. 4. Asphaltene Compositional Space,"Amy M. McKenna, Alan G. Marshall, Ryan P. Rodgers",Amy M. McKenna; Alan G. Marshall; Ryan P. Rodgers,Energy & Fuels,https://doi.org/10.1021/ef301747d,https://openalex.org/W2313744662
2013,On the Size Distribution of Self-Associated Asphaltenes,"Harvey W. Yarranton, D. P. Ortiz, Diego Barrera et al. (n=17)",Harvey W. Yarranton; D. P. Ortiz; Diego Barrera; Elaine N. Baydak; Loı̈c Barré; Didier Frot; Joëlle Eyssautier; Hongbo Zeng; Zhenghe Xu; Greg P. Dechaine; Mildred Becerra; John M. Shaw; Amy M. McKenna; Mmilili M. Mapolelo; Cornelia Bohne; Zixin Yang; Jessy Oake,Energy & Fuels,https://doi.org/10.1021/ef400729w,https://openalex.org/W2317311317
2013,Acidic and Neutral Polar NSO Compounds in Heavily Biodegraded Oils Characterized by Negative-Ion ESI FT-ICR MS,"Yinhua Pan, Yuhong Liao, Quan Shi et al. (n=4)",Yinhua Pan; Yuhong Liao; Quan Shi; Chang Samuel Hsu,Energy & Fuels,https://doi.org/10.1021/ef400191h,https://openalex.org/W2320122752
2013,Characterization of Acidic Compounds in Heavy Petroleum Resid by Fractionation and Negative-Ion Electrospray Ionization Fourier Transform Ion Cyclotron Resonance Mass Spectrometry Analysis,"Litao Wang, Chen He, Yahe Zhang et al. (n=8)",Litao Wang; Chen He; Yahe Zhang; Suoqi Zhao; Keng H. Chung; Chunming Xu; Chang Samuel Hsu; Quan Shi,Energy & Fuels,https://doi.org/10.1021/ef400459m,https://openalex.org/W2017239387
2013,Transformation of Nitrogen Compounds in Deasphalted Oil Hydrotreating: Characterized by Electrospray Ionization Fourier Transform-Ion Cyclotron Resonance Mass Spectrometry,"Tao Zhang, Linzhou Zhang, Yasong Zhou et al. (n=8)",Tao Zhang; Linzhou Zhang; Yasong Zhou; Qiang Wei; Keng H. Chung; Suoqi Zhao; Chunming Xu; Quan Shi,Energy & Fuels,https://doi.org/10.1021/ef400154u,https://openalex.org/W2062802844
2013,Adsorption Kinetics and Thermodynamics of Vanadyl Etioporphyrin on Asphaltene in Pentane,"Feifei Chen, Qingjing Liu, Zhiming Xu et al. (n=6)",Feifei Chen; Qingjing Liu; Zhiming Xu; Xuewen Sun; Quan Shi; Suoqi Zhao,Energy & Fuels,https://doi.org/10.1021/ef400533t,https://openalex.org/W2092851980
2013,Compositional Analysis of Oil Residues by Ultrahigh-Resolution Fourier Transform Ion Cyclotron Resonance Mass Spectrometry,"Timo Kekäläinen, Jaana M. H. Pakarinen, Kim Wickström et al. (n=6)",Timo Kekäläinen; Jaana M. H. Pakarinen; Kim Wickström; Vladislav V. Lobodin; Amy M. McKenna; Janne Jänis,Energy & Fuels,https://doi.org/10.1021/ef301762v,https://openalex.org/W2313554188
2013,"Geochemical Explication of Sulfur Organics Characterized by Fourier Transform Ion Cyclotron Resonance Mass Spectrometry on Sulfur-Rich Heavy Oils in Jinxian Sag, Bohai Bay Basin, Northern China","H. Lu, Ping’an Peng, Chang Samuel Hsu",H. Lu; Ping’an Peng; Chang Samuel Hsu,Energy & Fuels,https://doi.org/10.1021/ef4013906,https://openalex.org/W1994068012
2013,Ketones in Fossil Materials—A Mass Spectrometric Analysis of a Crude Oil and a Coal Tar,"Ahmad Alhassan, Jan T. Andersson",Ahmad Alhassan; Jan T. Andersson,Energy & Fuels,https://doi.org/10.1021/ef400961d,https://openalex.org/W2317965375
2013,Expansion of the Analytical Window for Oil Spill Characterization by Ultrahigh Resolution Mass Spectrometry: Beyond Gas Chromatography,"Amy M. McKenna, Robert K. Nelson, Christopher M. Reddy et al. (n=8)",Amy M. McKenna; Robert K. Nelson; Christopher M. Reddy; J. Savory; Nathan K. Kaiser; Jade E. Fitzsimmons; Alan G. Marshall; Ryan P. Rodgers,Environmental Science & Technology,https://doi.org/10.1021/es305284t,https://openalex.org/W2090318092
2013,The development and application of chromatography and mass spectrometry techniques for the analysis of biodieseland fuel related compounds,Christianne Wicking,Christianne Wicking,ePrints Soton (University of Southampton),,https://openalex.org/W1582217532
2013,Monitoring the liquid/liquid extraction of naphthenic acids in brazilian crude oil using electrospray ionization FT-ICR mass spectrometry (ESI FT-ICR MS),"Keroly Alaíde Pascoal Colati, Guilherme Pires Dalmaschio, Eustáquio Vinícius Ribeiro de Castro et al. (n=6)",Keroly Alaíde Pascoal Colati; Guilherme Pires Dalmaschio; Eustáquio Vinícius Ribeiro de Castro; Alexandre O. Gomes; Boniek G. Vaz; Wanderson Romão,Fuel,https://doi.org/10.1016/j.fuel.2013.02.007,https://openalex.org/W2078575646
2013,High resolution FT-ICR mass spectral analysis of bio-oil and residual water soluble organics produced by hydrothermal liquefaction of the marine microalga Nannochloropsis salina,"Nilusha Sudasinghe, Barry Dungan, Peter J. Lammers et al. (n=7)",Nilusha Sudasinghe; Barry Dungan; Peter J. Lammers; Karl Albrecht; Doug Elliott; Rich Hallen; Tanner Schaub,Fuel,https://doi.org/10.1016/j.fuel.2013.11.019,https://openalex.org/W2060357790
2013,An evaluation of the aromaticity of asphaltenes using atmospheric pressure photoionization Fourier transform ion cyclotron resonance mass spectrometry – APPI(±)FT-ICR MS,"Thieres M.C. Pereira, Gabriela Vanini, Emanuele C.S. Oliveira et al. (n=10)",Thieres M.C. Pereira; Gabriela Vanini; Emanuele C.S. Oliveira; Felipe M.R. Cardoso; Felipe P. Fleming; Álvaro Cunha Neto; Valdemar Lacerda; Eustáquio Vinícius Ribeiro de Castro; Boniek G. Vaz; Wanderson Romão,Fuel,https://doi.org/10.1016/j.fuel.2013.10.062,https://openalex.org/W2049984685
2013,Characterization of polar compounds in a true boiling point distillation system using electrospray ionization FT-ICR mass spectrometry,"Guilherme Pires Dalmaschio, M. Malacarne, Vinícius Mansur Dose Lage de Almeida et al. (n=9)",Guilherme Pires Dalmaschio; M. Malacarne; Vinícius Mansur Dose Lage de Almeida; Thieres M.C. Pereira; Alexandre O. Gomes; Eustáquio Vinícius Ribeiro de Castro; Sandro J. Greco; Boniek G. Vaz; Wanderson Romão,Fuel,https://doi.org/10.1016/j.fuel.2013.07.008,https://openalex.org/W2011676174
2013,Geochemical Significance of FT-ICR MS and Its Application in Petroleum Exploration,Quan Shi,Quan Shi,Geoscience,,https://openalex.org/W2378781352
2013,Evaluating the multiple benefits offered by ion mobility-mass spectrometry in oil and petroleum analysis,"Jérémie Ponthus, Eleanor Riches",Jérémie Ponthus; Eleanor Riches,International Journal for Ion Mobility Spectrometry,https://doi.org/10.1007/s12127-013-0128-2,https://openalex.org/W1995448539
2013,Bio-mass for biomass: biological mass spectrometry techniques for biomass fast pyrolysis oils,Erica A. Dalluge,Erica A. Dalluge,Iowa State University Digital Repository (Iowa State University),,https://openalex.org/W59526440
2013,The comparison of naturally weathered oil and artificially photo-degraded oil at the molecular level by a combination of SARA fractionation and FT-ICR MS,"Ananna Islam, Yunju Cho, Un Hyuk Yim et al. (n=6)",Ananna Islam; Yunju Cho; Un Hyuk Yim; Won Joon Shim; Young Hwan Kim; Sunghwan Kim,Journal of Hazardous Materials,https://doi.org/10.1016/j.jhazmat.2013.09.030,https://openalex.org/W2055342360
2013,Advanced ozone treatment of heavy oil refining wastewater by activated carbon supported iron oxide,"Chunmao Chen, Hongshuo Chen, Xuan Guo et al. (n=5)",Chunmao Chen; Hongshuo Chen; Xuan Guo; Shaohui Guo; Guangxu Yan,Journal of Industrial and Engineering Chemistry,https://doi.org/10.1016/j.jiec.2013.11.007,https://openalex.org/W2019100036
2013,Application of Phase Correction to Improve the Interpretation of Crude Oil Spectra Obtained Using 7 T Fourier Transform Ion Cyclotron Resonance Mass Spectrometry,"Yunju Cho, Yulin Qi, Peter B. O’Connor et al. (n=5)",Yunju Cho; Yulin Qi; Peter B. O’Connor; Mark P. Barrow; Sunghwan Kim,Journal of the American Society for Mass Spectrometry,https://doi.org/10.1007/s13361-013-0747-1,https://openalex.org/W2055420292
2013,Aplicações da espectrometria de massas de resssonância ciclotrônica de íons por transfromada de Fourier (FT-ICR MS) em petroleômica,Thieres M.C. Pereira,Thieres M.C. Pereira,LA Referencia (Red Federada de Repositorios Institucionales de Publicaciones Científicas),,https://openalex.org/W7119404388
2013,Petroleum crude oil analysis using low‐temperature plasma mass spectrometry,"Mario Benassi, Arton Berisha, Wanderson Romão et al. (n=6)",Mario Benassi; Arton Berisha; Wanderson Romão; E.R. Babayev; Andreas Römpp; Bernhard Spengler,Rapid Communications in Mass Spectrometry,https://doi.org/10.1002/rcm.6518,https://openalex.org/W2112413708
2013,Atmospheric pressure chemical ionization Fourier transform ion cyclotron resonance mass spectrometry for complex thiophenic mixture analysis,"Nadim Hourani, Jan T. Andersson, Isabelle Möller et al. (n=6)",Nadim Hourani; Jan T. Andersson; Isabelle Möller; Ma'an Amad; Matthias Witt; S. Mani Sarathy,Rapid Communications in Mass Spectrometry,https://doi.org/10.1002/rcm.6707,https://openalex.org/W1548136060
2013,Diamondoid diacids ('O <sub>4</sub> ' species) in oil sands process‐affected water,"Sabine K. Lengger, Alan G. Scarlett, Charles E. West et al. (n=4)",Sabine K. Lengger; Alan G. Scarlett; Charles E. West; Steven J. Rowland,Rapid Communications in Mass Spectrometry,https://doi.org/10.1002/rcm.6729,https://openalex.org/W1925939439
2013,Characterization of heavy petroleum fraction by positive-ion electrospray ionization FT-ICR mass spectrometry and collision induced dissociation: Bond dissociation behavior and aromatic ring architecture of basic nitrogen compounds,"Linzhou Zhang, Yahe Zhang, Suoqi Zhao et al. (n=6)",Linzhou Zhang; Yahe Zhang; Suoqi Zhao; Chunming Xu; Keng H. Chung; Quan Shi,Science China Chemistry,https://doi.org/10.1007/s11426-013-4899-4,https://openalex.org/W1992702026
2013,Thermal transformation of acid compounds in high TAN crude oil,"B.S. Yang, Chunming Xu, Suoqi Zhao et al. (n=6)",B.S. Yang; Chunming Xu; Suoqi Zhao; Chang Samuel Hsu; Keng H. Chung; Quan Shi,Science China Chemistry,https://doi.org/10.1007/s11426-013-4897-6,https://openalex.org/W1981996707
2013,Separation and characterization of petroleum asphaltene fractions by ESI FT-ICR MS and UV-vis spectrometer,"Shanshan Wang, Chuang Yang, Chunming Xu et al. (n=5)",Shanshan Wang; Chuang Yang; Chunming Xu; Suoqi Zhao; Quan Shi,Science China Chemistry,https://doi.org/10.1007/s11426-013-4900-2,https://openalex.org/W2270962557
2013,Effects of experimental conditions on the molecular composition of maltenes and asphaltenes derived from oilsands bitumen: Characterized by negative-ion ESI FT-ICR MS,"LiTao Wang, Chen He, Yang Liu et al. (n=8)",LiTao Wang; Chen He; Yang Liu; Suoqi Zhao; Yahe Zhang; Chunming Xu; Keng H. Chung; Quan Shi,Science China Chemistry,https://doi.org/10.1007/s11426-013-4902-0,https://openalex.org/W1993733357
2013,Molecular characterization of sulfur compounds in some specieal sulfur-rich Chinese crude oils by FT-ICR MS,"Hong Lu, Quan Shi, Qinglin Ma et al. (n=7)",Hong Lu; Quan Shi; Qinglin Ma; Yang Shi; Jinzhong Liu; Guoying Sheng; Ping’an Peng,Science China Earth Sciences,https://doi.org/10.1007/s11430-013-4789-9,https://openalex.org/W1966182386
2013,Advanced methods in fourier transform ion cyclotron resonance mass spectrometry,Yulin Qi,Yulin Qi,Warwick Research Archive Portal (University of Warwick),,https://openalex.org/W1824188493
2014,Structural Analysis of Complex Molecular Systems by High‐Resolution and Tandem Mass Spectrometry,Yury O. Tsybin,Yury O. Tsybin,,https://doi.org/10.1002/9783527673223.ch3,https://openalex.org/W1575879411
2014,Transmission Geometry Laser Desorption Atmospheric Pressure Photochemical Ionization Mass Spectrometry for Analysis of Complex Organic Mixtures,"Leonard Nyadong, Mmilili M. Mapolelo, Christopher L. Hendrickson et al. (n=5)",Leonard Nyadong; Mmilili M. Mapolelo; Christopher L. Hendrickson; Ryan P. Rodgers; Alan G. Marshall,Analytical Chemistry,https://doi.org/10.1021/ac502138p,https://openalex.org/W2320262976
2014,"Development of a GC/Quadrupole-Orbitrap Mass Spectrometer, Part I: Design and Characterization","Amelia C. Peterson, Jan-Peter Hauschild, Scott T. Quarmby et al. (n=12)",Amelia C. Peterson; Jan-Peter Hauschild; Scott T. Quarmby; D Krumwiede; Oliver Lange; Rachelle A. S. Lemke; Florian Grosse-Coosmann; Stevan Horning; Timothy J. Donohue; Michael S. Westphall; Joshua J. Coon; Jens Griep‐Raming,Analytical Chemistry,https://doi.org/10.1021/ac5014767,https://openalex.org/W2322516649
2014,"Elucidating Molecular Structures of Nonalkylated and Short-Chain Alkyl (<i>n</i> &lt; 5, (CH<sub>2</sub>)<sub><i>n</i></sub>) Aromatic Compounds in Crude Oils by a Combination of Ion Mobility and Ultrahigh-Resolution Mass Spectrometries and Theoretical Collisional Cross-Section Calculations","Arif Ahmed, Yunju Cho, Kevin Giles et al. (n=8)",Arif Ahmed; Yunju Cho; Kevin Giles; Eleanor Riches; Jong‐Wha Lee; Hugh I. Kim; Cheol Ho Choi; Sunghwan Kim,Analytical Chemistry,https://doi.org/10.1021/ac4032737,https://openalex.org/W2329588547
2014,Thermochemical Sulfate Reduction Simulation Experiments on the Formation and Distribution of Organic Sulfur Compounds in the Tuha Crude Oil,"Changtao Yue, Shuyuan Li, He Song",Changtao Yue; Shuyuan Li; He Song,Bulletin of the Korean Chemical Society,https://doi.org/10.5012/bkcs.2014.35.7.2057,https://openalex.org/W2065470432
2014,Petroleomic Characterization of Bio-Oil Aging using Fourier-Transform Ion Cyclotron Resonance Mass Spectrometry,"Erica A. Smith, Christopher Thompson, Young‐Jin Lee",Erica A. Smith; Christopher Thompson; Young‐Jin Lee,Bulletin of the Korean Chemical Society,https://doi.org/10.5012/bkcs.2014.35.3.811,https://openalex.org/W2126973594
2014,Weathering trend characterization of medium-molecular weight polycyclic aromatic disulfur heterocycles by Fourier transform ion cyclotron resonance mass spectrometry,"Abdelrahman H. Hegazi, Eiman M. Fathalla, Jan T. Andersson",Abdelrahman H. Hegazi; Eiman M. Fathalla; Jan T. Andersson,Chemosphere,https://doi.org/10.1016/j.chemosphere.2014.04.029,https://openalex.org/W2062564885
2014,Targeted Petroleomics: Analytical Investigation of Macondo Well Oil Oxidation Products from Pensacola Beach,"Brian M. Ruddy, Markus Huettel, Joel E. Kostka et al. (n=11)",Brian M. Ruddy; Markus Huettel; Joel E. Kostka; Vladislav V. Lobodin; Benjamin J. Bythell; Amy M. McKenna; Christoph Aeppli; Christopher M. Reddy; Robert K. Nelson; Alan G. Marshall; Ryan P. Rodgers,Energy & Fuels,https://doi.org/10.1021/ef500427n,https://openalex.org/W2312968377
2014,Unprecedented Ultrahigh Resolution FT-ICR Mass Spectrometry and Parts-Per-Billion Mass Accuracy Enable Direct Characterization of Nickel and Vanadyl Porphyrins in Petroleum from Natural Seeps,"Amy M. McKenna, Jeffrey T. Williams, Jonathan C. Putman et al. (n=12)",Amy M. McKenna; Jeffrey T. Williams; Jonathan C. Putman; Christoph Aeppli; Christopher M. Reddy; David L. Valentine; Karin L. Lemkau; Matthias Y. Kellermann; J. Savory; Nathan K. Kaiser; Alan G. Marshall; Ryan P. Rodgers,Energy & Fuels,https://doi.org/10.1021/ef5002452,https://openalex.org/W2313126922
2014,Molecular Characterization of Vacuum Resid and Its Fractions by Fourier Transform Ion Cyclotron Resonance Mass Spectrometry with Various Ionization Techniques,"Yahe Zhang, Linzhou Zhang, Zhiming Xu et al. (n=8)",Yahe Zhang; Linzhou Zhang; Zhiming Xu; Na Zhang; Keng H. Chung; Suoqi Zhao; Chunming Xu; Quan Shi,Energy & Fuels,https://doi.org/10.1021/ef502162b,https://openalex.org/W2324328761
2014,Direct Analysis of Thin-Layer Chromatography Separations of Petroleum Samples by Laser Desorption Ionization Fourier Transform Ion Cyclotron Resonance Mass Spectrometry Imaging,"Donald F. Smith, Amy M. McKenna, Yuri Corilo et al. (n=6)",Donald F. Smith; Amy M. McKenna; Yuri Corilo; Ryan P. Rodgers; Alan G. Marshall; Ron M. A. Heeren,Energy & Fuels,https://doi.org/10.1021/ef501439w,https://openalex.org/W2328781019
2014,Solid-Phase Extraction Fractionation To Extend the Characterization of Naphthenic Acids in Crude Oil by Electrospray Ionization Fourier Transform Ion Cyclotron Resonance Mass Spectrometry,"Steven M. Rowland, Winston K. Robbins, Yuri Corilo et al. (n=5)",Steven M. Rowland; Winston K. Robbins; Yuri Corilo; Alan G. Marshall; Ryan P. Rodgers,Energy & Fuels,https://doi.org/10.1021/ef5015023,https://openalex.org/W2327825289
2014,Valuable Crude Oil from Hydrothermal Liquefaction of an Aliphatic Coal,"Blaine E. Hartman, Patrick G. Hatcher",Blaine E. Hartman; Patrick G. Hatcher,Energy & Fuels,https://doi.org/10.1021/ef5018708,https://openalex.org/W2319645444
2014,Lithium Cationization for Petroleum Analysis by Positive Ion Electrospray Ionization Fourier Transform Ion Cyclotron Resonance Mass Spectrometry,"Vladislav V. Lobodin, Priyanka Juyal, Amy M. McKenna et al. (n=5)",Vladislav V. Lobodin; Priyanka Juyal; Amy M. McKenna; Ryan P. Rodgers; Alan G. Marshall,Energy & Fuels,https://doi.org/10.1021/ef501683w,https://openalex.org/W2319851380
2014,Molecular Evidence of Heavy-Oil Weathering Following the M/V <i>Cosco Busan</i> Spill: Insights from Fourier Transform Ion Cyclotron Resonance Mass Spectrometry,"Karin L. Lemkau, Amy M. McKenna, David C. Podgorski et al. (n=5)",Karin L. Lemkau; Amy M. McKenna; David C. Podgorski; Ryan P. Rodgers; Christopher M. Reddy,Environmental Science & Technology,https://doi.org/10.1021/es403787u,https://openalex.org/W2328901792
2014,Studying Ultra-Complex Crude Oil Mixtures by Using High-Field Asymmetric Waveform Ion Mobility Spectrometry (FAIMS) Coupled to an Electrospray Ionisation-LTQ-Orbitrap Mass Spectrometer,"Wolfgang Schräder, Yue Xuan, Andras Gaspar",Wolfgang Schräder; Yue Xuan; Andras Gaspar,European Journal of Mass Spectrometry,https://doi.org/10.1255/ejms.1263,https://openalex.org/W1966475727
2014,Characterisation and selection of demulsifiers for water-in-crude oil emulsions using low-field 1H NMR and ESI–FT-ICR MS,"Giovanna Carneiro, Renzo C. Silva, Lúcio L. Barbosa et al. (n=11)",Giovanna Carneiro; Renzo C. Silva; Lúcio L. Barbosa; Jair C. C. Freitas; Cristina M. S. Sad; Lílian V. Tose; Boniek G. Vaz; Wanderson Romão; Eustáquio Vinícius Ribeiro de Castro; Álvaro Cunha Neto; Valdemar Lacerda,Fuel,https://doi.org/10.1016/j.fuel.2014.10.020,https://openalex.org/W2067817718
2014,"Evidencing the crude oil corrosion by Raman spectroscopy, atomic force microscopy and electrospray ionization FT-ICR mass spectrometry","Heloísa P. Dias, Pedro Vitor Morbach Dixini, Luiz Carlos Pimentel Almeida et al. (n=11)",Heloísa P. Dias; Pedro Vitor Morbach Dixini; Luiz Carlos Pimentel Almeida; Gabriela Vanini; Eustáquio Vinícius Ribeiro de Castro; Glória M. F. V. Aquije; Alexandre O. Gomes; Robson Moura; Valdemar Lacerda; Boniek G. Vaz; Wanderson Romão,Fuel,https://doi.org/10.1016/j.fuel.2014.08.065,https://openalex.org/W2038318290
2014,Hydrothermal liquefaction oil and hydrotreated product from pine feedstock characterized by heteronuclear two-dimensional NMR spectroscopy and FT-ICR mass spectrometry,"Nilusha Sudasinghe, John Cort, Richard T. Hallen et al. (n=6)",Nilusha Sudasinghe; John Cort; Richard T. Hallen; Mariefel V. Olarte; Andrew J. Schmidt; Tanner Schaub,Fuel,https://doi.org/10.1016/j.fuel.2014.07.069,https://openalex.org/W2066238800
2014,Monitoring the degradation and the corrosion of naphthenic acids by electrospray ionization Fourier transform ion cyclotron resonance mass spectrometry and atomic force microscopy,"Heloísa P. Dias, Thieres M.C. Pereira, Gabriela Vanini et al. (n=11)",Heloísa P. Dias; Thieres M.C. Pereira; Gabriela Vanini; Pedro Vitor Morbach Dixini; V.G. Celante; Eustáquio Vinícius Ribeiro de Castro; Boniek G. Vaz; Felipe P. Fleming; Alexandre O. Gomes; Glória M. F. V. Aquije; Wanderson Romão,Fuel,https://doi.org/10.1016/j.fuel.2014.02.031,https://openalex.org/W2007729760
2014,Supercritical carbon dioxide extraction of petroleum on kieselguhr,"Hongxing Ni, Chang Samuel Hsu, Peter Lee et al. (n=7)",Hongxing Ni; Chang Samuel Hsu; Peter Lee; J. S. Wright; Rui Chen; Chunming Xu; Quan Shi,Fuel,https://doi.org/10.1016/j.fuel.2014.09.126,https://openalex.org/W2036871389
2014,"FT-ICR MS analysis of asphaltenes: Asphaltenes go in, fullerenes come out","Thieres M.C. Pereira, Gabriela Vanini, Lílian V. Tose et al. (n=10)",Thieres M.C. Pereira; Gabriela Vanini; Lílian V. Tose; Felipe M.R. Cardoso; Felipe P. Fleming; Paulo de Tarso Vieira e Rosa; Christopher J. Thompson; Eustáquio Vinícius Ribeiro de Castro; Boniek G. Vaz; Wanderson Romão,Fuel,https://doi.org/10.1016/j.fuel.2014.04.049,https://openalex.org/W2074309360
2014,Investigation of heavy oil refinery wastewater treatment by integrated ozone and activated carbon -supported manganese oxides,"Chunmao Chen, Lingyong Wei, Xuan Guo et al. (n=5)",Chunmao Chen; Lingyong Wei; Xuan Guo; Shaohui Guo; Guangxu Yan,Fuel Processing Technology,https://doi.org/10.1016/j.fuproc.2014.02.024,https://openalex.org/W2130493038
2014,Identification and geochemical significance of polarized macromolecular compounds in lacustrine and marine oils,"Jingwei Cui, Rukai Zhu, Jian Hu",Jingwei Cui; Rukai Zhu; Jian Hu,Geochemistry,https://doi.org/10.1007/s11631-014-0709-8,https://openalex.org/W2007281958
2014,Caractérisation et réactivité en hydrotraitement des composés hétéroatomiques présents dans les distillats sous vide du pétrole,Laure Boursier,Laure Boursier,HAL (Le Centre pour la Communication Scientifique Directe),,https://openalex.org/W778127376
2014,Synergistic Process for High Nitrogen Content Feedstocks Catalytic Cracking: A Case Study of Controlling the Reactions of Nitrogen Compounds in Situ,"Jinhong Zhang, Honghong Shan, Xiaobo Chen et al. (n=5)",Jinhong Zhang; Honghong Shan; Xiaobo Chen; Wenjing Liu; Chaohe Yang,Industrial & Engineering Chemistry Research,https://doi.org/10.1021/ie403867d,https://openalex.org/W2335635782
2014,Characterization of Highly Oxygenated and Environmentally Weathered Crude Oils by Liquid Chromatography Fourier Transform Ion Cyclotron Mass Spectrometry (FT-ICR MS),"Steven M. Rowland, Winston K. Robbins, Alan G. Marshall et al. (n=4)",Steven M. Rowland; Winston K. Robbins; Alan G. Marshall; Ryan P. Rodgers,International Oil Spill Conference Proceedings,https://doi.org/10.7901/2169-3358-2014-1-300205.1,https://openalex.org/W1993758760
2014,Characterization of the BP petroleum residuals in the sediment of the Salt Marshes in the Northern Gulf of Mexico by Fourier Transform Ion Cyclotron Resonance mass spectrometry,"Huan Chen, Nabanita Bhattacharyya, Rui Zhang et al. (n=6)",Huan Chen; Nabanita Bhattacharyya; Rui Zhang; Aixin Hou; Ryan P. Rodgers; Amy M. McKenna,International Oil Spill Conference Proceedings,https://doi.org/10.7901/2169-3358-2014-1-299941.1,https://openalex.org/W1982455237
2014,Sunlight creates oxygenated species in water-soluble fractions of Deepwater horizon oil,"Phoebe Zito, Huan Chen, David C. Podgorski et al. (n=5)",Phoebe Zito; Huan Chen; David C. Podgorski; Amy M. McKenna; Matthew A. Tarr,Journal of Hazardous Materials,https://doi.org/10.1016/j.jhazmat.2014.08.059,https://openalex.org/W1967714876
2014,On-Line Desalting of Crude Oil in the Source Region of a Fourier Transform Ion Cyclotron Resonance Mass Spectrometer,"Chamnongsak Chanthamontri, Andrew P. Stopford, Ryan W. Snowdon et al. (n=5)",Chamnongsak Chanthamontri; Andrew P. Stopford; Ryan W. Snowdon; Thomas B. P. Oldenburg; Steve Larter,Journal of the American Society for Mass Spectrometry,https://doi.org/10.1007/s13361-014-0906-z,https://openalex.org/W2110738095
2014,The screening utility of simplified blood pressure tables to identify the need for further blood pressure assessment in children,"Ajay P. Sharma, Javed Mohammed, Benson Thomas et al. (n=5)",Ajay P. Sharma; Javed Mohammed; Benson Thomas; Ram N. Singh; Guido Filler,Journal of the American Society of Hypertension,https://doi.org/10.1016/j.jash.2014.03.303,https://openalex.org/W2166680114
2014,Identification of acidic species extracted from heavy crude oil by fourier transform ion cyclotron resonance mass spectrometry,"Bencheng Wu, Xiaohui Li, Jianhua Zhu et al. (n=5)",Bencheng Wu; Xiaohui Li; Jianhua Zhu; Yanzhao Huang; Hui Cheng,Korean Journal of Chemical Engineering,https://doi.org/10.1007/s11814-014-0002-x,https://openalex.org/W2143581640
2014,"Developments in FT‐ICR MS instrumentation, ionization techniques, and data interpretation methods for petroleomics","Yunju Cho, Arif Ahmed, Ananna Islam et al. (n=4)",Yunju Cho; Arif Ahmed; Ananna Islam; Sunghwan Kim,Mass Spectrometry Reviews,https://doi.org/10.1002/mas.21438,https://openalex.org/W2103423361
2014,Fourier transform ion cyclotron resonance (FT ICR) mass spectrometry: Theory and simulations,"Е. Н. Николаев, Yury Kostyukevich, Gleb Vladimirov",Е. Н. Николаев; Yury Kostyukevich; Gleb Vladimirov,Mass Spectrometry Reviews,https://doi.org/10.1002/mas.21422,https://openalex.org/W1703799520
2014,Advances in Structural Elucidation of Small Molecules via High Performance Mass Spectrometry,Konstantin O. Zhurov,Konstantin O. Zhurov,Open MIND,https://doi.org/10.5075/epfl-thesis-6398,https://openalex.org/W1806655518
2014,Reactivity studies of tridehydropyridine radical cations by using Fourier-transform ion cyclotron resonance mass spectrometry and advancement of mass spectrometric analysis of asphaltenes and lignin degradation products,Mohammad Sabir Aqueel,Mohammad Sabir Aqueel,Purdue e-Pubs (Purdue University System),,https://openalex.org/W339172914
2014,Adsorption kinetics of vanadyl etioporphyrin on Dagang asphaltene in pentane,Chen Fei-fe,Chen Fei-fe,Ranliao huaxue xuebao,,https://openalex.org/W2383395391
2014,Online normal‐phase high‐performance liquid chromatography/Fourier transform ion cyclotron resonance mass spectrometry: Effects of different ionization methods on the characterization of highly complex crude oil mixtures,"Sami Lababidi, Wolfgang Schräder",Sami Lababidi; Wolfgang Schräder,Rapid Communications in Mass Spectrometry,https://doi.org/10.1002/rcm.6907,https://openalex.org/W2167444651
2014,Mechanisms and transients involved in the solar conversion of petroleum films in aquatic systems,P. Z. Ray,P. Z. Ray,ScholarWorks - UNO (University of New Orleans),,https://openalex.org/W125247723
2014,Progress and prospect on petroleum analysis by Fourier transform ion cyclotron resonance mass spectrometry,"Yahe Zhang, Quan Shi, XU Chun-ming et al. (n=5)",Yahe Zhang; Quan Shi; XU Chun-ming; Keng H. Chung; Suoqi Zhao,Scientia Sinica Chimica,https://doi.org/10.1360/n032014-00026,https://openalex.org/W2319109427
2014,New Vanadium Compounds in Venezuela Heavy Crude Oil Detected by Positive-ion Electrospray Ionization Fourier Transform Ion Cyclotron Resonance Mass Spectrometry,"Xu Zhao, Quan Shi, Murray R. Gray et al. (n=4)",Xu Zhao; Quan Shi; Murray R. Gray; Chunming Xu,Scientific Reports,https://doi.org/10.1038/srep05373,https://openalex.org/W1981314689
2014,Petroleomics by electrospray ionization FT-ICR mass spectrometry coupled to partial least squares with variable selection methods: prediction of the total acid number of crude oils,"Luciana A. Terra, Paulo R. Filgueiras, Lílian V. Tose et al. (n=9)",Luciana A. Terra; Paulo R. Filgueiras; Lílian V. Tose; Wanderson Romão; Douglas Delgado de Souza; Eustáquio Vinícius Ribeiro de Castro; Mirela S. L. de Oliveira; Júlio Cesar Dias; Ronei J. Poppi,The Analyst,https://doi.org/10.1039/c4an00538d,https://openalex.org/W1969072439
2014,Identification and geochemical significance of polarized macromolecular compounds in lacustrine and marine oils,Cui Jingwe,Cui Jingwe,中国地球化学学报(英文版),,https://openalex.org/W3143562324
2014,Changes of Petroleum Acid Distribution Characterized by FT-ICR MS in Heavy Acidic Crude Oil after True Boiling Point Distillation,"Liu, Yingrong, Zhang et al. (n=11)",Liu; Yingrong; Zhang; Qundan; Wang; Wei Wei; Zelong; Zhu; Xinyi; Tian; Songbai,中国炼油与石油化工：英文版,,https://openalex.org/W3140727469
2015,Insights for Air Injection EOR from Static Oxidization Behaviours of Crude Oil,"Xiaofang Wei, Siyu Yang, Bojun Wang et al. (n=8)",Xiaofang Wei; Siyu Yang; Bojun Wang; Yongzhi Yang; Wenfeng Song; Ying Xu; Minghui Zhou; Keyu Liu,,https://doi.org/10.2118/174634-ms,https://openalex.org/W2216765874
2015,Hydrothermal liquefaction of Nannochloropsis salina to biocrudes,M.M. Sanguineti,M.M. Sanguineti,,,https://openalex.org/W2624512253
2015,Hyphenation of Thermal Analysis to Ultrahigh-Resolution Mass Spectrometry (Fourier Transform Ion Cyclotron Resonance Mass Spectrometry) Using Atmospheric Pressure Chemical Ionization For Studying Composition and Thermal Degradation of Complex Materials,"Christopher P. Rüger, Toni Miersch, Theo Schwemer et al. (n=5)",Christopher P. Rüger; Toni Miersch; Theo Schwemer; Martin Sklorz; Ralf Zimmermann,Analytical Chemistry,https://doi.org/10.1021/acs.analchem.5b00785,https://openalex.org/W2339447023
2015,Comprehensive Characterization of Second-Generation Biofuel from Invasive Freshwater Plants by FT-ICR MS,"Jandyson M. Santos, Luana Oliveira dos Santos, Fernanda F. Silva et al. (n=5)",Jandyson M. Santos; Luana Oliveira dos Santos; Fernanda F. Silva; Marcos N. Eberlin; Alberto Wisniewski,BioEnergy Research,https://doi.org/10.1007/s12155-015-9650-x,https://openalex.org/W797567738
2015,Biodegradation of crude oil and dispersants in deep seawater from the Gulf of Mexico: Insights from ultra-high resolution mass spectrometry,"Michael Seidel, Sara Kleindienst, Thorsten Dittmar et al. (n=5)",Michael Seidel; Sara Kleindienst; Thorsten Dittmar; Samantha B. Joye; Patricia M. Medeiros,Deep Sea Research Part II Topical Studies in Oceanography,https://doi.org/10.1016/j.dsr2.2015.05.012,https://openalex.org/W412735516
2015,Novel Method To Isolate Interfacial Material,"Jacqueline M. Jarvis, Winston K. Robbins, Yuri Corilo et al. (n=4)",Jacqueline M. Jarvis; Winston K. Robbins; Yuri Corilo; Ryan P. Rodgers,Energy & Fuels,https://doi.org/10.1021/acs.energyfuels.5b01787,https://openalex.org/W2275446455
2015,Separation and Characterization of Reactive and Non-Reactive Sulfur in Petroleum and Its Fractions,"Vladislav V. Lobodin, Winston K. Robbins, Jie Lu et al. (n=4)",Vladislav V. Lobodin; Winston K. Robbins; Jie Lu; Ryan P. Rodgers,Energy & Fuels,https://doi.org/10.1021/acs.energyfuels.5b00780,https://openalex.org/W2292964000
2015,Separation and Characterization of Sulfur Compounds in Ultra-deep Formation Crude Oils from Tarim Basin,"Meng Wang, Guangyou Zhu, Limin Ren et al. (n=6)",Meng Wang; Guangyou Zhu; Limin Ren; Xuxia Liu; Suoqi Zhao; Quan Shi,Energy & Fuels,https://doi.org/10.1021/acs.energyfuels.5b00897,https://openalex.org/W2338515230
2015,High Resolution Mass Spectrometric View of Asphaltene–SiO<sub>2</sub> Interactions,"Martha L. Chacón‐Patiño, Cristian Blanco‐Tirado, Jorge A. Orrego-Ruiz et al. (n=5)",Martha L. Chacón‐Patiño; Cristian Blanco‐Tirado; Jorge A. Orrego-Ruiz; Andrea Gómez-Escudero; Marianny Y. Combariza,Energy & Fuels,https://doi.org/10.1021/ef502335b,https://openalex.org/W2319553677
2015,Transformation of Sulfur Compounds in the Hydrotreatment of Supercritical Fluid Extraction Subfractions of Saudi Arabia Atmospheric Residua,"Mei Liu, Meng Wang, Linzhou Zhang et al. (n=7)",Mei Liu; Meng Wang; Linzhou Zhang; Zhiming Xu; Yilong Chen; Xiuying Guo; Suoqi Zhao,Energy & Fuels,https://doi.org/10.1021/ef5025438,https://openalex.org/W2318852897
2015,Characterization of Vanadyl and Nickel Porphyrins Enriched from Heavy Residues by Positive-Ion Electrospray Ionization FT-ICR Mass Spectrometry,"He Liu, Jun Mu, Zongxian Wang et al. (n=8)",He Liu; Jun Mu; Zongxian Wang; Shunfeng Ji; Quan Shi; Aijun Guo; Kun Chen; Jincheng Lu,Energy & Fuels,https://doi.org/10.1021/acs.energyfuels.5b00763,https://openalex.org/W2339473411
2015,Characterization of Acid-Soluble Oxidized Asphaltenes by Fourier Transform Ion Cyclotron Resonance Mass Spectrometry: Insights on Oxycracking Processes and Asphaltene Structural Features,"Renzo C. Silva, Jagoš R. Radović, Farouq Ahmed et al. (n=9)",Renzo C. Silva; Jagoš R. Radović; Farouq Ahmed; Ursula Ehrmann; Melisa Brown; Lante Carbognani Ortega; Steve Larter; Pedro Pereira‐Almao; Thomas B. P. Oldenburg,Energy & Fuels,https://doi.org/10.1021/acs.energyfuels.5b02215,https://openalex.org/W2290194895
2015,Determination of Simulated Crude Oil Mixtures from the North Sea Using Atmospheric Pressure Photoionization Coupled to Fourier Transform Ion Cyclotron Resonance Mass Spectrometry,"Matthias Witt, Wiebke Timm",Matthias Witt; Wiebke Timm,Energy & Fuels,https://doi.org/10.1021/acs.energyfuels.5b02353,https://openalex.org/W2218220157
2015,Atmospheric Pressure Photoionization and Laser Desorption Ionization Coupled to Fourier Transform Ion Cyclotron Resonance Mass Spectrometry To Characterize Asphaltene Solubility Fractions: Studying the Link between Molecular Composition and Physical Behavior,"Estrella Rogel, Michael E. Moir, Matthias Witt",Estrella Rogel; Michael E. Moir; Matthias Witt,Energy & Fuels,https://doi.org/10.1021/acs.energyfuels.5b00574,https://openalex.org/W2508841500
2015,New Separation Approach for Asphaltene Investigation: Argentation Chromatography Coupled with Ultrahigh-Resolution Mass Spectrometry,"Lilla Molnárné Guricza, Wolfgang Schräder",Lilla Molnárné Guricza; Wolfgang Schräder,Energy & Fuels,https://doi.org/10.1021/acs.energyfuels.5b01285,https://openalex.org/W2235786518
2015,Kinetic and multidimensional profiling of accelerated degradation of oil sludge by biostimulation,"Yijie Dong, Zhe Lang, Xian Kong et al. (n=5)",Yijie Dong; Zhe Lang; Xian Kong; Diannan Lu; Zheng Liu,Environmental Science Processes & Impacts,https://doi.org/10.1039/c4em00428k,https://openalex.org/W2165952054
2015,Laser desorption ionization FT-ICR mass spectrometry and CARSPLS for predicting basic nitrogen and aromatics contents in crude oils,"Luciana A. Terra, Paulo R. Filgueiras, Lílian V. Tose et al. (n=9)",Luciana A. Terra; Paulo R. Filgueiras; Lílian V. Tose; Wanderson Romão; Eustáquio Vinícius Ribeiro de Castro; Lize M. S. L. Oliveira; Júlio Cesar Dias; Boniek G. Vaz; Ronei J. Poppi,Fuel,https://doi.org/10.1016/j.fuel.2015.07.099,https://openalex.org/W1424466571
2015,Analyzes of hydrocarbons by atmosphere pressure chemical ionization FT-ICR mass spectrometry using isooctane as ionizing reagent,"Lílian V. Tose, Felipe M.R. Cardoso, Felipe P. Fleming et al. (n=8)",Lílian V. Tose; Felipe M.R. Cardoso; Felipe P. Fleming; Maristela A. Vicente; Samantha R.C. Silva; Glória M. F. V. Aquije; Boniek G. Vaz; Wanderson Romão,Fuel,https://doi.org/10.1016/j.fuel.2015.03.004,https://openalex.org/W1992608674
2015,Catalytic decarboxylation of naphthenic acids in crude oils,"Heloísa P. Dias, Gustavo R. Gonçalves, Jair C. C. Freitas et al. (n=8)",Heloísa P. Dias; Gustavo R. Gonçalves; Jair C. C. Freitas; Alexandre O. Gomes; Eustáquio Vinícius Ribeiro de Castro; Boniek G. Vaz; Glória M. F. V. Aquije; Wanderson Romão,Fuel,https://doi.org/10.1016/j.fuel.2015.05.016,https://openalex.org/W839054346
2015,Hydrothermal liquefaction of isolated cuticle of Agave americana and Capsicum annuum: Chemical characterization of petroleum-like products,"Blaine E. Hartman, Patrick G. Hatcher",Blaine E. Hartman; Patrick G. Hatcher,Fuel,https://doi.org/10.1016/j.fuel.2015.04.044,https://openalex.org/W1981492711
2015,"Combination of ring type HPLC separation, ultrahigh-resolution mass spectrometry, and high field NMR for comprehensive characterization of crude oil compositions","Daae Kim, Jang Mi Jin, Yunju Cho et al. (n=7)",Daae Kim; Jang Mi Jin; Yunju Cho; Eun‐Hee Kim; Hae‐Kap Cheong; Young Hwan Kim; Sunghwan Kim,Fuel,https://doi.org/10.1016/j.fuel.2015.04.061,https://openalex.org/W2002149107
2015,Simulation experiments on the generation of organic sulfide in the Shengli crude oil,"Changtao Yue, S. Y. Li, Huaping Song",Changtao Yue; S. Y. Li; Huaping Song,Geochemistry International,https://doi.org/10.1134/s0016702915120113,https://openalex.org/W2201764750
2015,Fourier transform mass spectrometry at the uncertainty principle limit for improved qualitative and quantitative molecular analyses,Anton N. Kozhinov,Anton N. Kozhinov,Infoscience (Ecole Polytechnique Fédérale de Lausanne),https://doi.org/10.5075/epfl-thesis-6384,https://openalex.org/W1512965862
2015,Selective Analysis of Sulfur-Containing Species in a Heavy Crude Oil by Deuterium Labeling Reactions and Ultrahigh Resolution Mass Spectrometry,"Xuxiao Wang, Wolfgang Schräder",Xuxiao Wang; Wolfgang Schräder,International Journal of Molecular Sciences,https://doi.org/10.3390/ijms161226205,https://openalex.org/W2199138600
2015,Electrospray ionization for determination of non‐polar polyaromatic hydrocarbons and polyaromatic heterocycles in heavy crude oil asphaltenes,"Lilla Molnárné Guricza, Wolfgang Schräder",Lilla Molnárné Guricza; Wolfgang Schräder,Journal of Mass Spectrometry,https://doi.org/10.1002/jms.3561,https://openalex.org/W1602815646
2015,Ion Trap with Narrow Aperture Detection Electrodes for Fourier Transform Ion Cyclotron Resonance Mass Spectrometry,"Konstantin O. Nagornov, Anton N. Kozhinov, Oleg Yu. Tsybin et al. (n=4)",Konstantin O. Nagornov; Anton N. Kozhinov; Oleg Yu. Tsybin; Yury O. Tsybin,Journal of the American Society for Mass Spectrometry,https://doi.org/10.1007/s13361-015-1089-y,https://openalex.org/W2027876691
2015,Petroleomics by Direct Analysis in Real Time-Mass Spectrometry,"Wanderson Romão, Lílian V. Tose, Boniek G. Vaz et al. (n=8)",Wanderson Romão; Lílian V. Tose; Boniek G. Vaz; Sara Sama; Ryszard Łobiński; Pierre Giusti; Hervé Carrier; Brice Bouyssière,Journal of the American Society for Mass Spectrometry,https://doi.org/10.1007/s13361-015-1266-z,https://openalex.org/W1818807923
2015,Chemical Composition and Potential Environmental Impacts of Water-Soluble Polar Crude Oil Components Inferred from ESI FT-ICR MS,"Yina Liu, Elizabeth B. Kujawinski",Yina Liu; Elizabeth B. Kujawinski,PLoS ONE,https://doi.org/10.1371/journal.pone.0136376,https://openalex.org/W2162117463
2015,Producing absorption mode Fourier transform ion cyclotron resonance mass spectra with non‐quadratic phase correction functions,"David P. A. Kilgour, Konstantin O. Nagornov, Anton N. Kozhinov et al. (n=5)",David P. A. Kilgour; Konstantin O. Nagornov; Anton N. Kozhinov; Konstantin O. Zhurov; Yury O. Tsybin,Rapid Communications in Mass Spectrometry,https://doi.org/10.1002/rcm.7200,https://openalex.org/W2114443255
2015,Porphyrins in Heavy Petroleums: A Review,"Xu Zhao, Chunming Xu, Quan Shi",Xu Zhao; Chunming Xu; Quan Shi,Structure and bonding,https://doi.org/10.1007/430_2015_189,https://openalex.org/W2285499961
2015,Ruthenium Ion-Catalyzed Oxidation for Petroleum Molecule Structural Features: A Review,"Quan Shi, Jiawei Wang, Xibin Zhou et al. (n=6)",Quan Shi; Jiawei Wang; Xibin Zhou; Chunming Xu; Suoqi Zhao; Keng H. Chung,Structure and bonding,https://doi.org/10.1007/430_2015_180,https://openalex.org/W1852875262
2016,"Going Beyond the Analysis of Common Contaminants: Target, Suspect, and Non-Target Analysis of Complex Environmental Matrices by High-Resolution Mass Spectrometry",Anna Katarina Huba,Anna Katarina Huba,,https://doi.org/10.25148/etd.fidc001186,https://openalex.org/W2612110570
2016,Two-dimensional mass defect matrix plots for mapping genealogical links in mixtures of lignin depolymerisation products,"Yulin Qi, Rolf Hempelmann, Dietrich A. Volmer",Yulin Qi; Rolf Hempelmann; Dietrich A. Volmer,Analytical and Bioanalytical Chemistry,https://doi.org/10.1007/s00216-016-9598-5,https://openalex.org/W2374229039
2016,Shedding light on the structures of lignin compounds: photo-oxidation under artificial UV light and characterization by high resolution mass spectrometry,"Yulin Qi, Rolf Hempelmann, Dietrich A. Volmer",Yulin Qi; Rolf Hempelmann; Dietrich A. Volmer,Analytical and Bioanalytical Chemistry,https://doi.org/10.1007/s00216-016-9928-7,https://openalex.org/W2519528131
2016,Tracking catalytic esterification of naphthenic acids in a crude oil by ESI FT-ICR MS,"Xiaohui Li, Bencheng Wu, Zhu Jian-hua et al. (n=4)",Xiaohui Li; Bencheng Wu; Zhu Jian-hua; Xiujuan Tao,China Petroleum Processing & Petrochemical Technology,,https://openalex.org/W3156104827
2016,Forensic studies of naphthenic acids fraction compounds in oil sands environmental samples and crude oil,"Chukwuemeka Ajaero, John V. Headley, Kerry M. Peru et al. (n=5)",Chukwuemeka Ajaero; John V. Headley; Kerry M. Peru; Dena W. McMartin; Mark P. Barrow,Elsevier eBooks,https://doi.org/10.1016/b978-0-12-803832-1.00007-6,https://openalex.org/W2374587692
2016,Calculation of the Total Sulfur Content in Crude Oils by Positive-Ion Atmospheric Pressure Photoionization Fourier Transform Ion Cyclotron Resonance Mass Spectrometry,"Yuri Corilo, Steven M. Rowland, Ryan P. Rodgers",Yuri Corilo; Steven M. Rowland; Ryan P. Rodgers,Energy & Fuels,https://doi.org/10.1021/acs.energyfuels.6b00497,https://openalex.org/W2345657568
2016,Spray Injection Direct Analysis in Real Time (DART) Ionization for Petroleum Analysis,"Limin Ren, Yehua Han, Yahe Zhang et al. (n=6)",Limin Ren; Yehua Han; Yahe Zhang; Yanfen Zhang; Xianghai Meng; Quan Shi,Energy & Fuels,https://doi.org/10.1021/acs.energyfuels.6b00018,https://openalex.org/W2404169731
2016,Analysis of Geologically Relevant Metal Porphyrins Using Trapped Ion Mobility Spectrometry–Mass Spectrometry and Theoretical Calculations,"Paolo Benigni, Carlos Bravo, J. Martin E. Quirke et al. (n=6)",Paolo Benigni; Carlos Bravo; J. Martin E. Quirke; John Daniel DeBord; Alexander M. Mebel; Francisco Fernandez‐Lima,Energy & Fuels,https://doi.org/10.1021/acs.energyfuels.6b02388,https://openalex.org/W2547428310
2016,Combination of Negative Electrospray Ionization and Positive Atmospheric Pressure Photoionization Fourier Transform Ion Cyclotron Resonance Mass Spectrometry as a Quantitative Approach of Acid Species in Crude Oils,"Jorge A. Orrego-Ruiz, Andrea Gómez-Escudero, Fernando A. Rojas-Ruiz",Jorge A. Orrego-Ruiz; Andrea Gómez-Escudero; Fernando A. Rojas-Ruiz,Energy & Fuels,https://doi.org/10.1021/acs.energyfuels.6b01524,https://openalex.org/W2519010459
2016,Molecular Transformation of Crude Oil in Confined Pyrolysis System and Its Impact on Migration and Maturity Geochemical Parameters,"Yahe Zhang, Yuhong Liao, Shaohui Guo et al. (n=5)",Yahe Zhang; Yuhong Liao; Shaohui Guo; Chunming Xu; Quan Shi,Energy & Fuels,https://doi.org/10.1021/acs.energyfuels.6b00841,https://openalex.org/W2509035921
2016,Atmospheric Pressure Photoionization Coupled to Fourier Transform Ion Cyclotron Resonance Mass Spectrometry To Characterize Asphaltene Deposit Solubility Fractions: Comparison to Bulk Properties,"Estrella Rogel, Matthias Witt",Estrella Rogel; Matthias Witt,Energy & Fuels,https://doi.org/10.1021/acs.energyfuels.5b02565,https://openalex.org/W2256043273
2016,Structural Assignments of Sulfur-Containing Compounds in Crude Oil Using Ion Mobility Spectrometry-Mass Spectrometry,"Hossein Maleki, Samaneh Ghassabi Kondalaji, Mahdiar Khakinejad et al. (n=4)",Hossein Maleki; Samaneh Ghassabi Kondalaji; Mahdiar Khakinejad; Stephen J. Valentine,Energy & Fuels,https://doi.org/10.1021/acs.energyfuels.6b01798,https://openalex.org/W2532391969
2016,Quantitative Molecular Characterization of Petroleum Asphaltenes Derived Ruthenium Ion Catalyzed Oxidation Product by ESI FT-ICR MS,"Xibin Zhou, Suoqi Zhao, Quan Shi",Xibin Zhou; Suoqi Zhao; Quan Shi,Energy & Fuels,https://doi.org/10.1021/acs.energyfuels.5b02533,https://openalex.org/W2337111918
2016,"Fractionation of Asphaltene by Adsorption onto Silica and Chemical Characterization by Atmospheric Pressure Photoionization Fourier Transform Ion Cyclotron Resonance Mass Spectrometry, Fourier Transform Infrared Spectroscopy Coupled to Attenuated Total Reflectance, and Proton Nuclear Magnetic Resonance","Priscila T. H. Nascimento, Alexandre F. Santos, Carlos Itsuo Yamamoto et al. (n=10)",Priscila T. H. Nascimento; Alexandre F. Santos; Carlos Itsuo Yamamoto; Lílian V. Tose; Eliane V. Barros; Gustavo R. Gonçalves; Jair C. C. Freitas; Boniek G. Vaz; Wanderson Romão; Agnes de Paula Scheer,Energy & Fuels,https://doi.org/10.1021/acs.energyfuels.6b00523,https://openalex.org/W2432538881
2016,"Assessing Relative Electrospray Ionization, Atmospheric Pressure Photoionization, Atmospheric Pressure Chemical Ionization, and Atmospheric Pressure Photo- and Chemical Ionization Efficiencies in Mass Spectrometry Petroleomic Analysis via Pools and Pairs of Selected Polar Compound Standards","Marcos A. Pudenzi, Marcos N. Eberlin",Marcos A. Pudenzi; Marcos N. Eberlin,Energy & Fuels,https://doi.org/10.1021/acs.energyfuels.6b01403,https://openalex.org/W2516908915
2016,Exploring Occluded Compounds and Their Interactions with Asphaltene Networks Using High-Resolution Mass Spectrometry,"Martha L. Chacón‐Patiño, Silvia Juliana Vesga Martínez, Cristian Blanco‐Tirado et al. (n=6)",Martha L. Chacón‐Patiño; Silvia Juliana Vesga Martínez; Cristian Blanco‐Tirado; Jorge A. Orrego-Ruiz; Andrea Gómez-Escudero; Marianny Y. Combariza,Energy & Fuels,https://doi.org/10.1021/acs.energyfuels.6b00278,https://openalex.org/W2405210396
2016,Hydroconversion Behavior of Asphaltenes under Liquid-Phase Hydrogenation Conditions,"Nan Jin, Gang Wang, Shuang Han et al. (n=6)",Nan Jin; Gang Wang; Shuang Han; Yiming Meng; Chunming Xu; Jinsen Gao,Energy & Fuels,https://doi.org/10.1021/acs.energyfuels.5b02765,https://openalex.org/W2275122457
2016,Hyphenated mass spectrometry methods for the direct characterisation and quantification of polar molecules in crude oil or modified crude oils,Ammar Nasif,Ammar Nasif,ePrints Soton (University of Southampton),,https://openalex.org/W2773795532
2016,Improving compositional space accessibility in (+) APPI FT-ICR mass spectrometric analysis of crude oils by extrography and column chromatography fractionation,"Deisy Giraldo-Dávila, Martha L. Chacón‐Patiño, Jorge A. Orrego-Ruiz et al. (n=5)",Deisy Giraldo-Dávila; Martha L. Chacón‐Patiño; Jorge A. Orrego-Ruiz; Cristian Blanco‐Tirado; Marianny Y. Combariza,Fuel,https://doi.org/10.1016/j.fuel.2016.07.096,https://openalex.org/W2491902684
2016,APPI(+)-FTICR mass spectrometry coupled to partial least squares with genetic algorithm variable selection for prediction of API gravity and CCR of crude oil and vacuum residues,"Diana Catalina Palacio Lozano, Jorge A. Orrego-Ruiz, Rafael Cabanzo Hernández et al. (n=5)",Diana Catalina Palacio Lozano; Jorge A. Orrego-Ruiz; Rafael Cabanzo Hernández; Jáder Enrique Guerrero Bermúdez; Enrique Mejía‐Ospino,Fuel,https://doi.org/10.1016/j.fuel.2016.12.029,https://openalex.org/W2564099649
2016,"Detailed crude oil analysis: GC×GC, field ionization mass spectrometry and fourier transform ion cyclotron resonance mass spectrometry join forces",Kevin M. Van Geem,Kevin M. Van Geem,Ghent University Academic Bibliography (Ghent University),,https://openalex.org/W2517917394
2016,Argentation chromatography coupled to ultrahigh‐resolution mass spectrometry for the separation of a heavy crude oil,"Lilla Molnárné Guricza, Wolfgang Schräder",Lilla Molnárné Guricza; Wolfgang Schräder,Journal of Chromatography A,https://doi.org/10.1016/j.chroma.2016.12.081,https://openalex.org/W2562829554
2016,Characterization of Acidic Compounds in Brazilian Tar Sand Bitumens by LTQ Orbitrap XL: Assessing Biodegradation Using Petroleomics,"Laercio L. Martins, Célio Fernando Figueiredo Angolini, Georgiana Feitosa da Cruz et al. (n=4)",Laercio L. Martins; Célio Fernando Figueiredo Angolini; Georgiana Feitosa da Cruz; Anita J. Marsaioli,Journal of the Brazilian Chemical Society,https://doi.org/10.21577/0103-5053.20160237,https://openalex.org/W2512555170
2016,Chemical characterization of N-methylpyrrolidone fractions of asphaltenes by Fourier Transform Ion Cyclotron Resonance Mass spectrometry,"Carvalho, Verônica Vale","Carvalho, Verônica Vale",LA Referencia (Red Federada de Repositorios Institucionales de Publicaciones Científicas),,https://openalex.org/W7120669059
2016,Effect-directed analysis: Current status and future challenges,"Seongjin Hong, John P. Giesy, Jung‐Suk Lee et al. (n=5)",Seongjin Hong; John P. Giesy; Jung‐Suk Lee; Jong‐Hyeon Lee; Jong Seong Khim,Ocean Science Journal,https://doi.org/10.1007/s12601-016-0038-4,https://openalex.org/W2531520647
2016,Catalytic aquathermolysis of Shengli heavy crude oil with an amphiphilic cobalt catalyst,"Yan-Bin Cao, Longli Zhang, Daohong Xia",Yan-Bin Cao; Longli Zhang; Daohong Xia,Petroleum Science,https://doi.org/10.1007/s12182-016-0103-8,https://openalex.org/W2466263504
2016,Characterization of crude oil asphaltenes by coupling size‐exclusion chromatography directly to an ultrahigh‐resolution mass spectrometer,"Thierry Ghislain, Lilla Molnárné Guricza, Wolfgang Schräder",Thierry Ghislain; Lilla Molnárné Guricza; Wolfgang Schräder,Rapid Communications in Mass Spectrometry,https://doi.org/10.1002/rcm.7814,https://openalex.org/W2566259789
2016,<b>Characterization of aromatic organosulfur model compounds relevant to fossil fuels by using atmospheric pressure chemical ionization with CS</b> <sub> <b>2</b> </sub> <b>and high‐resolution tandem mass spectrometry</b>,"Weijuan Tang, Huaming Sheng, Chunfen Jin et al. (n=5)",Weijuan Tang; Huaming Sheng; Chunfen Jin; James S. Riedeman; Hilkka I. Kenttämaa,Rapid Communications in Mass Spectrometry,https://doi.org/10.1002/rcm.7498,https://openalex.org/W2291114206
2016,Compositional Characterization of Acidic Petroleum Constituents Using Negative Ion Mode Electrospray Ionization Coupled with Fourier Transform-Ion Cyclotron Resonance Mass Spectrometry,"Stefanie Poetz, Heinz Wilkes",Stefanie Poetz; Heinz Wilkes,Springer protocols handbooks/Springer protocols,https://doi.org/10.1007/8623_2016_203,https://openalex.org/W2480516365
2016,Characterization of a crude oil weathering series by ultrahigh-resolution mass spectrometry using multiple ionization modes,"Anna Katarina Huba, Piero R. Gardinali",Anna Katarina Huba; Piero R. Gardinali,The Science of The Total Environment,https://doi.org/10.1016/j.scitotenv.2016.03.233,https://openalex.org/W2402398275
2016,Petroleomic characterization of tyre pyrolysis oils using fourier-transform ion cyclotron resonance mass spectrometry,Oluwafemi Ayo Olawale,Oluwafemi Ayo Olawale,UEF eRepo (University of Eastern Finland),,https://openalex.org/W3095425456
2016,Tracking Catalytic Esterification of Naphthenic Acids in Crude Oil by ESI FT-ICR MS,"Li Li, Xiaohui, Wu et al. (n=8)",Li Li; Xiaohui; Wu; Bencheng; Zhu; Jianhua; Tao; Xiujuan,中国炼油与石油化工：英文版,,https://openalex.org/W2607306431
2017,Trapped Ion Mobility Spectrometry coupled to Fourier Transform Ion Cyclotron Resonance Mass Spectrometry for the analysis of Complex Mixtures.,Paolo Benigni,Paolo Benigni,,https://doi.org/10.25148/etd.fidc004019,https://openalex.org/W2803460676
2017,Comprehensive characterization of chemical structures in heavy crude oil asphaltenes by using liquid chromatography and ultrahigh resolution mass-spectrometry,Lilla Molnárné Guricza,Lilla Molnárné Guricza,,,https://openalex.org/W2937533723
2017,"Combination of electrospray ionization, atmospheric pressure photoionization and laser desorption ionization Fourier transform ion cyclotronic resonance mass spectrometry for the investigation of complex mixtures – Application to the petroleomic analysis of bio-oils","Jasmine Hertzog, Vincent Carré, Yann Le Brech et al. (n=7)",Jasmine Hertzog; Vincent Carré; Yann Le Brech; C. Logan Mackay; Anthony Dufour; Ondřej Mašek; Frédéric Aubriet,Analytica Chimica Acta,https://doi.org/10.1016/j.aca.2017.03.022,https://openalex.org/W2600900699
2017,Metal speciation analysis of petroleum: Myth or reality?,"Tatiana A. Maryutina, Andrei R. Timerbaev",Tatiana A. Maryutina; Andrei R. Timerbaev,Analytica Chimica Acta,https://doi.org/10.1016/j.aca.2017.08.036,https://openalex.org/W2751550002
2017,Application of FT-ICR MS Equipped with Quadrupole Detection for Analysis of Crude Oil,"Eunji Cho, Matthias Witt, Manhoi Hur et al. (n=5)",Eunji Cho; Matthias Witt; Manhoi Hur; Maeng‐Joon Jung; Sunghwan Kim,Analytical Chemistry,https://doi.org/10.1021/acs.analchem.7b02644,https://openalex.org/W2766837229
2017,"Simple, Expendable, 3D-Printed Microfluidic Systems for Sample Preparation of Petroleum","Érica M. Kataoka, Rui C. Murer, Jandyson M. Santos et al. (n=9)",Érica M. Kataoka; Rui C. Murer; Jandyson M. Santos; Rogério M. Carvalho; Marcos N. Eberlin; Fábio Augusto; Ronei J. Poppi; Ângelo L. Gobbi; Leandro Wang Hantao,Analytical Chemistry,https://doi.org/10.1021/acs.analchem.6b04413,https://openalex.org/W2590924731
2017,Hydrothermal liquefaction of high- and low-lipid algae: Bio-crude oil chemistry,"Feng Cheng, Zheng Cui, Lin Chen et al. (n=8)",Feng Cheng; Zheng Cui; Lin Chen; Jacqueline M. Jarvis; Neil Paz; Tanner Schaub; Nagamany Nirmalakhandan; Catherine E. Brewer,Applied Energy,https://doi.org/10.1016/j.apenergy.2017.08.105,https://openalex.org/W2750941107
2017,Analytical techniques for high-mass materials,"Rafael Kandiyoti, Alan A. Herod, Keith D. Bartle et al. (n=4)",Rafael Kandiyoti; Alan A. Herod; Keith D. Bartle; Trevor Morgan,Elsevier eBooks,https://doi.org/10.1016/b978-0-08-100784-6.00008-4,https://openalex.org/W2616481324
2017,Advanced Aspects of Crude Oils Correlating Data of Classical Biomarkers and Mass Spectrometry Petroleomics,"Jandyson M. Santos, Flávia Micaella Lemos Santos, Marcos N. Eberlin et al. (n=4)",Jandyson M. Santos; Flávia Micaella Lemos Santos; Marcos N. Eberlin; Alberto Wisniewski,Energy & Fuels,https://doi.org/10.1021/acs.energyfuels.6b02362,https://openalex.org/W2567386623
2017,Variations of Acidic Compounds in Crude Oil during Simulated Aerobic Biodegradation: Monitored by Semiquantitative Negative-Ion ESI FT-ICR MS,"Yinhua Pan, Yuhong Liao, Quan Shi",Yinhua Pan; Yuhong Liao; Quan Shi,Energy & Fuels,https://doi.org/10.1021/acs.energyfuels.6b02167,https://openalex.org/W2566641241
2017,Hydrothermal Liquefaction Biocrude Compositions Compared to Petroleum Crude and Shale Oil,"Jacqueline M. Jarvis, Justin M. Billing, Richard T. Hallen et al. (n=5)",Jacqueline M. Jarvis; Justin M. Billing; Richard T. Hallen; Andrew J. Schmidt; Tanner Schaub,Energy & Fuels,https://doi.org/10.1021/acs.energyfuels.6b03022,https://openalex.org/W2587388922
2017,Extension of the Analytical Window for Characterizing Aromatic Compounds in Oils Using a Comprehensive Suite of High-Resolution Mass Spectrometry Techniques and Double Bond Equivalence versus Carbon Number Plot,"Yunju Cho, Justin E. Birdwell, Manhoi Hur et al. (n=6)",Yunju Cho; Justin E. Birdwell; Manhoi Hur; Joonhee Lee; Byungjoo Kim; Sunghwan Kim,Energy & Fuels,https://doi.org/10.1021/acs.energyfuels.7b00962,https://openalex.org/W2733138270
2017,Functional Isomers in Petroleum Emulsion Interfacial Material Revealed by Ion Mobility Mass Spectrometry and Collision-Induced Dissociation,"Priscila M. Lalli, Jacqueline M. Jarvis, Alan G. Marshall et al. (n=4)",Priscila M. Lalli; Jacqueline M. Jarvis; Alan G. Marshall; Ryan P. Rodgers,Energy & Fuels,https://doi.org/10.1021/acs.energyfuels.6b02411,https://openalex.org/W2571450139
2017,Characterization of Asphaltenes Precipitated at Different Solvent Power Conditions Using Atmospheric Pressure Photoionization (APPI) and Laser Desorption Ionization (LDI) Coupled to Fourier Transform Ion Cyclotron Resonance Mass Spectrometry (FT-ICR MS),"Matthias Witt, Markus Godejohann, Sven Oltmanns et al. (n=5)",Matthias Witt; Markus Godejohann; Sven Oltmanns; Michael E. Moir; Estrella Rogel,Energy & Fuels,https://doi.org/10.1021/acs.energyfuels.7b02634,https://openalex.org/W2774154310
2017,Combination of Different Thermal Analysis Methods Coupled to Mass Spectrometry for the Analysis of Asphaltenes and Their Parent Crude Oils: Comprehensive Characterization of the Molecular Pyrolysis Pattern,"Christopher P. Rüger, Christoph Grimmer, Martin Sklorz et al. (n=6)",Christopher P. Rüger; Christoph Grimmer; Martin Sklorz; Anika Neumann; Thorsten Streibel; Ralf Zimmermann,Energy & Fuels,https://doi.org/10.1021/acs.energyfuels.7b02762,https://openalex.org/W2775036808
2017,Evolution of Acidic Compounds in Crude Oil during <i>In Situ</i> Combustion,"Renbao Zhao, Jindi Sun, Qiang Fang et al. (n=8)",Renbao Zhao; Jindi Sun; Qiang Fang; Yiguang Wei; Guixue Song; Chunming Xu; Chang Samuel Hsu; Quan Shi,Energy & Fuels,https://doi.org/10.1021/acs.energyfuels.7b00453,https://openalex.org/W2613341556
2017,"Correlations between Molecular Composition and Adsorption, Aggregation, and Emulsifying Behaviors of PetroPhase 2017 Asphaltenes and Their Thin-Layer Chromatography Fractions","Deisy Giraldo-Dávila, Martha L. Chacón‐Patiño, Amy M. McKenna et al. (n=5)",Deisy Giraldo-Dávila; Martha L. Chacón‐Patiño; Amy M. McKenna; Cristian Blanco‐Tirado; Marianny Y. Combariza,Energy & Fuels,https://doi.org/10.1021/acs.energyfuels.7b02859,https://openalex.org/W2772558835
2017,Exploring Compositional Changes along In Situ Combustion and Their Implications on Emulsion Stabilization via Fourier Transform Ion Cyclotron Resonance Mass Spectrometry (FT-ICR MS),"Fernando A. Rojas-Ruiz, Hernando Ramirez, Lilia Rodríguez-Rodríguez et al. (n=4)",Fernando A. Rojas-Ruiz; Hernando Ramirez; Lilia Rodríguez-Rodríguez; Jorge A. Orrego-Ruiz,Energy & Fuels,https://doi.org/10.1021/acs.energyfuels.7b02421,https://openalex.org/W2765376683
2017,Advances in Asphaltene Petroleomics. Part 2: Selective Separation Method That Reveals Fractions Enriched in Island and Archipelago Structural Motifs by Mass Spectrometry,"Martha L. Chacón‐Patiño, Steven M. Rowland, Ryan P. Rodgers",Martha L. Chacón‐Patiño; Steven M. Rowland; Ryan P. Rodgers,Energy & Fuels,https://doi.org/10.1021/acs.energyfuels.7b03281,https://openalex.org/W2775550126
2017,"Tracking Aging of Bitumen and Its Saturate, Aromatic, Resin, and Asphaltene Fractions Using High-Field Fourier Transform Ion Cyclotron Resonance Mass Spectrometry","Florian Handle, Mourad Harir, Josef Füssl et al. (n=12)",Florian Handle; Mourad Harir; Josef Füssl; Ayse Koyun; Daniel Großegger; Norbert Hertkorn; Lukas Eberhardsteiner; Bernhard Hofko; Markus Hospodka; Ronald Blab; Philippe Schmitt‐Kopplin; Hinrich Grothe,Energy & Fuels,https://doi.org/10.1021/acs.energyfuels.6b03396,https://openalex.org/W2606904107
2017,Thermal Analysis Coupled to Ultrahigh Resolution Mass Spectrometry with Collision Induced Dissociation for Complex Petroleum Samples: Heavy Oil Composition and Asphaltene Precipitation Effects,"Christopher P. Rüger, Anika Neumann, Martin Sklorz et al. (n=5)",Christopher P. Rüger; Anika Neumann; Martin Sklorz; Theo Schwemer; Ralf Zimmermann,Energy & Fuels,https://doi.org/10.1021/acs.energyfuels.7b01778,https://openalex.org/W2770133332
2017,Fractionation of Interfacial Material Reveals a Continuum of Acidic Species That Contribute to Stable Emulsion Formation,"Amy C. Clingenpeel, Steven M. Rowland, Yuri Corilo et al. (n=5)",Amy C. Clingenpeel; Steven M. Rowland; Yuri Corilo; Phoebe Zito; Ryan P. Rodgers,Energy & Fuels,https://doi.org/10.1021/acs.energyfuels.7b00490,https://openalex.org/W2617672381
2017,Single Dalton Collision-Induced Dissociation for Petroleum Structure Characterization,"Ashley M. Wittrig, Thomas Fredriksen, Kuangnan Qian et al. (n=5)",Ashley M. Wittrig; Thomas Fredriksen; Kuangnan Qian; Amy C. Clingenpeel; Michael R. Harper,Energy & Fuels,https://doi.org/10.1021/acs.energyfuels.7b02478,https://openalex.org/W2766291748
2017,Assessing Biodegradation of Brazilian Crude Oils via Characteristic Profiles of O<sub>1</sub> and O<sub>2</sub> Compound Classes: Petroleomics by Negative-Ion Mode Electrospray Ionization Fourier Transform Ion Cyclotron Resonance Mass Spectrometry,"Laercio L. Martins, Marcos A. Pudenzi, Georgiana Feitosa da Cruz et al. (n=5)",Laercio L. Martins; Marcos A. Pudenzi; Georgiana Feitosa da Cruz; Heliara D. Lopes Nascimento; Marcos N. Eberlin,Energy & Fuels,https://doi.org/10.1021/acs.energyfuels.7b00109,https://openalex.org/W2703328763
2017,The Effect of Carbon-Supported Nickel Nanoparticles in the Reduction of Carboxylic Acids for in Situ Upgrading of Heavy Crude Oil,"Kun Guo, Yahe Zhang, Quan Shi et al. (n=4)",Kun Guo; Yahe Zhang; Quan Shi; Zhixin Yu,Energy & Fuels,https://doi.org/10.1021/acs.energyfuels.7b00809,https://openalex.org/W2610387649
2017,Molecular Selectivity in Supercritical CO<sub>2</sub> Extraction of a Crude Oil,"Xin Cao, Bo Peng, Sutian Ma et al. (n=9)",Xin Cao; Bo Peng; Sutian Ma; Hongxing Ni; Linzhou Zhang; Weilai Zhang; Mingyuan Li; Chang Samuel Hsu; Quan Shi,Energy & Fuels,https://doi.org/10.1021/acs.energyfuels.7b00415,https://openalex.org/W2605787822
2017,Asphaltene Characterization during Hydroprocessing by Ultrahigh-Resolution Fourier Transform Ion Cyclotron Resonance Mass Spectrometry,"Estrella Rogel, Matthias Witt",Estrella Rogel; Matthias Witt,Energy & Fuels,https://doi.org/10.1021/acs.energyfuels.6b02363,https://openalex.org/W2573147419
2017,Advances in Asphaltene Petroleomics. Part 1: Asphaltenes Are Composed of Abundant Island and Archipelago Structural Motifs,"Martha L. Chacón‐Patiño, Steven M. Rowland, Ryan P. Rodgers",Martha L. Chacón‐Patiño; Steven M. Rowland; Ryan P. Rodgers,Energy & Fuels,https://doi.org/10.1021/acs.energyfuels.7b02873,https://openalex.org/W2767562802
2017,Molecular Representation of Petroleum Residues Using Fourier Transform Ion Cyclotron Resonance Mass Spectrometry and Conventional Analysis,"Claudia X. Ramírez, Juan E. Torres, Diana Catalina Palacio Lozano et al. (n=8)",Claudia X. Ramírez; Juan E. Torres; Diana Catalina Palacio Lozano; Juan P. Arenas-Diaz; Enrique Mejía‐Ospino; Viatcheslav Kafarov; Alexander Guzmán; Jorge Ancheyta,Energy & Fuels,https://doi.org/10.1021/acs.energyfuels.7b02507,https://openalex.org/W2766659866
2017,High-Field Orbitrap Mass Spectrometry and Tandem Mass Spectrometry for Molecular Characterization of Asphaltenes,"Leonard Nyadong, Jinfeng Lai, Carol Thompsen et al. (n=8)",Leonard Nyadong; Jinfeng Lai; Carol Thompsen; Chris J. LaFrancois; Xinheng Cai; Chunxia Song; Jieming Wang; Wei Wang,Energy & Fuels,https://doi.org/10.1021/acs.energyfuels.7b03177,https://openalex.org/W2772492357
2017,Investigation of the ozonation products of natural complex mixtures using Fourier transform ion cyclotron resonance mass spectrometry,"Yury Kostyukevich, Anna Stavitskaya, Alexander Zherebker et al. (n=9)",Yury Kostyukevich; Anna Stavitskaya; Alexander Zherebker; М. Л. Константинова; Mikhail S. Vlaskin; Ludmila Borisova; А. С. Кононихин; Igor Popov; Е. Н. Николаев,European Journal of Mass Spectrometry,https://doi.org/10.1177/1469066717718836,https://openalex.org/W2772295492
2017,Fractionation of asphaltenes in n-hexane and on adsorption onto CaCO3 and characterization by ESI(+)FT-ICR MS: Part I,"Fernanda E. Pinto, Eliane V. Barros, Lílian V. Tose et al. (n=12)",Fernanda E. Pinto; Eliane V. Barros; Lílian V. Tose; Lindamara M. Souza; Luciana A. Terra; Ronei J. Poppi; Boniek G. Vaz; Géssica Adriana Vasconcelos; Sreedhar Subramanian; Sébastien Simon; Johan Sjöblom; Wanderson Romão,Fuel,https://doi.org/10.1016/j.fuel.2017.09.028,https://openalex.org/W2759914516
2017,"Revealing the chemical characterization of asphaltenes fractions produced by N-methylpyrrolidone using FTIR, molecular fluorescence, 1H NMR, and ESI(±)FT-ICR MS","Verônica V. Carvalho, Géssica Adriana Vasconcelos, Lílian V. Tose et al. (n=8)",Verônica V. Carvalho; Géssica Adriana Vasconcelos; Lílian V. Tose; Heloá Santos; Felipe M.R. Cardoso; Felipe P. Fleming; Wanderson Romão; Boniek G. Vaz,Fuel,https://doi.org/10.1016/j.fuel.2017.08.098,https://openalex.org/W2757816494
2017,Optimized asphaltene separation by online coupling of size exclusion chromatography and ultrahigh resolution mass spectrometry,"Lilla Molnárné Guricza, Wolfgang Schräder",Lilla Molnárné Guricza; Wolfgang Schräder,Fuel,https://doi.org/10.1016/j.fuel.2017.11.054,https://openalex.org/W2776825338
2017,Effect of microwave irradiation on the viscosity of crude oil: A view at the molecular level,"Hui Shang, Yude Yue, Jie Zhang et al. (n=8)",Hui Shang; Yude Yue; Jie Zhang; Jiawei Wang; Quan Shi; Wenhui Zhang; Lu Liu; Sainab Omar,Fuel Processing Technology,https://doi.org/10.1016/j.fuproc.2017.10.021,https://openalex.org/W2767858497
2017,Identification of the structural characteristics of the asphaltenes in the tetrahydrofuran-microwave-extracted portions from two Chinese coals,"Liangping Zhang, Song Hu, Qindong Chen et al. (n=11)",Liangping Zhang; Song Hu; Qindong Chen; Hengda Han; Lingfeng Xiao; Jun Xu; Long Jiang; Kai Xu; Sheng Su; Yi Wang; Jun Xiang,Fuel Processing Technology,https://doi.org/10.1016/j.fuproc.2017.02.027,https://openalex.org/W2594577141
2017,Anlysis of Heteroatomic Compounds in Bohai Heavy Oil and Its Fractions by High Resolution FT-ICR Mass Spectrometry with Negative Ion Electrospray,"Hua Zhao, Jian Zhang, Hao Li et al. (n=6)",Hua Zhao; Jian Zhang; Hao Li; Song Xia; Bo Jing; Jinben Wang,Journal of Instrumental Analysis,,https://openalex.org/W3187800932
2017,Asphaltenes subfractions extracted from Brazilian vacuum residue: Chemical characterization and stabilization of model water-in-oil (W/O) emulsions,"Priscila C.S. Zorzenão, Rubia Mariath, Fernanda E. Pinto et al. (n=10)",Priscila C.S. Zorzenão; Rubia Mariath; Fernanda E. Pinto; Lílian V. Tose; Wanderson Romão; Alexandre F. Santos; Agnes de Paula Scheer; Sébastien Simon; Johan Sjöblom; Carlos Itsuo Yamamoto,Journal of Petroleum Science and Engineering,https://doi.org/10.1016/j.petrol.2017.10.014,https://openalex.org/W2764093977
2017,Study of degradation of acid crude oil by high resolution analytical techniques,"Eliane V. Barros, Heloísa P. Dias, Alexandre O. Gomes et al. (n=10)",Eliane V. Barros; Heloísa P. Dias; Alexandre O. Gomes; Rayza R.T. Rodrigues; Robson Moura; Cristina M. S. Sad; Jair C. C. Freitas; Álvaro Cunha Neto; Glória M. F. V. Aquije; Wanderson Romão,Journal of Petroleum Science and Engineering,https://doi.org/10.1016/j.petrol.2017.04.032,https://openalex.org/W2607585651
2017,Prediction of Total Acid Number in Distillation Cuts of Crude Oil by ESI(−) FT‑ICR MS Coupled with Chemometric Tools,"Luciana Terra, Paulo R. Filgueiras, Rosana C. L. Pereira et al. (n=10)",Luciana Terra; Paulo R. Filgueiras; Rosana C. L. Pereira; Alexandre O. Gomes; Géssica Adriana Vasconcelos; Lílian V. Tose; Eustáquio Vinícius Ribeiro de Castro; Boniek G. Vaz; Wanderson Romão; Ronei J. Poppi,Journal of the Brazilian Chemical Society,https://doi.org/10.21577/0103-5053.20170073,https://openalex.org/W2607298965
2017,Chemical Analysis of Water-accommodated Fractions of Crude Oil Spills Using TIMS-FT-ICR MS,"Paolo Benigni, Rebecca Marin, Kathia Sandoval et al. (n=5)",Paolo Benigni; Rebecca Marin; Kathia Sandoval; Piero R. Gardinali; Francisco Fernández-Lima,Journal of Visualized Experiments,https://doi.org/10.3791/55352,https://openalex.org/W2594003965
2017,Chemical Analysis of Water-accommodated Fractions of Crude Oil Spills Using TIMS-FT-ICR MS,"Paolo Benigni, Rebecca Marin, Kathia Sandoval et al. (n=5)",Paolo Benigni; Rebecca Marin; Kathia Sandoval; Piero R. Gardinali; Francisco Fernández-Lima,Journal of Visualized Experiments,https://doi.org/10.3791/55352-v,https://openalex.org/W4200014061
2017,Analytical advanced techniques in the molecular-level characterization of Brazilian crude oils,"Gabriela Vanini, Vinícius B. Pereira, Wanderson Romão et al. (n=7)",Gabriela Vanini; Vinícius B. Pereira; Wanderson Romão; Alexandre O. Gomes; Lize M. S. L. Oliveira; Júlio Cesar Dias; Débora A. Azevedo,Microchemical Journal,https://doi.org/10.1016/j.microc.2017.10.003,https://openalex.org/W2763200587
2017,The controls on the composition of biodegraded oils in the deep subsurface – Part 4. Destruction and production of high molecular weight non-hydrocarbon species and destruction of aromatic hydrocarbons during progressive in-reservoir biodegradation,"Thomas B. P. Oldenburg, Martin Jones, Haiping Huang et al. (n=7)",Thomas B. P. Oldenburg; Martin Jones; Haiping Huang; Barry Bennett; Nor Shahida Shafiee; Ian M. Head; Steve Larter,Organic Geochemistry,https://doi.org/10.1016/j.orggeochem.2017.09.003,https://openalex.org/W2754490623
2017,Characterization of the molecular composition of asphaltene from heavy petroleum residue before and after hydrotreating,"Wei Wang, Ming Dong, Xinheng Cai et al. (n=7)",Wei Wang; Ming Dong; Xinheng Cai; Chunxia Song; Yingrong Liu; Zelong Liu; Songbai Tian,Scientia Sinica Chimica,https://doi.org/10.1360/n032017-00172,https://openalex.org/W2787948380
2017,Petroinformatics,"Manhoi Hur, Sunghwan Kim, Chang Samuel Hsu",Manhoi Hur; Sunghwan Kim; Chang Samuel Hsu,Springer handbooks,https://doi.org/10.1007/978-3-319-49347-3_4,https://openalex.org/W4211017082
2017,Modern Approaches to Hydrotreating Catalysis,"Joo-Il Park, Isao Mochida, Abdulazeem M.J. Marafi et al. (n=4)",Joo-Il Park; Isao Mochida; Abdulazeem M.J. Marafi; Adel W. Almutairi,Springer handbooks,https://doi.org/10.1007/978-3-319-49347-3_21,https://openalex.org/W2781119101
2017,Evaluation of toxic activities of nitrogen-containing polycyclic aromatic hydrocarbons PANH compared with their PAH analogues using in vitro cell-based bioassays,"Myriam Coulet, Hélia Latado, Mireille Moser et al. (n=11)",Myriam Coulet; Hélia Latado; Mireille Moser; Harrie Besselink; Matthew Tate; Claudine Bezençon; Patrick Serrant; Julie Mollergues; Dominique Piguet; Benoı̂t Schilter; Maricel Marin‐Kuan,Toxicology Letters,https://doi.org/10.1016/j.toxlet.2017.07.950,https://openalex.org/W2765324387
2017,Identification of biodegradation products in crude oil by lc-orbitrap-ms and gc-qqq-ms.,Andres Fernando Gonzalez Suarez,Andres Fernando Gonzalez Suarez,Universidad Industrial de Santander,,https://openalex.org/W7133419274
2018,Contribution à l'étude de la séparation/extraction et à l'identification des composés du nickel et du vanadium dans un brut pétrolier,Germán Gascón,Germán Gascón,,,https://openalex.org/W2973418156
2018,Petroleomics,"Clifford C. Walters, Meytal B. Higgins",Clifford C. Walters; Meytal B. Higgins,,https://doi.org/10.1007/978-3-319-54529-5_4-1,https://openalex.org/W4211129198
2018,The Compositional and Structural Continuum of Petroleum from Light Distillates to Asphaltenes: The Boduszynski Continuum Theory As Revealedby FT-ICR Mass Spectrometry,"Martha L. Chacón‐Patiño, Steven M. Rowland, Ryan P. Rodgers",Martha L. Chacón‐Patiño; Steven M. Rowland; Ryan P. Rodgers,ACS symposium series,https://doi.org/10.1021/bk-2018-1282.ch006,https://openalex.org/W2810189583
2018,Effect of Bitumen Molecular Transformation during Upgrading on Asphaltenes Chemistry and Compatibility,Parviz Rahimi,Parviz Rahimi,ACS symposium series,https://doi.org/10.1021/bk-2018-1282.ch008,https://openalex.org/W2810077005
2018,Comment on “Laser Desorption/Ionization Coupled to FTICR Mass Spectrometry for Studies of Natural Organic Matter”,"Chen He, Bin Jiang, Quan Shi et al. (n=4)",Chen He; Bin Jiang; Quan Shi; Chang Samuel Hsu,Analytical Chemistry,https://doi.org/10.1021/acs.analchem.7b05023,https://openalex.org/W2796775800
2018,Microprobe for the Thermal Analysis of Crude Oil Coupled to Photoionization Fourier Transform Mass Spectrometry,"Yury Kostyukevich, Alexander Zherebker, Mikhail S. Vlaskin et al. (n=5)",Yury Kostyukevich; Alexander Zherebker; Mikhail S. Vlaskin; Ludmila Borisova; Е. Н. Николаев,Analytical Chemistry,https://doi.org/10.1021/acs.analchem.8b02043,https://openalex.org/W2829482732
2018,Understanding the Effects of Sample Preparation on the Chemical Structures of Petroleum Imaged with Non-contact Atomic Force Microscopy,"Yunlong Zhang, Bruno Schuler, Shadi Fatayer et al. (n=6)",Yunlong Zhang; Bruno Schuler; Shadi Fatayer; Leo Gross; Michael R. Harper; J. Douglas Kushnerick,ChemRxiv,https://doi.org/10.26434/chemrxiv.7241036.v1,https://openalex.org/W4232472253
2018,Understanding the Effects of Sample Preparation on the Chemical Structures of Petroleum Imaged with Non-contact Atomic Force Microscopy,"Yunlong Zhang, Bruno Schuler, Shadi Fatayer et al. (n=6)",Yunlong Zhang; Bruno Schuler; Shadi Fatayer; Leo Gross; Michael R. Harper; J. Douglas Kushnerick,ChemRxiv,https://doi.org/10.26434/chemrxiv.7241036,https://openalex.org/W4251394175
2018,Finding a relationship between the composition and the emulsifying character of asphaltenes through FTICR-MS,Jorge A. Orrego- Ruíz,Jorge A. Orrego- Ruíz,CT&F - Ciencia Tecnología y Futuro,https://doi.org/10.29047/01225383.90,https://openalex.org/W2890433344
2018,"Composition, properties, origin and evolutionary pathways of solid bitumens from SE Turkey",Hosseini Baghsangani,Hosseini Baghsangani,DepositOnce,https://doi.org/10.14279/depositonce-6772,https://openalex.org/W2796987569
2018,Oxygen Analysis of Complex Petroleum Mixtures by Ultrahigh Resolution Mass Spectrometry,,,DigiNole (Florida State University),,https://openalex.org/W7112753536
2018,Efecto de la composición iónica en interacciones crudo: salmuera en la inyección de agua de composición química controlada: resultados preliminares.,"Eduardo Manrique, Fernando Andres Rojas Ruiz, Gustavo Toro et al. (n=6)",Eduardo Manrique; Fernando Andres Rojas Ruiz; Gustavo Toro; Jorge Armando Orrego Ruiz; Julia Jineth Herrera Quintero; Mayra Fernanda Rueda Pelayo,DOAJ (DOAJ: Directory of Open Access Journals),,https://openalex.org/W4318719592
2018,Comparing Crude Oils with Different API Gravities on a Molecular Level Using Mass Spectrometric Analysis. Part 1: Whole Crude Oil,"Jandyson M. Santos, Alberto Wisniewski, Marcos N. Eberlin et al. (n=4)",Jandyson M. Santos; Alberto Wisniewski; Marcos N. Eberlin; Wolfgang Schräder,Energies,https://doi.org/10.3390/en11102766,https://openalex.org/W2895838510
2018,Comparing Crude Oils with Different API Gravities on a Molecular Level Using Mass Spectrometric Analysis. Part 2: Resins and Asphaltenes,"Jandyson M. Santos, Alessandro Vetere, Alberto Wisniewski et al. (n=5)",Jandyson M. Santos; Alessandro Vetere; Alberto Wisniewski; Marcos N. Eberlin; Wolfgang Schräder,Energies,https://doi.org/10.3390/en11102767,https://openalex.org/W2896869849
2018,Characterization of Naphthenic Acids in Thermally Degraded Petroleum by ESI(−)-FT-ICR MS and <sup>1</sup>H NMR after Solid-Phase Extraction and Liquid/Liquid Extraction,"Eliane V. Barros, Heloísa P. Dias, Fernanda E. Pinto et al. (n=10)",Eliane V. Barros; Heloísa P. Dias; Fernanda E. Pinto; Alexandre O. Gomes; Robson Moura; Álvaro Cunha Neto; Jair C. C. Freitas; Glória M. F. V. Aquije; Boniek G. Vaz; Wanderson Romão,Energy & Fuels,https://doi.org/10.1021/acs.energyfuels.7b03099,https://openalex.org/W2787363200
2018,Positive Ion Electrospray Ionization Suppression in Petroleum and Complex Mixtures,"Brian M. Ruddy, Christopher L. Hendrickson, Ryan P. Rodgers et al. (n=4)",Brian M. Ruddy; Christopher L. Hendrickson; Ryan P. Rodgers; Alan G. Marshall,Energy & Fuels,https://doi.org/10.1021/acs.energyfuels.7b03204,https://openalex.org/W2785903476
2018,Pore-Level Observations of an Alkali-Induced Mild O/W Emulsion Flooding for Economic Enhanced Oil Recovery,"Jian Ning, Bing Wei, Runxue Mao et al. (n=6)",Jian Ning; Bing Wei; Runxue Mao; Yuanyuan Wang; Jing Shang; Lin Sun,Energy & Fuels,https://doi.org/10.1021/acs.energyfuels.8b02493,https://openalex.org/W2890417060
2018,"Comprehensive Characterization of Petroleum Acids by Distillation, Solid Phase Extraction Separation, and Fourier Transform Ion Cyclotron Resonance Mass Spectrometry","Amy C. Clingenpeel, Thomas Fredriksen, Kuangnan Qian et al. (n=4)",Amy C. Clingenpeel; Thomas Fredriksen; Kuangnan Qian; Michael R. Harper,Energy & Fuels,https://doi.org/10.1021/acs.energyfuels.8b02085,https://openalex.org/W2888349644
2018,Identification of Refractory Weakly Basic Nitrogen Compounds in a Deeply Hydrotreated Vacuum Gas Oil and Assessment of the Effect of Some Representative Species over the Performance of a Ni–MoS<sub>2</sub>/Y-Zeolite–Alumina Catalyst in Phenanthrene Hydrocracking,"Carlos M. Celis-Cornejo, David J. Pérez‐Martínez, Jorge A. Orrego-Ruiz et al. (n=4)",Carlos M. Celis-Cornejo; David J. Pérez‐Martínez; Jorge A. Orrego-Ruiz; Víctor G. Baldovino‐Medrano,Energy & Fuels,https://doi.org/10.1021/acs.energyfuels.8b02045,https://openalex.org/W2809906278
2018,Comprehensive Characterization of Asphaltenes by Fourier Transform Ion Cyclotron Resonance Mass Spectrometry Precipitated under Different <i>n</i>-Alkanes Solvents,"Marcos A. Pudenzi, Jandyson M. Santos, Alberto Wisniewski et al. (n=4)",Marcos A. Pudenzi; Jandyson M. Santos; Alberto Wisniewski; Marcos N. Eberlin,Energy & Fuels,https://doi.org/10.1021/acs.energyfuels.7b02262,https://openalex.org/W2784638532
2018,Advances in Asphaltene Petroleomics. Part 3. Dominance of Island or Archipelago Structural Motif Is Sample Dependent,"Martha L. Chacón‐Patiño, Steven M. Rowland, Ryan P. Rodgers",Martha L. Chacón‐Patiño; Steven M. Rowland; Ryan P. Rodgers,Energy & Fuels,https://doi.org/10.1021/acs.energyfuels.8b01765,https://openalex.org/W2888897831
2018,Detailed Compositional Characterization of the 2014 Bangladesh Furnace Oil Released into the World’s Largest Mangrove Forest,"Huan Chen, Robert K. Nelson, Robert F. Swarthout et al. (n=7)",Huan Chen; Robert K. Nelson; Robert F. Swarthout; Gary Shigenaka; André H.B. Oliveira; Christopher M. Reddy; Amy M. McKenna,Energy & Fuels,https://doi.org/10.1021/acs.energyfuels.7b03944,https://openalex.org/W2785677298
2018,Evaluation of Thin-Layer Chromatography–Laser Desorption Ionization Fourier Transform Ion Cyclotron Resonance Mass Spectrometric Imaging for Visualization of Crude Oil Interactions,"Ali Zahraei, Peter W. Arisz, Alexander P. van Bavel et al. (n=4)",Ali Zahraei; Peter W. Arisz; Alexander P. van Bavel; Ron M. A. Heeren,Energy & Fuels,https://doi.org/10.1021/acs.energyfuels.8b00639,https://openalex.org/W2805573284
2018,Ultrahigh-Purity Vanadyl Petroporphyrins,"B. McKay Rytting, I.D. Singh, Peter K. Kilpatrick et al. (n=6)",B. McKay Rytting; I.D. Singh; Peter K. Kilpatrick; Michael R. Harper; Anthony S. Mennito; Yunlong Zhang,Energy & Fuels,https://doi.org/10.1021/acs.energyfuels.7b03358,https://openalex.org/W2798265540
2018,Influence of Resins on Crystallization and Gelation of Waxy Oils,"Dai Jia-lin, Jinjun Zhang, Chaohui Chen",Dai Jia-lin; Jinjun Zhang; Chaohui Chen,Energy & Fuels,https://doi.org/10.1021/acs.energyfuels.8b03488,https://openalex.org/W2905193649
2018,"Characterization of Crude Oil and Its Saturate, Aromatic, and Resin Fractions by High-Field Asymmetric Waveform Ion Mobility Spectrometry–High-Resolution Mass Spectrometry","Katarzyna M. Szykuła, Christianne Wicking, Samuel Whitmarsh et al. (n=5)",Katarzyna M. Szykuła; Christianne Wicking; Samuel Whitmarsh; Colin S. Creaser; James C. Reynolds,Energy & Fuels,https://doi.org/10.1021/acs.energyfuels.8b02718,https://openalex.org/W2896629776
2018,Linking Natural Oil Seeps from the Gulf of Mexico to Their Origin by Use of Fourier Transform Ion Cyclotron Resonance Mass Spectrometry,"Logan C. Krajewski, Vladislav V. Lobodin, Caroline Johansen et al. (n=7)",Logan C. Krajewski; Vladislav V. Lobodin; Caroline Johansen; Tessa E. Bartges; Еkaterina V. Maksimovа; Ian R. MacDonald; Alan G. Marshall,Environmental Science & Technology,https://doi.org/10.1021/acs.est.7b04445,https://openalex.org/W2784077712
2018,Characterization of aromatic hydrocarbons and sulfur heterocycles in Saudi Arabian heavy crude oil by gel permeation chromatography and ultrahigh resolution mass spectrometry,"Saroj K. Panda, Nadrah A. Alawani, Amal R. Lajami et al. (n=5)",Saroj K. Panda; Nadrah A. Alawani; Amal R. Lajami; Thunayyan A. Al-Qunaysi; Hendrik Müller,Fuel,https://doi.org/10.1016/j.fuel.2018.07.118,https://openalex.org/W2891864419
2018,Structural information of asphaltenes derived from petroleum vacuum residue and its hydrotreated product obtained by FT-ICR mass spectrometry with narrow ion isolation windows,"Wei Wang, Ming Dong, Chunxia Song et al. (n=7)",Wei Wang; Ming Dong; Chunxia Song; Xinheng Cai; Yingrong Liu; Zelong Liu; Songbai Tian,Fuel,https://doi.org/10.1016/j.fuel.2018.04.064,https://openalex.org/W2802102612
2018,Effect of biosurfactant on biodegradation of heteroatom compounds in heavy oil,"Xinwei Wang, Ting Cai, Weitao Wen et al. (n=4)",Xinwei Wang; Ting Cai; Weitao Wen; Zhihuan Zhang,Fuel,https://doi.org/10.1016/j.fuel.2018.05.047,https://openalex.org/W2804349908
2018,Integrative mass spectrometry strategy for fingerprinting and tentative structural characterization of asphaltenes,"Héctor H. F. Koolen, Alexandre F. Gomes, Lyzette Gonçalves Moraes de Moura et al. (n=12)",Héctor H. F. Koolen; Alexandre F. Gomes; Lyzette Gonçalves Moraes de Moura; Francia Marcano; Felipe M.R. Cardoso; Clécio F. Klitzke; Roza Wojcik; Joe Binkley; Jeffrey S. Patrick; Robert F. Swarthout; Paulo de Tarso Vieira e Rosa; Fábio C. Gozzo,Fuel,https://doi.org/10.1016/j.fuel.2017.12.078,https://openalex.org/W2791568269
2018,Combined characterization using HT-GC × GC-FID and FT-ICR MS: A pyrolysis fuel oil case study,"Marko Djokic, Hendrik Müller, Nenad Ristic et al. (n=7)",Marko Djokic; Hendrik Müller; Nenad Ristic; Abdul Rahman Akhras; Steffen H. Symoens; Guy Marin; Kevin M. Van Geem,Fuel Processing Technology,https://doi.org/10.1016/j.fuproc.2018.10.007,https://openalex.org/W2898514349
2018,Understanding the Effects of Sample Preparation on the Chemical Structures of Petroleum Imaged with Noncontact Atomic Force Microscopy,"Yunlong Zhang, Bruno Schuler, Shadi Fatayer et al. (n=6)",Yunlong Zhang; Bruno Schuler; Shadi Fatayer; Leo Groß; Michael R. Harper; J. Douglas Kushnerick,Industrial & Engineering Chemistry Research,https://doi.org/10.1021/acs.iecr.8b03962,https://openalex.org/W2898282708
2018,High‐resolution GC/MS studies of a light crude oil fraction,"Aikaterini Kondyli, Wolfgang Schräder",Aikaterini Kondyli; Wolfgang Schräder,Journal of Mass Spectrometry,https://doi.org/10.1002/jms.4306,https://openalex.org/W2899450383
2018,Inhibition of Naphthenates Emulsion Soaps Chemical EOR using Synthesis Compound Derived from Fatty Hydrazide.,"Noorazlenawati Borhan, Anita Ramli",Noorazlenawati Borhan; Anita Ramli,Journal of Physics Conference Series,https://doi.org/10.1088/1742-6596/1123/1/012057,https://openalex.org/W2902965579
2018,Optimization of Atmospheric Pressure Photoionization for the Crude Oil Analysis Using Ultra-High Resolution Mass Spectrometry,"Jandyson M. Santos, Marcos A. Pudenzi, Alberto Wisniewski et al. (n=5)",Jandyson M. Santos; Marcos A. Pudenzi; Alberto Wisniewski; Márcia Cristina Breitkreitz; Marcos N. Eberlin,Journal of the Brazilian Chemical Society,https://doi.org/10.21577/0103-5053.20180214,https://openalex.org/W2898618511
2018,Mass spectrometric analysis of heavy and base oils,Juho Heininen,Juho Heininen,Jyväskylä University Digital Archive (University of Jyväskylä),,https://openalex.org/W2796048930
2018,Transformation of nitrogen-containing compounds in atmospheric residue by hydrotreating,"Mei Liu, Lin‐Zhou Zhang, Cheng Zhang et al. (n=6)",Mei Liu; Lin‐Zhou Zhang; Cheng Zhang; Shenghua Yuan; Dezhi Zhao; Linhai Duan,Korean Journal of Chemical Engineering,https://doi.org/10.1007/s11814-017-0305-9,https://openalex.org/W2783281900
2018,High resolution mass spectrometry coupled to ion mobility spectrometry for the analysis of complex matrix,Lilian Valadares Tose,Lilian Valadares Tose,LA Referencia (Red Federada de Repositorios Institucionales de Publicaciones Científicas),,https://openalex.org/W7119321596
2018,verbessertes Prozessverständnis durch fortgeschrittene geochemische Charakterisierung,Hosseini Baghsangani,Hosseini Baghsangani,Open MIND,,https://openalex.org/W7139820177
2018,Use of ESI FT–ICR MS to investigate molecular transformation in simulated aerobic biodegradation of a sulfur-rich crude oil,"Weimin Liu, Yuhong Liao, Yinhua Pan et al. (n=7)",Weimin Liu; Yuhong Liao; Yinhua Pan; Bin Jiang; Qing Zeng; Quan Shi; Chang Samuel Hsu,Organic Geochemistry,https://doi.org/10.1016/j.orggeochem.2018.06.003,https://openalex.org/W2810624205
2018,Geochemical characterization of lacustrine and marine oils from off-shore Brazilian sedimentary basins using negative-ion electrospray Fourier transform ion cyclotron resonance mass spectrometry (ESI FTICR-MS),"Ygor dos Santos Rocha, Rosana C. L. Pereira, João Graciano Mendonça Filho",Ygor dos Santos Rocha; Rosana C. L. Pereira; João Graciano Mendonça Filho,Organic Geochemistry,https://doi.org/10.1016/j.orggeochem.2018.05.012,https://openalex.org/W2805310288
2018,Effect of ionic composition in water: oil interactions in adjusted brine chemistry waterflooding: preliminary results,"Gustavo Maya, Julia Herrera, Jorge A. Orrego et al. (n=6)",Gustavo Maya; Julia Herrera; Jorge A. Orrego; Fernando A. Rojas; Mayra F. Rueda; Eduardo Manrique,Revista Fuentes el Reventón Energético,https://doi.org/10.18273/revfue.v16n2-2018005,https://openalex.org/W2936629964
2018,Study of Naphthenic Acidity and Corrosivity of Brazilian Crude Oils by ESI(-) FT-ICR MS,"Laercio L. Martins, Pollyana F. da Silva, Georgiana Feitosa da Cruz et al. (n=7)",Laercio L. Martins; Pollyana F. da Silva; Georgiana Feitosa da Cruz; Marcos A. Pudenzi; Marcos N. Eberlin; Carlos Alberto da S. Riehl; Djalma Souza,Revista Virtual de Química,https://doi.org/10.21577/1984-6835.20180046,https://openalex.org/W2809945782
2018,Petroleomics <i>via</i> Orbitrap mass spectrometry with resolving power above 1 000 000 at <i>m</i>/<i>z</i> 200,"Eduardo Morgado Schmidt, Marcos A. Pudenzi, Jandyson M. Santos et al. (n=10)",Eduardo Morgado Schmidt; Marcos A. Pudenzi; Jandyson M. Santos; Célio Fernando Figueiredo Angolini; Rosana C. L. Pereira; Ygor dos Santos Rocha; Eduard Denisov; Eugen Damoc; Alexander Makarov; Marcos N. Eberlin,RSC Advances,https://doi.org/10.1039/c7ra12509g,https://openalex.org/W2786108730
2019,"Heavy Organic Deposit Formation Damage Control, Analysis and Remediation Techniques","Abdulaziz Al-Qasim, Mutaz Alsubhi, Amer Alanazi",Abdulaziz Al-Qasim; Mutaz Alsubhi; Amer Alanazi,,https://doi.org/10.2118/198170-ms,https://openalex.org/W2979962984
2019,Petroleomics by Esi(-) Ft-Icr Ms as a Tool to Assess Source and Thermal Maturity of Brazilian Crude Oils,"Ygor dos Santos Rocha, André Luiz Durante Spigolon, Wagner L. Bastos et al. (n=10)",Ygor dos Santos Rocha; André Luiz Durante Spigolon; Wagner L. Bastos; J.P. Lopes; Fabiano Galdino LEAL; J. Guzzo; Mário Duncan Rangel; Boniek G. Vaz; Rafael Corezola Pereira; João Graciano Mendonça Filho,29th International Meeting on Organic Geochemistry,https://doi.org/10.3997/2214-4609.201903038,https://openalex.org/W2977230921
2019,Recent Developments in Petroleomics Approaches for Petroleum Systems Assessment Using Ultrahigh Resolution Mass Spectrometry - Fticr-Ms,"Thomas B. P. Oldenburg, S. Hossein Hosseini, Melisa Brown et al. (n=5)",Thomas B. P. Oldenburg; S. Hossein Hosseini; Melisa Brown; Ygor dos Santos Rocha; Reinhard F. Sachsenhofer,29th International Meeting on Organic Geochemistry,https://doi.org/10.3997/2214-4609.201903037,https://openalex.org/W2975946174
2019,Chemometric Exploration of APPI(+)-FT-ICR MS Data Sets for a Comprehensive Study of Aromatic Sulfur Compounds in Gas Oils,"Julie Guillemant, Florian Albrieux, Marion Lacoue-Nègre et al. (n=6)",Julie Guillemant; Florian Albrieux; Marion Lacoue-Nègre; Luís P. de Oliveira; J.P. Joly; Ludovic Duponchel,Analytical Chemistry,https://doi.org/10.1021/acs.analchem.9b02409,https://openalex.org/W2969391812
2019,Mass-Remainder Analysis (MARA): An Improved Method for Elemental Composition Assignment in Petroleomics,"Tibor Nagy, Ákos Kuki, Miklós Nagy et al. (n=5)",Tibor Nagy; Ákos Kuki; Miklós Nagy; Miklós Zsuga; Sándor Kéki,Analytical Chemistry,https://doi.org/10.1021/acs.analchem.8b04976,https://openalex.org/W2925034888
2019,Towards comprehensive analysis of oxygen containing organic compounds in groundwater at a crude oil spill site using GC×GC-TOFMS and Orbitrap ESI-MS,"Rachel E. Mohler, Sungwoo Ahn, Kirk T. O’Reilly et al. (n=7)",Rachel E. Mohler; Sungwoo Ahn; Kirk T. O’Reilly; Dawn A. Zemo; Catalina Espino Devine; Renae Magaw; Natasha Sihota,Chemosphere,https://doi.org/10.1016/j.chemosphere.2019.125504,https://openalex.org/W2993939904
2019,Exposing new compositional coverage of weathered petroleum hydrocarbons through a tiered analytical approach,"Olivia K. Bojan, Blotevogel, Jens, Sale, Tom et al. (n=4)","Olivia K. Bojan; Blotevogel, Jens; Sale, Tom; Denef, Karolien",Digital Collections of Colorado (Colorado State University),https://doi.org/10.25675/3.022755,https://openalex.org/W3016968976
2019,Fourier transform mass spectrometry applied to petroleomics,"Igor Pereira, Deborah V. A. de Aguiar, Géssica Vasconselos et al. (n=4)",Igor Pereira; Deborah V. A. de Aguiar; Géssica Vasconselos; Boniek G. Vaz,Elsevier eBooks,https://doi.org/10.1016/b978-0-12-814013-0.00016-8,https://openalex.org/W2967149651
2019,A Detailed Look at the Saturate Fractions of Different Crude Oils Using Direct Analysis by Ultrahigh Resolution Mass Spectrometry (UHRMS),"Zahra Farmani, Wolfgang Schräder",Zahra Farmani; Wolfgang Schräder,Energies,https://doi.org/10.3390/en12183455,https://openalex.org/W2971432240
2019,Molecular Structure of Heavy Petroleum: Revealed by Molecular Composition of Ruthenium-Ion-Catalyzed Oxidation Products,"Xibin Zhou, Suoqi Zhao, Chunming Xu et al. (n=5)",Xibin Zhou; Suoqi Zhao; Chunming Xu; Keng H. Chung; Quan Shi,Energy & Fuels,https://doi.org/10.1021/acs.energyfuels.9b00341,https://openalex.org/W2947737567
2019,Comprehensive Petroporphyrin Identification in Crude Oils Using Highly Selective Electron Transfer Reactions in MALDI-FTICR-MS,"Juan S. Ramírez-Pradilla, Cristian Blanco‐Tirado, Marie Hubert‐Roux et al. (n=6)",Juan S. Ramírez-Pradilla; Cristian Blanco‐Tirado; Marie Hubert‐Roux; Pierre Giusti; Carlos Afonso; Marianny Y. Combariza,Energy & Fuels,https://doi.org/10.1021/acs.energyfuels.8b04325,https://openalex.org/W2922412011
2019,Molecular-Level Characterization of Asphaltenes Isolated from Distillation Cuts,"Amy M. McKenna, Martha L. Chacón‐Patiño, Chad R. Weisbrod et al. (n=5)",Amy M. McKenna; Martha L. Chacón‐Patiño; Chad R. Weisbrod; Greg T. Blakney; Ryan P. Rodgers,Energy & Fuels,https://doi.org/10.1021/acs.energyfuels.8b04219,https://openalex.org/W2912359455
2019,Organic Geochemically Significant High-Molecular-Mass Sulfur Compounds of North African Crude Oils,"Abdelrahman H. Hegazi, Eiman M. Fathalla, Jan T. Andersson",Abdelrahman H. Hegazi; Eiman M. Fathalla; Jan T. Andersson,Energy & Fuels,https://doi.org/10.1021/acs.energyfuels.9b00742,https://openalex.org/W2957174632
2019,Molecular-Level Characterization of Oil-Soluble Ketone/Aldehyde Photo-Oxidation Products by Fourier Transform Ion Cyclotron Resonance Mass Spectrometry Reveals Similarity Between Microcosm and Field Samples,"Sydney F. Niles, Martha L. Chacón‐Patiño, Huan Chen et al. (n=7)",Sydney F. Niles; Martha L. Chacón‐Patiño; Huan Chen; Amy M. McKenna; Greg T. Blakney; Ryan P. Rodgers; Alan G. Marshall,Environmental Science & Technology,https://doi.org/10.1021/acs.est.9b00908,https://openalex.org/W2947102566
2019,Unraveling Chemical Compositional Changes of Biodegraded Crude Oil using Novel Chromatographic and Mass Spectrometric Techniques,Jeremy A. Nowak,Jeremy A. Nowak,eScholarship (California Digital Library),,https://openalex.org/W2970455410
2019,Optimization of Atmospheric Pressure Photoionization for the Crude Oil Analysis Using Ultra-High Resolution Mass Spectrometry,"Jandyson M. Santos, Marcos A. Pudenzi, Alberto Wisniewski et al. (n=5)",Jandyson M. Santos; Marcos A. Pudenzi; Alberto Wisniewski; Márcia Cristina Breitkreitz; Marcos N. Eberlin,Figshare,https://doi.org/10.6084/m9.figshare.7865837,https://openalex.org/W4394448991
2019,Isolation and characterization of sulfur compounds in a lacustrine crude oil,"Jianxun Wu, Weilai Zhang, Chao Ma et al. (n=9)",Jianxun Wu; Weilai Zhang; Chao Ma; Feilong Wang; Xuan Zhou; Keng H. Chung; Dujie Hou; Yahe Zhang; Quan Shi,Fuel,https://doi.org/10.1016/j.fuel.2019.05.044,https://openalex.org/W2947305137
2019,Evaluation of the effects of the simulated thermal evolution of a Type-I source rock on the distribution of basic nitrogen-containing compounds,"Taynara Rodrigues Covas, Ygor dos Santos Rocha, André Luiz Durante Spigolon et al. (n=7)",Taynara Rodrigues Covas; Ygor dos Santos Rocha; André Luiz Durante Spigolon; Rosana C. L. Pereira; Jeferson A. Valencia-Dávila; Mário Duncan Rangel; Boniek G. Vaz,Fuel,https://doi.org/10.1016/j.fuel.2019.115685,https://openalex.org/W2954758215
2019,CYHPO oxidation followed by methylation for selective characterization of thiophenic and sulfidic compounds in petroleum via ESI FT-ICR MS,"Xiu Chen, Haidong Li, Linzhou Zhang et al. (n=6)",Xiu Chen; Haidong Li; Linzhou Zhang; Quan Shi; Suoqi Zhao; Chunming Xu,Fuel,https://doi.org/10.1016/j.fuel.2019.116907,https://openalex.org/W2997580150
2019,Characterization of deasphalted heavy fuel oil using APPI (+) FT-ICR mass spectrometry and NMR spectroscopy,"Abdul Gani Abdul Jameel, Abdulrahman A. Khateeb, Ayman El‐Baz et al. (n=7)",Abdul Gani Abdul Jameel; Abdulrahman A. Khateeb; Ayman El‐Baz; Abdul‐Hamid Emwas; Wen Zhang; William L. Roberts; S. Mani Sarathy,Fuel,https://doi.org/10.1016/j.fuel.2019.05.061,https://openalex.org/W2945342438
2019,Investigation of the relative abundances of single-core and multicore compounds in asphaltenes by using high-resolution in-source collision-activated dissociation and medium-energy collision-activated dissociation mass spectrometry with statistical considerations,"Xueming Dong, Yuyang Zhang, Jacob Milton et al. (n=6)",Xueming Dong; Yuyang Zhang; Jacob Milton; Ravikiran Yerabolu; Leah F. Easterling; Hilkka I. Kenttämaa,Fuel,https://doi.org/10.1016/j.fuel.2019.02.080,https://openalex.org/W2915378546
2019,Core Structure Analysis of Heavy Oil Components with Fourier Transform Ion Cyclotron Resonance Mass Spectrometry,"Shogo Teratani, Keita Katano, Ryuzo Tanaka et al. (n=5)",Shogo Teratani; Keita Katano; Ryuzo Tanaka; T. Nakamura; Hiroshi Inomata,Journal of the Japan Petroleum Institute,https://doi.org/10.1627/jpi.62.272,https://openalex.org/W2986928881
2019,Application of comprehensive two-dimensional gas chromatography in the characterization of petroleum compound classes,S. S. SILVA,S. S. SILVA,LA Referencia (Red Federada de Repositorios Institucionales de Publicaciones Científicas),,https://openalex.org/W7119346813
2019,title.alternative,Fernanda E. Pinto,Fernanda E. Pinto,LA Referencia (Red Federada de Repositorios Institucionales de Publicaciones Científicas),,https://openalex.org/W7119321628
2019,Exploring Methodologies to Improve Lignin Utilization in Biorefineries,James R. Meyer,James R. Meyer,Open Scholarship Institutional Repository (Washington University in St. Louis),https://doi.org/10.7936/r1v6-5909,https://openalex.org/W2951801987
2019,"Geochemical assessment of oils from the Mero Field, Santos Basin, Brazil","Ygor dos Santos Rocha, Rosana C. L. Pereira, João Graciano Mendonça Filho",Ygor dos Santos Rocha; Rosana C. L. Pereira; João Graciano Mendonça Filho,Organic Geochemistry,https://doi.org/10.1016/j.orggeochem.2019.01.011,https://openalex.org/W2912344086
2019,Molecular characterization of polar heteroatom species in oilsands bitumen-derived vacuum residue fractions by Fourier transform ion cyclotron resonance mass spectrometry,"Fang Zheng, Warren Chung, Eusebio Palmisano et al. (n=7)",Fang Zheng; Warren Chung; Eusebio Palmisano; Dahai Dong; Quan Shi; Zhiming Xu; Keng H. Chung,Petroleum Science,https://doi.org/10.1007/s12182-019-0345-3,https://openalex.org/W2955586473
2019,Molecular composition of in-situ combustion and steam assisted gravity drainage crude oils,"Long Chen, Jianbo Huang, Shuang Liu et al. (n=4)",Long Chen; Jianbo Huang; Shuang Liu; Bo Huang,Petroleum Science and Technology,https://doi.org/10.1080/10916466.2018.1558244,https://openalex.org/W2914903007
2019,Tracking alterations of alkyl side chains of N <sub>1</sub> species in heavy crude oil after anaerobic biodegradation with negative‐ion electrospray ionization coupled with high‐field Fourier transform ion cyclotron resonance mass spectrometry,"Sanbao Su, Hao Dong, Gaoming Yu et al. (n=10)",Sanbao Su; Hao Dong; Gaoming Yu; Dujie Hou; Quan Shi; İbrahim M. Banat; Zhengliang Wang; Yongan Gu; Fan Zhang; Yuehui She,Rapid Communications in Mass Spectrometry,https://doi.org/10.1002/rcm.8422,https://openalex.org/W2918196175
2019,Evaluation of the combination of different atmospheric pressure ionization sources for the analysis of extremely complex mixtures,"Aikaterini Kondyli, Wolfgang Schräder",Aikaterini Kondyli; Wolfgang Schräder,Rapid Communications in Mass Spectrometry,https://doi.org/10.1002/rcm.8676,https://openalex.org/W2989948374
2019,Molecular characterization of nonionic surfactant components of the Corexit® 9500 oil spill dispersant by high‐resolution mass spectrometry,"Sarah Choyke, P. Lee Ferguson",Sarah Choyke; P. Lee Ferguson,Rapid Communications in Mass Spectrometry,https://doi.org/10.1002/rcm.8512,https://openalex.org/W2954333939
2019,Rational design and fabrication of an alkali-induced O/W emulsion stabilized with cellulose nanofibrils (CNFs): implication for eco-friendly and economic oil recovery application,"Bing Wei, Jian Ning, Runxue Mao et al. (n=6)",Bing Wei; Jian Ning; Runxue Mao; Yuanyuan Wang; Xingguang Xu; Mingxing Bai,Soft Matter,https://doi.org/10.1039/c9sm00609e,https://openalex.org/W2937974317
2019,Petroleomic depth profiling of Staten Island salt marsh soil: 2ω detection FTICR MS offers a new solution for the analysis of environmental contaminants,"Mary J. Thomas, Emma Collinge, Matthias Witt et al. (n=7)",Mary J. Thomas; Emma Collinge; Matthias Witt; Diana Catalina Palacio Lozano; Christopher H. Vane; Vicky Moss‐Hayes; Mark P. Barrow,The Science of The Total Environment,https://doi.org/10.1016/j.scitotenv.2019.01.228,https://openalex.org/W2915029321
2020,Développement de la spectrométrie de masse à ultra- haute résolution associée à la spectrométrie de mobilité ionique pour la caractérisation de coupes pétrolières lourdes.,Johann Le Maître,Johann Le Maître,,,https://openalex.org/W3047886312
2020,"Review for ""Estimating the intermediate precision in petroleum analysis by (±)electrospray ionization Fourier transform ion cyclotron resonance mass spectrometry""",,,,https://doi.org/10.1002/rcm.8861/v1/review1,https://openalex.org/W4237930252
2020,"Review for ""Estimating the intermediate precision in petroleum analysis by (±)electrospray ionization Fourier transform ion cyclotron resonance mass spectrometry""",,,,https://doi.org/10.1002/rcm.8861/v1/review2,https://openalex.org/W4234304543
2020,"Review for ""Estimating the intermediate precision in petroleum analysis by (±)electrospray ionization Fourier transform ion cyclotron resonance mass spectrometry""",,,,https://doi.org/10.1002/rcm.8861/v2/review1,https://openalex.org/W4241353206
2020,"Decision letter for ""Estimating the intermediate precision in petroleum analysis by (±)electrospray ionization Fourier transform ion cyclotron resonance mass spectrometry""",,,,https://doi.org/10.1002/rcm.8861/v2/decision1,https://openalex.org/W4241894599
2020,"Decision letter for ""Estimating the intermediate precision in petroleum analysis by (±)electrospray ionization Fourier transform ion cyclotron resonance mass spectrometry""",,,,https://doi.org/10.1002/rcm.8861/v1/decision1,https://openalex.org/W4235642850
2020,Petroleomics,"Clifford C. Walters, Meytal B. Higgins",Clifford C. Walters; Meytal B. Higgins,,https://doi.org/10.1007/978-3-319-90569-3_4,https://openalex.org/W4211237518
2020,Assessing raw materials as potential adsorbents to remove acidic compounds from Brazilian crude oils by ESI (-) FT-ICR MS,"GEIZILA A.P. ABIB, Laercio L. Martins, LORRAINE LOUISE G.C. DE ARAUJO et al. (n=7)",GEIZILA A.P. ABIB; Laercio L. Martins; LORRAINE LOUISE G.C. DE ARAUJO; Tatiana V. Isidorio; Marcos A. Pudenzi; Victor Hugo Santos; Georgiana Feitosa da Cruz,Anais da Academia Brasileira de Ciências,https://doi.org/10.1590/0001-3765202020200214,https://openalex.org/W3110561898
2020,Reproducibility of Crude Oil Spectra Obtained with Ultrahigh Resolution Mass Spectrometry,"Seungwoo Son, Sungjune Kim, Sungjune Kim et al. (n=6)",Seungwoo Son; Sungjune Kim; Sungjune Kim; Yong‐Hyeon Yim; Sunghwan Kim; Sunghwan Kim,Analytical Chemistry,https://doi.org/10.1021/acs.analchem.0c00865,https://openalex.org/W3034460337
2020,Studying Natural Buckyballs and Buckybowls in Fossil Materials,"Zahra Farmani, Alessandro Vetere, Corentin Poidevin et al. (n=5)",Zahra Farmani; Alessandro Vetere; Corentin Poidevin; Alexander A. Auer; Wolfgang Schräder,Angewandte Chemie,https://doi.org/10.1002/ange.202005449,https://openalex.org/W4255678290
2020,Molecular Level Investigation of Oil Sludge at the Bottom of Oil Tank in Ratawi Oil Field by Atmospheric Pressure Photo Ionization Ultrahigh‐resolution Mass Spectrometry,"Yunju Cho, Hasanain Najm Abed, Sunghwan Kim",Yunju Cho; Hasanain Najm Abed; Sunghwan Kim,Bulletin of the Korean Chemical Society,https://doi.org/10.1002/bkcs.11991,https://openalex.org/W3007618356
2020,Characteristics on catalytic removal of sulfur and nitrogen from atmospheric residues at the molecular level,"Hoi-Kyoeng Jung, Adel W. Almutairi, Ik-Phyo Hong et al. (n=12)",Hoi-Kyoeng Jung; Adel W. Almutairi; Ik-Phyo Hong; Jung-Chul An; Min-Seok Jeon; Cho-I Park; Doo-Won Kim; Abdulazeem M.J. Marafie; Xiaoliang Ma; Tae‐Gon Kim; Seong‐Ho Yoon; Joo-Il Park,Catalysis Today,https://doi.org/10.1016/j.cattod.2020.06.040,https://openalex.org/W3038632468
2020,Investigation of Island/ Single Core and Archipelago/ Multicore Enriched Asphaltenes and Their Solubility Fractions by Thermal Analysis Coupled to High Resolution Fourier Transform Ion Cyclotron Resonance Mass Spectrometry,"Anika Neumann, Martha L. Chacón‐Patiño, Ryan P. Rodgers et al. (n=5)",Anika Neumann; Martha L. Chacón‐Patiño; Ryan P. Rodgers; Christopher P. Rüger; Ralf Zimmermann,ChemRxiv,https://doi.org/10.26434/chemrxiv.13200959,https://openalex.org/W4251805485
2020,Investigation of Island/ Single Core and Archipelago/ Multicore Enriched Asphaltenes and Their Solubility Fractions by Thermal Analysis Coupled to High Resolution Fourier Transform Ion Cyclotron Resonance Mass Spectrometry,"Anika Neumann, Martha L. Chacón‐Patiño, Ryan P. Rodgers et al. (n=5)",Anika Neumann; Martha L. Chacón‐Patiño; Ryan P. Rodgers; Christopher P. Rüger; Ralf Zimmermann,ChemRxiv,https://doi.org/10.26434/chemrxiv.13200959.v1,https://openalex.org/W4231210155
2020,Fourier-Transform Ion Cyclotron Resonance Mass Spectrometry (FT-ICR MS) for Characterization of Oxygenated Fossil Fuels in the Environment,,,DigiNole (Florida State University),,https://openalex.org/W7113628034
2020,Chromatographic Methods and Characterization Techniques for Petroleum Products,,,DigiNole (Florida State University),,https://openalex.org/W7113220858
2020,"Low-temperature oxidation of heavy crude oil characterized by TG, DSC, GC-MS, and negative ion ESI FT-ICR MS","Shuai Zhao, Wanfen Pu, Xiaoqiang Peng et al. (n=5)",Shuai Zhao; Wanfen Pu; Xiaoqiang Peng; Jizhou Zhang; Hao Ren,Energy,https://doi.org/10.1016/j.energy.2020.119004,https://openalex.org/W3091740721
2020,Lacustrine versus Marine Oils: Fast and Accurate Molecular Discrimination via Electrospray Fourier Transform Ion Cyclotron Resonance Mass Spectrometry and Multivariate Statistics,"Jose J. Melendez‐Perez, Luan Felipe Campos Oliveira, Nubia Miranda et al. (n=8)",Jose J. Melendez‐Perez; Luan Felipe Campos Oliveira; Nubia Miranda; Alessandra Sussulini; Marcos N. Eberlin; Wagner L. Bastos; Mário Duncan Rangel; Ygor dos Santos Rocha,Energy & Fuels,https://doi.org/10.1021/acs.energyfuels.9b04404,https://openalex.org/W3041912456
2020,Compositional Trends for Total Vanadium Content and Vanadyl Porphyrins in Gel Permeation Chromatography Fractions Reveal Correlations between Asphaltene Aggregation and Ion Production Efficiency in Atmospheric Pressure Photoionization,"Martha L. Chacón‐Patiño, Rémi Moulian, Caroline Barrère‐Mangote et al. (n=9)",Martha L. Chacón‐Patiño; Rémi Moulian; Caroline Barrère‐Mangote; Jonathan C. Putman; Chad R. Weisbrod; Greg T. Blakney; Brice Bouyssière; Ryan P. Rodgers; Pierre Giusti,Energy & Fuels,https://doi.org/10.1021/acs.energyfuels.0c03349,https://openalex.org/W3110982693
2020,Innate Sulfur Compounds as an Internal Standard for Determining Vacuum Gas Oil Compositions by APPI FT-ICR MS,"Hendrik Müller, Nadrah A. Alawani, Frédérick M. Adam",Hendrik Müller; Nadrah A. Alawani; Frédérick M. Adam,Energy & Fuels,https://doi.org/10.1021/acs.energyfuels.0c01365,https://openalex.org/W3035390601
2020,Molecular Characterization of Strongly and Weakly Interfacially Active Asphaltenes by High-Resolution Mass Spectrometry,"Dewi A. Ballard, Martha L. Chacón‐Patiño, Peiqi Qiao et al. (n=8)",Dewi A. Ballard; Martha L. Chacón‐Patiño; Peiqi Qiao; Kevin J. Roberts; Robert Rae; Peter J. Dowding; Zhenghe Xu; David Harbottle,Energy & Fuels,https://doi.org/10.1021/acs.energyfuels.0c02752,https://openalex.org/W3093906370
2020,Probing Aggregation Tendencies in Asphaltenes by Gel Permeation Chromatography. Part 1: Online Inductively Coupled Plasma Mass Spectrometry and Offline Fourier Transform Ion Cyclotron Resonance Mass Spectrometry,"Jonathan C. Putman, Rémi Moulian, Caroline Barrère‐Mangote et al. (n=7)",Jonathan C. Putman; Rémi Moulian; Caroline Barrère‐Mangote; Ryan P. Rodgers; Brice Bouyssière; Pierre Giusti; Alan G. Marshall,Energy & Fuels,https://doi.org/10.1021/acs.energyfuels.0c01522,https://openalex.org/W3035145602
2020,Investigation of Island/Single-Core- and Archipelago/Multicore-Enriched Asphaltenes and Their Solubility Fractions by Thermal Analysis Coupled with High-Resolution Fourier Transform Ion Cyclotron Resonance Mass Spectrometry,"Anika Neumann, Martha L. Chacón‐Patiño, Ryan P. Rodgers et al. (n=5)",Anika Neumann; Martha L. Chacón‐Patiño; Ryan P. Rodgers; Christopher P. Rüger; Ralf Zimmermann,Energy & Fuels,https://doi.org/10.1021/acs.energyfuels.0c03751,https://openalex.org/W3117628342
2020,Impact of Biodegradation on Polar Compounds in Crude Oil: Comparative Simulation of Biodegradation from Two Aerobic Bacteria Using Ultrahigh-Resolution Mass Spectrometry,"Yuan Liu, Yun Wan, Yingjia Zhu et al. (n=6)",Yuan Liu; Yun Wan; Yingjia Zhu; Caisheng Fei; Zidi Shen; Yuxi Ying,Energy & Fuels,https://doi.org/10.1021/acs.energyfuels.0c00030,https://openalex.org/W3015079025
2020,Chemical Characterization and Interfacial Activity of Molecules Isolated from Brazilian Oils by Adsorption onto Wet Silica Particles,"Jarlene da C. Silva, Fernanda E. Pinto, Lindamara M. Souza et al. (n=6)",Jarlene da C. Silva; Fernanda E. Pinto; Lindamara M. Souza; Wanderson Romão; Watson Loh; Elizabete F. Lucas,Energy & Fuels,https://doi.org/10.1021/acs.energyfuels.0c01781,https://openalex.org/W3096581026
2020,Preparation of a Nitrogen Oil Compound Fraction by Modified Gel Silica Column Chromatography,"Samantha R.C. Silva, Natália A. P. Moncioso, Cristina M. S. Sad et al. (n=11)",Samantha R.C. Silva; Natália A. P. Moncioso; Cristina M. S. Sad; Cristina Luz Tosta; Lindamara M. Souza; Daniel F. Cipriano; Wanderson Romão; Jair C. C. Freitas; Ricardo Machado Kuster; Eustáquio Vinícius Ribeiro de Castro; Paulo R. Filgueiras,Energy & Fuels,https://doi.org/10.1021/acs.energyfuels.0c00266,https://openalex.org/W3014261451
2020,"Understanding Asphaltene Fraction Behavior through Combined Quartz Crystal Resonator Sensor, FT-ICR MS, GPC ICP HR-MS, and AFM Characterization. Part I: Extrography Fractionations","Nelson Acevedo, Rémi Moulian, Martha L. Chacón‐Patiño et al. (n=13)",Nelson Acevedo; Rémi Moulian; Martha L. Chacón‐Patiño; Aurora Mejı́a; Sadia Radji; Jean‐Luc Daridon; Caroline Barrère‐Mangote; Pierre Giusti; Ryan P. Rodgers; Vincent Piscitelli; Jimmy Castillo; Hervé Carrier; Brice Bouyssière,Energy & Fuels,https://doi.org/10.1021/acs.energyfuels.0c02687,https://openalex.org/W3094346065
2020,Molecular Characterization of Photochemically Produced Asphaltenes via Photooxidation of Deasphalted Crude Oils,"Taylor J. Glattke, Martha L. Chacón‐Patiño, Alan G. Marshall et al. (n=4)",Taylor J. Glattke; Martha L. Chacón‐Patiño; Alan G. Marshall; Ryan P. Rodgers,Energy & Fuels,https://doi.org/10.1021/acs.energyfuels.0c02654,https://openalex.org/W3094623918
2020,Speciation of Metals in Asphaltenes by High-Performance Thin-Layer Chromatography and Solid–Liquid Extraction Hyphenated with Elemental and Molecular Identification,"Rémi Moulian, Martha L. Chacón‐Patiño, Oscar Lacroix‐Andrivet et al. (n=10)",Rémi Moulian; Martha L. Chacón‐Patiño; Oscar Lacroix‐Andrivet; Sandra Mounicou; Anna Luiza Mendes Siqueira; Carlos Afonso; Ryan P. Rodgers; Pierre Giust; Brice Bouyssière; Caroline Barrère‐Mangote,Energy & Fuels,https://doi.org/10.1021/acs.energyfuels.0c02525,https://openalex.org/W3088669546
2020,Application of the Electron Spin Resonance Technique in the Characterization of Brazilian Oils: Correlation with Their Biodegradation Level and Polar Composition,"Christiane R. de Abreu, Eliane Soares de Souza, Laercio L. Martins et al. (n=6)",Christiane R. de Abreu; Eliane Soares de Souza; Laercio L. Martins; Thallis Cordeiro; Abel Carrasquilla; A. O. Guimarães,Energy & Fuels,https://doi.org/10.1021/acs.energyfuels.0c02624,https://openalex.org/W3093831866
2020,Comparison of Silica and Cellulose Stationary Phases to Analyze Bitumen by High-Performance Thin-Layer Chromatography Coupled to Laser Desorption Ionization Fourier Transform Ion Cyclotron Resonance Mass Spectrometry,"Oscar Lacroix‐Andrivet, Marie Hubert‐Roux, Anna Luiza Mendes Siqueira et al. (n=5)",Oscar Lacroix‐Andrivet; Marie Hubert‐Roux; Anna Luiza Mendes Siqueira; Y. Bai; Carlos Afonso,Energy & Fuels,https://doi.org/10.1021/acs.energyfuels.0c00709,https://openalex.org/W3038561482
2020,Mechanisms of Asphaltene Aggregation: Puzzles and a New Hypothesis,"Yunlong Zhang, Michael Siskin, Murray R. Gray et al. (n=5)",Yunlong Zhang; Michael Siskin; Murray R. Gray; Clifford C. Walters; Ryan P. Rodgers,Energy & Fuels,https://doi.org/10.1021/acs.energyfuels.0c01564,https://openalex.org/W3040567592
2020,Characterization of Crude Oils through Alkyl Chain-Based Separation by Gel Permeation Chromatography and Mass Spectrometry,"Nadrah A. Alawani, Saroj K. Panda, Amal R. Lajami et al. (n=5)",Nadrah A. Alawani; Saroj K. Panda; Amal R. Lajami; Thunayyan A. Al-Qunaysi; Hendrik Müller,Energy & Fuels,https://doi.org/10.1021/acs.energyfuels.9b03990,https://openalex.org/W3016248836
2020,Comprehensive Compositional and Structural Comparison of Coal and Petroleum Asphaltenes Based on Extrography Fractionation Coupled with Fourier Transform Ion Cyclotron Resonance MS and MS/MS Analysis,"Sydney F. Niles, Martha L. Chacón‐Patiño, Donald F. Smith et al. (n=5)",Sydney F. Niles; Martha L. Chacón‐Patiño; Donald F. Smith; Ryan P. Rodgers; Alan G. Marshall,Energy & Fuels,https://doi.org/10.1021/acs.energyfuels.9b03527,https://openalex.org/W3005090857
2020,Characterization of Petroleum Compounds Adsorbed on Solids by Infrared Spectroscopy and Mass Spectrometry,"Santiago Villabona-Estupiñán, Fernando A. Rojas-Ruiz, Jose L. Pinto-Camargo et al. (n=5)",Santiago Villabona-Estupiñán; Fernando A. Rojas-Ruiz; Jose L. Pinto-Camargo; Eduardo Manrique; Jorge A. Orrego-Ruiz,Energy & Fuels,https://doi.org/10.1021/acs.energyfuels.9b03564,https://openalex.org/W3012288739
2020,Probing Aggregation Tendencies in Asphaltenes by Gel Permeation Chromatography. Part 2: Online Detection by Fourier Transform Ion Cyclotron Resonance Mass Spectrometry and Inductively Coupled Plasma Mass Spectrometry,"Jonathan C. Putman, Rémi Moulian, Donald F. Smith et al. (n=13)",Jonathan C. Putman; Rémi Moulian; Donald F. Smith; Chad R. Weisbrod; Martha L. Chacón‐Patiño; Yuri Corilo; Greg T. Blakney; Leah E. Rumancik; Caroline Barrère‐Mangote; Ryan P. Rodgers; Pierre Giusti; Alan G. Marshall; Brice Bouyssière,Energy & Fuels,https://doi.org/10.1021/acs.energyfuels.0c02158,https://openalex.org/W3046997733
2020,Advances in Asphaltene Petroleomics. Part 4. Compositional Trends of Solubility Subfractions Reveal that Polyfunctional Oxygen-Containing Compounds Drive Asphaltene Chemistry,"Martha L. Chacón‐Patiño, Donald F. Smith, Christopher L. Hendrickson et al. (n=5)",Martha L. Chacón‐Patiño; Donald F. Smith; Christopher L. Hendrickson; Alan G. Marshall; Ryan P. Rodgers,Energy & Fuels,https://doi.org/10.1021/acs.energyfuels.9b04288,https://openalex.org/W3011665703
2020,Molecular Composition of Photooxidation Products Derived from Sulfur-Containing Compounds Isolated from Petroleum Samples,"Sydney F. Niles, Martha L. Chacón‐Patiño, Alan G. Marshall et al. (n=4)",Sydney F. Niles; Martha L. Chacón‐Patiño; Alan G. Marshall; Ryan P. Rodgers,Energy & Fuels,https://doi.org/10.1021/acs.energyfuels.0c02869,https://openalex.org/W3094315145
2020,Quantitative Molecular Composition of Heavy Petroleum Fractions: A Case Study of Fluid Catalytic Cracking Decant Oil,"Haidong Li, Yahe Zhang, Chunming Xu et al. (n=6)",Haidong Li; Yahe Zhang; Chunming Xu; Suoqi Zhao; Keng H. Chung; Quan Shi,Energy & Fuels,https://doi.org/10.1021/acs.energyfuels.9b03425,https://openalex.org/W3004482811
2020,Modified SARA Method to Unravel the Complexity of Resin Fraction(s) in Crude Oil,"Jandyson M. Santos, Alessandro Vetere, Alberto Wisniewski et al. (n=5)",Jandyson M. Santos; Alessandro Vetere; Alberto Wisniewski; Marcos N. Eberlin; Wolfgang Schräder,Energy & Fuels,https://doi.org/10.1021/acs.energyfuels.0c02833,https://openalex.org/W3111393019
2020,Characterization of heteroatom class species in asphaltenes from medium/low temperature coal tar,"Jinxin Zheng, Dong Li, Xiaoyong Fan et al. (n=8)",Jinxin Zheng; Dong Li; Xiaoyong Fan; Ye Huang; Feng Gao; Ruitian Shao; Wenhong Li; Yong Dan,Energy Sources Part A Recovery Utilization and Environmental Effects,https://doi.org/10.1080/15567036.2020.1764669,https://openalex.org/W3032262086
2020,Anaerobic microbial communities and their potential for bioenergy production in heavily biodegraded petroleum reservoirs,"Júlia R. de Rezende, Thomas B. P. Oldenburg, Tetyana Olegivna Korin et al. (n=13)",Júlia R. de Rezende; Thomas B. P. Oldenburg; Tetyana Olegivna Korin; William Daniel Loty Richardson; Milovan Fustic; Carolyn M. Aitken; Bernard Bowler; Angela Sherry; Alexander Grigorʼyan; Gerrit Voordouw; Steve Larter; Ian M. Head; Casey R. J. Hubert,Environmental Microbiology,https://doi.org/10.1111/1462-2920.14995,https://openalex.org/W3013370111
2020,Molecular Transformation of Crude Oil Contaminated Soil after Bioelectrochemical Degradation Revealed by FT-ICR Mass Spectrometry,"Huan Wang, Lu Lü, Huan Chen et al. (n=9)",Huan Wang; Lu Lü; Huan Chen; Amy M. McKenna; Jie Lu; Song Jin; Yi Zuo; Fernando L. Rosario‐Ortiz; Zhiyong Jason Ren,Environmental Science & Technology,https://doi.org/10.1021/acs.est.9b06164,https://openalex.org/W3003727944
2020,Barium ion adduct mass spectrometry to identify carboxylic acid photoproducts from crude oil–water systems under solar irradiation,"Phoebe Zito, Donald F. Smith, Xian Cao et al. (n=5)",Phoebe Zito; Donald F. Smith; Xian Cao; Rana Ghannam; Matthew A. Tarr,Environmental Science Processes & Impacts,https://doi.org/10.1039/d0em00390e,https://openalex.org/W3095133914
2020,Characterization of nonvolatile polar compounds from Brazilian oils by electrospray ionization with FT-ICR MS and Orbitrap-MS,"Gabriela Vanini, Thamara A. Barra, Lindamara M. Souza et al. (n=7)",Gabriela Vanini; Thamara A. Barra; Lindamara M. Souza; Natã C. L. Madeira; Alexandre O. Gomes; Wanderson Romão; Débora A. Azevedo,Fuel,https://doi.org/10.1016/j.fuel.2020.118790,https://openalex.org/W3047033440
2020,Functional compounds of crude oil during low salinity water injection,"Mohammad Fattahi Mehraban, Seyed Amir Farzaneh, Mehran Sohrabi",Mohammad Fattahi Mehraban; Seyed Amir Farzaneh; Mehran Sohrabi,Fuel,https://doi.org/10.1016/j.fuel.2020.119144,https://openalex.org/W3087267140
2020,Separation and characterization of squalene and carotenoids derived sulfides in a low mature crude oil,"Jianxun Wu, Weilai Zhang, Chao Ma et al. (n=7)",Jianxun Wu; Weilai Zhang; Chao Ma; Limin Ren; Sumei Li; Yahe Zhang; Quan Shi,Fuel,https://doi.org/10.1016/j.fuel.2020.117536,https://openalex.org/W3011339957
2020,"SAP fractions from light, medium and heavy oils: Correlation between chemical profile and stationary phases","Polianna da Silva Ferreira, Natã C. L. Madeira, Gabriely S. Folli et al. (n=6)",Polianna da Silva Ferreira; Natã C. L. Madeira; Gabriely S. Folli; Wanderson Romão; Paulo R. Filgueiras; Ricardo Machado Kuster,Fuel,https://doi.org/10.1016/j.fuel.2020.117866,https://openalex.org/W3017120615
2020,Characterization of nitrogen-containing compounds in petroleum fractions by online reversed-phase liquid chromatography-electrospray ionization Orbitrap mass spectrometry,"Yueyi Xia, Chenfei Ma, Ran Ju et al. (n=12)",Yueyi Xia; Chenfei Ma; Ran Ju; Chunxia Zhao; Fujian Zheng; Xiaoshan Sun; Zaifang Li; Chunyan Wang; Dejun Shi; Xiaohui Lin; Xin Lu; Guowang Xu,Fuel,https://doi.org/10.1016/j.fuel.2020.119035,https://openalex.org/W3081740501
2020,Direct sulfur-containing compounds analysis in petroleum via (+) ESI FT-ICR MS using HBF4 as ionization promoter,"Xiu Chen, Haidong Li, Linzhou Zhang et al. (n=6)",Xiu Chen; Haidong Li; Linzhou Zhang; Quan Shi; Suoqi Zhao; Chunming Xu,Fuel,https://doi.org/10.1016/j.fuel.2020.118334,https://openalex.org/W3036809978
2020,Isolation and characterization of sulfur-containing compounds by positive-ion electrospray ionization and online HPLC/Atmospheric pressure chemical ionization coupled to Orbitrap mass spectrometry,"Carla Freitas, Jeferson A. Valencia-Dávila, Rosana C. L. Pereira et al. (n=6)",Carla Freitas; Jeferson A. Valencia-Dávila; Rosana C. L. Pereira; Luiza Torres Abrantes; Lucília Kato; Boniek G. Vaz,Fuel,https://doi.org/10.1016/j.fuel.2020.119783,https://openalex.org/W3113069187
2020,The acid and neutral nitrogen compounds characterized by negative ESI Orbitrap MS in a heavy oil before and after oxidation,"Yan Liu, Haiping Huang, Qicheng Liu et al. (n=5)",Yan Liu; Haiping Huang; Qicheng Liu; Xiaohong Xu; Haiqing Cheng,Fuel,https://doi.org/10.1016/j.fuel.2020.118085,https://openalex.org/W3031280896
2020,MOLECULAR COMPOSITION AND STRUCTURE OF METAL COMPOUNDS IN ASPHALTENE,Fang Zheng,Fang Zheng,HAL (Le Centre pour la Communication Scientifique Directe),,https://openalex.org/W3216096735
2020,Développement de la spectrométrie de masse à ultra- haute résolution associée à la spectrométrie de mobilité ionique pour la caractérisation de coupes pétrolières lourdes.,Johann Le Maître,Johann Le Maître,HAL (Le Centre pour la Communication Scientifique Directe),,https://openalex.org/W4393400591
2020,The solubility of asphaltene in organic solvents and its relation to the molecular structure,"Ji‐Guang Li, Xin Guo, Haiping Shen et al. (n=6)",Ji‐Guang Li; Xin Guo; Haiping Shen; Xinheng Cai; Ming Dong; Hou Huandi,Journal of Molecular Liquids,https://doi.org/10.1016/j.molliq.2020.114826,https://openalex.org/W3106965670
2020,Prediction of Surface Tension of Heavy Oil Based on Principle of Corresponding States Combined with Detailed Composition and Molecular Structure Analysis,"Yuichi MUKAWA, Koshiro Yamagiwa, Eita Shoji et al. (n=7)",Yuichi MUKAWA; Koshiro Yamagiwa; Eita Shoji; Masaki Kubo; Takao Tsukada; Shogo Teratani; Keita Katano,Journal of the Japan Institute of Energy,https://doi.org/10.3775/jie.99.75,https://openalex.org/W3046510610
2020,Prospect of Petroleomics as a Tool for Changing Refining Technologies,"Keita Katano, Yuuki Takahashi, Kōichi Sato et al. (n=8)",Keita Katano; Yuuki Takahashi; Kōichi Sato; Koji Tsuji; Toshiaki Hayasaka; T. Nakamura; Yoshiyuki TOYOOKA; Kazuhiro Inamura,Journal of the Japan Petroleum Institute,https://doi.org/10.1627/jpi.63.133,https://openalex.org/W3022086748
2020,Caracterização química e avaliação da atividade interfacial de frações isoladas de petróleos brasileiros pelo método da sílica molhada,Jarlene da Conceição Silva,Jarlene da Conceição Silva,LA Referencia (Red Federada de Repositorios Institucionales de Publicaciones Científicas),,https://openalex.org/W7119245561
2020,New approaches in petroleomics: extraction and characterization of naftenic acids from waters produced by ultra high resolution mass spectrometry,Deborah Victória Alves de Aguiar,Deborah Victória Alves de Aguiar,LA Referencia (Red Federada de Repositorios Institucionales de Publicaciones Científicas),,https://openalex.org/W7120629931
2020,"Fourier transform ion cyclotron resonance mass spectrometric analysis of NSO-compounds generated in hydrothermally altered sediments from the Escanaba Trough, northeastern Pacific Ocean","G. Todd Ventura, Pamela E. Rossel, Bernd R.T. Simoneit et al. (n=4)",G. Todd Ventura; Pamela E. Rossel; Bernd R.T. Simoneit; Thorsten Dittmar,Organic Geochemistry,https://doi.org/10.1016/j.orggeochem.2020.104085,https://openalex.org/W3044064940
2020,The dating of petroleum fluid residence time in subsurface reservoirs. Part 2: Tracking effects of radiolysis on crude oil by comprehensive molecular analysis,"Renzo C. Silva, L R Snowdon, Haiping Huang et al. (n=4)",Renzo C. Silva; L R Snowdon; Haiping Huang; Steve Larter,Organic Geochemistry,https://doi.org/10.1016/j.orggeochem.2020.104142,https://openalex.org/W3093440909
2020,A novel biodegradation parameter derived from bicyclic sesquiterpanes for assessing moderate levels of petroleum biodegradation,"Mengsha Yin, Haiping Huang, Melisa Brown et al. (n=7)",Mengsha Yin; Haiping Huang; Melisa Brown; Sandra O. Lucach; Leopoldo Gutiérrez-Caminero; Silvia M. Chavez; Thomas B. P. Oldenburg,Organic Geochemistry,https://doi.org/10.1016/j.orggeochem.2020.104049,https://openalex.org/W3027747846
2020,Investigating biological nitrogen cycling in lacustrine systems by FT-ICR-MS analysis of nitrogen-containing compounds in petroleum,"Jingkun Zhang, Jian Cao, Liuwen Xia et al. (n=5)",Jingkun Zhang; Jian Cao; Liuwen Xia; Baoli Xiang; Erting Li,Palaeogeography Palaeoclimatology Palaeoecology,https://doi.org/10.1016/j.palaeo.2020.109887,https://openalex.org/W3039022782
2020,Development of a Non-Targeted Method to Study Petroleum Polyaromatic Hydrocarbons in Soil by Ultrahigh Resolution Mass Spectrometry Using Multiple Ionization Methods,"Ruoji Luo, Wolfgang Schräder",Ruoji Luo; Wolfgang Schräder,Polycyclic aromatic compounds,https://doi.org/10.1080/10406638.2020.1748665,https://openalex.org/W3016706007
2020,Estimating the intermediate precision in petroleum analysis by (±)electrospray ionization Fourier transform ion cyclotron resonance mass spectrometry,"Gabriely S. Folli, Lindamara M. Souza, Bruno Q. Araújo et al. (n=5)",Gabriely S. Folli; Lindamara M. Souza; Bruno Q. Araújo; Wanderson Romão; Paulo R. Filgueiras,Rapid Communications in Mass Spectrometry,https://doi.org/10.1002/rcm.8861,https://openalex.org/W3034616943
2020,Analysis of Xinjiang asphaltenes using high precision spectroscopy,"Xiong Qiyong, Wyclif Kiyingi, Pan Jingjun et al. (n=8)",Xiong Qiyong; Wyclif Kiyingi; Pan Jingjun; Ruiying Xiong; Weibing Deng; Shiling Zhang; Jixiang Guo; Yuqi Yang,RSC Advances,https://doi.org/10.1039/d0ra07278h,https://openalex.org/W3096018962
2020,An Advanced Compositional Analysis of Crude Oil-Brine Interface and the Effect of Involving Interactions on the Performance of Low Salinity Water Injection,"Mohammad Fattahi Mehraban, Seyed Amir Farzaneh, Mehran Sohrabi",Mohammad Fattahi Mehraban; Seyed Amir Farzaneh; Mehran Sohrabi,SPE Improved Oil Recovery Conference,https://doi.org/10.2118/200451-ms,https://openalex.org/W3080988900
2020,Caractérisation des espèces métalliques présentes dans les asphaltènes. : Étude de leurs interactions dans les coupes pétrolières lourdes appliquée à l’hydrodémétallation,Rémi Moulian,Rémi Moulian,theses.fr (ABES),,https://openalex.org/W3205836227
2020,Development of ultra-high-resolution mass spectrometry assiociated with ion mobility spectrometry for the characterization of heavy oil fractions,Johann Le Maître,Johann Le Maître,theses.fr (ABES),,https://openalex.org/W4401157748
2021,Experimental Study on Direct Current Voltage Assisted Carbonated Water-Flooding Mechanism in Tight Oil Reservoir,"Rukuan Chai, Yuetian Liu, Yuting He et al. (n=5)",Rukuan Chai; Yuetian Liu; Yuting He; Qianjun Liu; Wenhuan Gu,,https://doi.org/10.2523/iptc-21498-ms,https://openalex.org/W3138754388
2021,Expanding the Analytical Window for Biochar Speciation: Molecular Comparison of Solvent Extraction and Water-Soluble Fractions of Biochar by FT-ICR Mass Spectrometry,"Amy M. McKenna, Martha L. Chacón‐Patiño, Huan Chen et al. (n=8)",Amy M. McKenna; Martha L. Chacón‐Patiño; Huan Chen; Greg T. Blakney; Frédéric Mentink‐Vigier; Robert B. Young; James A. Ippolito; Thomas Borch,Analytical Chemistry,https://doi.org/10.1021/acs.analchem.1c03058,https://openalex.org/W3214399682
2021,Online Coupling of Liquid Chromatography with Fourier Transform Ion Cyclotron Resonance Mass Spectrometry at 21 T Provides Fast and Unique Insight into Crude Oil Composition,"Steven M. Rowland, Donald F. Smith, Greg T. Blakney et al. (n=6)",Steven M. Rowland; Donald F. Smith; Greg T. Blakney; Yuri Corilo; Christopher L. Hendrickson; Ryan P. Rodgers,Analytical Chemistry,https://doi.org/10.1021/acs.analchem.1c01169,https://openalex.org/W3203760617
2021,Molecular representation of coal-derived asphaltene based on high resolution mass spectrometry,"Yonghong Zhu, Chongpeng Du, Huaan Zheng et al. (n=7)",Yonghong Zhu; Chongpeng Du; Huaan Zheng; Feili Wang; Feng Tian; Xu Liu; Dong Li,Arabian Journal of Chemistry,https://doi.org/10.1016/j.arabjc.2021.103531,https://openalex.org/W3208551174
2021,Simulated Ageing of Crude Oil and Advanced Oxidation Processes for Water Remediation since Crude Oil Pollution,"Filomena Lelario, Giuliana Bianco, Sabino Aurelio Bufo et al. (n=4)",Filomena Lelario; Giuliana Bianco; Sabino Aurelio Bufo; Laura Scrano,Catalysts,https://doi.org/10.3390/catal11080954,https://openalex.org/W3187277794
2021,High resolution Orbitrap mass spectrometry analysis of oxidized hydrocarbons found in freshwater following a simulated spill of crude oil,"Nicole E. Heshka, Kerry M. Peru, Qin Xin et al. (n=5)",Nicole E. Heshka; Kerry M. Peru; Qin Xin; Heather D. Dettman; John V. Headley,Chemosphere,https://doi.org/10.1016/j.chemosphere.2021.133415,https://openalex.org/W4200083537
2021,Molecular Characterization of Fossil and Alternative Fuels Using Electrospray Ionization Fourier Transform Ion Cyclotron Resonance Mass Spectrometry: Recent Advances and Perspectives,"Quan Shi, Yahe Zhang, Keng H. Chung et al. (n=5)",Quan Shi; Yahe Zhang; Keng H. Chung; Suoqi Zhao; Chunming Xu,Energy & Fuels,https://doi.org/10.1021/acs.energyfuels.1c01671,https://openalex.org/W3195466003
2021,Comparing the Intermediate Precision in Petroleomics by Ultrahigh-Resolution Mass Spectrometry,"Gabriely S. Folli, Lindamara M. Souza, Bruno Q. Araújo et al. (n=6)",Gabriely S. Folli; Lindamara M. Souza; Bruno Q. Araújo; Boniek G. Vaz; Paulo R. Filgueiras; Wanderson Romão,Energy & Fuels,https://doi.org/10.1021/acs.energyfuels.1c01728,https://openalex.org/W3206489523
2021,Extraction of Crude Oil Endogenous Surfactants by an Optimum Three-Phase Microemulsion System: Relation between Interfacial Behavior and a Molecular Fingerprint Obtained by Ultrahigh-Resolution Mass Spectrometry,"Guillaume Lemahieu, Johann Le Maître, Charlotte Mase et al. (n=11)",Guillaume Lemahieu; Johann Le Maître; Charlotte Mase; Julien Maillard; Jesús F. Ontiveros; Leticia Ligiero; Matthieu Loriau; Pierre Giusti; Carlos Afonso; Jean‐Marie Aubry; Valérie Molinier,Energy & Fuels,https://doi.org/10.1021/acs.energyfuels.1c02524,https://openalex.org/W3205161820
2021,Effect of the Ionization Source on the Targeted Analysis of Nickel and Vanadyl Porphyrins in Crude Oil,"Juan S. Ramírez-Pradilla, Cristian Blanco‐Tirado, Marie Hubert‐Roux et al. (n=6)",Juan S. Ramírez-Pradilla; Cristian Blanco‐Tirado; Marie Hubert‐Roux; Pierre Giusti; Carlos Afonso; Marianny Y. Combariza,Energy & Fuels,https://doi.org/10.1021/acs.energyfuels.1c01743,https://openalex.org/W3196423760
2021,Characterization and Structural Classification of Heteroatom Components of Vacuum-Residue-Derived Asphaltenes Using APPI (+) FT-ICR Mass Spectrometry,"Jun Woo Park, Yunju Cho, Seungwoo Son et al. (n=5)",Jun Woo Park; Yunju Cho; Seungwoo Son; Sunghwan Kim; Ki Bong Lee,Energy & Fuels,https://doi.org/10.1021/acs.energyfuels.1c01802,https://openalex.org/W3194533657
2021,Lessons Learned from a Decade-Long Assessment of Asphaltenes by Ultrahigh-Resolution Mass Spectrometry and Implications for Complex Mixture Analysis,"Martha L. Chacón‐Patiño, Murray R. Gray, Christopher P. Rüger et al. (n=17)",Martha L. Chacón‐Patiño; Murray R. Gray; Christopher P. Rüger; Donald F. Smith; Taylor J. Glattke; Sydney F. Niles; Anika Neumann; Chad R. Weisbrod; Andrew Yen; Amy M. McKenna; Pierre Giusti; Brice Bouyssière; Caroline Barrère‐Mangote; Harvey W. Yarranton; Christopher L. Hendrickson; Alan G. Marshall; Ryan P. Rodgers,Energy & Fuels,https://doi.org/10.1021/acs.energyfuels.1c02107,https://openalex.org/W3206812573
2021,Characterization of Asphaltenes and Petroleum Using Benzenepolycarboxylic Acids (BPCAs) and Compound-Specific Stable Carbon Isotopes,"Aleksandar I. Goranov, Morgan F. Schaller, Jonathan A. Long et al. (n=5)",Aleksandar I. Goranov; Morgan F. Schaller; Jonathan A. Long; David C. Podgorski; Sasha Wagner,Energy & Fuels,https://doi.org/10.1021/acs.energyfuels.1c02374,https://openalex.org/W3209780688
2021,Chemical Kinetics of Asphaltene Pyrolysis,"Paolo Guida, Eleonora Colombo, Elia Colleoni et al. (n=7)",Paolo Guida; Eleonora Colombo; Elia Colleoni; Saumitra Saxena; Alessio Frassoldati; William L. Roberts; Tiziano Faravelli,Energy & Fuels,https://doi.org/10.1021/acs.energyfuels.0c04358,https://openalex.org/W3159072079
2021,Analytics Driving Kinetics: Advanced Mass Spectrometric Characterization of Petroleum Products,"Aleksandar Bojkovic, Florence H. Vermeire, Maja Kuzmanović et al. (n=5)",Aleksandar Bojkovic; Florence H. Vermeire; Maja Kuzmanović; Hang Dao Thi; Kevin M. Van Geem,Energy & Fuels,https://doi.org/10.1021/acs.energyfuels.1c02355,https://openalex.org/W4200589161
2021,Comprehensive Compositional Analysis of Heavy Oil Using Fourier Transform Ion Cyclotron Resonance Mass Spectrometry and a New Data Analysis Protocol,"Keita Katano, Shogo Teratani, Teruo Suzuki et al. (n=6)",Keita Katano; Shogo Teratani; Teruo Suzuki; Ryuzo Tanaka; Hiroshi Katō; Koyo Norinaga,Energy & Fuels,https://doi.org/10.1021/acs.energyfuels.1c01429,https://openalex.org/W3193387263
2021,Molecular Behaviors on Asphaltenes during Atmospheric Residue Hydrodesulfurization,"Cho-I Park, Kyeongseok Oh, Xiaoliang Ma et al. (n=13)",Cho-I Park; Kyeongseok Oh; Xiaoliang Ma; Eunji Cho; Young‐Durk Park; Ikpyo Hong; Jung-Chul An; Yu-Jin Kang; Hyung-Kun Jo; Min-Hyeok Jang; Seong‐Ho Yoon; Yukown Jeon; Joo-Il Park,Energy & Fuels,https://doi.org/10.1021/acs.energyfuels.1c01201,https://openalex.org/W3195643518
2021,Co-processing of Hydrothermal Liquefaction Sewage Sludge Biocrude with a Fossil Crude Oil by Codistillation: A Detailed Characterization Study by FTICR Mass Spectrometry,"Stefano Chiaberge, Andrea Siviero, Cinzia Passerini et al. (n=7)",Stefano Chiaberge; Andrea Siviero; Cinzia Passerini; Silvia Pavoni; Daniele Bianchi; Muhammad Salman Haider; Daniele Castello,Energy & Fuels,https://doi.org/10.1021/acs.energyfuels.1c01673,https://openalex.org/W3194325820
2021,Direct Insertion Analysis of Polymer-Modified Bitumen by Atmospheric Pressure Chemical Ionization Ultrahigh-Resolution Mass Spectrometry,"Oscar Lacroix‐Andrivet, Clément Castilla, Christopher P. Rüger et al. (n=7)",Oscar Lacroix‐Andrivet; Clément Castilla; Christopher P. Rüger; Marie Hubert‐Roux; Anna Luiza Mendes Siqueira; Pierre Giusti; Carlos Afonso,Energy & Fuels,https://doi.org/10.1021/acs.energyfuels.0c03827,https://openalex.org/W3120413157
2021,Molecular Characterization of Aged Bitumen with Selective and Nonselective Ionization Methods by Fourier Transform Ion Cyclotron Resonance Mass Spectrometry. 1. Multiple Pressure Aging Vessel Aging Series,"Oscar Lacroix‐Andrivet, Anna Luiza Mendes Siqueira, Marie Hubert‐Roux et al. (n=5)",Oscar Lacroix‐Andrivet; Anna Luiza Mendes Siqueira; Marie Hubert‐Roux; Corinne Loutelier‐Bourhis; Carlos Afonso,Energy & Fuels,https://doi.org/10.1021/acs.energyfuels.1c02502,https://openalex.org/W3202540002
2021,Applications of High Performance Liquid Chromatography in the Petroleomic Analysis of Crude Oil: A Mini-Review,Nicole E. Heshka,Nicole E. Heshka,Energy & Fuels,https://doi.org/10.1021/acs.energyfuels.1c02091,https://openalex.org/W3198364850
2021,Application of Laser-Desorption Silver-Ionization Ultrahigh-Resolution Mass Spectrometry for Analysis of Petroleum Samples Subjected to Hydrotreating,"Thamina Acter, Nizam Uddin, Nissa Nurfajrin Solihat et al. (n=4)",Thamina Acter; Nizam Uddin; Nissa Nurfajrin Solihat; Sunghwan Kim,Energy & Fuels,https://doi.org/10.1021/acs.energyfuels.1c01824,https://openalex.org/W3201388359
2021,Composition and Formation of Liquid Crystal Domains in Hydrocarbon Resources,"Kejie Wang, Lin Li, John M. Shaw",Kejie Wang; Lin Li; John M. Shaw,Energy & Fuels,https://doi.org/10.1021/acs.energyfuels.1c00849,https://openalex.org/W3161914310
2021,Sodium Cationization Electrospray Ionization Orbitrap Mass Spectrometry for Selective Determination of Crude Oil Porphyrins,"Leonard Nyadong, Jose Mendez-Arroyo",Leonard Nyadong; Jose Mendez-Arroyo,Energy & Fuels,https://doi.org/10.1021/acs.energyfuels.1c02330,https://openalex.org/W3203926441
2021,Qualitative and Quantitative Evaluation of Sulfur-Containing Compound Types in Heavy Crude Oil and Its Fractions,"Alessandro Vetere, Daniel Pröfrock, Wolfgang Schräder",Alessandro Vetere; Daniel Pröfrock; Wolfgang Schräder,Energy & Fuels,https://doi.org/10.1021/acs.energyfuels.1c00491,https://openalex.org/W3158640254
2021,Study of Crude Oil Fouling from Sulfur-Containing Compounds Using High-Resolution Mass Spectrometry,"Aikaterini Kondyli, Wolfgang Schräder",Aikaterini Kondyli; Wolfgang Schräder,Energy & Fuels,https://doi.org/10.1021/acs.energyfuels.1c01136,https://openalex.org/W3184155044
2021,Structure–Dynamic Function Relations of Asphaltenes,"Linzhou Zhang, Pengcheng Chen, Shu Pan et al. (n=9)",Linzhou Zhang; Pengcheng Chen; Shu Pan; Fang Liu; Vincent Pauchard; Andrew E. Pomerantz; Sanjoy Banerjee; Nan Yao; Oliver C. Mullins,Energy & Fuels,https://doi.org/10.1021/acs.energyfuels.1c02222,https://openalex.org/W3195566668
2021,An investigation of factors influencing carbonate rock wettability,"Mohammad Alqam, Sidqi A. Abu-Khamsin, Abdullah S. Sultan et al. (n=5)",Mohammad Alqam; Sidqi A. Abu-Khamsin; Abdullah S. Sultan; Saad Alafnan; Nadrah A. Alawani,Energy Reports,https://doi.org/10.1016/j.egyr.2021.01.091,https://openalex.org/W3158870162
2021,Assessing raw materials as potential adsorbents to remove acidic compounds from Brazilian crude oils by ESI (-) FT-ICR MS,"GEIZILA A.P. ABIB, Laercio L. Martins, LORRAINE LOUISE G.C. DE ARAUJO et al. (n=7)",GEIZILA A.P. ABIB; Laercio L. Martins; LORRAINE LOUISE G.C. DE ARAUJO; Tatiana V. Isidorio; Marcos A. Pudenzi; VICTOR HUGO SANTOS; Georgiana Feitosa da Cruz,Figshare,https://doi.org/10.6084/m9.figshare.14275410,https://openalex.org/W4394394724
2021,Hydrothermal Liquefaction of Food Waste: Effect of Process Parameters on Product Yields and Chemistry,"Hengameh Bayat, Mostafa Dehghanizadeh, Jacqueline M. Jarvis et al. (n=5)",Hengameh Bayat; Mostafa Dehghanizadeh; Jacqueline M. Jarvis; Catherine E. Brewer; Umakanta Jena,Frontiers in Sustainable Food Systems,https://doi.org/10.3389/fsufs.2021.658592,https://openalex.org/W3165233791
2021,"Vanadium and nickel distributions in Pentane, In-between C5-C7 Asphaltenes, and heptane asphaltenes of heavy crude oils","Martha L. Chacón‐Patiño, Jenny Nelson, Estrella Rogel et al. (n=7)",Martha L. Chacón‐Patiño; Jenny Nelson; Estrella Rogel; Kyle Hench; Laura Poirier; Francisco López-Linares; César Ovalles,Fuel,https://doi.org/10.1016/j.fuel.2021.120259,https://openalex.org/W3129683478
2021,Asphaltenes subfractions characterization and calculation of their solubility parameter using ESI(-) FT-ICR MS: Part II,"Fernanda E. Pinto, Victor R. Fonseca, Lindamara M. Souza et al. (n=10)",Fernanda E. Pinto; Victor R. Fonseca; Lindamara M. Souza; Luciana A. Terra; Sreedhar Subramanian; Sébastien Simon; Johan Sjöblom; Thieres M.C. Pereira; Valdemar Lacerda; Wanderson Romão,Fuel,https://doi.org/10.1016/j.fuel.2021.122864,https://openalex.org/W4200473999
2021,Vanadium and nickel distributions in selective-separated n-heptane asphaltenes of heavy crude oils,"Martha L. Chacón‐Patiño, Jenny Nelson, Estrella Rogel et al. (n=7)",Martha L. Chacón‐Patiño; Jenny Nelson; Estrella Rogel; Kyle Hench; Laura Poirier; Francisco López-Linares; César Ovalles,Fuel,https://doi.org/10.1016/j.fuel.2021.122939,https://openalex.org/W4200101644
2021,Comprehensive analysis of multiple asphaltene fractions combining statistical analyses and novel visualization tools,"Mary J. Thomas, Hugh E. Jones, Diana Catalina Palacio Lozano et al. (n=6)",Mary J. Thomas; Hugh E. Jones; Diana Catalina Palacio Lozano; Rémy Gavard; Shaun Carney; Mark P. Barrow,Fuel,https://doi.org/10.1016/j.fuel.2021.120132,https://openalex.org/W3123616672
2021,Characterization of nitrogen-containing compounds in coal tar and its subfractions by comprehensive two-dimensional GC × GC-TOF and ESI FT-ICR mass spectrometry based on new separation method,"Yonghong Zhu, Huaan Zheng, Feng Tian et al. (n=10)",Yonghong Zhu; Huaan Zheng; Feng Tian; Yijie Wang; Chuanfeng Huang; Yong Dan; Tao Yang; Ning Du; Qiucheng Zhou; Dong Li,Fuel Processing Technology,https://doi.org/10.1016/j.fuproc.2021.107125,https://openalex.org/W4200032590
2021,The Decade-long Evolution and Toxicity of Oil Transformation Compounds in Louisiana Salt Marsh Sediments Revealed by FT-ICR Mass Spectrometry,"Huan Chen, Amy M. McKenna, Cameron C. Davis et al. (n=5)",Huan Chen; Amy M. McKenna; Cameron C. Davis; Ryan P. Rodgers; Aixin Hou,International Oil Spill Conference Proceedings,https://doi.org/10.7901/2169-3358-2021.1.1141585,https://openalex.org/W4206277391
2021,Orbitrap ESI-MS evaluation of solvent extractable organics from a crude oil release site,"Kirk T. O’Reilly, Natasha Sihota, Rachel E. Mohler et al. (n=7)",Kirk T. O’Reilly; Natasha Sihota; Rachel E. Mohler; Dawn A. Zemo; Sungwoo Ahn; Renae Magaw; Catalina Espino Devine,Journal of Contaminant Hydrology,https://doi.org/10.1016/j.jconhyd.2021.103855,https://openalex.org/W3178388629
2021,Comprehensive Lists of Internal Calibrants for Ultrahigh-Resolution Mass Spectrometry Analysis of Crude Oil and Natural Organic Matter and Their Preparation Recipes,"Eunji Cho, Nissa Nurfajrin Solihat, Young Hwan Kim et al. (n=4)",Eunji Cho; Nissa Nurfajrin Solihat; Young Hwan Kim; Sunghwan Kim,Journal of the American Society for Mass Spectrometry,https://doi.org/10.1021/jasms.0c00456,https://openalex.org/W3118422234
2021,"The effect of slight to moderate biodegradation on the shale soluble organic matter composition of the upper triassic Yanchang formation, Ordos Basin, China","Qiang Meng, Xiaofeng Wang, Yuhong Liao et al. (n=7)",Qiang Meng; Xiaofeng Wang; Yuhong Liao; Yuhong Lei; Jintao Yin; Peng Liu; Baoguang Shi,Marine and Petroleum Geology,https://doi.org/10.1016/j.marpetgeo.2021.105021,https://openalex.org/W3134332870
2021,P19744 Investigation of Island/Single-Core- and Archipelago/Multicore-Enriched Asphaltenes and Their Solubility Fractions by Thermal Analysis Coupled with High-Resolution Fourier Transform Ion Cyclotron Resonance Mass Spectrometry,"Amy M. McKenna, Dr Martha Liliana Chacon-Patino",Amy M. McKenna; Dr Martha Liliana Chacon-Patino,OSF Preprints (OSF Preprints),,https://openalex.org/W7160737154
2021,Characterization of Vanadium and Sulfur Containing Compounds of Kazakhstan Petroleum Vacuum Residuum,"Yerdos Ongarbayev, Shynar Oteuli, Yerbol Tileuberdi et al. (n=6)",Yerdos Ongarbayev; Shynar Oteuli; Yerbol Tileuberdi; Yahe Zhang; Fang Zheng; Quan Shi,Periodica Polytechnica Chemical Engineering,https://doi.org/10.3311/ppch.17629,https://openalex.org/W3191905032
2021,Low-temperature oxidation of light crude oil in oxygen-reduced air flooding,"Huan Qi, Yiqiang Li, Xiaolong Chen et al. (n=10)",Huan Qi; Yiqiang Li; Xiaolong Chen; Anlin Long; Wei Li; Jie Li; Luo Jianghao; Xuebin SUN; Xiang Tang; Cuo Guan,Petroleum Exploration and Development,https://doi.org/10.1016/s1876-3804(21)60295-1,https://openalex.org/W4206391144
2021,"Characteristics and evolution of heavy components in bio-oil from the pyrolysis of cellulose, hemicellulose and lignin","Dian Zhong, Kuo Zeng, Jun Li et al. (n=9)",Dian Zhong; Kuo Zeng; Jun Li; Yi Qiu; Gilles Flamant; Ange Nzihou; Vasilevich Sergey Vladimirovich; Haiping Yang; Hanping Chen,Renewable and Sustainable Energy Reviews,https://doi.org/10.1016/j.rser.2021.111989,https://openalex.org/W4206766420
2021,Structural analysis of petroporphyrins from asphaltene by trapped ion mobility coupled with Fourier transform ion cyclotron resonance mass spectrometry,"Julien Maillard, Johann Le Maître, Christopher P. Rüger et al. (n=10)",Julien Maillard; Johann Le Maître; Christopher P. Rüger; Mark E. Ridgeway; Christopher J. Thompson; Benoît Paupy; Marie Hubert‐Roux; Melvin Park; Carlos Afonso; Pierre Giusti,The Analyst,https://doi.org/10.1039/d1an00140j,https://openalex.org/W3158277922
2021,Core structure analysis of heavy oil components with Fourier transform ion cyclotron resonance mass spectrometry,Shogo Teratani,Shogo Teratani,The Japan Petroleum Institute,,https://openalex.org/W3200731252
2022,"Unique Molecular Features of Water-Soluble Photo-Oxidation Products among Refined Fuels, Crude Oil, and Herded Burnt Residue under High Latitude Conditions","Elizabeth A. Whisenhant, Phoebe Zito, David C. Podgorski et al. (n=6)",Elizabeth A. Whisenhant; Phoebe Zito; David C. Podgorski; Amy M. McKenna; Zachary C. Redman; Patrick L. Tomco,ACS ES&T Water,https://doi.org/10.1021/acsestwater.1c00494,https://openalex.org/W4280603289
2022,Advanced tuning of the ion management parameters in GC × GC-HRMS using a Fourier transform Orbitrap mass analyzer for pixel-based data handling and multivariate analysis,"Amilton Moreira de Oliveira, Carlos Alberto Teixeira, Leandro Wang Hantao",Amilton Moreira de Oliveira; Carlos Alberto Teixeira; Leandro Wang Hantao,Analytical Methods,https://doi.org/10.1039/d2ay00314g,https://openalex.org/W4224298482
2022,"Characterization of the partial oxidation products of crude oil contaminating groundwater at the U.S. Geological Survey Bemidji research site in Minnesota by elemental analysis, radiocarbon dating, nuclear magnetic resonance spectroscopy, and Fourier transform ion cyclotron resonance mass spectrometry","Kevin A. Thorn, Ananna Islam, Sung‐Hwan Kim",Kevin A. Thorn; Ananna Islam; Sung‐Hwan Kim,Antarctica A Keystone in a Changing World,https://doi.org/10.3133/ofr20221042,https://openalex.org/W4285302514
2022,Oxidative desulfurization of model compounds and crude oil using Mo/Ti-DMSN catalyst and a detailed molecular characterization of sulfur species,"Jiyuan Fan, Aiping Chen, Saumitra Saxena et al. (n=7)",Jiyuan Fan; Aiping Chen; Saumitra Saxena; Haidong Li; Pedro Castaño; Wen Zhang; William L. Roberts,Catalysis Today,https://doi.org/10.1016/j.cattod.2022.05.009,https://openalex.org/W4280569641
2022,Preface for Special Issue on “Green catalysis for the production and upgrading of clean fuels and chemicals”,"Ajay K. Dalai, Sonil Nanda, Ying Zheng et al. (n=6)",Ajay K. Dalai; Sonil Nanda; Ying Zheng; Ganapati D. Yadav; William L. Roberts; Dady B. Dadyburjor,Catalysis Today,https://doi.org/10.1016/j.cattod.2022.08.029,https://openalex.org/W4293216782
2022,PyC2MC: an open-source software solution for visualization and treatment of high-resolution mass spectrometry data,"Maxime Sueur, Julien Maillard, Oscar Lacroix‐Andrivet et al. (n=7)",Maxime Sueur; Julien Maillard; Oscar Lacroix‐Andrivet; Christopher P. Rüger; Pierre Giusti; Hélène Lavanant; Carlos Afonso,ChemRxiv,https://doi.org/10.26434/chemrxiv-2022-cmnk3,https://openalex.org/W4309399405
2022,Analysis of reactions during the residue desulfurization of heavy oil based on a data-driven method,"Yasuki Kansha, Shoma Kato, Koji Tsuji",Yasuki Kansha; Shoma Kato; Koji Tsuji,Computers & Chemical Engineering,https://doi.org/10.1016/j.compchemeng.2022.107901,https://openalex.org/W4283378028
2022,Characterization of Emerging Contaminants from Weathered Fossil Fuel-Derived Materials as Revealed by Fourier Transform Ion Cyclotron Resonance Mass Spectrometry (FT-ICR MS),,,DigiNole (Florida State University),,https://openalex.org/W7113624937
2022,Evolution of the Pseudo-Components of Heavy Oil during Low Temperature Oxidation Processes,"Renbao Zhao, Wang Tian-tian, Lijuan Chen et al. (n=8)",Renbao Zhao; Wang Tian-tian; Lijuan Chen; Jingjun Pan; Shutong Li; Dong Zhao; Long Chen; Jiaying Wang,Energies,https://doi.org/10.3390/en15145201,https://openalex.org/W4285730262
2022,Characterization of Crude Oil Molecules Adsorbed onto Carbonate Rock Surface Using LDI FT-ICR MS,"Nathaniel Terra, Leticia Ligiero, Valérie Molinier et al. (n=9)",Nathaniel Terra; Leticia Ligiero; Valérie Molinier; Pierre Giusti; Nicolas Agenet; Matthieu Loriau; Marie Hubert‐Roux; Carlos Afonso; Ryan P. Rodgers,Energy & Fuels,https://doi.org/10.1021/acs.energyfuels.2c00840,https://openalex.org/W4281716043
2022,Structure–Reactivity Relationships for Petroleum Asphaltenes,"Murray R. Gray, Martha L. Chacón‐Patiño, Ryan P. Rodgers",Murray R. Gray; Martha L. Chacón‐Patiño; Ryan P. Rodgers,Energy & Fuels,https://doi.org/10.1021/acs.energyfuels.2c00486,https://openalex.org/W4283396386
2022,Molecular Structures of Refractory Sulfur Compounds in Heavy Oil Hydrodesulfurization Characterized by Collision-Induced Dissociation Fourier Transform Ion Cyclotron Resonance Mass Spectrometry,"Xinheng Cai, Shi Rong, Wei Wang et al. (n=9)",Xinheng Cai; Shi Rong; Wei Wang; Huandi Hou; Dongyue Peng; Naixin Wang; Zhonghuo Deng; Zelong Liu; Qundan Zhang,Energy & Fuels,https://doi.org/10.1021/acs.energyfuels.1c03534,https://openalex.org/W4207053488
2022,"Molecular Characterization of Naphthenic Acids and Naphthenates in the Oil Sludge: A Case Study in Bohai Basin, China","Li Han, Shuofan Li, Jianxun Wu et al. (n=6)",Li Han; Shuofan Li; Jianxun Wu; Da Huo; Yahe Zhang; Quan Shi,Energy & Fuels,https://doi.org/10.1021/acs.energyfuels.2c03329,https://openalex.org/W4311742320
2022,Maltene and Asphaltene Contributions to the Formation of Water-Soluble Emerging Contaminants from Photooxidation of Paving Materials,"Taylor J. Glattke, Martha L. Chacón‐Patiño, Alan G. Marshall et al. (n=4)",Taylor J. Glattke; Martha L. Chacón‐Patiño; Alan G. Marshall; Ryan P. Rodgers,Energy & Fuels,https://doi.org/10.1021/acs.energyfuels.2c02936,https://openalex.org/W4306818326
2022,Chemical Speciation of Naphthenic Acids in Brazilian Crude Oils by Advanced Analytical Techniques,"Gleicielle Tozzi Wurzler, Thamara A. Barra, Vinícius Barreto Pereira et al. (n=7)",Gleicielle Tozzi Wurzler; Thamara A. Barra; Vinícius Barreto Pereira; Rodolpho Caeiro dos Santos; Alexandre de O. Gomes; Gabriela Vanini; Débora de Almeida Azevedo,Energy & Fuels,https://doi.org/10.1021/acs.energyfuels.2c01145,https://openalex.org/W4288702293
2022,Tandem Mass Spectrometric Characterization of the Molecular Radical Cations of Asphaltenes,"Lauren Blaudeau, Hilkka I. Kenttämaa",Lauren Blaudeau; Hilkka I. Kenttämaa,Energy & Fuels,https://doi.org/10.1021/acs.energyfuels.2c01425,https://openalex.org/W4289260238
2022,Addressing Thermal Behavior and Molecular Architecture of Asphaltenes by a Thermal-Optical Carbon Analyzer Coupled to High-Resolution Mass Spectrometry,"Christopher P. Rüger, Anika Neumann, Paul Kösling et al. (n=7)",Christopher P. Rüger; Anika Neumann; Paul Kösling; Silvia Juliana Vesga Martínez; Martha L. Chacón‐Patiño; Ryan P. Rodgers; Ralf Zimmermann,Energy & Fuels,https://doi.org/10.1021/acs.energyfuels.2c02122,https://openalex.org/W4292519193
2022,Heavy End Evaluation in Oils and Associated Asphaltene Deposits from Two Adjacent Reservoirs by High-Resolution Mass Spectrometry,"Mareike Noah, Julia C. Forsythe, Rolando di Primio et al. (n=7)",Mareike Noah; Julia C. Forsythe; Rolando di Primio; S. Méhay; Oliver C. Mullins; Nicolaj Mahlstedt; Brian Horsfield,Energy & Fuels,https://doi.org/10.1021/acs.energyfuels.2c00913,https://openalex.org/W4283079686
2022,Molecular Characterization of Remnant Polarizable Asphaltene Fractions Upon Bitumen Upgrading and Possible Implications in Petroleum Viscosity,"Martha L. Chacón‐Patiño, Nicole E. Heshka, Anton Alvarez‐Majmutov et al. (n=5)",Martha L. Chacón‐Patiño; Nicole E. Heshka; Anton Alvarez‐Majmutov; Christopher L. Hendrickson; Ryan P. Rodgers,Energy & Fuels,https://doi.org/10.1021/acs.energyfuels.2c01541,https://openalex.org/W4285093237
2022,NSO-bearing compounds in severely–extremely biodegraded crude oil revealed by ESI(-) FT-ICR MS,"Xiangchun Chang, Tianjiao Liu, Bingbing Shi et al. (n=7)",Xiangchun Chang; Tianjiao Liu; Bingbing Shi; Zhong‐Quan Liu; Pengfei Zhang; Youde Xu; Guo Chen,Energy Reports,https://doi.org/10.1016/j.egyr.2022.12.015,https://openalex.org/W4312061494
2022,Comprehensive composition and comparison of acidic nitrogen- and oxygen-containing compounds from pre- and post-salt Brazilian crude oil samples by ESI (-) FT-ICR MS,"Deborah V. A. de Aguiar, Gesiane da Silva Lima, Rodolfo R. da Silva et al. (n=7)",Deborah V. A. de Aguiar; Gesiane da Silva Lima; Rodolfo R. da Silva; Iris Medeiros Júnior; Alexandre de O. Gomes; Luiz A.N. Mendes; Boniek G. Vaz,Fuel,https://doi.org/10.1016/j.fuel.2022.125129,https://openalex.org/W4283751512
2022,Characterization of naphthenic acids in crude oil samples – A literature review,"Eliane V. Barros, Paulo R. Filgueiras, Valdemar Lacerda et al. (n=5)",Eliane V. Barros; Paulo R. Filgueiras; Valdemar Lacerda; Ryan P. Rodgers; Wanderson Romão,Fuel,https://doi.org/10.1016/j.fuel.2022.123775,https://openalex.org/W4220967086
2022,Laser desorption ionization and collision induced dissociastion as powerful tools for FT-ICR mass spectrometric characterization of asphaltene fractions enriched in island and archipelago motifs,"Lidya Cardozo da Silva, Jeferson Valencia Dávila, Felipe P. Fleming et al. (n=5)",Lidya Cardozo da Silva; Jeferson Valencia Dávila; Felipe P. Fleming; Marianny Y. Combariza; Boniek G. Vaz,Fuel,https://doi.org/10.1016/j.fuel.2022.124418,https://openalex.org/W4225254012
2022,Double-bond equivalence linear equations for structural interpretation of fossil hydrocarbons,"Chenglong Dong, Wenya Hu, Yinghao Wang et al. (n=6)",Chenglong Dong; Wenya Hu; Yinghao Wang; Yanfen Zhang; Guangyou Zhu; Yehua Han,Fuel,https://doi.org/10.1016/j.fuel.2022.126206,https://openalex.org/W4303857493
2022,Exploration of coal tar asphaltene molecules based on high resolution mass spectrometry and advanced extraction separation method,"Yonghong Zhu, Yuting Guo, Xuan Zhang et al. (n=10)",Yonghong Zhu; Yuting Guo; Xuan Zhang; Feng Tian; Cheng Luo; Chongpeng Du; Tianhua Yang; Maosen Chen; Zhihui Sun; Dong Li,Fuel Processing Technology,https://doi.org/10.1016/j.fuproc.2022.107309,https://openalex.org/W4229444653
2022,A new insight into compatibility changing rules for inferior vacuum residue’s thermal cracking and hydrocracking process,"Ji‐Guang Li, Hou Huandi, Haiping Shen",Ji‐Guang Li; Hou Huandi; Haiping Shen,Journal of Analytical and Applied Pyrolysis,https://doi.org/10.1016/j.jaap.2022.105632,https://openalex.org/W4288457141
2022,Analysis of oxygen-containing species in coal tar by comprehensive two-dimensional GC×GC-TOF and ESI FT-ICR mass spectrometry through a new subfraction separation method,"Yonghong Zhu, Yuting Guo, Haipeng Teng et al. (n=10)",Yonghong Zhu; Yuting Guo; Haipeng Teng; Jie Liu; Feng Tian; Louwei Cui; Wěi Li; Jiaojiao Liu; Chong Wang; Dong Li,Journal of the Energy Institute,https://doi.org/10.1016/j.joei.2022.01.017,https://openalex.org/W4206965684
2022,Insight into asphaltene transformation during coal tar hydrotreatment by conventional analysis and high-resolution Fourier transform mass spectrometry coupled with collision-induced dissociation technology,"Yonghong Zhu, Tao Yang, Gaoyang Li et al. (n=10)",Yonghong Zhu; Tao Yang; Gaoyang Li; Yuting Guo; Yang Cheng; Haipeng Teng; Mulan Xu; Chongpeng Du; Chong Wang; Dong Li,Journal of the Energy Institute,https://doi.org/10.1016/j.joei.2022.05.007,https://openalex.org/W4280585419
2022,Development of urea based scavenger for oil desulfurization,Isis Gardênia Alves Santos,Isis Gardênia Alves Santos,LA Referencia (Red Federada de Repositorios Institucionales de Publicaciones Científicas),,https://openalex.org/W7120523286
2022,Next Challenges for the Comprehensive Molecular Characterization of Complex Organic Mixtures in the Field of Sustainable Energy,"Anthony Abou-Dib, Frédéric Aubriet, Jasmine Hertzog et al. (n=6)",Anthony Abou-Dib; Frédéric Aubriet; Jasmine Hertzog; Lionel Vernex‐Loset; Sébastien Schramm; Vincent Carré,Molecules,https://doi.org/10.3390/molecules27248889,https://openalex.org/W4312211399
2022,Characterisation by ESI FT-ICR MS of heteroatomic compounds in catalytic hydropyrolysates released from marine crude oil asphaltenes,"Yankuan Tian, Bin Jiang, Jian Chen et al. (n=7)",Yankuan Tian; Bin Jiang; Jian Chen; Zhao-Wen Zhan; Chao Yang; Yan–Rong Zou; Ping’an Peng,Organic Geochemistry,https://doi.org/10.1016/j.orggeochem.2022.104391,https://openalex.org/W4214721802
2022,Reservoir oil geochemistry in the northern Western Desert of Egypt – High-resolution mass spectrometry and stable carbon isotope characterization,"Mostafa N. S. Monged, Stefanie Poetz, Mareike Noah et al. (n=6)",Mostafa N. S. Monged; Stefanie Poetz; Mareike Noah; Heinz Wilkes; Hans-Martin Schulz; M. Bakr,Organic Geochemistry,https://doi.org/10.1016/j.orggeochem.2022.104545,https://openalex.org/W4313398033
2022,P17994_Molecular Characterization of Remnant Polarizable Asphaltene Fractions Upon Bitumen Upgrading and Possible Implications in Petroleum Viscosity,"Amy M. Mckenna, Ryan Rodgers, Dr Martha Liliana Chacon-Patino",Amy M. Mckenna; Ryan Rodgers; Dr Martha Liliana Chacon-Patino,OSF Preprints (OSF Preprints),,https://openalex.org/W7112577584
2022,Resin composition: An indicator of oil maturity as revealed by fourier transform ion cyclotron resonance mass spectrometry,"Tian Liang, Zhao-Wen Zhan, Guo-Xiang Wang et al. (n=4)",Tian Liang; Zhao-Wen Zhan; Guo-Xiang Wang; Yan–Rong Zou,Petroleum Science,https://doi.org/10.1016/j.petsci.2022.09.014,https://openalex.org/W4296516394
2022,Molecular composition of naphthenic acids in a Chinese heavy crude oil and their impacts on oil viscosity,"Qianhui Zhao, Shuai Ma, Jianxun Wu et al. (n=10)",Qianhui Zhao; Shuai Ma; Jianxun Wu; Wei-Feng Chang; Shengfei Zhang; Xinge Sun; Bing Zhou; Zengmin Lun; Keng H. Chung; Quan Shi,Petroleum Science,https://doi.org/10.1016/j.petsci.2022.09.016,https://openalex.org/W4297499173
2022,Using machine learning-based variable selection to identify hydrate related components from FT-ICR MS spectra,"Elise Lunde Gjelsvik, Martin Fossen, Anders Brunsvik et al. (n=4)",Elise Lunde Gjelsvik; Martin Fossen; Anders Brunsvik; Kristin Tøndel,PLoS ONE,https://doi.org/10.1371/journal.pone.0273084,https://openalex.org/W4293066057
2022,Application of Fourier transform ion cyclotron resonance mass spectrometry in molecular characterization of dissolved organic matter,"Chen He, Ding He, Chunmao Chen et al. (n=4)",Chen He; Ding He; Chunmao Chen; Quan Shi,Science China Earth Sciences,https://doi.org/10.1007/s11430-021-9954-0,https://openalex.org/W4299462737
2022,"Optimizing Production Performance, Energy Efficiency and Carbon Intensity with Preformed Foams in Cyclic Steam Stimulation in a Mature Heavy Oil Field: Pilot Results and Development Plans","R. Pérez, Héctor Arnoldo Rodréguez, Gabriel J. Rendón et al. (n=12)",R. Pérez; Héctor Arnoldo Rodréguez; Gabriel J. Rendón; Brayan Guillermo Plata; Lina M. Salinas; Carolina Gabriela Reis Barbosa; Luis Eduardo García; Fernando Andrés Rojas; Jorge Armando Orrego; Lucy Johanna León; José Gabriel St. Bernard; Eduardo Manrique,SPE Improved Oil Recovery Conference,https://doi.org/10.2118/209399-ms,https://openalex.org/W4224090394
2022,Molecular Characterization of Polar Compounds in Crude Oil Affecting Sandstone Wettability Revealed by Fourier Transform-Ion Cyclotron Resonance-Mass Spectrometry,"Gang Yan, Yaohui Xu, Baolei Liu et al. (n=7)",Gang Yan; Yaohui Xu; Baolei Liu; Yan Liu; Ming Zhong; Kecong Ma; Shanshan Li,SPE Journal,https://doi.org/10.2118/209218-pa,https://openalex.org/W4293225462
2022,Heavy End Analysis by Ultrahigh Resolution Mass Spectrometry in Oils and Tar in Two Adjacent Reservoirs,"GEOS4, Mareike Noah, Rolando di Primio et al. (n=16)",GEOS4; Mareike Noah; Rolando di Primio; Lundin; Julia C. Forsythe; Schlumberger; S. Méhay; Schlumberger; Shawn D. Taylor; Schlumberger; Vladimir Achourov; Schlumberger; Oliver C. Mullins; Schlumberger; Brian Horsfield; GEOS4,SPWLA 63rd Annual Symposium Transactions,https://doi.org/10.30632/spwla-2022-0029,https://openalex.org/W4312893658
2022,Comprehensive Composition Comparison of Acidic Nso-Containing Compounds from Pre-And Post-Salt Brazilian Crude Oil Samples by ESI (-) Ft-Icr Ms,"Deborah V. A. de Aguiar, Gesiane da Silva Lima, Rodolfo R. da Silva et al. (n=7)",Deborah V. A. de Aguiar; Gesiane da Silva Lima; Rodolfo R. da Silva; Iris Medeiros Júnior; Alexandre de O. Gomes; Luiz A.N. Mendes; Boniek G. Vaz,SSRN Electronic Journal,https://doi.org/10.2139/ssrn.4066406,https://openalex.org/W4221005493
2022,A Global Characterization of Sulfur Compounds in a High-Sulfur Crude Oil,"Jianxun Wu, Chao Ma, Weilai Zhang et al. (n=6)",Jianxun Wu; Chao Ma; Weilai Zhang; Wei-Feng Chang; Yahe Zhang; Quan Shi,SSRN Electronic Journal,https://doi.org/10.2139/ssrn.4196506,https://openalex.org/W4292772967
2022,New Insights into Asphaltene Composition: Correlating the Instability of Asphaltenes Fractions with the Predominance of Archipelago-Type Molecules by Ldi (+) Ft-Icr Ms,"Lidya Cardozo da Silva, Jeferson Valencia Dávila, Cristiano Francisco Azevedo et al. (n=8)",Lidya Cardozo da Silva; Jeferson Valencia Dávila; Cristiano Francisco Azevedo; Jussara V. Roque; Felipe P. Fleming; Marianny Yajaira Combariza Montanez; Rosineide C. Simas; Boniek G. Vaz,SSRN Electronic Journal,https://doi.org/10.2139/ssrn.4128830,https://openalex.org/W4285298379
2022,Heavy-Oil Surrogate Formulation Based on Ft-Icr Ms Analysis,"Edwin Guevara, Mohammed Alabbad, Obulesu Chatakonda et al. (n=8)",Edwin Guevara; Mohammed Alabbad; Obulesu Chatakonda; Jeff Kloosterman; Joshua Middaugh; Wen Zhang; Abdul‐Hamid Emwas; S. Mani Sarathy,SSRN Electronic Journal,https://doi.org/10.2139/ssrn.4313216,https://openalex.org/W4312420436
2022,The Evolution of the Distillate Fractions of Heavy Oil During Low Temperature Oxidation Process,"Renbao Zhao, Tiantian Wang, Lijuan Chen et al. (n=8)",Renbao Zhao; Tiantian Wang; Lijuan Chen; Jingjun Pan; Shutong Li; Dong Zhao; Long Chen; Jiaying Wang,SSRN Electronic Journal,https://doi.org/10.2139/ssrn.4091299,https://openalex.org/W4226300919
2022,Double-Bond Equivalence Linear Equations for Structural Interpretation of Fossil Hydrocarbons,"Chenglong Dong, Wenya Hu, Yinghao Wang et al. (n=6)",Chenglong Dong; Wenya Hu; Yinghao Wang; Yanfen Zhang; Guangyou Zhu; Yehua Han,SSRN Electronic Journal,https://doi.org/10.2139/ssrn.4172049,https://openalex.org/W4287854536
2022,Analysis of Distribution and Structures of Heteroatom Compounds in Asphaltene of Medium/Low Temperature Coal Tar by Negative Anion Mode ESI FT-ICR MS,"Xiaoyong Fan, Dong Li, Louwei Cui et al. (n=7)",Xiaoyong Fan; Dong Li; Louwei Cui; Ruitian Shao; Chun‐Ran Chang; Long Yan; Bo Yang,Sustainability,https://doi.org/10.3390/su142315497,https://openalex.org/W4309588184
2022,Ion mobility mass spectrometry for structural elucidation of petroleum compounds,"Thamina Acter, Nizam Uddin, Eunji Cho et al. (n=7)",Thamina Acter; Nizam Uddin; Eunji Cho; Eleanor Riches; Pierre Giustie; Carlos Afonso; Sunghwan Kim,TrAC Trends in Analytical Chemistry,https://doi.org/10.1016/j.trac.2022.116597,https://openalex.org/W4220908026
2023,Analysis of the Contribution of Petroleum Acid Components to the Viscosity of Heavy Oils with High TAN,"Shuang Liu, Jianxun Wu, Zhiming Xu et al. (n=5)",Shuang Liu; Jianxun Wu; Zhiming Xu; Linzhou Zhang; Suoqi Zhao,ACS Omega,https://doi.org/10.1021/acsomega.3c04098,https://openalex.org/W4385268585
2023,Selective Characterization of Olefins by Paternò–Büchi Reaction with Ultrahigh Resolution Mass Spectrometry,"Wenya Hu, Jialin Niu, Ruoning Bao et al. (n=7)",Wenya Hu; Jialin Niu; Ruoning Bao; Chenglong Dong; Habtegabir Sara Girmay; Chunming Xu; Yehua Han,Analytical Chemistry,https://doi.org/10.1021/acs.analchem.3c02966,https://openalex.org/W4386878570
2023,"Crude Oil Density Prediction Improved by Multiblock Analysis of Fourier Transform Ion Cyclotron Resonance Mass Spectrometry, Fourier Transform Infrared, and Near-Infrared Spectroscopy Data","Elise Lunde Gjelsvik, Martin Fossen, Anders Brunsvik et al. (n=5)",Elise Lunde Gjelsvik; Martin Fossen; Anders Brunsvik; Kristian Hovde Liland; Kristin Tøndel,Applied Spectroscopy,https://doi.org/10.1177/00037028231184273,https://openalex.org/W4385442890
2023,Non-syntrophic Methanogenic Hydrocarbon Degradation by an Archaeal Species,"Zhuo Zhou, Cui‐Jing Zhang, Pengfei Liu et al. (n=14)",Zhuo Zhou; Cui‐Jing Zhang; Pengfei Liu; Лин Фу; Rafael Laso-Pérez; Lu Yang; Liping Bai; Li Jiang; Min Yang; Junzhang Lin; Weidong Wang; Gunter Wegener; Meng Li; Lei Cheng,ARPHA Conference Abstracts,https://doi.org/10.3897/aca.6.e111614,https://openalex.org/W4387741587
2023,Isolation of interfacially active molecules from Brazilian oils and characterization by high resolution analytical techniques,"Wanderson Romão, Eliane V. Barros, Natã C. L. Madeira et al. (n=6)",Wanderson Romão; Eliane V. Barros; Natã C. L. Madeira; Luiz S. Chinelatto; Márcia Cristina Khalil de Oliveira; Valdemar Lacerda,Brazilian Journal of Chemical Engineering,https://doi.org/10.1007/s43153-023-00341-y,https://openalex.org/W4376618130
2023,Structural characterization of asphaltenes enriched in Island and archipelago motifs by LDI ( +) FT-ICR MS,"Lidya Cardozo da Silva, Jeferson Valencia Dávila, Jussara V. Roque et al. (n=7)",Lidya Cardozo da Silva; Jeferson Valencia Dávila; Jussara V. Roque; Flávio O. Sanches-Neto; Rosineide C. Simas; Felipe P. Fleming; Boniek G. Vaz,Brazilian Journal of Chemical Engineering,https://doi.org/10.1007/s43153-023-00311-4,https://openalex.org/W4360612030
2023,Selective profiling of carboxylic acid in crude oil by halogen-labeling combined with liquid chromatography and high-resolution mass spectrometry,"Khoa Huynh, Karen Louise Feilberg, Jonas Sundberg",Khoa Huynh; Karen Louise Feilberg; Jonas Sundberg,ChemRxiv,https://doi.org/10.26434/chemrxiv-2023-fhn05,https://openalex.org/W4318817849
2023,Molecular Characterization of Hydrocarbons in Petroleum by Ultrahigh-Resolution Mass Spectrometry,"Jikun Liu, Litao Wang, Fei Chen et al. (n=7)",Jikun Liu; Litao Wang; Fei Chen; Wenya Hu; Chenglong Dong; Yinghao Wang; Yehua Han,Energies,https://doi.org/10.3390/en16114296,https://openalex.org/W4378228133
2023,Petroleomics Approach to Investigate the Composition of Upgrading Products from Pyrolysis Bio-Oils as Determined by High-Field FT-ICR MS,"Martha L. Chacón‐Patiño, Charlotte Mase, Julien Maillard et al. (n=8)",Martha L. Chacón‐Patiño; Charlotte Mase; Julien Maillard; Caroline Barrère‐Mangote; David C. Dayton; Carlos Afonso; Pierre Giusti; Ryan P. Rodgers,Energy & Fuels,https://doi.org/10.1021/acs.energyfuels.3c02599,https://openalex.org/W4387517556
2023,Compositional Effect on the Low-Temperature Oxidation of Crude Oils Subjected to In Situ Combustion,"Jorge A. Orrego-Ruiz, Fernando A. Rojas-Ruiz, Hernando Ramirez et al. (n=6)",Jorge A. Orrego-Ruiz; Fernando A. Rojas-Ruiz; Hernando Ramirez; Carlos Eduardo Naranjo Suárez; Aníbal Ordóñez; Luz M. Ballesteros,Energy & Fuels,https://doi.org/10.1021/acs.energyfuels.2c03599,https://openalex.org/W4319663849
2023,New Geochemical Proxies of Nitrogen- and Oxygen-Containing Compounds Characterized by ESI (−) FT-ICR MS,"Shuo Deng, Sumei Li, Xiaodong Li et al. (n=5)",Shuo Deng; Sumei Li; Xiaodong Li; Fujie Jiang; Jia Liu,Energy & Fuels,https://doi.org/10.1021/acs.energyfuels.3c02379,https://openalex.org/W4387491731
2023,Chemistry and Properties of Carbon Fiber Feedstocks from Bitumen Asphaltenes,"Martha L. Chacón‐Patiño, Anika Neumann, Christopher P. Rüger et al. (n=10)",Martha L. Chacón‐Patiño; Anika Neumann; Christopher P. Rüger; Paolo G. Bomben; Lukas Friederici; Ralf Zimmermann; Erik Frank; Philipp Kreis; Michael R. Buchmeiser; Murray R. Gray,Energy & Fuels,https://doi.org/10.1021/acs.energyfuels.2c04274,https://openalex.org/W4324323674
2023,Heavy-Oil Surrogate Formulation Based on FT-ICR MS Analysis,"Edwin Guevara, Mohammed Alabbad, Obulesu Chatakonda et al. (n=8)",Edwin Guevara; Mohammed Alabbad; Obulesu Chatakonda; Jeffrey W. Kloosterman; Joshua Middaugh; Wen Zhang; Abdul‐Hamid Emwas; S. Mani Sarathy,Energy & Fuels,https://doi.org/10.1021/acs.energyfuels.3c02134,https://openalex.org/W4387609058
2023,Molecular Characterization of Aged Bitumen with Selective and Nonselective Ionization Methods by Fourier Transform Ion Cyclotron Resonance Mass Spectrometry. 3. Investigation on Molecular Fractions Obtained by Gel Permeation Chromatography,"Oscar Lacroix‐Andrivet, Julie Guillemant, Anna Luiza Mendes Siqueira et al. (n=8)",Oscar Lacroix‐Andrivet; Julie Guillemant; Anna Luiza Mendes Siqueira; Marie Hubert‐Roux; Corinne Loutelier‐Bourhis; Brice Bouyssière; Pierre Giusti; Carlos Afonso,Energy & Fuels,https://doi.org/10.1021/acs.energyfuels.2c04012,https://openalex.org/W4321482852
2023,Isolation and Characterization of Interfacially Active Molecules from Asphaltene and Maltene Fractions,"Jarlene Da Conceição Silva, Lindamara M. Souza, Victor R. Fonseca et al. (n=6)",Jarlene Da Conceição Silva; Lindamara M. Souza; Victor R. Fonseca; Wanderson Romão; Watson Loh; Elizabete F. Lucas,Energy & Fuels,https://doi.org/10.1021/acs.energyfuels.3c00258,https://openalex.org/W4383897384
2023,Evolution of Hydrocarbons and Carboxylic Acids in Heavy Oil during In Situ Combustion in Xinjiang Oilfield,"Rigu Su, Yunyun Li, Shuai Ma et al. (n=12)",Rigu Su; Yunyun Li; Shuai Ma; Hong Xiang; Zhengmao Wang; Zhanqun Hu; Qianhui Zhao; Long Chen; Jingjun Pan; Chunming Xu; Guangzhi Liao; Quan Shi,Energy & Fuels,https://doi.org/10.1021/acs.energyfuels.3c02475,https://openalex.org/W4386280074
2023,Characterization of Differential Markers among Crude Oil Samples Using UPLC-QE-MS/MS and Multivariate Statistical Analysis,"Shiqi Wang, Shiqi Wang, Hailong Zuo et al. (n=8)",Shiqi Wang; Shiqi Wang; Hailong Zuo; Chun-ning Gao; Jinghua Wang; congcong Li; Shuoliang Wang; Shuoliang Wang,Energy & Fuels,https://doi.org/10.1021/acs.energyfuels.3c02068,https://openalex.org/W4385256241
2023,Characteristics of dissolved organic matter in point-source wastewaters at a petrochemical plant: Molecular constituents and contributions to the influent of wastewater treatment plant,"Yue Kou, Baiyu Yang, Juntao Jiang et al. (n=9)",Yue Kou; Baiyu Yang; Juntao Jiang; He Sun; Rui Zhang; Zhuoyu Li; Qinghong Wang; Quan Shi; Chunmao Chen,Environmental Research,https://doi.org/10.1016/j.envres.2023.117157,https://openalex.org/W4386812906
2023,Petroleomics by design of experiments in ESI(±)FT-ICR MS analysis,"Gabriely S. Folli, Lindamara dos Santos, Madson Poltronieri Zanoni et al. (n=6)",Gabriely S. Folli; Lindamara dos Santos; Madson Poltronieri Zanoni; Luiz S. Chinelatto; Wanderson Romão; Paulo R. Filgueiras,Fuel,https://doi.org/10.1016/j.fuel.2023.129391,https://openalex.org/W4385735969
2023,Association parameters for Cubic-Plus-Association equation of state determined by molecular dynamics and Petroleomics: Prediction of asphaltene precipitation,"Iván Moncayo-Riascos, Juan David Aristizábal, Óscar Ramírez-Jaramillo et al. (n=9)",Iván Moncayo-Riascos; Juan David Aristizábal; Óscar Ramírez-Jaramillo; Fernando A. Rojas-Ruiz; Jorge A. Orrego-Ruiz; Rodrigo Torres; Cristiam Cundar; Wilson A. Cañas‐Marín; R. Osorio,Fuel,https://doi.org/10.1016/j.fuel.2023.130576,https://openalex.org/W4390044983
2023,A new ternary diagram to decipher the evolution of maturity and biodegradation of crude oil using ESI FT-ICR MS,"Dongyong Wang, Meijun Li, Jianfa Chen et al. (n=5)",Dongyong Wang; Meijun Li; Jianfa Chen; Haochen Chen; Quan Shi,Fuel,https://doi.org/10.1016/j.fuel.2023.130499,https://openalex.org/W4389121230
2023,Molecular characterization of non-polar sulfur compounds in the full boiling range crude oil fractions,"Jianxun Wu, Chao Ma, Weilai Zhang et al. (n=6)",Jianxun Wu; Chao Ma; Weilai Zhang; Wei-Feng Chang; Yahe Zhang; Quan Shi,Fuel,https://doi.org/10.1016/j.fuel.2022.127323,https://openalex.org/W4313537453
2023,Identification of sulfur-containing isoprenoids with non-adamantane cage structures in crude oil,"Jianxun Wu, Weilai Zhang, Yuanfeng Wang et al. (n=5)",Jianxun Wu; Weilai Zhang; Yuanfeng Wang; Yahe Zhang; Quan Shi,Fuel,https://doi.org/10.1016/j.fuel.2023.127390,https://openalex.org/W4320473804
2023,Oxidation behavior and kinetics of shale oil under different oxygen concentrations,"Shuai Zhao, Wanfen Pu, Yibo Li et al. (n=7)",Shuai Zhao; Wanfen Pu; Yibo Li; Qi Jiang; Chengdong Yuan; Mikhail A. Varfolomeev; Chunyun Xu,Fuel,https://doi.org/10.1016/j.fuel.2023.130677,https://openalex.org/W4390384178
2023,New biodegradation degree proxies based on acids and neutral nitrogen- and oxygen-containing compounds characterized by high resolution mass spectrometry,"Dongyong Wang, Meijun Li, Dingsheng Cheng et al. (n=7)",Dongyong Wang; Meijun Li; Dingsheng Cheng; Yebo Du; Quan Shi; Xianli Zou; Qingyao Chen,Fuel,https://doi.org/10.1016/j.fuel.2023.128438,https://openalex.org/W4366385368
2023,Optimisation of LDI(+)-FT-ICR MS analysis of asphaltenes to prevent the formation of fullerenes,"Victor R. Fonseca, Gabriely S. Folli, Lindamara M. Souza et al. (n=11)",Victor R. Fonseca; Gabriely S. Folli; Lindamara M. Souza; Thieres M.C. Pereira; Guilherme S. V. Lima; Carla C.B. Viegas; Luiz S. Chinelatto; Álvaro Cunha Neto; Paulo R. Filgueiras; Valdemar Lacerda; Wanderson Romão,Fuel,https://doi.org/10.1016/j.fuel.2023.128451,https://openalex.org/W4367291647
2023,Boiling point modeling for petroleum speciation data,"Hendrik Müller, Nadrah A. Alawani, Imran A.S. Naqvi et al. (n=6)",Hendrik Müller; Nadrah A. Alawani; Imran A.S. Naqvi; Munther M. Alshammari; Radwan Y. Al-Bakor; Frédérick M. Adam,Fuel,https://doi.org/10.1016/j.fuel.2023.130066,https://openalex.org/W4387794507
2023,Structural analysis of petroleum acids in highly acidic crude oil and deacidification using organic amines,"Ruochen Ma, Lingli Jia, Hongyu Zhang et al. (n=8)",Ruochen Ma; Lingli Jia; Hongyu Zhang; Fahai Cao; Jianhui Shao; Junjie Zhang; Shuiliang Yan; Jun Xu,Fuel,https://doi.org/10.1016/j.fuel.2023.130117,https://openalex.org/W4389817860
2023,Unified multi-parameter predictive modeling of crude oil and its distilled fractions through Artificial Neural Networks,"Carlos Alberto Teixeira, Amilton Moreira de Oliveira, Íris Medeiros et al. (n=4)",Carlos Alberto Teixeira; Amilton Moreira de Oliveira; Íris Medeiros; Leandro Wang Hantao,Fuel,https://doi.org/10.1016/j.fuel.2023.130156,https://openalex.org/W4388070800
2023,Molecular transformation of heavy oil during slurry phase hydrocracking process: A comparison between thermal cracking and hydrocracking,"Yuanfeng Wang, Jingman Lu, Xiao Zhang et al. (n=14)",Yuanfeng Wang; Jingman Lu; Xiao Zhang; Xinyue Zhang; Bohan Zhang; Jianxun Wu; Dong Guan; Ying Zhang; Junyang Chen; Xinyi Feng; Yahe Zhang; Zhi‐Yuan Zhou; Linzhou Zhang; Quan Shi,Fuel,https://doi.org/10.1016/j.fuel.2023.128981,https://openalex.org/W4380926726
2023,Structural characterization of steranes and hopanes in petroleum by ion mobility mass spectrometry,"Chenglong Dong, Jing Xie, Zhaoyang Fan et al. (n=8)",Chenglong Dong; Jing Xie; Zhaoyang Fan; Yinghao Wang; Jikun Liu; Haodong Wang; Guangyou Zhu; Yehua Han,Fuel,https://doi.org/10.1016/j.fuel.2023.130690,https://openalex.org/W4390383575
2023,Evolution of lignin pyrolysis heavy components through the study of representative lignin monomers,"Yi Qiu, Dian Zhong, Kuo Zeng et al. (n=6)",Yi Qiu; Dian Zhong; Kuo Zeng; Jun Li; Haiping Yang; Hanping Chen,Fuel Processing Technology,https://doi.org/10.1016/j.fuproc.2023.107910,https://openalex.org/W4383041489
2023,Morphology study of nickel and vanadium in asphaltenes via hydropyrolysis,"Fang Zheng, Yan-bin WANG, Da Huo et al. (n=7)",Fang Zheng; Yan-bin WANG; Da Huo; Chunyan Wang; Qing Cao; Jing HE; Quan Shi,Journal of Fuel Chemistry and Technology,https://doi.org/10.1016/s1872-5813(21)60333-0,https://openalex.org/W4387970081
2023,Photochemical mobilization of dissolved hydrocarbon oxidation products from petroleum contaminated soil into a shallow aquifer activate human nuclear receptors,"Phoebe Zito, B. Bekins, Dalma Martinović‐Weigelt et al. (n=10)",Phoebe Zito; B. Bekins; Dalma Martinović‐Weigelt; Maxwell L. Harsha; Katherine E. Humpal; Jared J. Trost; Isabelle M. Cozzarelli; Lynn Mazzoleni; Simeon Schum; David C. Podgorski,Journal of Hazardous Materials,https://doi.org/10.1016/j.jhazmat.2023.132312,https://openalex.org/W4385988618
2023,A molecular study of viscosity-causing mechanism and viscosity reduction through re-emulsification for Jimsar shale oil,"Xiaojun Zhang, Jixiang Guo, Chenhao Gao et al. (n=9)",Xiaojun Zhang; Jixiang Guo; Chenhao Gao; Wyclif Kiyingi; Li Wang; Dongtao Fei; Zhongying Peng; Jianmin Li; Jingfeng Dong,Journal of Molecular Liquids,https://doi.org/10.1016/j.molliq.2023.123470,https://openalex.org/W4388215024
2023,PyC2MC: An Open-Source Software Solution for Visualization and Treatment of High-Resolution Mass Spectrometry Data,"Maxime Sueur, Julien Maillard, Oscar Lacroix‐Andrivet et al. (n=7)",Maxime Sueur; Julien Maillard; Oscar Lacroix‐Andrivet; Christopher P. Rüger; Pierre Giusti; Hélène Lavanant; Carlos Afonso,Journal of the American Society for Mass Spectrometry,https://doi.org/10.1021/jasms.2c00323,https://openalex.org/W4321495319
2023,New Data Processing Method for Heavy Oil Components Analyzed by Fourier Transform Ion Cyclotron Resonance Mass Spectrometry,"Keita Katano, Teruo Suzuki, Kotaro MATSUMOTO et al. (n=5)",Keita Katano; Teruo Suzuki; Kotaro MATSUMOTO; Hiroshi Kato; Koyo Norinaga,Journal of the Japan Petroleum Institute,https://doi.org/10.1627/jpi.66.101,https://openalex.org/W4382652458
2023,"The asphaltene stability evaluation based on results of molecule analysis for our oil field sample through ""Petroleomics"" technology","Katsumo Takabayashi, Teruo Suzuki",Katsumo Takabayashi; Teruo Suzuki,Journal of the Japanese Association for Petroleum Technology,https://doi.org/10.3720/japt.88.171,https://openalex.org/W4399163668
2023,"Impact of natural weathering on source rocks: ESI FT-ICR MS evidence from Triassic Chang 7 outcrop profile in Tongchuan City, Southern Ordos Basin (China)","Shubiao Pan, Yuhong Liao, Bin Jiang",Shubiao Pan; Yuhong Liao; Bin Jiang,Marine and Petroleum Geology,https://doi.org/10.1016/j.marpetgeo.2023.106410,https://openalex.org/W4383618810
2023,Characterization of the Nonpolar and Polar Extractable Components of Glanded Cottonseed for Its Valorization,"Zhongqi He, Sunghyun Nam, Shasha Liu et al. (n=4)",Zhongqi He; Sunghyun Nam; Shasha Liu; Qi Zhao,Molecules,https://doi.org/10.3390/molecules28104181,https://openalex.org/W4377139525
2023,Low-temperature oxidation characteristics and reaction pathways of crude oil within tight shale during air injection,"Shuai Zhao, Wanfen Pu, Yibo Li et al. (n=4)",Shuai Zhao; Wanfen Pu; Yibo Li; Qi Jiang,Petroleum,https://doi.org/10.1016/j.petlm.2023.12.005,https://openalex.org/W4390278033
2023,Ketones in Low-Temperature Oxidation Products of Crude Oil,"Shuai Ma, Yunyun Li, Rigu Su et al. (n=12)",Shuai Ma; Yunyun Li; Rigu Su; Jianxun Wu; Lingyuan Xie; Junshi Tang; Xusheng Wang; Jingjun Pan; Yuanfeng Wang; Quan Shi; Guangzhi Liao; Chunming Xu,Processes,https://doi.org/10.3390/pr11061664,https://openalex.org/W4378878909
2023,Online Membrane Sampling for the Mass Spectrometric Analysis of Oil Sands Process Affected Water-Derived Naphthenic Acids in Real-World Samples,"J. J. Monaghan, Dylan Steenis, Ian J. Vander Meulen et al. (n=7)",J. J. Monaghan; Dylan Steenis; Ian J. Vander Meulen; Kerry M. Peru; John V. Headley; Chris G. Gill; Erik T. Krogh,Separations,https://doi.org/10.3390/separations10040228,https://openalex.org/W4361007804
2023,Successful Asphaltene Onset Pressure (Aop) Estimation from Cubic-Plus-Association (Cpa) Equation of State (Eos) Based on Molecular Dynamics Simulations and Petroleomics Characterization Applied to a Live Crude Oil,"Iván Moncayo-Riascos, Juan David Aristizábal, Óscar Ramírez-Jaramillo et al. (n=9)",Iván Moncayo-Riascos; Juan David Aristizábal; Óscar Ramírez-Jaramillo; Fernando A. Rojas-Ruiz; Jorge A. Orrego-Ruiz; Rodrigo Torres; Cristiam Cundar; Wilson A. Cañas‐Marín; R. Osorio,SSRN Electronic Journal,https://doi.org/10.2139/ssrn.4462645,https://openalex.org/W4378697451
2023,New Biodegradation Degree Proxies Based on Acids and Neutral Nitrogen- and Oxygen-Containing Compounds Characterized by High Resolution Mass Spectrometry,"Dongyong Wang, Meijun Li, Dingsheng Cheng et al. (n=7)",Dongyong Wang; Meijun Li; Dingsheng Cheng; Yebo Du; Quan Shi; Xianli Zou; Qingyao Chen,SSRN Electronic Journal,https://doi.org/10.2139/ssrn.4372109,https://openalex.org/W4322579543
2023,Boiling Point Modeling for Petroleum Speciation Data,"Hendrik Müller, Nadrah A. Alawani, Imran A.S. Naqvi et al. (n=6)",Hendrik Müller; Nadrah A. Alawani; Imran A.S. Naqvi; Munther M. Alshammari; Radwan Y. Al-Bakor; Frédérick M. Adam,SSRN Electronic Journal,https://doi.org/10.2139/ssrn.4462652,https://openalex.org/W4378697149
2023,Oxidation Behavior and Kinetics of Shale Oil Under Different Oxygen Concentrations During Air Injection,"Shuai Zhao, Wanfen Pu, Yibo Li et al. (n=7)",Shuai Zhao; Wanfen Pu; Yibo Li; Qi Jiang; Chengdong Yuan; Mikhail A. Varfolomeev; Chunyun Xu,SSRN Electronic Journal,https://doi.org/10.2139/ssrn.4420867,https://openalex.org/W4366116197
2023,Study of Thermal and Photochemical Aging of Asphalt Cement and its Fractions by Fourier Transform Infrared Spectroscopy and Fourier-Transform Ion Cyclotron Resonance Mass Spectrometry,"Natã C. L. Madeira, Lindamara M. Souza, Luiz S. Chinelatto et al. (n=7)",Natã C. L. Madeira; Lindamara M. Souza; Luiz S. Chinelatto; Margareth Carvalho Coutinho Cravo; Luis Alberto Herrmann do Nascimento; Valdemar Lacerda; Wanderson Romão,SSRN Electronic Journal,https://doi.org/10.2139/ssrn.4441831,https://openalex.org/W4375929146
2023,Modified Salinity Effects on Fluid-Fluid and Rock-Fluid Interactions on Carbonate Reservoir Material Studied by Carboxylic Acid Tracers,"Khoa Huynh, Simon Ivar Andersen, Karen Louise Feilberg",Khoa Huynh; Simon Ivar Andersen; Karen Louise Feilberg,SSRN Electronic Journal,https://doi.org/10.2139/ssrn.4395697,https://openalex.org/W4352998789
2023,Characteristics of Dissolved Organic Matter in Point-Source Wastewaters at a Petrochemical Plant: Molecular Constituents and Contributions to the Influent of Wastewater Treatment Plant,"Yue Kou, Baiyu Yang, Juntao Jiang et al. (n=9)",Yue Kou; Baiyu Yang; Juntao Jiang; He Sun; Rui Zhang; Zhuoyu Li; Qinghong Wang; Quan Shi; Chunmao Chen,SSRN Electronic Journal,https://doi.org/10.2139/ssrn.4530396,https://openalex.org/W4385507240
2023,Molecular-Level Transformation of Heavy Oil During Slurry Phase Hydrocracking: A Comparison between Thermal Cracking and Hydrocracking,"Yuanfeng Wang, Jingman Lu, Xiao Zhang et al. (n=14)",Yuanfeng Wang; Jingman Lu; Xiao Zhang; Xinyue Zhang; Bohan Zhang; Jianxun Wu; Dong Guan; Ying Zhang; Junyang Chen; Xinyi Feng; Yahe Zhang; Zhi‐Yuan Zhou; Linzhou Zhang; Quan Shi,SSRN Electronic Journal,https://doi.org/10.2139/ssrn.4392616,https://openalex.org/W4327803020
2023,Dispersant-Enhanced Photodissolution of Macondo Crude Oil: A Molecular Perspective,"David C. Podgorski, Jacob E. Walley, Matthew Shields et al. (n=8)",David C. Podgorski; Jacob E. Walley; Matthew Shields; D. Hébert; Maxwell L. Harsha; Robert G. M. Spencer; Matthew A. Tarr; Phoebe Zito,SSRN Electronic Journal,https://doi.org/10.2139/ssrn.4440035,https://openalex.org/W4391088296
2023,Photochemical Mobilization of Dissolved Hydrocarbon Oxidation Products from Petroleum Contaminated Soil into a Shallow Aquifer Activate Human Nuclear Receptors,"Phoebe Zito, B. Bekins, Dalma Martinović‐Weigelt et al. (n=10)",Phoebe Zito; B. Bekins; Dalma Martinović‐Weigelt; Maxwell L. Harsha; Katherine E. Humpal; Jared J. Trost; Isabelle M. Cozzarelli; Lynn Mazzoleni; Simeon Schum; David C. Podgorski,SSRN Electronic Journal,https://doi.org/10.2139/ssrn.4435393,https://openalex.org/W4367725045
2023,Hyphenation of Fourier transform ion cyclotron resonance mass spectrometry (FT-ICR MS) with separation methods: The art of compromises and the possible - A review,"Clarisse Gosset‐Erard, Frédéric Aubriet, Emmanuelle Leize‐Wagner et al. (n=5)",Clarisse Gosset‐Erard; Frédéric Aubriet; Emmanuelle Leize‐Wagner; Yannis‐Nicolas François; Patrick Chaimbault,Talanta,https://doi.org/10.1016/j.talanta.2023.124324,https://openalex.org/W4319160211
2023,Environmental petroleomics – Application of ultrahigh-resolution mass spectrometry for molecular-level understanding of the fate of spilled oils,"Thamina Acter, Seungwoo Son, Donghwi Kim et al. (n=8)",Thamina Acter; Seungwoo Son; Donghwi Kim; Un Hyuk Yim; Mark P. Barrow; Quan Shi; Nizam Uddin; Sunghwan Kim,Trends in Environmental Analytical Chemistry,https://doi.org/10.1016/j.teac.2023.e00212,https://openalex.org/W4385988282
2024,Rock-to-Pharma: Characterization of Shale Oil-Based Nonbiological Complex Drugs along the Production Process by High-Resolution Mass Spectrometry,"Ole Tiemann, Christopher P. Rüger, Lukas Schwalb et al. (n=6)",Ole Tiemann; Christopher P. Rüger; Lukas Schwalb; Martha L. Chacón‐Patiño; Thomas Gröger; Ralf Zimmermann,Analytical Chemistry,https://doi.org/10.1021/acs.analchem.4c01288,https://openalex.org/W4401168827
2024,Structure Elucidation and Sulfur Species Characterization of Asphaltenes Derived from Heavy Fuel Oil Using APPI (+) and ESI (+) FT-ICR Mass Spectrometry,"Muhannad S. Al-Khelaiwi, Muhammad N. Siddiquee, F. Campuzano et al. (n=6)",Muhannad S. Al-Khelaiwi; Muhammad N. Siddiquee; F. Campuzano; Saumitra Saxena; William L. Roberts; Abdul Gani Abdul Jameel,Arabian Journal for Science and Engineering,https://doi.org/10.1007/s13369-024-09314-w,https://openalex.org/W4400963261
2024,Non-target analysis of crude oil photooxidation products at high latitudes and their biological effects,"Zachary C. Redman, Sage Robine, Jason L. Burkhead et al. (n=4)",Zachary C. Redman; Sage Robine; Jason L. Burkhead; Patrick L. Tomco,Chemosphere,https://doi.org/10.1016/j.chemosphere.2024.141794,https://openalex.org/W4393859929
2024,"Non-target analysis of organic pollutants in oil-production wastewater treatment stations and surrounding soils: Their profiles, electro-transformation, and environmental risks","Youliang Tian, Fengjiao Jiang, Nannan Liu et al. (n=5)",Youliang Tian; Fengjiao Jiang; Nannan Liu; Lin Xu; Yaqi Cai,Chemosphere,https://doi.org/10.1016/j.chemosphere.2024.143779,https://openalex.org/W4404642948
2024,Dissolved organic matter (DOM) as natural tracking agent in cyclic steam stimulation with preformed foams: a mature heavy oil field case,"Fernando A. Rojas-Ruiz, Jorge A. Orrego-Ruiz, Angela Maria Valencia López et al. (n=5)",Fernando A. Rojas-Ruiz; Jorge A. Orrego-Ruiz; Angela Maria Valencia López; R. Pérez; Eduardo Manrique,CT&F - Ciencia Tecnología y Futuro,https://doi.org/10.29047/01225383.775,https://openalex.org/W4408509876
2024,Geochemical Characteristics of Mesoproterozoic Source Rocks in North China: Insights for Organic Matter Enrichment and Thermal Evolution,"Shuangbiao Han, Yu Qiao, Chaohan Xiang et al. (n=9)",Shuangbiao Han; Yu Qiao; Chaohan Xiang; Jinchuan Zhang; Ye Wang; Mengxia Huo; Xiaoyan Mu; Jie Huang; Junhao Zhu,Energies,https://doi.org/10.3390/en17030596,https://openalex.org/W4391263273
2024,Fractionation and Characterization of Acidic Compounds of Flowline and Separator Asphaltene Deposits from a Gulf of Mexico Field,"Priyanka Juyal, Martha L. Chacón‐Patiño, Ryan P. Rodgers",Priyanka Juyal; Martha L. Chacón‐Patiño; Ryan P. Rodgers,Energy & Fuels,https://doi.org/10.1021/acs.energyfuels.4c03528,https://openalex.org/W4403515435
2024,Microcosm Approach to Disentangle Bio-Oxidation and Photo-Oxidation Pathways in Macondo Well Oil: Molecular Characterization and Acute Toxicity Assessment,"Huan Chen, Amy M. McKenna, Ryan P. Rodgers",Huan Chen; Amy M. McKenna; Ryan P. Rodgers,Energy & Fuels,https://doi.org/10.1021/acs.energyfuels.4c03951,https://openalex.org/W4403409455
2024,Molecular Composition of Middle Eastern Asphaltenes by Mass Spectrometry: Field <i>vs</i> Dead-Oil-Derived Deposits,"Tim Kahs, Jamie Whelan, Zainab Alhaddad et al. (n=8)",Tim Kahs; Jamie Whelan; Zainab Alhaddad; Matthias Witt; Edward Larkin; Sameer Punnapala; Dalia Abdallah; Pancě Naumov,Energy & Fuels,https://doi.org/10.1021/acs.energyfuels.4c03045,https://openalex.org/W4403415223
2024,Comprehensive Molecular Characterization of Organic Compounds in Petroleum-Contaminated Soils from the Changqing Oilfield by FT-ICR MS and GC-MS,"Ziyi Qin, Yuanfeng Wang, Weilai Zhang et al. (n=7)",Ziyi Qin; Yuanfeng Wang; Weilai Zhang; Zhifang Cheng; Jiaxin Chen; Yuxian Chen; Haiyan Huang,Energy & Fuels,https://doi.org/10.1021/acs.energyfuels.4c04049,https://openalex.org/W4402586757
2024,Exploratory Analysis of Crude Oil Thermal Evolution by Ultra-High-Resolution Mass Spectrometry,"Arquimedes M. S. Coutinho, Marília Pereira, Pedro Gabriel C. de Lucena et al. (n=10)",Arquimedes M. S. Coutinho; Marília Pereira; Pedro Gabriel C. de Lucena; Jhonnatas de C. Carregosa; Wenes Ramos da Silva; Danielle M. M. Franco; Gesiane da Silva Lima; Boniek G. Vaz; Alberto Wisniewski; Jandyson M. Santos,Energy & Fuels,https://doi.org/10.1021/acs.energyfuels.4c03496,https://openalex.org/W4403996509
2024,ESI FT-ICR MS Analysis of Polar Compounds in Natural Bitumen of Munaily-Mola Oil Sands and Its Asphaltenes,"Ulan Kuoshiken, Yerbol Tileuberdi, Quan Shi et al. (n=8)",Ulan Kuoshiken; Yerbol Tileuberdi; Quan Shi; Yerdos Ongarbayev; Shuofan Li; Kairulla Zhanbekov; Ernar Kanzharkan; Yerzhan Imanbayev,ES Materials & Manufacturing,https://doi.org/10.30919/esmm1240,https://openalex.org/W4402836478
2024,Analysis of the microstructure of high viscosity components in Tahe ultra heavy oil based on the combination of ESI (±) FT-ICR/MS,"YANG Zu-guo, Hongyu Zhao, Guo Ji-xiang et al. (n=4)",YANG Zu-guo; Hongyu Zhao; Guo Ji-xiang; CHEN Yong,Fuel,https://doi.org/10.1016/j.fuel.2024.131594,https://openalex.org/W4393294867
2024,Use of multiplex network analysis in ESI(±) FT-ICR MS data fusion to differentiate crude oils from the same basin,"Pedro Gabriel Correia de Lucena, Jhonattas de Carvalho Carregosa, Marcos N. Eberlin et al. (n=5)",Pedro Gabriel Correia de Lucena; Jhonattas de Carvalho Carregosa; Marcos N. Eberlin; Alberto Wisniewski; Jandyson M. Santos,Fuel,https://doi.org/10.1016/j.fuel.2024.133894,https://openalex.org/W4405006926
2024,"Study of thermal and photochemical aging of saturates, naphtenic-aromatics, resins, and asphaltene fractions of asphalt cement by FTIR and FT-ICR MS","Natã C. L. Madeira, Lindamara M. Souza, Alan Reinke Pereira et al. (n=8)",Natã C. L. Madeira; Lindamara M. Souza; Alan Reinke Pereira; Luiz S. Chinelatto; Margareth Carvalho Coutinho Cravo; Luis Alberto Herrmann do Nascimento; Valdemar Lacerda; Wanderson Romão,Fuel,https://doi.org/10.1016/j.fuel.2024.131371,https://openalex.org/W4392775780
2024,Architecture of miscellaneous asphaltenes: A molecular odyssey,"Juan S. Ramírez-Pradilla, Johanna Rubiano, Fernando A. Rojas-Ruiz et al. (n=4)",Juan S. Ramírez-Pradilla; Johanna Rubiano; Fernando A. Rojas-Ruiz; Jorge A. Orrego-Ruiz,Fuel,https://doi.org/10.1016/j.fuel.2024.132081,https://openalex.org/W4399458108
2024,Compositional analysis and fate of aromatic hydrocarbons in weathered crude oil in a non-aqueous environment by using a high-resolution orbitrap mass spectrometer,"Mark Romanczyk, Christopher J. Pfützner, Steven G. Tuttle",Mark Romanczyk; Christopher J. Pfützner; Steven G. Tuttle,Fuel,https://doi.org/10.1016/j.fuel.2024.132379,https://openalex.org/W4400333069
2024,Molecular characterization of petroleum acids from diverse geological origins via n-Butylsilane reduction,"Haojie Hu, Shuofan Li, Yuanfeng Wang et al. (n=11)",Haojie Hu; Shuofan Li; Yuanfeng Wang; Ruochen Yang; Jianxun Wu; Weilai Zhang; Chen He; Han Li; Yahe Zhang; Di Zhu; Quan Shi,Fuel,https://doi.org/10.1016/j.fuel.2024.132429,https://openalex.org/W4400498387
2024,Hydrodemetallization of Venezuela residue and its three characteristic fractions: Part II. Molecular evolution of vanadium compound,"Yutao Hu, Y. Wang, Yongxi Song et al. (n=9)",Yutao Hu; Y. Wang; Yongxi Song; Hanfei Shen; Shihao Wang; Yihan Zhao; Cheng Tao; Zhentao Chen; XU Chun-ming,Fuel,https://doi.org/10.1016/j.fuel.2024.134166,https://openalex.org/W4405735941
2024,Molecular transformation of petroleum compounds by hydroxyl radicals produced upon oxidation of reduced nontronite,"Yuan Liu, Yahe Zhang, Guo Chen et al. (n=8)",Yuan Liu; Yahe Zhang; Guo Chen; Yang Li; Qiang Zeng; Jinglong Hu; Dafu Hu; Hailiang Dong,Geochimica et Cosmochimica Acta,https://doi.org/10.1016/j.gca.2024.02.019,https://openalex.org/W4392381937
2024,Optimization and validation of an <scp>HPLC‐HRMS</scp> method through semipreparative <scp>HPLC</scp> system for determining phytosterol oxidation products during refining processing and storage of vegetable oils,"Raffaele Calaminici, Nicolò Ivan Salgarella, Vladimiro Cardenia et al. (n=4)",Raffaele Calaminici; Nicolò Ivan Salgarella; Vladimiro Cardenia; Emanuele Forte,Journal of the American Oil Chemists Society,https://doi.org/10.1002/aocs.12826,https://openalex.org/W4392194871
2024,Ultrahigh-Resolution Mass Spectrometry Advances for Biogeochemical Analysis: From Seafloor Sediments to Petroleum and Marine Oil Spills,"Jagoš R. Radović, Renzo C. Silva",Jagoš R. Radović; Renzo C. Silva,Journal of the American Society for Mass Spectrometry,https://doi.org/10.1021/jasms.4c00266,https://openalex.org/W4405249534
2024,Studying Structural Details in Complex Samples: II. High Field Asymmetric Waveform Ion Mobility Spectrometry (FAIMS) Coupled to High Resolution Tandem Mass Spectrometry (MS/MS),"Alessandro Vetere, Wolfgang Schräder",Alessandro Vetere; Wolfgang Schräder,Journal of the American Society for Mass Spectrometry,https://doi.org/10.1021/jasms.4c00227,https://openalex.org/W4404685879
2024,Multivariate data analysis in Petroleomics by high resolution techniques: Fourier Transform Ion Cyclotron Resonance Mass Spectrometry and NuclearMagnetic Resonance,Gabriely S. Folli,Gabriely S. Folli,LA Referencia (Red Federada de Repositorios Institucionales de Publicaciones Científicas),,https://openalex.org/W7119247063
2024,Oil–reservoir correlation: Unravelling the producing reservoir for the sulfur-rich Qianjiang shale oil play,"Yuanjia Han, Dongqi An, Shiqiang Wu et al. (n=6)",Yuanjia Han; Dongqi An; Shiqiang Wu; Furong Wang; Xiaowen Guo; Zhiliang He,Marine and Petroleum Geology,https://doi.org/10.1016/j.marpetgeo.2024.107176,https://openalex.org/W4403907363
2024,"Compositional differences of near-critical petroleum from closed pores to wellhead in Gulong shale oil play, Songliao Basin, NE China","Ming Li, Min Wang, Chen Zhao et al. (n=8)",Ming Li; Min Wang; Chen Zhao; Jinyou Zhang; Zhao Liu; Xinbin Zhao; Jinbu Li; Junyang Chen,Marine and Petroleum Geology,https://doi.org/10.1016/j.marpetgeo.2024.106968,https://openalex.org/W4399770995
2024,New practical biodegradation proxies based on heteroatom compounds revealed by ESI (−) FT-ICR MS,"Shuo Deng, Sumei Li, Xiaoyan Li",Shuo Deng; Sumei Li; Xiaoyan Li,Organic Geochemistry,https://doi.org/10.1016/j.orggeochem.2024.104815,https://openalex.org/W4399561249
2024,Molecular transformations of heteroatomic organic compounds in crude oils caused by biodegradation and subsequent thermal maturation: Insights from ESI FT-ICR MS,"Bin Jiang, Weimin Liu, Yuhong Liao et al. (n=4)",Bin Jiang; Weimin Liu; Yuhong Liao; Ping’an Peng,Organic Geochemistry,https://doi.org/10.1016/j.orggeochem.2024.104741,https://openalex.org/W4391055641
2024,Enrichment of nitrogen compounds in heavy oils by complexation with ZrCl4 and detailed characterization using FT-ICR MS and ion mobility spectrometry,"Songcan Li, Changyi Mo, Xinheng Cai et al. (n=9)",Songcan Li; Changyi Mo; Xinheng Cai; Qundan Zhang; Jun Long; Lin Zhang; Kejun Qian; Cai Qi; Wei Wang,Separation and Purification Technology,https://doi.org/10.1016/j.seppur.2023.126132,https://openalex.org/W4390630245
2024,Functional Components in Low Salinity Waterflood Forming Micro-Dispersion Phase via Fluid-Fluid Interaction in Carbonate Reservoirs,"Hideharu Yonebayashi, Takeshi Hiraiwa, Masaaki Tange et al. (n=7)",Hideharu Yonebayashi; Takeshi Hiraiwa; Masaaki Tange; Abdalla Abdelfattah Abed; Hiroshi Yachi; Keita Katano; Teruo Suzuki,SPE Improved Oil Recovery Conference,https://doi.org/10.2118/218172-ms,https://openalex.org/W4395008051
2024,Architecture of Miscellaneous Asphaltenes: A Molecular Odyssey,"Juan S. Ramírez-Pradilla, Johanna Rubiano, Fernando A. Rojas-Ruiz et al. (n=4)",Juan S. Ramírez-Pradilla; Johanna Rubiano; Fernando A. Rojas-Ruiz; Jorge A. Orrego-Ruiz,SSRN Electronic Journal,https://doi.org/10.2139/ssrn.4739258,https://openalex.org/W4392173532
2024,"Compositional Differences of Near-Critical Petroleum from Closed Pores to Wellhead in Gulong Shale Oil Play, Songliao Basin, Ne China","Ming Li, Min Wang, Chen Zhao et al. (n=8)",Ming Li; Min Wang; Chen Zhao; Jinyou Zhang; Zhao Liu; Xinbin Zhao; Kelai Xi; Junyang Chen,SSRN Electronic Journal,https://doi.org/10.2139/ssrn.4687857,https://openalex.org/W4390686277
2024,Behavior and Fate of Spilled Diluted Bitumen and Conventional Heavy Crude Oil in Shallow Groundwater Systems,"Scott L. J. Hepditch, Jason M. E. Ahad, Richard Martel et al. (n=10)",Scott L. J. Hepditch; Jason M. E. Ahad; Richard Martel; Tuan Anh To; Juan Manuel Gutierrez-Villagomez; Ève Larocque; Ian J. Vander Meulen; John V. Headley; Qin Xin; Valérie S. Langlois,SSRN Electronic Journal,https://doi.org/10.2139/ssrn.4726089,https://openalex.org/W4391816266
2024,"Non-Target Analysis of Organic Pollutants in Oil-Production Wastewater Treatment Stations and Surrounding Soils: Their Profiles, Electro-Transformation, And Environmental Risks","Youliang Tian, Lin Xu, Fengjiao Jiang et al. (n=5)",Youliang Tian; Lin Xu; Fengjiao Jiang; Nannan Liu; Yaqi Cai,SSRN Electronic Journal,https://doi.org/10.2139/ssrn.4941414,https://openalex.org/W4402052898
2024,"Axial Interaction of Vanadyl Porphyrins with Different Basic Ligands: A High Resolution Ms, Uv-Vis and Dft Study","Xiu Chen, Ying Zhang, Haidong Li et al. (n=6)",Xiu Chen; Ying Zhang; Haidong Li; Quan Shi; Suoqi Zhao; Linzhou Zhang,SSRN Electronic Journal,https://doi.org/10.2139/ssrn.4748369,https://openalex.org/W4392476034
2025,Stabilization of Crude Oil Emulsions by Flowback Fluid Solids Post Well Drilling and Workover Activities,"Abubakar S. Ahmad, Mohammed Alabuallirat, Mohammad Shoaib et al. (n=9)",Abubakar S. Ahmad; Mohammed Alabuallirat; Mohammad Shoaib; N. S. Meeranpillai; Matteo Leoni; Nadrah A. Alawani; Saroj K. Panda; Imran Haider Naqvi; Ahmed Asseel,,https://doi.org/10.2118/226851-ms,https://openalex.org/W4414232793
2025,Aplicação de conceitos de quimiometria na caracterização de bio-óleos pirolíticos por cromatografia gasosa bidimensional abrangente acoplada à espectrometria de massas (GC×GC-MS),A. Couto,A. Couto,,https://doi.org/10.47749/t/unicamp.2025.1525495,https://openalex.org/W7127153478
2025,Integrating FT-ICR MS and Machine Learning to Forecast Acid Content Across Boiling Cuts,"Jussara V. Roque, Wilson Cardoso, Deborah V. A. de Aguiar et al. (n=8)",Jussara V. Roque; Wilson Cardoso; Deborah V. A. de Aguiar; Gabriel Franco dos Santos; Alexandre de O. Gomes; Íris Medeiros; Gesiane da Silva Lima; Boniek G. Vaz,Analytical Chemistry,https://doi.org/10.1021/acs.analchem.4c04522,https://openalex.org/W4407987738
2025,Crude Oil Mixture Resolution by FT-ICR MS and Multivariate Modeling: Quantitative Source Attribution Considering Different Thermal Maturities,"João Victor Ataíde Oliveira, Jussara V. Roque, Danielle M. M. Franco et al. (n=8)",João Victor Ataíde Oliveira; Jussara V. Roque; Danielle M. M. Franco; Leonardo F. Matos; Mário Duncan Rangel; Joelma P. Lopes; Ygor dos Santos Rocha; Boniek G. Vaz,Energy & Fuels,https://doi.org/10.1021/acs.energyfuels.5c02307,https://openalex.org/W4413216855
2025,FT-ICR MS and Molecular Dynamics Simulations Reveal Emulsifying Behavior of Polar Sulfur- and Oxygen-Containing Asphaltenes Subfractions,"Brayan Alberto Arenas-Blanco, Iván Moncayo-Riascos, Fernando-Andrés Rojas Ruíz et al. (n=8)",Brayan Alberto Arenas-Blanco; Iván Moncayo-Riascos; Fernando-Andrés Rojas Ruíz; Silvia Alejandra Pedraza-Rodriguez; Jorge A. Orrego-Ruiz; Miguel José-Rondón; Enrique Mejía‐Ospino; Libia-Sofía Sandoval-Rodríguez,Energy & Fuels,https://doi.org/10.1021/acs.energyfuels.5c02246,https://openalex.org/W4415256693
2025,Interfacial Material in Water-in-Oil Emulsions Characterized by ESI(−) FT-ICR MS: Evaluation of the Influence of Centrifugation Conditions,"Lucimara Cruz de Souza, Lindamara M. Souza, Eliane V. Barros et al. (n=16)",Lucimara Cruz de Souza; Lindamara M. Souza; Eliane V. Barros; Eline Teresa Simeão Brandão de Carvalho; Marcos H. O. Petroni; Gabriely S. Folli; Cristina M. S. Sad; Danielle M. M. Franco; Gabriel Henry Morais Dufrayer; Boniek G. Vaz; Márcio Nele; Osvaldo Karnitz; Luiz S. Chinelatto; Márcia Cristina Khalil de Oliveira; Valdemar Lacerda; Wanderson Romão,Energy & Fuels,https://doi.org/10.1021/acs.energyfuels.5c03699,https://openalex.org/W4414480642
2025,Molecular Patterns of Crude Oils with Varying Naphthenic Acidity Revealed by ESI(−)-FT-ICR MS and Unsupervised Learning,"Pedro Gabriel C. de Lucena, Flávia L. R. Lessa, Jhonattas de Carvalho Carregosa et al. (n=6)",Pedro Gabriel C. de Lucena; Flávia L. R. Lessa; Jhonattas de Carvalho Carregosa; Marcos N. Eberlin; Alberto Wisniewski; Jandyson M. Santos,Energy & Fuels,https://doi.org/10.1021/acs.energyfuels.5c04265,https://openalex.org/W4415696290
2025,Multiparameter Modeling for 10 Crude Oil Properties Using Comprehensive Two-Dimensional Gas Chromatography and Pixel-Based Chemometrics,"Amilton Moreira de Oliveira, Carlos Alberto Teixeira, Julián Eduardo Ballén Castiblanco et al. (n=5)",Amilton Moreira de Oliveira; Carlos Alberto Teixeira; Julián Eduardo Ballén Castiblanco; Íris Medeiros; Leandro Wang Hantao,Energy & Fuels,https://doi.org/10.1021/acs.energyfuels.5c01554,https://openalex.org/W4411692607
2025,"Interaction of a Vanadyl Porphyrin with Basic Amines and N-Heterocycles Ligands: A High-Resolution MS, UV–vis and DFT Study","Xiu Chen, Ying Zhang, Haidong Li et al. (n=6)",Xiu Chen; Ying Zhang; Haidong Li; Quan Shi; Suoqi Zhao; Linzhou Zhang,Energy & Fuels,https://doi.org/10.1021/acs.energyfuels.5c01603,https://openalex.org/W4411053676
2025,"A Review of Asphaltenes: Composition, Structure, Properties, Behavior, and Applications","Yerbol Tileuberdi, Ulan Kuoshiken, Yerdos Ongarbayev et al. (n=8)",Yerbol Tileuberdi; Ulan Kuoshiken; Yerdos Ongarbayev; Marat Tulepov; Nurgul Shadin; Dinara Sadirbekova; Laila Zhussupova; Yerzhan Imanbayev,Engineered Science,https://doi.org/10.30919/es1547,https://openalex.org/W4411019975
2025,Examining the Compositional Selectivity of Hydrocarbon Oxidation Products Using Liquid–Liquid Extraction and Solid-Phase Extraction Techniques,"Phoebe Zito, Rana Ghannam, Maxwell L. Harsha et al. (n=5)",Phoebe Zito; Rana Ghannam; Maxwell L. Harsha; B. Bekins; David C. Podgorski,Environmental Science & Technology,https://doi.org/10.1021/acs.est.5c07016,https://openalex.org/W4414528695
2025,Crude OilMixture Resolution by FT-ICR MS and MultivariateModeling: Quantitative Source Attribution Considering Different ThermalMaturities,"João
Victor A. Oliveira (22031863), Jussara V. Roque (15294893), Danielle M. M. Franco (20069810) et al. (n=8)","João
Victor A. Oliveira (22031863); Jussara V. Roque (15294893); Danielle M. M. Franco (20069810); Leonardo F. Matos (22031866); Mario D. Rangel (22031869); Joelma P. Lopes (20877414); Ygor dos S. Rocha (22031872); Boniek Gontijo (9077526)",Figshare,https://doi.org/10.1021/acs.energyfuels.5c02307.s001,https://openalex.org/W7110853521
2025,FT-ICR MSand Molecular Dynamics Simulations RevealEmulsifying Behavior of Polar Sulfur- and Oxygen-Containing AsphaltenesSubfractions,"Brayan
Alberto Arenas-Blanco (22446905), Iván Moncayo-Riascos (22446908), Fernando-Andrés Rojas Ruíz (22446911) et al. (n=8)","Brayan
Alberto Arenas-Blanco (22446905); Iván Moncayo-Riascos (22446908); Fernando-Andrés Rojas Ruíz (22446911); Silvia Alejandra Pedraza-Rodriguez (22446914); Jorge-Armando Orrego-Ruíz (22446917); Miguel José-Rondón (22446920); Enrique Mejía-Ospino (5914337); Libia-Sofía Sandoval-Rodríguez (22446923)",Figshare,https://doi.org/10.1021/acs.energyfuels.5c02246.s001,https://openalex.org/W7110900574
2025,Interfacial Material in Water-in-Oil Emulsions Characterizedby ESI(−) FT-ICR MS: Evaluation of the Influence of CentrifugationConditions,"Luciara
C. Souza (22299929), Lindamara M. Souza (6571046), Eliane V. Barros (2861579) et al. (n=16)","Luciara
C. Souza (22299929); Lindamara M. Souza (6571046); Eliane V. Barros (2861579); Emily A. Carvalho (22299932); Marcos H. O. Petroni (22299935); Gabriely S. Folli (8983964); Cristina M. S. Sad (5885396); Danielle M. M. Franco (20069810); Gabriel H. M. Dufrayer (17144542); Boniek G. Vaz (1302891); Marcio N. Souza (22299938); Osvaldo Karnitz (22299941); Luiz S. Chinelatto (2313601); Marcia C. K. Oliveira (22299944); Valdemar Lacerda (1799494); Wanderson Romão (1666384)",Figshare,https://doi.org/10.1021/acs.energyfuels.5c03699.s001,https://openalex.org/W7111234201
2025,MolecularPatterns of Crude Oils with Varying NaphthenicAcidity Revealed by ESI(−)-FT-ICR MS and Unsupervised Learning,"Pedro
G. C. Lucena (22528421), Flávia L. R. Lessa (22528424), Jhonattas C. Carregosa (17130282) et al. (n=6)","Pedro
G. C. Lucena (22528421); Flávia L. R. Lessa (22528424); Jhonattas C. Carregosa (17130282); Marcos N. Eberlin (745128); Alberto Wisniewski Jr (22528427); Jandyson M. Santos (3820153)",Figshare,https://doi.org/10.1021/acs.energyfuels.5c04265.s001,https://openalex.org/W7111151849
2025,"Accelerating Saturate,Aromatic, Resin, Asphaltene(SARA) Analysis for High-Fidelity Petroleum Profiling via μSARA-HPLC","Ibrahim Atwah (21586683), Maram Alsaif (21586686), Muhammad Usman (1504405) et al. (n=4)",Ibrahim Atwah (21586683); Maram Alsaif (21586686); Muhammad Usman (1504405); Mohammed Abualreesh (21586689),Figshare,https://doi.org/10.1021/acsomega.5c00439.s001,https://openalex.org/W7111338590
2025,Unlocking PAH Ionizationin Negative-Mode ESI OrbitrapMS Using Tetramethylammonium Hydroxide: A Petroleomic Strategy,"Deborah
V. A. de Aguiar (15294890), Lidya C. da Silva (22266223), Iris M. Júnior (22266226) et al. (n=5)","Deborah
V. A. de Aguiar (15294890); Lidya C. da Silva (22266223); Iris M. Júnior (22266226); Alexandre de O. Gomes (22266229); Boniek Gontijo (9077526)",Figshare,https://doi.org/10.1021/jasms.5c00170.s001,https://openalex.org/W7110911656
2025,Multiparameter Modeling for 10 Crude Oil PropertiesUsing Comprehensive Two-Dimensional Gas Chromatography and Pixel-BasedChemometrics,"Amilton Moreira de Oliveira (21607192), Carlos Alberto Teixeira (19993719), Julián Eduardo
Ballén Castiblanco (21607195) et al. (n=5)","Amilton Moreira de Oliveira (21607192); Carlos Alberto Teixeira (19993719); Julián Eduardo
Ballén Castiblanco (21607195); Íris Medeiros Júnior (21607198); Leandro Wang Hantao (9300862)",Figshare,https://doi.org/10.1021/acs.energyfuels.5c01554.s001,https://openalex.org/W7110856881
2025,"Interactionof a Vanadyl Porphyrin with Basic Aminesand N‑Heterocycles Ligands: A High-Resolution MS, UV–visand DFT Study","Xiu Chen (1880425), Ying Zhang (40767), Haidong Li (130857) et al. (n=6)",Xiu Chen (1880425); Ying Zhang (40767); Haidong Li (130857); Quan Shi (1261062); Suoqi Zhao (1271715); Linzhou Zhang (1288875),Figshare,https://doi.org/10.1021/acs.energyfuels.5c01603.s001,https://openalex.org/W7111014313
2025,Examining the CompositionalSelectivity of HydrocarbonOxidation Products Using Liquid–Liquid Extraction and Solid-PhaseExtraction Techniques,"Phoebe Zito (4163572), Rana Ghannam (22313819), Maxwell L. Harsha (16819932) et al. (n=5)",Phoebe Zito (4163572); Rana Ghannam (22313819); Maxwell L. Harsha (16819932); Barbara A. Bekins (4451485); David C. Podgorski (1827454),Figshare,https://doi.org/10.1021/acs.est.5c07016.s001,https://openalex.org/W7111133192
2025,Prediction of asphaltene deposition risk in CO2-EOR using Hansen solubility parameters by molecular dynamics simulation,"Yunshi Huang, Yunfeng Liang, Takeshi Tsuji et al. (n=9)",Yunshi Huang; Yunfeng Liang; Takeshi Tsuji; Wu Cui; Yoshihiro Masuda; Toshifumi Matsuoka; Edo S. Boek; Teruo Suzuki; Katsumo Takabayashi,Fuel,https://doi.org/10.1016/j.fuel.2025.136359,https://openalex.org/W4412683269
2025,Composition and stabilization mechanisms of interfacial material in petroleum Emulsions: A systematic review,"Lays Rafalscky, Marcos H. O. Petroni, Thaynara R.S. Costa et al. (n=12)",Lays Rafalscky; Marcos H. O. Petroni; Thaynara R.S. Costa; Mayara da Silva; Renato Siqueira; V.C.B. Pegoretti; Osvaldo Karnitz; Márcia Cristina Khalil de Oliveira; Rogério M. Carvalho; Luiz S. Chinelatto; Lindamara M. Souza; Wanderson Romão,Fuel,https://doi.org/10.1016/j.fuel.2025.137763,https://openalex.org/W4416822968
2025,Structural Characterization of Functional Molecules Involved in Micro-Dispersion Formation for Low Salinity Waterflood in Carbonate Reservoirs,"Hideharu Yonebayashi, Takeshi Hiraiwa, Tatsuya Yamada et al. (n=9)",Hideharu Yonebayashi; Takeshi Hiraiwa; Tatsuya Yamada; Kohei Terajima; Masaaki Tange; Kohei Yamamoto; Hiroshi Yachi; Keita Katano; Teruo Suzuki,International Petroleum Technology Conference,https://doi.org/10.2523/iptc-24942-ms,https://openalex.org/W4407607993
2025,"On the relation between solubility, chemical structure and pyrolysis of complex hydrocarbon mixtures: Experimental campaign and model","Elia Colleoni, Vasilios G. Samaras, Chiara Canciani et al. (n=7)",Elia Colleoni; Vasilios G. Samaras; Chiara Canciani; Paolo Guida; Alessio Frassoldati; Tiziano Faravelli; William L. Roberts,Journal of Analytical and Applied Pyrolysis,https://doi.org/10.1016/j.jaap.2025.106959,https://openalex.org/W4406348752
2025,Characterization of the natural surface-active components in a super-viscus crude oil and its demulsification with a composite demulsifier,"Hao Yang, Chenyuan Wang, Haolu Yin et al. (n=7)",Hao Yang; Chenyuan Wang; Haolu Yin; Liqun Zhang; Zhengbo Wang; Duo Wang; Chao Yang,Journal of Molecular Liquids,https://doi.org/10.1016/j.molliq.2025.128537,https://openalex.org/W4414189781
2025,Unlocking PAH Ionization in Negative-Mode ESI Orbitrap MS Using Tetramethylammonium Hydroxide: A Petroleomic Strategy,"Deborah V. A. de Aguiar, Lidya Cardozo da Silva, Iris M. Júnior et al. (n=5)",Deborah V. A. de Aguiar; Lidya Cardozo da Silva; Iris M. Júnior; Alexandre de O. Gomes; Boniek G. Vaz,Journal of the American Society for Mass Spectrometry,https://doi.org/10.1021/jasms.5c00170,https://openalex.org/W4414269963
2025,"Geoquímica forense aplicada aos múltiplos derramamentos de óleo na costa do Ceará, Brasil, de 2019 a 2022",Adriana Claúdia Mata do Nascimento,Adriana Claúdia Mata do Nascimento,LA Referencia (Red Federada de Repositorios Institucionales de Publicaciones Científicas),,https://openalex.org/W7120651459
2025,Study on the optimization of the centrifugation method for analyzing the efficiency in the extraction of interfacial material in emulsified oil characterized by FT-ICR MS,"Souza, Luciara Costa de","Souza, Luciara Costa de",LA Referencia (Red Federada de Repositorios Institucionales de Publicaciones Científicas),,https://openalex.org/W7119248285
2025,Metalloporphyrins in the Eagle Ford Shale,"Clifford C. Walters, Anthony S. Mennito, Katherine L. French",Clifford C. Walters; Anthony S. Mennito; Katherine L. French,Organic Geochemistry,https://doi.org/10.1016/j.orggeochem.2025.105087,https://openalex.org/W4415681523
2025,Emulsion - Investigating the Chemical Composition of the Interfacial Material in Water/Oil Emulsion,"Danilo C. da Silva, João V. Pardo, Laercio L. Martins et al. (n=7)",Danilo C. da Silva; João V. Pardo; Laercio L. Martins; Danielle M. M. Franco; Gabriel M. Dufrayer; Boniek G. Vaz; Georgiana Feitosa da Cruz,OTC Brasil,https://doi.org/10.4043/36166-ms,https://openalex.org/W4415389411
2025,Comparing the thermal processing with slurry phase hydroupgrading to increase the yields of distillates of Arabian heavy crude oil,"Yidi Wang, Xiaomei Wang, Xinyi Feng et al. (n=12)",Yidi Wang; Xiaomei Wang; Xinyi Feng; Bin Liu; Yuan Pan; Guangzheng Sun; Hongyang Lv; Fengyu Tian; Bin Dong; Yichuan Li; Chenguang Liu; Yong‐Ming Chai,Petroleum Science,https://doi.org/10.1016/j.petsci.2025.11.032,https://openalex.org/W4416427889
2025,Effect of Different Stimulation Methods on the Activation and Metabolic Performance of Microbial Community to Enhance Heavy Oil Recovery,"Junfei Zhou, Mengxiao Wang, Kai-Le Zhang et al. (n=10)",Junfei Zhou; Mengxiao Wang; Kai-Le Zhang; Xiaochen Zhang; Zifeng Lü; Xiaolong Jiang; Hongbing Song; Tingting Huang; Quanhong Zhu; Meng Xiao,Processes,https://doi.org/10.3390/pr13020338,https://openalex.org/W4406871013
2025,"Fabrication of CO2-Saturated Nanofluids with Optimized Interfacial Properties for Carbon Capture, Utilization, and Storage","Jiang Liu, Hua Wu, Xingguang Xu et al. (n=6)",Jiang Liu; Hua Wu; Xingguang Xu; Bo Wang; Yunkun Wu; Jun Gu,SPE Journal,https://doi.org/10.2118/224429-pa,https://openalex.org/W4406786038
2025,Structural Characterization of Functional Molecules Involved in Microdispersion Formation for Low-Salinity Waterflood in Carbonate Reservoirs,"Hideharu Yonebayashi, Takeshi Hiraiwa, Tatsuya Yamada et al. (n=8)",Hideharu Yonebayashi; Takeshi Hiraiwa; Tatsuya Yamada; Kohei Terajima; Masaaki Tange; Kohei Yamamoto; Hiroshi Yachi; Teruo Suzuki,SPE Journal,https://doi.org/10.2118/231428-pa,https://openalex.org/W7116946110
2025,Determination of Nonylphenol in Crude Oils and Petroleum Products by Liquid Chromatography–Mass Spectrometry: Implications for Sustainable Petroleum Refining,"Limin Wang, Shijie Zhang, Zi Long et al. (n=8)",Limin Wang; Shijie Zhang; Zi Long; Feng Ju; Huajun Zhen; Hui Luan; Guangli Xiu; Zhihe Tang,Sustainability,https://doi.org/10.3390/su17188485,https://openalex.org/W4414409444
2025,Supercritical water deasphalting and desulphurization of heavy fuel oil with comprehensive molecular‐level analysis and techno‐economic analysis,"Biswajit Saha, V. Sundaramurthy, Nathalie Baquerizo et al. (n=7)",Biswajit Saha; V. Sundaramurthy; Nathalie Baquerizo; Ajay K. Dalai; Aiping Chen; Saumitra Saxena; Bassam B. Dally,The Canadian Journal of Chemical Engineering,https://doi.org/10.1002/cjce.70213,https://openalex.org/W4417348440
2025,Characterizing fractionation of Middle Eastern heavy petroleum using Fourier transform ion cyclotron resonance mass spectrometry,Latifa K. Alostad,Latifa K. Alostad,Warwick Research Archive Portal (University of Warwick),,https://openalex.org/W7130247787
